{
    "credit": "Made with Blockbench",
    "texture_size": [32, 32],
    "textures": {
        "0": "item/detonator",
        "particle": "item/detonator"
    },
    "elements": [
        {
            "from": [6, 0, 7],
            "to": [10, 8, 9],
            "rotation": {"angle": 0, "axis": "y", "origin": [6, 1, 5]},
            "faces": {
                "north": {"uv": [0, 0, 2, 4], "texture": "#0"},
                "east": {"uv": [0, 4, 1, 8], "texture": "#0"},
                "south": {"uv": [2, 0, 4, 4], "texture": "#0"},
                "west": {"uv": [4, 0, 5, 4], "texture": "#0"},
                "up": {"uv": [3, 5, 1, 4], "texture": "#0"},
                "down": {"uv": [5, 4, 3, 5], "texture": "#0"}
            }
        },
        {
            "from": [6.5, 8, 8],
            "to": [7.5, 15, 8],
            "rotation": {"angle": 0, "axis": "y", "origin": [5.5, 8, 6]},
            "faces": {
                "north": {"uv": [5, 0, 5.5, 3.5], "texture": "#0"},
                "east": {"uv": [0, 0, 0, 3.5], "texture": "#0"},
                "south": {"uv": [1, 5, 1.5, 8.5], "texture": "#0"},
                "west": {"uv": [0, 0, 0, 3.5], "texture": "#0"},
                "up": {"uv": [0.5, 0, 0, 0], "texture": "#0"},
                "down": {"uv": [0.5, 0, 0, 0], "texture": "#0"}
            }
        },
        {
            "from": [10.7, 1, 6],
            "to": [12.7, 3, 8],
            "rotation": {"angle": 45, "axis": "z", "origin": [8.7, -2, 4]},
            "faces": {
                "north": {"uv": [1.5, 5, 2.5, 6], "texture": "#0"},
                "east": {"uv": [2.5, 5, 3.5, 6], "texture": "#0"},
                "south": {"uv": [3.5, 5, 4.5, 6], "texture": "#0"},
                "west": {"uv": [5, 3.5, 6, 4.5], "texture": "#0"},
                "up": {"uv": [5.5, 6, 4.5, 5], "texture": "#0"},
                "down": {"uv": [6.5, 0, 5.5, 1], "texture": "#0"}
            }
        }
    ],
    "display": {
        "thirdperson_righthand": {
            "rotation": [0, 124, 0],
            "translation": [0, 5.25, 0]
        },
        "thirdperson_lefthand": {
            "rotation": [0, 124, 0],
            "translation": [0, 5.25, 0]
        },
        "firstperson_righthand": {
            "rotation": [10, 117, 0],
            "translation": [0, 6.5, 0.75]
        },
        "firstperson_lefthand": {
            "rotation": [10, 117, 0],
            "translation": [0, 5.75, 0.75]
        },
        "ground": {
            "rotation": [69, 0, 0],
            "translation": [0, 0, 3],
            "scale": [0.86523, 0.86523, 0.86523]
        },
        "gui": {
            "rotation": [0, -180, 37],
            "translation": [0.25, 1, 0],
            "scale": [1.08984, 1.08984, 1.08984]
        }
    },
    "groups": [
        {
            "name": "group",
            "origin": [8, 8, 8],
            "color": 0,
            "children": [0, 1, 2]
        }
    ]
}