{
	"credit": "Made with Blockbench",
	"texture_size": [36, 36],
	"textures": {
		"0": "item/f35_blue",
		"particle": "item/f35_blue"
	},
	"elements": [
		{
			"from": [7, 2.5, 0],
			"to": [9, 4.5, 4],
			"rotation": {"angle": 0, "axis": "y", "origin": [8, 2.5, 8]},
			"faces": {
				"north": {"uv": [12.88889, 10.22222, 13.77778, 11.11111], "texture": "#0"},
				"east": {"uv": [9.33333, 6.22222, 11.11111, 7.11111], "texture": "#0"},
				"south": {"uv": [13.33333, 3.11111, 14.22222, 4], "texture": "#0"},
				"west": {"uv": [11.55556, 7.55556, 13.33333, 8.44444], "texture": "#0"},
				"up": {"uv": [4.88889, 13.33333, 4, 11.55556], "texture": "#0"},
				"down": {"uv": [13.33333, 11.11111, 12.44444, 12.88889], "texture": "#0"}
			}
		},
		{
			"from": [7.2, 8.70894, 3.52157],
			"to": [8.8, 9.30894, 5.12157],
			"rotation": {"angle": -45, "axis": "x", "origin": [8, 2.5, 8]},
			"faces": {
				"north": {"uv": [11.55556, 11.11111, 12.33333, 11.44444], "texture": "#0"},
				"east": {"uv": [14.22222, 0.88889, 15, 1.22222], "texture": "#0"},
				"south": {"uv": [2.66667, 14.22222, 3.44444, 14.55556], "texture": "#0"},
				"west": {"uv": [14.22222, 3.11111, 15, 3.44444], "texture": "#0"},
				"up": {"uv": [11.88889, 14.11111, 11.11111, 13.33333], "texture": "#0"},
				"down": {"uv": [14.11111, 12, 13.33333, 12.77778], "texture": "#0"}
			}
		},
		{
			"from": [7.2, 2.87959, 3.04819],
			"to": [8.8, 3.47959, 4.64819],
			"rotation": {"angle": 22.5, "axis": "x", "origin": [8, 2.5, 8]},
			"faces": {
				"north": {"uv": [3.55556, 14.22222, 4.33333, 14.55556], "texture": "#0"},
				"east": {"uv": [14.22222, 3.55556, 15, 3.88889], "texture": "#0"},
				"south": {"uv": [14.22222, 4, 15, 4.33333], "texture": "#0"},
				"west": {"uv": [4.44444, 14.22222, 5.22222, 14.55556], "texture": "#0"},
				"up": {"uv": [14.11111, 13.66667, 13.33333, 12.88889], "texture": "#0"},
				"down": {"uv": [0.77778, 13.77778, 0, 14.55556], "texture": "#0"}
			}
		},
		{
			"from": [7.15, 3.65, 1.15],
			"to": [8.85, 5.35, 3.85],
			"rotation": {"angle": 0, "axis": "y", "origin": [8, 2.5, 8]},
			"faces": {
				"north": {"uv": [0.88889, 13.77778, 1.66667, 14.55556], "texture": "#0"},
				"east": {"uv": [4.88889, 1.77778, 6.11111, 2.55556], "texture": "#0"},
				"south": {"uv": [1.77778, 13.77778, 2.55556, 14.55556], "texture": "#0"},
				"west": {"uv": [2.66667, 12.88889, 3.88889, 13.66667], "texture": "#0"},
				"up": {"uv": [13.22222, 14.11111, 12.44444, 12.88889], "texture": "#0"},
				"down": {"uv": [14.11111, 0, 13.33333, 1.22222], "texture": "#0"}
			}
		},
		{
			"from": [6.5, 2, 4],
			"to": [9.5, 5, 15],
			"rotation": {"angle": 0, "axis": "y", "origin": [8, 2.5, 8]},
			"faces": {
				"north": {"uv": [10.66667, 8.44444, 12, 9.77778], "texture": "#0"},
				"east": {"uv": [0, 0, 4.88889, 1.33333], "texture": "#0"},
				"south": {"uv": [2.66667, 11.55556, 4, 12.88889], "texture": "#0"},
				"west": {"uv": [0, 1.33333, 4.88889, 2.66667], "texture": "#0"},
				"up": {"uv": [1.33333, 7.55556, 0, 2.66667], "texture": "#0"},
				"down": {"uv": [2.66667, 2.66667, 1.33333, 7.55556], "texture": "#0"}
			}
		},
		{
			"from": [6.9, 2.4, 14.9],
			"to": [9.1, 4.6, 17.1],
			"rotation": {"angle": 0, "axis": "y", "origin": [8, 2.5, 8]},
			"faces": {
				"north": {"uv": [11.55556, 6.22222, 12.88889, 7.55556], "texture": "#0"},
				"east": {"uv": [9.77778, 11.55556, 11.11111, 12.88889], "texture": "#0"},
				"south": {"uv": [11.55556, 9.77778, 12.88889, 11.11111], "texture": "#0"},
				"west": {"uv": [11.11111, 11.55556, 12.44444, 12.88889], "texture": "#0"},
				"up": {"uv": [13.33333, 4.44444, 12, 3.11111], "texture": "#0"},
				"down": {"uv": [13.33333, 4.44444, 12, 5.77778], "texture": "#0"}
			}
		},
		{
			"from": [5.21321, 2.48484, 4.025],
			"to": [7.16321, 4.43484, 14.975],
			"rotation": {"angle": 22.5, "axis": "z", "origin": [8, 2.5, 8]},
			"faces": {
				"north": {"uv": [4, 13.33333, 4.88889, 14.22222], "texture": "#0"},
				"east": {"uv": [0, 8, 4.88889, 8.88889], "texture": "#0"},
				"south": {"uv": [13.33333, 4, 14.22222, 4.88889], "texture": "#0"},
				"west": {"uv": [8.44444, 0, 13.33333, 0.88889], "texture": "#0"},
				"up": {"uv": [5.77778, 12.88889, 4.88889, 8], "texture": "#0"},
				"down": {"uv": [0.88889, 8.88889, 0, 13.77778], "texture": "#0"}
			}
		},
		{
			"from": [8.83679, 2.48484, 4.025],
			"to": [10.78679, 4.43484, 14.975],
			"rotation": {"angle": -22.5, "axis": "z", "origin": [8, 2.5, 8]},
			"faces": {
				"north": {"uv": [4.88889, 13.33333, 5.77778, 14.22222], "texture": "#0"},
				"east": {"uv": [8.44444, 0.88889, 13.33333, 1.77778], "texture": "#0"},
				"south": {"uv": [13.33333, 4.88889, 14.22222, 5.77778], "texture": "#0"},
				"west": {"uv": [5.77778, 8.88889, 10.66667, 9.77778], "texture": "#0"},
				"up": {"uv": [1.77778, 13.77778, 0.88889, 8.88889], "texture": "#0"},
				"down": {"uv": [2.66667, 8.88889, 1.77778, 13.77778], "texture": "#0"}
			}
		},
		{
			"from": [-0.25132, 3.65, 11.10583],
			"to": [5.64868, 4.55, 14.00583],
			"rotation": {"angle": 22.5, "axis": "y", "origin": [8, 2.5, 8]},
			"faces": {
				"north": {"uv": [0, 7.55556, 2.66667, 8], "texture": "#0"},
				"east": {"uv": [2.66667, 13.77778, 4, 14.22222], "texture": "#0"},
				"south": {"uv": [12.88889, 6.22222, 15.55556, 6.66667], "texture": "#0"},
				"west": {"uv": [7.55556, 13.77778, 8.88889, 14.22222], "texture": "#0"},
				"up": {"uv": [11.55556, 8.44444, 8.88889, 7.11111], "texture": "#0"},
				"down": {"uv": [12, 3.55556, 9.33333, 4.88889], "texture": "#0"}
			}
		},
		{
			"from": [10.35132, 3.65, 11.10583],
			"to": [16.25132, 4.55, 14.00583],
			"rotation": {"angle": -22.5, "axis": "y", "origin": [8, 2.5, 8]},
			"faces": {
				"north": {"uv": [12.88889, 6.66667, 15.55556, 7.11111], "texture": "#0"},
				"east": {"uv": [8.88889, 13.77778, 10.22222, 14.22222], "texture": "#0"},
				"south": {"uv": [12.88889, 7.11111, 15.55556, 7.55556], "texture": "#0"},
				"west": {"uv": [13.77778, 10.22222, 15.11111, 10.66667], "texture": "#0"},
				"up": {"uv": [12, 6.22222, 9.33333, 4.88889], "texture": "#0"},
				"down": {"uv": [12.44444, 1.77778, 9.77778, 3.11111], "texture": "#0"}
			}
		},
		{
			"from": [6.87976, 4.82283, 11.1],
			"to": [7.87976, 8.82283, 14.1],
			"rotation": {"angle": 22.5, "axis": "z", "origin": [8, 2.5, 8]},
			"faces": {
				"north": {"uv": [5.77778, 13.33333, 6.22222, 15.11111], "texture": "#0"},
				"east": {"uv": [10.22222, 9.77778, 11.55556, 11.55556], "texture": "#0"},
				"south": {"uv": [6.22222, 13.33333, 6.66667, 15.11111], "texture": "#0"},
				"west": {"uv": [5.77778, 11.11111, 7.11111, 12.88889], "texture": "#0"},
				"up": {"uv": [12.44444, 14.66667, 12, 13.33333], "texture": "#0"},
				"down": {"uv": [10.66667, 13.77778, 10.22222, 15.11111], "texture": "#0"}
			}
		},
		{
			"from": [8.12024, 4.82283, 11.1],
			"to": [9.12024, 8.82283, 14.1],
			"rotation": {"angle": -22.5, "axis": "z", "origin": [8, 2.5, 8]},
			"faces": {
				"north": {"uv": [6.66667, 13.33333, 7.11111, 15.11111], "texture": "#0"},
				"east": {"uv": [7.11111, 11.11111, 8.44444, 12.88889], "texture": "#0"},
				"south": {"uv": [7.11111, 13.33333, 7.55556, 15.11111], "texture": "#0"},
				"west": {"uv": [8.44444, 11.11111, 9.77778, 12.88889], "texture": "#0"},
				"up": {"uv": [11.11111, 15.11111, 10.66667, 13.77778], "texture": "#0"},
				"down": {"uv": [13.77778, 13.77778, 13.33333, 15.11111], "texture": "#0"}
			}
		},
		{
			"from": [0.19702, 3.65, 4.79719],
			"to": [8.09702, 4.55, 8.69719],
			"rotation": {"angle": 22.5, "axis": "y", "origin": [8, 2.5, 8]},
			"faces": {
				"north": {"uv": [12, 5.77778, 15.55556, 6.22222], "texture": "#0"},
				"east": {"uv": [8.88889, 8.44444, 10.66667, 8.88889], "texture": "#0"},
				"south": {"uv": [12, 8.44444, 15.55556, 8.88889], "texture": "#0"},
				"west": {"uv": [13.33333, 1.33333, 15.11111, 1.77778], "texture": "#0"},
				"up": {"uv": [6.22222, 4.44444, 2.66667, 2.66667], "texture": "#0"},
				"down": {"uv": [6.22222, 4.44444, 2.66667, 6.22222], "texture": "#0"}
			}
		},
		{
			"from": [-0.5, 3.6, 8],
			"to": [6.5, 4.6, 12],
			"rotation": {"angle": 0, "axis": "y", "origin": [8, 2.5, 8]},
			"faces": {
				"north": {"uv": [12.44444, 1.77778, 15.55556, 2.22222], "texture": "#0"},
				"east": {"uv": [7.55556, 13.33333, 9.33333, 13.77778], "texture": "#0"},
				"south": {"uv": [12.44444, 2.22222, 15.55556, 2.66667], "texture": "#0"},
				"west": {"uv": [13.33333, 7.55556, 15.11111, 8], "texture": "#0"},
				"up": {"uv": [5.77778, 8, 2.66667, 6.22222], "texture": "#0"},
				"down": {"uv": [9.33333, 3.55556, 6.22222, 5.33333], "texture": "#0"}
			}
		},
		{
			"from": [1.5, 3.6, 14],
			"to": [6.5, 4.6, 17],
			"rotation": {"angle": 0, "axis": "y", "origin": [8, 2.5, 8]},
			"faces": {
				"north": {"uv": [9.77778, 3.11111, 12, 3.55556], "texture": "#0"},
				"east": {"uv": [13.77778, 10.66667, 15.11111, 11.11111], "texture": "#0"},
				"south": {"uv": [8, 12.88889, 10.22222, 13.33333], "texture": "#0"},
				"west": {"uv": [13.77778, 13.77778, 15.11111, 14.22222], "texture": "#0"},
				"up": {"uv": [4.88889, 10.22222, 2.66667, 8.88889], "texture": "#0"},
				"down": {"uv": [8, 9.77778, 5.77778, 11.11111], "texture": "#0"}
			}
		},
		{
			"from": [7.90298, 3.65, 4.79719],
			"to": [15.80298, 4.55, 8.69719],
			"rotation": {"angle": -22.5, "axis": "y", "origin": [8, 2.5, 8]},
			"faces": {
				"north": {"uv": [12, 8.88889, 15.55556, 9.33333], "texture": "#0"},
				"east": {"uv": [13.33333, 8, 15.11111, 8.44444], "texture": "#0"},
				"south": {"uv": [12, 9.33333, 15.55556, 9.77778], "texture": "#0"},
				"west": {"uv": [9.33333, 13.33333, 11.11111, 13.77778], "texture": "#0"},
				"up": {"uv": [8.44444, 1.77778, 4.88889, 0], "texture": "#0"},
				"down": {"uv": [9.77778, 1.77778, 6.22222, 3.55556], "texture": "#0"}
			}
		},
		{
			"from": [9.5, 3.6, 8],
			"to": [16.5, 4.6, 12],
			"rotation": {"angle": 0, "axis": "y", "origin": [8, 2.5, 8]},
			"faces": {
				"north": {"uv": [12.44444, 2.66667, 15.55556, 3.11111], "texture": "#0"},
				"east": {"uv": [13.33333, 11.11111, 15.11111, 11.55556], "texture": "#0"},
				"south": {"uv": [4.88889, 12.88889, 8, 13.33333], "texture": "#0"},
				"west": {"uv": [13.33333, 11.55556, 15.11111, 12], "texture": "#0"},
				"up": {"uv": [9.33333, 7.11111, 6.22222, 5.33333], "texture": "#0"},
				"down": {"uv": [8.88889, 7.11111, 5.77778, 8.88889], "texture": "#0"}
			}
		},
		{
			"from": [9.5, 3.6, 14],
			"to": [14.5, 4.6, 17],
			"rotation": {"angle": 0, "axis": "y", "origin": [8, 2.5, 8]},
			"faces": {
				"north": {"uv": [12.88889, 9.77778, 15.11111, 10.22222], "texture": "#0"},
				"east": {"uv": [14.22222, 0, 15.55556, 0.44444], "texture": "#0"},
				"south": {"uv": [10.22222, 12.88889, 12.44444, 13.33333], "texture": "#0"},
				"west": {"uv": [14.22222, 0.44444, 15.55556, 0.88889], "texture": "#0"},
				"up": {"uv": [10.22222, 11.11111, 8, 9.77778], "texture": "#0"},
				"down": {"uv": [4.88889, 10.22222, 2.66667, 11.55556], "texture": "#0"}
			}
		}
	],
	"display": {
		"thirdperson_righthand": {
			"rotation": [-180, 0, 0],
			"translation": [-6, -19.5, 1],
			"scale": [4, 4, 4]
		},
		"thirdperson_lefthand": {
			"rotation": [-180, 0, 0],
			"translation": [-6, -19.5, 1],
			"scale": [4, 4, 4]
		},
		"firstperson_righthand": {
			"rotation": [16, 0, 0],
			"translation": [-8.5, 5.25, -9.25],
			"scale": [4, 4, 4]
		},
		"firstperson_lefthand": {
			"rotation": [16, 0, 0],
			"translation": [-8.5, 5.25, -9.25],
			"scale": [4, 4, 4]
		},
		"ground": {
			"translation": [0, 3.5, 0]
		},
		"gui": {
			"rotation": [90, 45, 0],
			"translation": [-2, 1.75, 0]
		},
		"head": {
			"translation": [0, 11.5, -2]
		},
		"fixed": {
			"rotation": [-90, -47, 0],
			"translation": [2, -1.75, -6]
		}
	},
	"groups": [
		{
			"name": "body0",
			"origin": [8, 8, 8],
			"color": 0,
			"nbt": "{}",
			"armAnimationEnabled": false,
			"children": [
				0,
				1,
				2,
				{
					"name": "group",
					"origin": [7.5, 3.5, -6],
					"color": 0,
					"nbt": "{}",
					"armAnimationEnabled": false,
					"children": [3]
				},
				4,
				{
					"name": "group",
					"origin": [8.5, 2, 18],
					"color": 0,
					"nbt": "{}",
					"armAnimationEnabled": false,
					"children": [5]
				},
				6,
				7,
				8,
				9,
				10,
				11,
				{
					"name": "group",
					"origin": [5, 2, 6],
					"color": 0,
					"nbt": "{}",
					"armAnimationEnabled": false,
					"children": [
						{
							"name": "group",
							"origin": [5, 2, 6],
							"color": 0,
							"nbt": "{}",
							"armAnimationEnabled": false,
							"children": [12]
						},
						13,
						14
					]
				},
				{
					"name": "group",
					"origin": [5, 2, 6],
					"color": 0,
					"nbt": "{}",
					"armAnimationEnabled": false,
					"children": [
						{
							"name": "group",
							"origin": [5, 2, 6],
							"color": 0,
							"nbt": "{}",
							"armAnimationEnabled": false,
							"children": [15]
						},
						16,
						17
					]
				}
			]
		}
	]
}