{
	"credit": "Made with Blockbench",
	"texture_size": [72, 72],
	"textures": {
		"0": "item/glider2",
		"particle": "item/glider2"
	},
	"elements": [
		{
			"from": [7.5, 11, -16],
			"to": [8.5, 12, 28],
			"rotation": {"angle": 0, "axis": "y", "origin": [7.5, 11, 0]},
			"faces": {
				"north": {"uv": [4.44444, 6, 4.66667, 6.22222], "texture": "#0"},
				"east": {"uv": [5.11111, 0, 14.88889, 0.22222], "texture": "#0"},
				"south": {"uv": [4.66667, 6, 4.88889, 6.22222], "texture": "#0"},
				"west": {"uv": [5.11111, 0.22222, 14.88889, 0.44444], "texture": "#0"},
				"up": {"uv": [5.33333, 10.22222, 5.11111, 0.44444], "texture": "#0"},
				"down": {"uv": [5.55556, 0.44444, 5.33333, 10.22222], "texture": "#0"}
			}
		},
		{
			"from": [-14.5, 11.3, -6.12893],
			"to": [-4.1, 11.7, -0.72893],
			"rotation": {"angle": 22.5, "axis": "y", "origin": [-14.84315, 12, -6.42893]},
			"faces": {
				"north": {"uv": [2.66667, 6.44444, 5, 6.55556], "texture": "#0"},
				"east": {"uv": [6, 6.88889, 7.22222, 7], "texture": "#0"},
				"south": {"uv": [5.55556, 6.44444, 7.88889, 6.55556], "texture": "#0"},
				"west": {"uv": [6, 7.11111, 7.22222, 7.22222], "texture": "#0"},
				"up": {"uv": [5, 1.22222, 2.66667, 0], "texture": "#0"},
				"down": {"uv": [5, 1.33333, 2.66667, 2.55556], "texture": "#0"}
			}
		},
		{
			"from": [-12.48351, 11.275, -1.01498],
			"to": [-2.03351, 11.725, 4.43502],
			"rotation": {"angle": 45, "axis": "y", "origin": [-12.80166, 12, -1.28998]},
			"faces": {
				"north": {"uv": [2.66667, 6.66667, 5, 6.77778], "texture": "#0"},
				"east": {"uv": [0, 7.33333, 1.22222, 7.44444], "texture": "#0"},
				"south": {"uv": [6.66667, 3.33333, 9, 3.44444], "texture": "#0"},
				"west": {"uv": [7.33333, 0.44444, 8.55556, 0.55556], "texture": "#0"},
				"up": {"uv": [5, 3.88889, 2.66667, 2.66667], "texture": "#0"},
				"down": {"uv": [5, 4, 2.66667, 5.22222], "texture": "#0"}
			}
		},
		{
			"from": [-8.65828, 11.325, -8.01475],
			"to": [-3.30828, 11.675, 2.33525],
			"rotation": {"angle": -22.5, "axis": "y", "origin": [-8.98328, 12, 2.7034]},
			"faces": {
				"north": {"uv": [7.33333, 0.66667, 8.55556, 0.77778], "texture": "#0"},
				"east": {"uv": [6.66667, 3.55556, 9, 3.66667], "texture": "#0"},
				"south": {"uv": [7.33333, 0.88889, 8.55556, 1], "texture": "#0"},
				"west": {"uv": [6.66667, 3.77778, 9, 3.88889], "texture": "#0"},
				"up": {"uv": [1.22222, 7.22222, 0, 4.88889], "texture": "#0"},
				"down": {"uv": [2.55556, 4.88889, 1.33333, 7.22222], "texture": "#0"}
			}
		},
		{
			"from": [-3.58585, 11.3, -5.83234],
			"to": [7.81415, 11.7, 4.56766],
			"rotation": {"angle": 0, "axis": "y", "origin": [-3.88585, 12, 4.91081]},
			"faces": {
				"north": {"uv": [5.55556, 6, 8.11111, 6.11111], "texture": "#0"},
				"east": {"uv": [6.66667, 4, 9, 4.11111], "texture": "#0"},
				"south": {"uv": [5.55556, 6.22222, 8.11111, 6.33333], "texture": "#0"},
				"west": {"uv": [5.55556, 6.66667, 7.88889, 6.77778], "texture": "#0"},
				"up": {"uv": [2.55556, 2.33333, 0, 0], "texture": "#0"},
				"down": {"uv": [2.55556, 2.44444, 0, 4.77778], "texture": "#0"}
			}
		},
		{
			"from": [-16, 11, -15.92893],
			"to": [7.84315, 12, -14.92893],
			"rotation": {"angle": 22.5, "axis": "y", "origin": [7.84315, 12, -14.92893]},
			"faces": {
				"north": {"uv": [5.55556, 1.55556, 10.88889, 1.77778], "texture": "#0"},
				"east": {"uv": [4.88889, 6, 5.11111, 6.22222], "texture": "#0"},
				"south": {"uv": [5.55556, 1.77778, 10.88889, 2], "texture": "#0"},
				"west": {"uv": [4.44444, 6.22222, 4.66667, 6.44444], "texture": "#0"},
				"up": {"uv": [10.88889, 2.22222, 5.55556, 2], "texture": "#0"},
				"down": {"uv": [10.88889, 2.22222, 5.55556, 2.44444], "texture": "#0"}
			}
		},
		{
			"from": [-15.7, 11.3, -15.62893],
			"to": [7.54315, 11.7, -15.22893],
			"rotation": {"angle": 45, "axis": "y", "origin": [7.84315, 12, -14.92893]},
			"faces": {
				"north": {"uv": [5.55556, 1.55556, 10.88889, 1.77778], "texture": "#0"},
				"east": {"uv": [4.88889, 6, 5.11111, 6.22222], "texture": "#0"},
				"south": {"uv": [5.55556, 1.77778, 10.88889, 2], "texture": "#0"},
				"west": {"uv": [4.44444, 6.22222, 4.66667, 6.44444], "texture": "#0"},
				"up": {"uv": [10.88889, 2.22222, 5.55556, 2], "texture": "#0"},
				"down": {"uv": [10.88889, 2.22222, 5.55556, 2.44444], "texture": "#0"}
			}
		},
		{
			"from": [7.24315, 11.4, -14.52893],
			"to": [7.44315, 11.6, 4.51422],
			"rotation": {"angle": -22.5, "axis": "y", "origin": [7.84315, 12, -14.92893]},
			"faces": {
				"north": {"uv": [4.88889, 6, 5.11111, 6.22222], "texture": "#0"},
				"east": {"uv": [5.55556, 1.77778, 10.88889, 2], "texture": "#0"},
				"south": {"uv": [4.44444, 6.22222, 4.66667, 6.44444], "texture": "#0"},
				"west": {"uv": [5.55556, 1.55556, 10.88889, 1.77778], "texture": "#0"},
				"up": {"uv": [10.88889, 2.22222, 5.55556, 2], "rotation": 270, "texture": "#0"},
				"down": {"uv": [10.88889, 2.22222, 5.55556, 2.44444], "rotation": 90, "texture": "#0"}
			}
		},
		{
			"from": [8.55685, 11.4, -14.52893],
			"to": [8.75685, 11.6, 4.51422],
			"rotation": {"angle": 22.5, "axis": "y", "origin": [8.15685, 12, -14.92893]},
			"faces": {
				"north": {"uv": [5.11111, 6, 4.88889, 6.22222], "texture": "#0"},
				"east": {"uv": [10.88889, 1.55556, 5.55556, 1.77778], "texture": "#0"},
				"south": {"uv": [4.66667, 6.22222, 4.44444, 6.44444], "texture": "#0"},
				"west": {"uv": [10.88889, 1.77778, 5.55556, 2], "texture": "#0"},
				"up": {"uv": [10.88889, 2, 5.55556, 2.22222], "rotation": 270, "texture": "#0"},
				"down": {"uv": [10.88889, 2.44444, 5.55556, 2.22222], "rotation": 90, "texture": "#0"}
			}
		},
		{
			"from": [8.45685, 11.3, -15.62893],
			"to": [31.7, 11.7, -15.22893],
			"rotation": {"angle": -45, "axis": "y", "origin": [8.15685, 12, -14.92893]},
			"faces": {
				"north": {"uv": [10.88889, 1.55556, 5.55556, 1.77778], "texture": "#0"},
				"east": {"uv": [4.66667, 6.22222, 4.44444, 6.44444], "texture": "#0"},
				"south": {"uv": [10.88889, 1.77778, 5.55556, 2], "texture": "#0"},
				"west": {"uv": [5.11111, 6, 4.88889, 6.22222], "texture": "#0"},
				"up": {"uv": [5.55556, 2.22222, 10.88889, 2], "texture": "#0"},
				"down": {"uv": [5.55556, 2.22222, 10.88889, 2.44444], "texture": "#0"}
			}
		},
		{
			"from": [8.15685, 11, -15.92893],
			"to": [32, 12, -14.92893],
			"rotation": {"angle": -22.5, "axis": "y", "origin": [8.15685, 12, -14.92893]},
			"faces": {
				"north": {"uv": [10.88889, 1.55556, 5.55556, 1.77778], "texture": "#0"},
				"east": {"uv": [4.66667, 6.22222, 4.44444, 6.44444], "texture": "#0"},
				"south": {"uv": [10.88889, 1.77778, 5.55556, 2], "texture": "#0"},
				"west": {"uv": [5.11111, 6, 4.88889, 6.22222], "texture": "#0"},
				"up": {"uv": [5.55556, 2.22222, 10.88889, 2], "texture": "#0"},
				"down": {"uv": [5.55556, 2.22222, 10.88889, 2.44444], "texture": "#0"}
			}
		},
		{
			"from": [20.1, 11.3, -6.12893],
			"to": [30.5, 11.7, -0.72893],
			"rotation": {"angle": -22.5, "axis": "y", "origin": [30.84315, 12, -6.42893]},
			"faces": {
				"north": {"uv": [5, 6.44444, 2.66667, 6.55556], "texture": "#0"},
				"east": {"uv": [7.22222, 7.11111, 6, 7.22222], "texture": "#0"},
				"south": {"uv": [7.88889, 6.44444, 5.55556, 6.55556], "texture": "#0"},
				"west": {"uv": [7.22222, 6.88889, 6, 7], "texture": "#0"},
				"up": {"uv": [2.66667, 1.22222, 5, 0], "texture": "#0"},
				"down": {"uv": [2.66667, 1.33333, 5, 2.55556], "texture": "#0"}
			}
		},
		{
			"from": [18.03351, 11.275, -1.01498],
			"to": [28.48351, 11.725, 4.43502],
			"rotation": {"angle": -45, "axis": "y", "origin": [28.80166, 12, -1.28998]},
			"faces": {
				"north": {"uv": [5, 6.66667, 2.66667, 6.77778], "texture": "#0"},
				"east": {"uv": [8.55556, 0.44444, 7.33333, 0.55556], "texture": "#0"},
				"south": {"uv": [9, 3.33333, 6.66667, 3.44444], "texture": "#0"},
				"west": {"uv": [1.22222, 7.33333, 0, 7.44444], "texture": "#0"},
				"up": {"uv": [2.66667, 3.88889, 5, 2.66667], "texture": "#0"},
				"down": {"uv": [2.66667, 4, 5, 5.22222], "texture": "#0"}
			}
		},
		{
			"from": [19.30828, 11.325, -8.01475],
			"to": [24.65828, 11.675, 2.33525],
			"rotation": {"angle": 22.5, "axis": "y", "origin": [24.98328, 12, 2.7034]},
			"faces": {
				"north": {"uv": [8.55556, 0.66667, 7.33333, 0.77778], "texture": "#0"},
				"east": {"uv": [9, 3.77778, 6.66667, 3.88889], "texture": "#0"},
				"south": {"uv": [8.55556, 0.88889, 7.33333, 1], "texture": "#0"},
				"west": {"uv": [9, 3.55556, 6.66667, 3.66667], "texture": "#0"},
				"up": {"uv": [0, 7.22222, 1.22222, 4.88889], "texture": "#0"},
				"down": {"uv": [1.33333, 4.88889, 2.55556, 7.22222], "texture": "#0"}
			}
		},
		{
			"from": [8.18585, 11.3, -5.83234],
			"to": [19.58585, 11.7, 4.56766],
			"rotation": {"angle": 0, "axis": "y", "origin": [19.88585, 12, 4.91081]},
			"faces": {
				"north": {"uv": [8.11111, 6, 5.55556, 6.11111], "texture": "#0"},
				"east": {"uv": [7.88889, 6.66667, 5.55556, 6.77778], "texture": "#0"},
				"south": {"uv": [8.11111, 6.22222, 5.55556, 6.33333], "texture": "#0"},
				"west": {"uv": [9, 4, 6.66667, 4.11111], "texture": "#0"},
				"up": {"uv": [0, 2.33333, 2.55556, 0], "texture": "#0"},
				"down": {"uv": [0, 2.44444, 2.55556, 4.77778], "texture": "#0"}
			}
		},
		{
			"from": [4, 9.6, -5],
			"to": [12, 11.6, 0],
			"faces": {
				"north": {"uv": [5.55556, 2.44444, 7.33333, 2.88889], "texture": "#0"},
				"east": {"uv": [5.55556, 3.33333, 6.66667, 3.77778], "texture": "#0"},
				"south": {"uv": [5.55556, 2.88889, 7.33333, 3.33333], "texture": "#0"},
				"west": {"uv": [5.55556, 3.77778, 6.66667, 4.22222], "texture": "#0"},
				"up": {"uv": [4.44444, 6.44444, 2.66667, 5.33333], "texture": "#0"},
				"down": {"uv": [7.33333, 0.44444, 5.55556, 1.55556], "texture": "#0"}
			}
		},
		{
			"from": [4, 5.6, -5],
			"to": [12, 6.6, -4],
			"faces": {
				"north": {"uv": [5.55556, 4.22222, 7.33333, 4.44444], "texture": "#0"},
				"east": {"uv": [4.66667, 6.22222, 4.88889, 6.44444], "texture": "#0"},
				"south": {"uv": [5.55556, 4.44444, 7.33333, 4.66667], "texture": "#0"},
				"west": {"uv": [4.88889, 6.22222, 5.11111, 6.44444], "texture": "#0"},
				"up": {"uv": [7.33333, 4.88889, 5.55556, 4.66667], "texture": "#0"},
				"down": {"uv": [7.33333, 4.88889, 5.55556, 5.11111], "texture": "#0"}
			}
		},
		{
			"from": [4, 6.6, -5],
			"to": [5, 9.6, -4],
			"rotation": {"angle": 0, "axis": "y", "origin": [4, 6, -3]},
			"faces": {
				"north": {"uv": [4.44444, 5.33333, 4.66667, 6], "texture": "#0"},
				"east": {"uv": [4.66667, 5.33333, 4.88889, 6], "texture": "#0"},
				"south": {"uv": [4.88889, 5.33333, 5.11111, 6], "texture": "#0"},
				"west": {"uv": [2.66667, 6.88889, 2.88889, 7.55556], "texture": "#0"},
				"up": {"uv": [7.55556, 1.33333, 7.33333, 1.11111], "texture": "#0"},
				"down": {"uv": [1.55556, 7.33333, 1.33333, 7.55556], "texture": "#0"}
			}
		},
		{
			"from": [11, 6.6, -5],
			"to": [12, 9.6, -4],
			"rotation": {"angle": 0, "axis": "y", "origin": [12, 6, -3]},
			"faces": {
				"north": {"uv": [2.88889, 6.88889, 3.11111, 7.55556], "texture": "#0"},
				"east": {"uv": [3.11111, 6.88889, 3.33333, 7.55556], "texture": "#0"},
				"south": {"uv": [3.33333, 6.88889, 3.55556, 7.55556], "texture": "#0"},
				"west": {"uv": [3.55556, 6.88889, 3.77778, 7.55556], "texture": "#0"},
				"up": {"uv": [7.55556, 1.55556, 7.33333, 1.33333], "texture": "#0"},
				"down": {"uv": [1.77778, 7.33333, 1.55556, 7.55556], "texture": "#0"}
			}
		},
		{
			"from": [11, 6.6, -1],
			"to": [12, 9.6, 0],
			"rotation": {"angle": 0, "axis": "y", "origin": [12, 6, -3]},
			"faces": {
				"north": {"uv": [3.77778, 6.88889, 4, 7.55556], "texture": "#0"},
				"east": {"uv": [4, 6.88889, 4.22222, 7.55556], "texture": "#0"},
				"south": {"uv": [4.22222, 6.88889, 4.44444, 7.55556], "texture": "#0"},
				"west": {"uv": [4.44444, 6.88889, 4.66667, 7.55556], "texture": "#0"},
				"up": {"uv": [2, 7.55556, 1.77778, 7.33333], "texture": "#0"},
				"down": {"uv": [2.22222, 7.33333, 2, 7.55556], "texture": "#0"}
			}
		},
		{
			"from": [4, 5.6, -1],
			"to": [12, 6.6, 0],
			"faces": {
				"north": {"uv": [5.55556, 5.11111, 7.33333, 5.33333], "texture": "#0"},
				"east": {"uv": [2.22222, 7.33333, 2.44444, 7.55556], "texture": "#0"},
				"south": {"uv": [5.55556, 5.33333, 7.33333, 5.55556], "texture": "#0"},
				"west": {"uv": [2.44444, 7.33333, 2.66667, 7.55556], "texture": "#0"},
				"up": {"uv": [7.33333, 5.77778, 5.55556, 5.55556], "texture": "#0"},
				"down": {"uv": [7.33333, 5.77778, 5.55556, 6], "texture": "#0"}
			}
		},
		{
			"from": [4, 6.6, -1],
			"to": [5, 9.6, 0],
			"rotation": {"angle": 0, "axis": "y", "origin": [4, 6, -3]},
			"faces": {
				"north": {"uv": [4.66667, 6.88889, 4.88889, 7.55556], "texture": "#0"},
				"east": {"uv": [4.88889, 6.88889, 5.11111, 7.55556], "texture": "#0"},
				"south": {"uv": [5.55556, 6.88889, 5.77778, 7.55556], "texture": "#0"},
				"west": {"uv": [5.77778, 6.88889, 6, 7.55556], "texture": "#0"},
				"up": {"uv": [7.55556, 2.66667, 7.33333, 2.44444], "texture": "#0"},
				"down": {"uv": [7.55556, 2.66667, 7.33333, 2.88889], "texture": "#0"}
			}
		},
		{
			"from": [6, 11.2, 24],
			"to": [10, 11.6, 29.4],
			"faces": {
				"north": {"uv": [0, 0, 0.88889, 0.08889], "texture": "#0"},
				"east": {"uv": [0, 0, 1.11111, 0.08889], "texture": "#0"},
				"south": {"uv": [0, 0, 0.88889, 0.08889], "texture": "#0"},
				"west": {"uv": [0, 0, 1.11111, 0.08889], "texture": "#0"},
				"up": {"uv": [0.44444, 0, 2.22222, 2.22222], "texture": "#0"},
				"down": {"uv": [0.44444, 0, 2.22222, 2.22222], "texture": "#0"}
			}
		},
		{
			"from": [6.025, 11.225, 24.025],
			"to": [7.975, 11.575, 28.575],
			"rotation": {"angle": -45, "axis": "y", "origin": [6, 11.6, 24]},
			"faces": {
				"north": {"uv": [0, 0, 0.88889, 0.08889], "texture": "#0"},
				"east": {"uv": [0, 0, 1.11111, 0.08889], "texture": "#0"},
				"south": {"uv": [0, 0, 0.88889, 0.08889], "texture": "#0"},
				"west": {"uv": [0, 0, 1.11111, 0.08889], "texture": "#0"},
				"up": {"uv": [0.44444, 0, 1.33333, 2.22222], "texture": "#0"},
				"down": {"uv": [0.44444, 0, 1.55556, 2.22222], "texture": "#0"}
			}
		},
		{
			"from": [4.18652, 11.25, 24.10655],
			"to": [6.08652, 11.55, 28.60655],
			"rotation": {"angle": -22.5, "axis": "y", "origin": [4.16152, 11.575, 28.63155]},
			"faces": {
				"north": {"uv": [0, 0, 0.88889, 0.08889], "texture": "#0"},
				"east": {"uv": [0, 0, 1.11111, 0.08889], "texture": "#0"},
				"south": {"uv": [0, 0, 0.88889, 0.08889], "texture": "#0"},
				"west": {"uv": [0, 0, 1.11111, 0.08889], "texture": "#0"},
				"up": {"uv": [0.44444, 0, 1.33333, 2.22222], "texture": "#0"},
				"down": {"uv": [0.44444, 0, 1.55556, 2.22222], "texture": "#0"}
			}
		},
		{
			"from": [9.91348, 11.25, 24.10655],
			"to": [11.81348, 11.55, 28.60655],
			"rotation": {"angle": 22.5, "axis": "y", "origin": [11.83848, 11.575, 28.63155]},
			"faces": {
				"north": {"uv": [0.88889, 0, 0, 0.08889], "texture": "#0"},
				"east": {"uv": [1.11111, 0, 0, 0.08889], "texture": "#0"},
				"south": {"uv": [0.88889, 0, 0, 0.08889], "texture": "#0"},
				"west": {"uv": [1.11111, 0, 0, 0.08889], "texture": "#0"},
				"up": {"uv": [1.33333, 0, 0.44444, 2.22222], "texture": "#0"},
				"down": {"uv": [1.55556, 0, 0.44444, 2.22222], "texture": "#0"}
			}
		},
		{
			"from": [8.025, 11.225, 24.025],
			"to": [9.975, 11.575, 28.575],
			"rotation": {"angle": 45, "axis": "y", "origin": [10, 11.6, 24]},
			"faces": {
				"north": {"uv": [0.88889, 0, 0, 0.08889], "texture": "#0"},
				"east": {"uv": [1.11111, 0, 0, 0.08889], "texture": "#0"},
				"south": {"uv": [0.88889, 0, 0, 0.08889], "texture": "#0"},
				"west": {"uv": [1.11111, 0, 0, 0.08889], "texture": "#0"},
				"up": {"uv": [1.33333, 0, 0.44444, 2.22222], "texture": "#0"},
				"down": {"uv": [1.55556, 0, 0.44444, 2.22222], "texture": "#0"}
			}
		}
	],
	"display": {
		"thirdperson_righthand": {
			"translation": [0, -1, 8.75],
			"scale": [0.7, 0.7, 0.7]
		},
		"thirdperson_lefthand": {
			"translation": [0, -1, 8.75],
			"scale": [0.7, 0.7, 0.7]
		},
		"firstperson_righthand": {
			"rotation": [0, 9, 0],
			"translation": [0, 1.75, 4.5],
			"scale": [0.5, 0.5, 0.5]
		},
		"firstperson_lefthand": {
			"rotation": [0, 9, 0],
			"translation": [0, 1.75, 4.5],
			"scale": [0.5, 0.5, 0.5]
		},
		"gui": {
			"rotation": [90, 44, 0],
			"translation": [1.5, -1.5, 0],
			"scale": [0.36, 0.36, 0.36]
		},
		"head": {
			"rotation": [90, 0, 0],
			"translation": [0, -42, 0.75],
			"scale": [2.47, 2.48, 2.48]
		},
		"fixed": {
			"rotation": [88.69, -48.96, 176.97],
			"translation": [-0.5, -1.5, 0],
			"scale": [0.4, 0.4, 0.4]
		}
	},
	"groups": [
		{
			"name": "group",
			"origin": [8, 8, 8],
			"color": 0,
			"nbt": "{}",
			"armAnimationEnabled": false,
			"children": [
				0,
				{
					"name": "group",
					"origin": [1.2981, 11.7, -9.46084],
					"color": 0,
					"nbt": "{}",
					"armAnimationEnabled": false,
					"children": [1, 2, 3, 4, 5, 6, 7, 8, 9, 10, 11, 12, 13, 14]
				},
				15,
				16,
				17,
				18,
				19,
				20,
				21,
				22,
				23,
				24,
				25,
				26
			]
		}
	]
}