{
	"credit": "Made with Blockbench",
	"texture_size": [72, 72],
	"textures": {
		"0": "item/glider1",
		"particle": "item/glider1"
	},
	"elements": [
		{
			"from": [7.5, 11, -16],
			"to": [8.5, 12, 28],
			"rotation": {"angle": 0, "axis": "y", "origin": [7.5, 11, 0]},
			"faces": {
				"north": {"uv": [5.55556, 4.44444, 5.77778, 4.66667], "texture": "#0"},
				"east": {"uv": [0, 4.88889, 9.77778, 5.11111], "texture": "#0"},
				"south": {"uv": [4.66667, 5.55556, 4.88889, 5.77778], "texture": "#0"},
				"west": {"uv": [0, 5.11111, 9.77778, 5.33333], "texture": "#0"},
				"up": {"uv": [0.22222, 15.11111, 0, 5.33333], "texture": "#0"},
				"down": {"uv": [0.44444, 5.33333, 0.22222, 15.11111], "texture": "#0"}
			}
		},
		{
			"from": [7.55, 11.05, -15.95],
			"to": [8.45, 11.95, -7.05],
			"rotation": {"angle": -45, "axis": "y", "origin": [7.5, 12, -16]},
			"faces": {
				"north": {"uv": [5.55556, 4.66667, 5.77778, 4.88889], "texture": "#0"},
				"east": {"uv": [5.55556, 1.55556, 7.55556, 1.77778], "texture": "#0"},
				"south": {"uv": [4.88889, 5.55556, 5.11111, 5.77778], "texture": "#0"},
				"west": {"uv": [5.55556, 1.77778, 7.55556, 2], "texture": "#0"},
				"up": {"uv": [5.77778, 4, 5.55556, 2], "texture": "#0"},
				"down": {"uv": [4.66667, 5.55556, 4.44444, 7.55556], "texture": "#0"}
			}
		},
		{
			"from": [-15.9, 11.3, -9.62893],
			"to": [1.5, 11.7, 0.77107],
			"rotation": {"angle": 22.5, "axis": "y", "origin": [1.84315, 12, -8.92893]},
			"faces": {
				"north": {"uv": [0.44444, 5.55556, 4.44444, 5.77778], "texture": "#0"},
				"east": {"uv": [5.55556, 0.66667, 8, 0.88889], "texture": "#0"},
				"south": {"uv": [5.55556, 0.44444, 9.55556, 0.66667], "texture": "#0"},
				"west": {"uv": [5.55556, 0.88889, 8, 1.11111], "texture": "#0"},
				"up": {"uv": [4, 2.44444, 0, 0], "texture": "#0"},
				"down": {"uv": [4, 0, 0, 2.44444], "texture": "#0"}
			}
		},
		{
			"from": [1.3231, 11.325, -9.43584],
			"to": [7.51625, 11.675, 0.91416],
			"rotation": {"angle": 0, "axis": "y", "origin": [1.2981, 11.7, -9.46084]},
			"faces": {
				"north": {"uv": [5.55556, 4, 7.11111, 4.22222], "texture": "#0"},
				"east": {"uv": [5.55556, 1.11111, 8, 1.33333], "texture": "#0"},
				"south": {"uv": [5.55556, 4.22222, 7.11111, 4.44444], "texture": "#0"},
				"west": {"uv": [5.55556, 1.33333, 8, 1.55556], "texture": "#0"},
				"up": {"uv": [5.55556, 2.44444, 4, 0], "texture": "#0"},
				"down": {"uv": [5.55556, 0, 4, 2.44444], "texture": "#0"}
			}
		},
		{
			"from": [-16, 11, -9.92893],
			"to": [1.84315, 12, -8.92893],
			"rotation": {"angle": 22.5, "axis": "y", "origin": [1.84315, 12, -8.92893]},
			"faces": {
				"north": {"uv": [0.44444, 5.33333, 4.44444, 5.55556], "texture": "#0"},
				"east": {"uv": [5.11111, 5.55556, 5.33333, 5.77778], "texture": "#0"},
				"south": {"uv": [4.44444, 5.33333, 8.44444, 5.55556], "texture": "#0"},
				"west": {"uv": [5.33333, 5.55556, 5.55556, 5.77778], "texture": "#0"},
				"up": {"uv": [9.55556, 0.22222, 5.55556, 0], "texture": "#0"},
				"down": {"uv": [9.55556, 0.22222, 5.55556, 0.44444], "texture": "#0"}
			}
		},
		{
			"from": [7.55, 11.05, -15.95],
			"to": [8.45, 11.95, -7.05],
			"rotation": {"angle": 45, "axis": "y", "origin": [8.5, 12, -16]},
			"faces": {
				"north": {"uv": [5.77778, 4.66667, 5.55556, 4.88889], "texture": "#0"},
				"east": {"uv": [7.55556, 1.77778, 5.55556, 2], "texture": "#0"},
				"south": {"uv": [5.11111, 5.55556, 4.88889, 5.77778], "texture": "#0"},
				"west": {"uv": [7.55556, 1.55556, 5.55556, 1.77778], "texture": "#0"},
				"up": {"uv": [5.55556, 4, 5.77778, 2], "texture": "#0"},
				"down": {"uv": [4.44444, 5.55556, 4.66667, 7.55556], "texture": "#0"}
			}
		},
		{
			"from": [14.5, 11.3, -9.62893],
			"to": [31.9, 11.7, 0.77107],
			"rotation": {"angle": -22.5, "axis": "y", "origin": [14.15685, 12, -8.92893]},
			"faces": {
				"north": {"uv": [4.44444, 5.55556, 0.44444, 5.77778], "texture": "#0"},
				"east": {"uv": [8, 0.88889, 5.55556, 1.11111], "texture": "#0"},
				"south": {"uv": [9.55556, 0.44444, 5.55556, 0.66667], "texture": "#0"},
				"west": {"uv": [8, 0.66667, 5.55556, 0.88889], "texture": "#0"},
				"up": {"uv": [0, 2.44444, 4, 0], "texture": "#0"},
				"down": {"uv": [0, 0, 4, 2.44444], "texture": "#0"}
			}
		},
		{
			"from": [8.48375, 11.325, -9.43584],
			"to": [14.6769, 11.675, 0.91416],
			"rotation": {"angle": 0, "axis": "y", "origin": [14.7019, 11.7, -9.46084]},
			"faces": {
				"north": {"uv": [7.11111, 4, 5.55556, 4.22222], "texture": "#0"},
				"east": {"uv": [8, 1.33333, 5.55556, 1.55556], "texture": "#0"},
				"south": {"uv": [7.11111, 4.22222, 5.55556, 4.44444], "texture": "#0"},
				"west": {"uv": [8, 1.11111, 5.55556, 1.33333], "texture": "#0"},
				"up": {"uv": [4, 2.44444, 5.55556, 0], "texture": "#0"},
				"down": {"uv": [4, 0, 5.55556, 2.44444], "texture": "#0"}
			}
		},
		{
			"from": [14.15685, 11, -9.92893],
			"to": [32, 12, -8.92893],
			"rotation": {"angle": -22.5, "axis": "y", "origin": [14.15685, 12, -8.92893]},
			"faces": {
				"north": {"uv": [4.44444, 5.33333, 0.44444, 5.55556], "texture": "#0"},
				"east": {"uv": [5.55556, 5.55556, 5.33333, 5.77778], "texture": "#0"},
				"south": {"uv": [8.44444, 5.33333, 4.44444, 5.55556], "texture": "#0"},
				"west": {"uv": [5.33333, 5.55556, 5.11111, 5.77778], "texture": "#0"},
				"up": {"uv": [5.55556, 0.22222, 9.55556, 0], "texture": "#0"},
				"down": {"uv": [5.55556, 0.22222, 9.55556, 0.44444], "texture": "#0"}
			}
		},
		{
			"from": [4, 9.6, -5],
			"to": [12, 11.6, 0],
			"faces": {
				"north": {"uv": [14.22222, 1.33333, 16, 1.77778], "texture": "#0"},
				"east": {"uv": [12.88889, 0, 14, 0.44444], "texture": "#0"},
				"south": {"uv": [14.22222, 1.33333, 16, 1.77778], "texture": "#0"},
				"west": {"uv": [12.88889, 0, 14, 0.44444], "texture": "#0"},
				"down": {"uv": [14.22222, 0, 16, 1.11111], "texture": "#0"}
			}
		},
		{
			"from": [4, 5.6, -5],
			"to": [12, 6.6, -4],
			"faces": {
				"north": {"uv": [0, 15.77778, 1.77778, 16], "texture": "#0"},
				"east": {"uv": [0, 15.77778, 0.22222, 16], "texture": "#0"},
				"south": {"uv": [0, 15.77778, 1.77778, 16], "texture": "#0"},
				"west": {"uv": [0, 15.77778, 0.22222, 16], "texture": "#0"},
				"up": {"uv": [0, 15.77778, 1.77778, 16], "texture": "#0"},
				"down": {"uv": [0, 15.77778, 1.77778, 16], "texture": "#0"}
			}
		},
		{
			"from": [4, 6.6, -5],
			"to": [5, 9.6, -4],
			"rotation": {"angle": 0, "axis": "y", "origin": [4, 6, -3]},
			"faces": {
				"north": {"uv": [15.77778, 15.33333, 16, 16], "texture": "#0"},
				"east": {"uv": [15.77778, 15.33333, 16, 16], "texture": "#0"},
				"south": {"uv": [15.77778, 15.33333, 16, 16], "texture": "#0"},
				"west": {"uv": [15.77778, 15.33333, 16, 16], "texture": "#0"},
				"up": {"uv": [15.77778, 15.77778, 16, 16], "texture": "#0"},
				"down": {"uv": [15.77778, 15.77778, 16, 16], "texture": "#0"}
			}
		},
		{
			"from": [11, 6.6, -5],
			"to": [12, 9.6, -4],
			"rotation": {"angle": 0, "axis": "y", "origin": [12, 6, -3]},
			"faces": {
				"north": {"uv": [16, 15.33333, 15.77778, 16], "texture": "#0"},
				"east": {"uv": [16, 15.33333, 15.77778, 16], "texture": "#0"},
				"south": {"uv": [16, 15.33333, 15.77778, 16], "texture": "#0"},
				"west": {"uv": [16, 15.33333, 15.77778, 16], "texture": "#0"},
				"up": {"uv": [16, 15.77778, 15.77778, 16], "texture": "#0"},
				"down": {"uv": [16, 15.77778, 15.77778, 16], "texture": "#0"}
			}
		},
		{
			"from": [11, 6.6, -1],
			"to": [12, 9.6, 0],
			"rotation": {"angle": 0, "axis": "y", "origin": [12, 6, -3]},
			"faces": {
				"north": {"uv": [16, 15.33333, 15.77778, 16], "texture": "#0"},
				"east": {"uv": [16, 15.33333, 15.77778, 16], "texture": "#0"},
				"south": {"uv": [16, 15.33333, 15.77778, 16], "texture": "#0"},
				"west": {"uv": [16, 15.33333, 15.77778, 16], "texture": "#0"},
				"up": {"uv": [16, 15.77778, 15.77778, 16], "texture": "#0"},
				"down": {"uv": [16, 15.77778, 15.77778, 16], "texture": "#0"}
			}
		},
		{
			"from": [4, 5.6, -1],
			"to": [12, 6.6, 0],
			"faces": {
				"north": {"uv": [0, 15.77778, 1.77778, 16], "texture": "#0"},
				"east": {"uv": [0, 15.77778, 0.22222, 16], "texture": "#0"},
				"south": {"uv": [0, 15.77778, 1.77778, 16], "texture": "#0"},
				"west": {"uv": [0, 15.77778, 0.22222, 16], "texture": "#0"},
				"up": {"uv": [0, 15.77778, 1.77778, 16], "texture": "#0"},
				"down": {"uv": [0, 15.77778, 1.77778, 16], "texture": "#0"}
			}
		},
		{
			"from": [4, 6.6, -1],
			"to": [5, 9.6, 0],
			"rotation": {"angle": 0, "axis": "y", "origin": [4, 6, -3]},
			"faces": {
				"north": {"uv": [15.77778, 15.33333, 16, 16], "texture": "#0"},
				"east": {"uv": [15.77778, 15.33333, 16, 16], "texture": "#0"},
				"south": {"uv": [15.77778, 15.33333, 16, 16], "texture": "#0"},
				"west": {"uv": [15.77778, 15.33333, 16, 16], "texture": "#0"},
				"up": {"uv": [15.77778, 15.77778, 16, 16], "texture": "#0"},
				"down": {"uv": [15.77778, 15.77778, 16, 16], "texture": "#0"}
			}
		}
	],
	"display": {
		"thirdperson_righthand": {
			"translation": [0, -1, 8.75],
			"scale": [0.7, 0.7, 0.7]
		},
		"thirdperson_lefthand": {
			"translation": [0, -1, 4],
			"scale": [0.39, 0.39, 0.39]
		},
		"firstperson_righthand": {
			"rotation": [0, 9, 0],
			"translation": [0, 1.75, 4.5],
			"scale": [0.5, 0.5, 0.5]
		},
		"firstperson_lefthand": {
			"rotation": [0, 9, 0],
			"translation": [0, 1.75, 4.5],
			"scale": [0.5, 0.5, 0.5]
		},
		"gui": {
			"rotation": [90, 44, 0],
			"translation": [1.5, -1.5, 0],
			"scale": [0.36, 0.36, 0.36]
		},
		"head": {
			"rotation": [90, 0, 0],
			"translation": [0, -42, 0.75],
			"scale": [2.47, 2.48, 2.48]
		},
		"fixed": {
			"rotation": [88.69, -48.96, 176.97],
			"translation": [-0.5, -1.5, 0],
			"scale": [0.4, 0.4, 0.4]
		}
	},
	"groups": [
		{
			"name": "group",
			"origin": [8, 8, 8],
			"color": 0,
			"nbt": "{}",
			"armAnimationEnabled": false,
			"children": [
				0,
				{
					"name": "group",
					"origin": [1.2981, 11.7, -9.46084],
					"color": 0,
					"nbt": "{}",
					"armAnimationEnabled": false,
					"children": [1, 2, 3, 4]
				},
				{
					"name": "group",
					"origin": [1.2981, 11.7, -9.46084],
					"color": 0,
					"nbt": "{}",
					"armAnimationEnabled": false,
					"children": [5, 6, 7, 8]
				},
				9,
				10,
				11,
				12,
				13,
				14,
				15
			]
		}
	]
}