{
	"credit": "Made with Blockbench",
	"textures": {
		"0": "item/laser_bullet_1",
		"particle": "item/laser_bullet_1"
	},
	"elements": [
		{
			"from": [7, 0, 0],
			"to": [9, 2, 5],
			"faces": {
				"north": {"uv": [8, 8, 10, 10], "texture": "#0"},
				"east": {"uv": [4, 4, 9, 6], "texture": "#0"},
				"south": {"uv": [9, 4, 11, 6], "texture": "#0"},
				"west": {"uv": [4, 6, 9, 8], "texture": "#0"},
				"up": {"uv": [6, 13, 4, 8], "texture": "#0"},
				"down": {"uv": [8, 8, 6, 13], "texture": "#0"}
			}
		},
		{
			"from": [8, 0, 5],
			"to": [8, 2, 16],
			"faces": {
				"north": {"uv": [0, 0, 0, 2], "texture": "#0"},
				"east": {"uv": [0, 0, 0, 0], "texture": "#0"},
				"south": {"uv": [0, 0, 0, 2], "texture": "#0"},
				"west": {"uv": [0, 2, 11, 4], "texture": "#0"},
				"up": {"uv": [0, 11, 0, 0], "texture": "#0"},
				"down": {"uv": [0, 0, 0, 11], "texture": "#0"}
			}
		},
		{
			"from": [7, 1, 5],
			"to": [9, 1, 16],
			"faces": {
				"north": {"uv": [0, 0, 2, 0], "texture": "#0"},
				"east": {"uv": [0, 0, 11, 0], "texture": "#0"},
				"south": {"uv": [0, 0, 2, 0], "texture": "#0"},
				"west": {"uv": [0, 0, 11, 0], "texture": "#0"},
				"up": {"uv": [2, 15, 0, 4], "texture": "#0"},
				"down": {"uv": [0, 0, 0, 0], "texture": "#0"}
			}
		}
	],
	"groups": [
		{
			"name": "root",
			"origin": [8, 8, 8],
			"color": 0,
			"nbt": "{}",
			"armAnimationEnabled": false,
			"children": [0, 1, 2]
		}
	]
}