{
	"credit": "Made with Blockbench",
	"texture_size": [32, 32],
	"textures": {
		"0": "item/laser_bullet_2",
		"particle": "item/laser_bullet_2"
	},
	"elements": [
		{
			"from": [7, -1, -8],
			"to": [9, 1, -3],
			"rotation": {"angle": 0, "axis": "y", "origin": [8, 0, 2.5]},
			"faces": {
				"north": {"uv": [3, 3, 4, 4], "texture": "#0"},
				"east": {"uv": [1, 1, 3.5, 2], "texture": "#0"},
				"south": {"uv": [3.5, 1, 4.5, 2], "texture": "#0"},
				"west": {"uv": [1, 2, 3.5, 3], "texture": "#0"},
				"up": {"uv": [2, 5.5, 1, 3], "texture": "#0"},
				"down": {"uv": [3, 3, 2, 5.5], "texture": "#0"}
			}
		},
		{
			"from": [8, -1, -3],
			"to": [8, 1, 24],
			"rotation": {"angle": 0, "axis": "y", "origin": [8, 0, 2.5]},
			"faces": {
				"north": {"uv": [0, 0, 0, 1], "texture": "#0"},
				"east": {"uv": [0, 0, 13.5, 1], "texture": "#0"},
				"south": {"uv": [0, 0, 0, 1], "texture": "#0"},
				"west": {"uv": [0, 0, 13.5, 1], "texture": "#0"},
				"up": {"uv": [0, 13.5, 0, 0], "texture": "#0"},
				"down": {"uv": [0, 0, 0, 13.5], "texture": "#0"}
			}
		},
		{
			"from": [7, 0, -3],
			"to": [9, 0, 24],
			"rotation": {"angle": 0, "axis": "y", "origin": [8, 0, 2.5]},
			"faces": {
				"north": {"uv": [0, 0, 1, 0], "texture": "#0"},
				"east": {"uv": [0, 0, 13.5, 0], "texture": "#0"},
				"south": {"uv": [0, 0, 1, 0], "texture": "#0"},
				"west": {"uv": [0, 0, 13.5, 0], "texture": "#0"},
				"up": {"uv": [1, 14.5, 0, 1], "texture": "#0"},
				"down": {"uv": [1, 14.5, 0, 1], "texture": "#0"}
			}
		}
	],
	"display": {
		"firstperson_righthand": {
			"translation": [0, 10, 0]
		},
		"firstperson_lefthand": {
			"translation": [0, 10, 0]
		}
	},
	"groups": [
		{
			"name": "root",
			"origin": [8, 8, 8],
			"color": 0,
			"children": [0, 1, 2]
		}
	]
}