{
	"credit": "Made with Blockbench",
	"texture_size": [32, 32],
	"textures": {
		"0": "item/laser_blaster",
		"particle": "item/laser_blaster"
	},
	"elements": [
		{
			"from": [7, 0, 11],
			"to": [9, 4, 13],
			"rotation": {"angle": -22.5, "axis": "x", "origin": [8, 5, 11]},
			"faces": {
				"north": {"uv": [8, 6, 9, 8], "texture": "#0"},
				"east": {"uv": [7, 8, 8, 10], "texture": "#0"},
				"south": {"uv": [8, 8, 9, 10], "texture": "#0"},
				"west": {"uv": [9, 6, 10, 8], "texture": "#0"},
				"up": {"uv": [10.5, 1, 9.5, 0], "texture": "#0"},
				"down": {"uv": [10.5, 1, 9.5, 2], "texture": "#0"}
			}
		},
		{
			"from": [7, 5, 0],
			"to": [9, 7, 16],
			"rotation": {"angle": 0, "axis": "y", "origin": [8, 7, 0]},
			"faces": {
				"north": {"uv": [9.5, 2, 10.5, 3], "texture": "#0"},
				"east": {"uv": [0, 0, 8, 1], "texture": "#0"},
				"south": {"uv": [9.5, 3, 10.5, 4], "texture": "#0"},
				"west": {"uv": [0, 1, 8, 2], "texture": "#0"},
				"up": {"uv": [1, 10, 0, 2], "texture": "#0"},
				"down": {"uv": [2, 2, 1, 10], "texture": "#0"}
			}
		},
		{
			"from": [6.5, 4.5, 2],
			"to": [9.5, 7.5, 3],
			"rotation": {"angle": 0, "axis": "y", "origin": [8.5, 7.5, 0]},
			"faces": {
				"north": {"uv": [8, 3, 9.5, 4.5], "texture": "#0"},
				"east": {"uv": [3.5, 10, 4, 11.5], "texture": "#0"},
				"south": {"uv": [4, 8, 5.5, 9.5], "texture": "#0"},
				"west": {"uv": [10, 4, 10.5, 5.5], "texture": "#0"},
				"up": {"uv": [11.5, 6, 10, 5.5], "texture": "#0"},
				"down": {"uv": [11.5, 6, 10, 6.5], "texture": "#0"}
			}
		},
		{
			"from": [6.5, 4.5, 5],
			"to": [9.5, 7.5, 6],
			"rotation": {"angle": 0, "axis": "y", "origin": [8.5, 7.5, 3]},
			"faces": {
				"north": {"uv": [8, 3, 9.5, 4.5], "texture": "#0"},
				"east": {"uv": [3.5, 10, 4, 11.5], "texture": "#0"},
				"south": {"uv": [4, 8, 5.5, 9.5], "texture": "#0"},
				"west": {"uv": [10, 4, 10.5, 5.5], "texture": "#0"},
				"up": {"uv": [11.5, 6, 10, 5.5], "texture": "#0"},
				"down": {"uv": [11.5, 6, 10, 6.5], "texture": "#0"}
			}
		},
		{
			"from": [6.5, 4.5, 3.5],
			"to": [9.5, 7.5, 4.5],
			"rotation": {"angle": 0, "axis": "y", "origin": [8.5, 7.5, 1.5]},
			"faces": {
				"north": {"uv": [8, 3, 9.5, 4.5], "texture": "#0"},
				"east": {"uv": [3.5, 10, 4, 11.5], "texture": "#0"},
				"south": {"uv": [4, 8, 5.5, 9.5], "texture": "#0"},
				"west": {"uv": [10, 4, 10.5, 5.5], "texture": "#0"},
				"up": {"uv": [11.5, 6, 10, 5.5], "texture": "#0"},
				"down": {"uv": [11.5, 6, 10, 6.5], "texture": "#0"}
			}
		},
		{
			"from": [7.5, 8, 11],
			"to": [8.5, 10, 15],
			"rotation": {"angle": 22.5, "axis": "x", "origin": [7.5, 8, 11]},
			"faces": {
				"north": {"uv": [10.5, 0, 11, 1], "texture": "#0"},
				"east": {"uv": [9, 8, 11, 9], "texture": "#0"},
				"south": {"uv": [0.5, 10.5, 1, 11.5], "texture": "#0"},
				"west": {"uv": [9, 9, 11, 10], "texture": "#0"},
				"up": {"uv": [4.5, 11.5, 4, 9.5], "texture": "#0"},
				"down": {"uv": [10, 4, 9.5, 6], "texture": "#0"}
			}
		},
		{
			"from": [6, 4, 7],
			"to": [10, 8, 15],
			"rotation": {"angle": 0, "axis": "y", "origin": [8, 7, 0]},
			"faces": {
				"north": {"uv": [4, 6, 6, 8], "texture": "#0"},
				"east": {"uv": [2, 2, 6, 4], "texture": "#0"},
				"south": {"uv": [6, 6, 8, 8], "texture": "#0"},
				"west": {"uv": [2, 4, 6, 6], "texture": "#0"},
				"up": {"uv": [4, 10, 2, 6], "texture": "#0"},
				"down": {"uv": [8, 2, 6, 6], "texture": "#0"}
			}
		},
		{
			"from": [5.5, 5, 11],
			"to": [6.5, 7, 13],
			"rotation": {"angle": 0, "axis": "y", "origin": [6, 6, 12]},
			"faces": {
				"north": {"uv": [1, 10.5, 1.5, 11.5], "texture": "#0"},
				"east": {"uv": [4.5, 9.5, 5.5, 10.5], "texture": "#0"},
				"south": {"uv": [10.5, 1, 11, 2], "texture": "#0"},
				"west": {"uv": [5.5, 9.5, 6.5, 10.5], "texture": "#0"},
				"up": {"uv": [2, 11.5, 1.5, 10.5], "texture": "#0"},
				"down": {"uv": [2.5, 10.5, 2, 11.5], "texture": "#0"}
			}
		},
		{
			"from": [9.5, 5, 11],
			"to": [10.5, 7, 13],
			"rotation": {"angle": 0, "axis": "y", "origin": [10, 6, 12]},
			"faces": {
				"north": {"uv": [1.5, 10.5, 1, 11.5], "texture": "#0"},
				"east": {"uv": [6.5, 9.5, 5.5, 10.5], "texture": "#0"},
				"south": {"uv": [11, 1, 10.5, 2], "texture": "#0"},
				"west": {"uv": [5.5, 9.5, 4.5, 10.5], "texture": "#0"},
				"up": {"uv": [1.5, 11.5, 2, 10.5], "texture": "#0"},
				"down": {"uv": [2, 10.5, 2.5, 11.5], "texture": "#0"}
			}
		}
	],
	"display": {
		"thirdperson_righthand": {
			"translation": [0, 3.75, -1],
			"scale": [0.9, 0.9, 0.9]
		},
		"thirdperson_lefthand": {
			"translation": [0, 3.75, -1],
			"scale": [0.9, 0.9, 0.9]
		},
		"firstperson_righthand": {
			"translation": [0, 4.5, 0]
		},
		"firstperson_lefthand": {
			"translation": [0, 4.5, 0]
		},
		"gui": {
			"rotation": [0, 90, 0]
		},
		"head": {
			"rotation": [0, 47, -90],
			"translation": [1.25, 8.5, -1]
		},
		"fixed": {
			"rotation": [90, -55, 90],
			"translation": [0.25, 1, 0]
		}
	},
	"groups": [
		{
			"name": "root",
			"origin": [8, 8, 8],
			"color": 0,
			"nbt": "{}",
			"armAnimationEnabled": false,
			"children": [0, 1, 2, 3, 4, 5, 6, 7, 8]
		}
	]
}