{
	"credit": "Made with Blockbench",
	"texture_size": [32, 32],
	"textures": {
		"0": "item/laser_bullet_1_5",
		"particle": "item/laser_bullet_1_5"
	},
	"elements": [
		{
			"from": [7, 0, -4],
			"to": [9, 2, 1],
			"rotation": {"angle": 0, "axis": "y", "origin": [0, 0, -4]},
			"faces": {
				"north": {"uv": [4, 4, 5, 5], "texture": "#0"},
				"east": {"uv": [2, 2, 4.5, 3], "texture": "#0"},
				"south": {"uv": [4.5, 2, 5.5, 3], "texture": "#0"},
				"west": {"uv": [2, 3, 4.5, 4], "texture": "#0"},
				"up": {"uv": [3, 6.5, 2, 4], "texture": "#0"},
				"down": {"uv": [4, 4, 3, 6.5], "texture": "#0"}
			}
		},
		{
			"from": [8, 0, 1],
			"to": [8, 2, 20],
			"rotation": {"angle": 0, "axis": "y", "origin": [0, 0, -4]},
			"faces": {
				"north": {"uv": [0, 0, 0, 1], "texture": "#0"},
				"south": {"uv": [0, 0, 0, 1], "texture": "#0"},
				"west": {"uv": [0, 1, 9.5, 2], "texture": "#0"},
				"up": {"uv": [0, 9.5, 0, 0], "texture": "#0"},
				"down": {"uv": [0, 0, 0, 9.5], "texture": "#0"}
			}
		},
		{
			"from": [7, 1, 1],
			"to": [9, 1, 20],
			"rotation": {"angle": 0, "axis": "y", "origin": [0, 0, -4]},
			"faces": {
				"north": {"uv": [0, 0, 1, 0], "texture": "#0"},
				"east": {"uv": [0, 0, 9.5, 0], "texture": "#0"},
				"south": {"uv": [0, 0, 1, 0], "texture": "#0"},
				"west": {"uv": [0, 0, 9.5, 0], "texture": "#0"},
				"up": {"uv": [1, 11.5, 0, 2], "texture": "#0"}
			}
		}
	],
	"display": {},
	"groups": [
		{
			"name": "root",
			"origin": [8, 8, 8],
			"color": 0,
			"nbt": "{}",
			"armAnimationEnabled": false,
			"children": [0, 1, 2]
		}
	]
}