{"textures":{"1":"modelengine:entity/bartender_v01"},"elements":[{"from":[5.714286,8.0,6.857143],"to":[10.285714,14.857143,9.142858],"rotation":{"angle":0.0,"axis":"y","origin":[8.0,1.1428566,8.0]},"faces":{"east":{"uv":[2.0,8.0,3.0,11.0],"rotation":0,"texture":"#1","tintindex":0},"south":{"uv":[2.0,0.0,4.0,3.0],"rotation":0,"texture":"#1","tintindex":0},"north":{"uv":[0.0,0.0,2.0,3.0],"rotation":0,"texture":"#1","tintindex":0},"west":{"uv":[8.0,2.0,9.0,5.0],"rotation":0,"texture":"#1","tintindex":0},"up":{"uv":[8.0,9.0,6.0,8.0],"rotation":0,"texture":"#1","tintindex":0},"down":{"uv":[10.0,7.5,8.0,8.5],"rotation":0,"texture":"#1","tintindex":0}}},{"from":[5.5714283,7.857143,6.714286],"to":[10.428572,15.0,9.285714],"rotation":{"angle":0.0,"axis":"y","origin":[8.0,1.1428566,8.0]},"faces":{"east":{"uv":[3.0,8.0,4.0,11.0],"rotation":0,"texture":"#1","tintindex":0},"south":{"uv":[2.0,3.0,4.0,6.0],"rotation":0,"texture":"#1","tintindex":0},"north":{"uv":[0.0,3.0,2.0,6.0],"rotation":0,"texture":"#1","tintindex":0},"west":{"uv":[4.0,8.0,5.0,11.0],"rotation":0,"texture":"#1","tintindex":0},"up":{"uv":[10.0,9.5,8.0,8.5],"rotation":0,"texture":"#1","tintindex":0},"down":{"uv":[11.0,2.0,9.0,3.0],"rotation":0,"texture":"#1","tintindex":0}}}],"display":{"head":{"translation":[0.0,-6.4,0.0],"scale":[4.0,4.0,4.0]}}}