{"textures":{"1":"modelengine:entity/bartender_v01"},"elements":[{"from":[6.714286,4.428571,6.714286],"to":[9.285714,8.0,9.285714],"rotation":{"angle":0.0,"axis":"y","origin":[6.9142857,1.1428566,8.0]},"faces":{"east":{"uv":[11.25,10.5,12.25,12.0],"rotation":0,"texture":"#1","tintindex":0},"south":{"uv":[0.0,11.5,1.0,13.0],"rotation":0,"texture":"#1","tintindex":0},"north":{"uv":[11.25,9.0,12.25,10.5],"rotation":0,"texture":"#1","tintindex":0},"west":{"uv":[1.0,11.5,2.0,13.0],"rotation":0,"texture":"#1","tintindex":0},"up":{"uv":[15.25,11.5,14.25,10.5],"rotation":0,"texture":"#1","tintindex":0},"down":{"uv":[15.25,11.5,14.25,12.5],"rotation":0,"texture":"#1","tintindex":0}}},{"from":[6.857143,4.5714283,6.857143],"to":[9.142858,8.0,9.142858],"rotation":{"angle":0.0,"axis":"y","origin":[6.9142857,1.1428566,8.0]},"faces":{"east":{"uv":[11.75,3.0,12.75,4.5],"rotation":0,"texture":"#1","tintindex":0},"south":{"uv":[12.0,0.0,13.0,1.5],"rotation":0,"texture":"#1","tintindex":0},"north":{"uv":[6.0,11.5,7.0,13.0],"rotation":0,"texture":"#1","tintindex":0},"west":{"uv":[12.0,1.5,13.0,3.0],"rotation":0,"texture":"#1","tintindex":0},"up":{"uv":[15.25,13.5,14.25,12.5],"rotation":0,"texture":"#1","tintindex":0},"down":{"uv":[1.0,14.5,0.0,15.5],"rotation":0,"texture":"#1","tintindex":0}}}],"display":{"head":{"translation":[0.0,-6.4,0.0],"scale":[4.0,4.0,4.0]}}}