{"textures":{"1":"modelengine:entity/bartender_v01"},"elements":[{"from":[6.714286,4.428571,6.714286],"to":[9.285714,8.0,9.285714],"rotation":{"angle":0.0,"axis":"y","origin":[9.085714,1.1428566,8.0]},"faces":{"east":{"uv":[10.0,7.5,11.0,9.0],"rotation":0,"texture":"#1","tintindex":0},"south":{"uv":[10.25,9.0,11.25,10.5],"rotation":0,"texture":"#1","tintindex":0},"north":{"uv":[10.0,6.0,11.0,7.5],"rotation":0,"texture":"#1","tintindex":0},"west":{"uv":[5.0,10.5,6.0,12.0],"rotation":0,"texture":"#1","tintindex":0},"up":{"uv":[15.0,5.5,14.0,4.5],"rotation":0,"texture":"#1","tintindex":0},"down":{"uv":[15.0,5.5,14.0,6.5],"rotation":0,"texture":"#1","tintindex":0}}},{"from":[6.857143,4.5714283,6.857143],"to":[9.142858,8.0,9.142858],"rotation":{"angle":0.0,"axis":"y","origin":[9.085714,1.1428566,8.0]},"faces":{"east":{"uv":[10.75,3.0,11.75,4.5],"rotation":0,"texture":"#1","tintindex":0},"south":{"uv":[11.0,0.0,12.0,1.5],"rotation":0,"texture":"#1","tintindex":0},"north":{"uv":[10.25,10.5,11.25,12.0],"rotation":0,"texture":"#1","tintindex":0},"west":{"uv":[11.0,1.5,12.0,3.0],"rotation":0,"texture":"#1","tintindex":0},"up":{"uv":[15.0,7.5,14.0,6.5],"rotation":0,"texture":"#1","tintindex":0},"down":{"uv":[15.0,7.5,14.0,8.5],"rotation":0,"texture":"#1","tintindex":0}}}],"display":{"head":{"translation":[0.0,-6.4,0.0],"scale":[4.0,4.0,4.0]}}}