{"textures":{"1":"modelengine:entity/bartender_v01"},"elements":[{"from":[6.714286,4.428571,6.714286],"to":[9.285714,8.0,9.285714],"rotation":{"angle":0.0,"axis":"y","origin":[4.5714283,-5.714287,8.0]},"faces":{"east":{"uv":[13.25,10.5,14.25,12.0],"rotation":0,"texture":"#1","tintindex":0},"south":{"uv":[13.25,12.0,14.25,13.5],"rotation":0,"texture":"#1","tintindex":0},"north":{"uv":[13.25,9.0,14.25,10.5],"rotation":0,"texture":"#1","tintindex":0},"west":{"uv":[5.0,13.5,6.0,15.0],"rotation":0,"texture":"#1","tintindex":0},"up":{"uv":[6.0,16.0,5.0,15.0],"rotation":0,"texture":"#1","tintindex":0},"down":{"uv":[16.0,5.0,15.0,6.0],"rotation":0,"texture":"#1","tintindex":0}}},{"from":[6.857143,4.5714283,6.857143],"to":[9.142858,8.0,9.142858],"rotation":{"angle":0.0,"axis":"y","origin":[4.5714283,-5.714287,8.0]},"faces":{"east":{"uv":[10.0,13.5,11.0,15.0],"rotation":0,"texture":"#1","tintindex":0},"south":{"uv":[11.0,13.5,12.0,15.0],"rotation":0,"texture":"#1","tintindex":0},"north":{"uv":[7.0,13.5,8.0,15.0],"rotation":0,"texture":"#1","tintindex":0},"west":{"uv":[12.0,13.5,13.0,15.0],"rotation":0,"texture":"#1","tintindex":0},"up":{"uv":[16.0,7.0,15.0,6.0],"rotation":0,"texture":"#1","tintindex":0},"down":{"uv":[8.0,15.0,7.0,16.0],"rotation":0,"texture":"#1","tintindex":0}}}],"display":{"head":{"translation":[0.0,-6.4,0.0],"scale":[4.0,4.0,4.0]}}}