{"textures":{"1":"modelengine:entity/bartender_v01"},"elements":[{"from":[5.714286,8.0,5.714286],"to":[10.285714,12.571428,10.285714],"rotation":{"angle":0.0,"axis":"y","origin":[8.0,-5.714287,8.0]},"faces":{"east":{"uv":[4.0,2.0,6.0,4.0],"rotation":0,"texture":"#1","tintindex":0},"south":{"uv":[4.0,4.0,6.0,6.0],"rotation":0,"texture":"#1","tintindex":0},"north":{"uv":[4.0,0.0,6.0,2.0],"rotation":0,"texture":"#1","tintindex":0},"west":{"uv":[0.0,6.0,2.0,8.0],"rotation":0,"texture":"#1","tintindex":0},"up":{"uv":[8.0,2.0,6.0,0.0],"rotation":0,"texture":"#1","tintindex":0},"down":{"uv":[4.0,6.0,2.0,8.0],"rotation":0,"texture":"#1","tintindex":0}}},{"from":[5.428571,7.714286,5.428571],"to":[10.571428,12.857143,10.571428],"rotation":{"angle":0.0,"axis":"y","origin":[8.0,-5.714287,8.0]},"faces":{"east":{"uv":[4.0,6.0,6.0,8.0],"rotation":0,"texture":"#1","tintindex":0},"south":{"uv":[6.0,4.0,8.0,6.0],"rotation":0,"texture":"#1","tintindex":0},"north":{"uv":[6.0,2.0,8.0,4.0],"rotation":0,"texture":"#1","tintindex":0},"west":{"uv":[6.0,6.0,8.0,8.0],"rotation":0,"texture":"#1","tintindex":0},"up":{"uv":[2.0,10.0,0.0,8.0],"rotation":0,"texture":"#1","tintindex":0},"down":{"uv":[10.0,0.0,8.0,2.0],"rotation":0,"texture":"#1","tintindex":0}}},{"from":[6.857143,12.0,9.142858],"to":[9.142858,14.285715,11.428572],"rotation":{"angle":22.5,"axis":"x","origin":[8.0,13.142858,10.285714]},"faces":{"east":{"uv":[8.0,15.0,9.0,16.0],"rotation":0,"texture":"#1","tintindex":0},"south":{"uv":[9.0,15.0,10.0,16.0],"rotation":0,"texture":"#1","tintindex":0},"north":{"uv":[15.0,7.0,16.0,8.0],"rotation":0,"texture":"#1","tintindex":0},"west":{"uv":[10.0,15.0,11.0,16.0],"rotation":0,"texture":"#1","tintindex":0},"up":{"uv":[12.0,16.0,11.0,15.0],"rotation":0,"texture":"#1","tintindex":0},"down":{"uv":[13.0,15.0,12.0,16.0],"rotation":0,"texture":"#1","tintindex":0}}},{"from":[6.857143,8.045714,11.771429],"to":[9.142858,13.76,11.771429],"rotation":{"angle":0.0,"axis":"y","origin":[8.0,8.0,8.0]},"faces":{"east":{"uv":[0.0,0.0,0.0,2.5],"rotation":0,"texture":"#1","tintindex":0},"south":{"uv":[8.0,5.0,9.0,7.5],"rotation":0,"texture":"#1","tintindex":0},"north":{"uv":[5.0,8.0,6.0,10.5],"rotation":0,"texture":"#1","tintindex":0},"west":{"uv":[0.0,0.0,0.0,2.5],"rotation":0,"texture":"#1","tintindex":0},"up":{"uv":[1.0,0.0,0.0,0.0],"rotation":0,"texture":"#1","tintindex":0},"down":{"uv":[1.0,0.0,0.0,0.0],"rotation":0,"texture":"#1","tintindex":0}}},{"from":[6.857143,8.045714,10.057143],"to":[6.857143,13.76,11.771429],"rotation":{"angle":0.0,"axis":"y","origin":[8.0,8.0,8.0]},"faces":{"east":{"uv":[9.0,3.0,9.75,5.5],"rotation":0,"texture":"#1","tintindex":0},"south":{"uv":[0.0,0.0,0.0,2.5],"rotation":0,"texture":"#1","tintindex":0},"north":{"uv":[0.0,0.0,0.0,2.5],"rotation":0,"texture":"#1","tintindex":0},"west":{"uv":[6.0,9.0,6.75,11.5],"rotation":0,"texture":"#1","tintindex":0},"up":{"uv":[0.0,0.75,0.0,0.0],"rotation":0,"texture":"#1","tintindex":0},"down":{"uv":[0.0,0.0,0.0,0.75],"rotation":0,"texture":"#1","tintindex":0}}},{"from":[9.142858,8.045714,10.057143],"to":[9.142858,13.76,11.771429],"rotation":{"angle":0.0,"axis":"y","origin":[8.0,8.0,8.0]},"faces":{"east":{"uv":[6.75,9.0,7.5,11.5],"rotation":0,"texture":"#1","tintindex":0},"south":{"uv":[0.0,0.0,0.0,2.5],"rotation":0,"texture":"#1","tintindex":0},"north":{"uv":[0.0,0.0,0.0,2.5],"rotation":0,"texture":"#1","tintindex":0},"west":{"uv":[7.5,9.5,8.25,12.0],"rotation":0,"texture":"#1","tintindex":0},"up":{"uv":[0.0,0.75,0.0,0.0],"rotation":0,"texture":"#1","tintindex":0},"down":{"uv":[0.0,0.0,0.0,0.75],"rotation":0,"texture":"#1","tintindex":0}}}],"display":{"head":{"translation":[0.0,-6.4,0.0],"scale":[4.0,4.0,4.0]}}}