{"textures":{"1":"modelengine:entity/bartender_v01"},"elements":[{"from":[6.857143,4.5714283,6.857143],"to":[9.142858,8.0,9.142858],"rotation":{"angle":0.0,"axis":"y","origin":[9.085714,1.1428566,8.0]},"faces":{"east":{"uv":[8.25,9.5,9.25,11.0],"rotation":0,"texture":"#1","tintindex":0},"south":{"uv":[9.25,9.5,10.25,11.0],"rotation":0,"texture":"#1","tintindex":0},"north":{"uv":[9.0,5.5,10.0,7.0],"rotation":0,"texture":"#1","tintindex":0},"west":{"uv":[9.75,3.0,10.75,4.5],"rotation":0,"texture":"#1","tintindex":0},"up":{"uv":[14.75,4.5,13.75,3.5],"rotation":0,"texture":"#1","tintindex":0},"down":{"uv":[3.0,14.0,2.0,15.0],"rotation":0,"texture":"#1","tintindex":0}}},{"from":[6.714286,4.5714283,6.714286],"to":[9.285714,8.142858,9.285714],"rotation":{"angle":0.0,"axis":"y","origin":[9.085714,1.1428566,8.0]},"faces":{"east":{"uv":[10.0,0.0,11.0,1.5],"rotation":0,"texture":"#1","tintindex":0},"south":{"uv":[1.0,10.0,2.0,11.5],"rotation":0,"texture":"#1","tintindex":0},"north":{"uv":[0.0,10.0,1.0,11.5],"rotation":0,"texture":"#1","tintindex":0},"west":{"uv":[10.0,4.5,11.0,6.0],"rotation":0,"texture":"#1","tintindex":0},"up":{"uv":[4.0,15.0,3.0,14.0],"rotation":0,"texture":"#1","tintindex":0},"down":{"uv":[5.0,14.0,4.0,15.0],"rotation":0,"texture":"#1","tintindex":0}}}],"display":{"head":{"translation":[0.0,-6.4,0.0],"scale":[4.0,4.0,4.0]}}}