{"textures":{"1":"modelengine:entity/bartender_v01"},"elements":[{"from":[5.714286,4.5714283,6.857143],"to":[8.0,8.0,9.142858],"rotation":{"angle":0.0,"axis":"y","origin":[10.285714,-5.714287,8.0]},"faces":{"east":{"uv":[5.0,12.0,6.0,13.5],"rotation":0,"texture":"#1","tintindex":0},"south":{"uv":[12.0,6.0,13.0,7.5],"rotation":0,"texture":"#1","tintindex":0},"north":{"uv":[12.0,4.5,13.0,6.0],"rotation":0,"texture":"#1","tintindex":0},"west":{"uv":[7.0,12.0,8.0,13.5],"rotation":0,"texture":"#1","tintindex":0},"up":{"uv":[2.0,15.5,1.0,14.5],"rotation":0,"texture":"#1","tintindex":0},"down":{"uv":[7.0,14.5,6.0,15.5],"rotation":0,"texture":"#1","tintindex":0}}},{"from":[5.5714283,4.5714283,6.714286],"to":[8.142858,8.142858,9.285714],"rotation":{"angle":0.0,"axis":"y","origin":[10.285714,-5.714287,8.0]},"faces":{"east":{"uv":[10.25,12.0,11.25,13.5],"rotation":0,"texture":"#1","tintindex":0},"south":{"uv":[11.25,12.0,12.25,13.5],"rotation":0,"texture":"#1","tintindex":0},"north":{"uv":[12.0,7.5,13.0,9.0],"rotation":0,"texture":"#1","tintindex":0},"west":{"uv":[12.25,9.0,13.25,10.5],"rotation":0,"texture":"#1","tintindex":0},"up":{"uv":[15.5,14.5,14.5,13.5],"rotation":0,"texture":"#1","tintindex":0},"down":{"uv":[15.5,14.5,14.5,15.5],"rotation":0,"texture":"#1","tintindex":0}}}],"display":{"head":{"translation":[0.0,-6.4,0.0],"scale":[4.0,4.0,4.0]}}}