{"textures":{"1":"modelengine:entity/bartender_v01"},"elements":[{"from":[8.0,4.5714283,6.857143],"to":[10.285714,8.0,9.142858],"rotation":{"angle":0.0,"axis":"y","origin":[5.714286,-5.714287,8.0]},"faces":{"east":{"uv":[13.0,0.0,14.0,1.5],"rotation":0,"texture":"#1","tintindex":0},"south":{"uv":[1.0,13.0,2.0,14.5],"rotation":0,"texture":"#1","tintindex":0},"north":{"uv":[0.0,13.0,1.0,14.5],"rotation":0,"texture":"#1","tintindex":0},"west":{"uv":[13.0,1.5,14.0,3.0],"rotation":0,"texture":"#1","tintindex":0},"up":{"uv":[3.0,16.0,2.0,15.0],"rotation":0,"texture":"#1","tintindex":0},"down":{"uv":[4.0,15.0,3.0,16.0],"rotation":0,"texture":"#1","tintindex":0}}},{"from":[7.857143,4.5714283,6.714286],"to":[10.428572,8.142858,9.285714],"rotation":{"angle":0.0,"axis":"y","origin":[5.714286,-5.714287,8.0]},"faces":{"east":{"uv":[6.0,13.0,7.0,14.5],"rotation":0,"texture":"#1","tintindex":0},"south":{"uv":[13.0,6.0,14.0,7.5],"rotation":0,"texture":"#1","tintindex":0},"north":{"uv":[13.0,4.5,14.0,6.0],"rotation":0,"texture":"#1","tintindex":0},"west":{"uv":[13.0,7.5,14.0,9.0],"rotation":0,"texture":"#1","tintindex":0},"up":{"uv":[5.0,16.0,4.0,15.0],"rotation":0,"texture":"#1","tintindex":0},"down":{"uv":[16.0,4.0,15.0,5.0],"rotation":0,"texture":"#1","tintindex":0}}}],"display":{"head":{"translation":[0.0,-6.4,0.0],"scale":[4.0,4.0,4.0]}}}