{
  "parent": "minecraft:item/handheld",
  "textures": {
    "layer0": "minecraft:item/diamond_sword"
  },
   "overrides": [
     { "predicate": {"custom_model_data": 103}, "model": "item/cannon_blueprint"},
     { "predicate": {"custom_model_data": 217}, "model": "item/detonator"},
     { "predicate": {"custom_model_data": 224}, "model": "item/transparent_item"},
     { "predicate": {"custom_model_data": 400}, "model": "item/f35"},
     { "predicate": {"custom_model_data": 401}, "model": "item/laser_bullet_1"},
     { "predicate": {"custom_model_data": 402}, "model": "item/laser_bullet_1_5"},
     { "predicate": {"custom_model_data": 403}, "model": "item/laser_bullet_2"},
     { "predicate": {"custom_model_data": 404}, "model": "item/ring1"},
     { "predicate": {"custom_model_data": 405}, "model": "item/ring2"},
     { "predicate": {"custom_model_data": 406}, "model": "item/ring3"},
     { "predicate": {"custom_model_data": 407}, "model": "item/itemring1"},
     { "predicate": {"custom_model_data": 408}, "model": "item/itemring2"},
     { "predicate": {"custom_model_data": 409}, "model": "item/itemring3"},
     { "predicate": {"custom_model_data": 410}, "model": "item/missile"},
     { "predicate": {"custom_model_data": 411}, "model": "item/ring1large"},
     { "predicate": {"custom_model_data": 412}, "model": "item/ring2large"},
     { "predicate": {"custom_model_data": 413}, "model": "item/ring3large"},
     { "predicate": {"custom_model_data": 414}, "model": "item/fire_item"},
     { "predicate": {"custom_model_data": 415}, "model": "item/fire_item2"},
     { "predicate": {"custom_model_data": 418}, "model": "item/laser_blaster"},
     { "predicate": {"custom_model_data": 419}, "model": "item/f35_red"},
     { "predicate": {"custom_model_data": 420}, "model": "item/normalkey"},
     { "predicate": {"custom_model_data": 421}, "model": "item/legendarykey"},
     { "predicate": {"custom_model_data": 422}, "model": "item/back"},
     { "predicate": {"custom_model_data": 423}, "model": "item/back2"},
     { "predicate": {"custom_model_data": 600}, "model": "cosmetics/straw_hat_old"},
     { "predicate": {"custom_model_data": 601}, "model": "cosmetics/pirate_hook"},
     { "predicate": {"custom_model_data": 602}, "model": "cosmetics/wizard_hat_old"},
     { "predicate": {"custom_model_data": 603}, "model": "cosmetics/glowing_halo"},
     { "predicate": {"custom_model_data": 604}, "model": "cosmetics/angel_wings"},
     { "predicate": {"custom_model_data": 605}, "model": "cosmetics/boxing_glove_left"},
     { "predicate": {"custom_model_data": 606}, "model": "cosmetics/boxing_glove_right"},
     { "predicate": {"custom_model_data": 607}, "model": "cosmetics/circular_shield"},
     { "predicate": {"custom_model_data": 608}, "model": "cosmetics/cupcake"},
     { "predicate": {"custom_model_data": 609}, "model": "cosmetics/darksaber"},
     { "predicate": {"custom_model_data": 610}, "model": "cosmetics/devil_horns"},
     { "predicate": {"custom_model_data": 611}, "model": "cosmetics/doublesaber"},
     { "predicate": {"custom_model_data": 612}, "model": "cosmetics/halo"},
     { "predicate": {"custom_model_data": 613}, "model": "cosmetics/kabuto"},
     { "predicate": {"custom_model_data": 614}, "model": "cosmetics/police_hat"},
     { "predicate": {"custom_model_data": 615}, "model": "cosmetics/saber_blue"},
     { "predicate": {"custom_model_data": 616}, "model": "cosmetics/saber_green"},
     { "predicate": {"custom_model_data": 617}, "model": "cosmetics/saber_purple"},
     { "predicate": {"custom_model_data": 618}, "model": "cosmetics/saber_red"},
     { "predicate": {"custom_model_data": 619}, "model": "cosmetics/back_guitar"},
     { "predicate": {"custom_model_data": 620}, "model": "cosmetics/back_swords"},
     { "predicate": {"custom_model_data": 621}, "model": "cosmetics/frog_hat"},
     { "predicate": {"custom_model_data": 622}, "model": "cosmetics/quiver"},
     { "predicate": {"custom_model_data": 623}, "model": "cosmetics/scepter"},
     { "predicate": {"custom_model_data": 624}, "model": "cosmetics/crown"},
     { "predicate": {"custom_model_data": 625}, "model": "cosmetics/cat_ears"},
     { "predicate": {"custom_model_data": 626}, "model": "cosmetics/chef_hat"},
     { "predicate": {"custom_model_data": 627}, "model": "cosmetics/devil_wings"},
     { "predicate": {"custom_model_data": 628}, "model": "cosmetics/jester_hat"},
     { "predicate": {"custom_model_data": 629}, "model": "cosmetics/ogi_fan"},
     { "predicate": {"custom_model_data": 630}, "model": "cosmetics/pirate_hat"},
     { "predicate": {"custom_model_data": 631}, "model": "cosmetics/pokeball"},
     { "predicate": {"custom_model_data": 632}, "model": "cosmetics/police_baton"},
     { "predicate": {"custom_model_data": 633}, "model": "cosmetics/rice_hat"},
     { "predicate": {"custom_model_data": 634}, "model": "cosmetics/viking_helmet"},
     { "predicate": {"custom_model_data": 635}, "model": "cosmetics/baseball"},
     { "predicate": {"custom_model_data": 636}, "model": "cosmetics/baseball_bat"},
     { "predicate": {"custom_model_data": 637}, "model": "cosmetics/controller"},
     { "predicate": {"custom_model_data": 638}, "model": "cosmetics/cowboy_hat"},
     { "predicate": {"custom_model_data": 639}, "model": "cosmetics/fedora"},
     { "predicate": {"custom_model_data": 640}, "model": "cosmetics/football"},
     { "predicate": {"custom_model_data": 641}, "model": "cosmetics/football_helmet"},
     { "predicate": {"custom_model_data": 642}, "model": "cosmetics/french_beret"},
     { "predicate": {"custom_model_data": 643}, "model": "cosmetics/hammer"},
     { "predicate": {"custom_model_data": 644}, "model": "cosmetics/headphones"},
     { "predicate": {"custom_model_data": 645}, "model": "cosmetics/mining_helmet"},
     { "predicate": {"custom_model_data": 646}, "model": "cosmetics/orange_cone_hat"},
     { "predicate": {"custom_model_data": 647}, "model": "cosmetics/pokemon_hat"},
     { "predicate": {"custom_model_data": 648}, "model": "cosmetics/soccer_ball"},
     { "predicate": {"custom_model_data": 649}, "model": "cosmetics/soft_drink"},
     { "predicate": {"custom_model_data": 650}, "model": "cosmetics/sombrero"},
     { "predicate": {"custom_model_data": 651}, "model": "cosmetics/top_hat"},
     { "predicate": {"custom_model_data": 652}, "model": "cosmetics/bouquet"},
     { "predicate": {"custom_model_data": 653}, "model": "cosmetics/briefcase"},
     { "predicate": {"custom_model_data": 654}, "model": "cosmetics/burger"},
     { "predicate": {"custom_model_data": 655}, "model": "cosmetics/graduation_cap"},
     { "predicate": {"custom_model_data": 656}, "model": "cosmetics/hotdog"},
     { "predicate": {"custom_model_data": 657}, "model": "cosmetics/ice_cream_cone"},
     { "predicate": {"custom_model_data": 658}, "model": "cosmetics/park_ranger_hat"},
     { "predicate": {"custom_model_data": 659}, "model": "cosmetics/pizza_box"},
     { "predicate": {"custom_model_data": 660}, "model": "cosmetics/purse"},
     { "predicate": {"custom_model_data": 661}, "model": "cosmetics/sailor_cap"},
     { "predicate": {"custom_model_data": 662}, "model": "cosmetics/umbrella"},
     { "predicate": {"custom_model_data": 663}, "model": "cosmetics/wizard_hat"},
     { "predicate": {"custom_model_data": 664}, "model": "cosmetics/aviator_cap"},
     { "predicate": {"custom_model_data": 665}, "model": "cosmetics/bearskin_hat"},
     { "predicate": {"custom_model_data": 666}, "model": "cosmetics/bowler_hat"},
     { "predicate": {"custom_model_data": 667}, "model": "cosmetics/bucket_hat"},
     { "predicate": {"custom_model_data": 668}, "model": "cosmetics/fez_hat"},
     { "predicate": {"custom_model_data": 669}, "model": "cosmetics/firefighter_helmet"},
     { "predicate": {"custom_model_data": 670}, "model": "cosmetics/katana"},
     { "predicate": {"custom_model_data": 671}, "model": "cosmetics/newsboy_hat"},
     { "predicate": {"custom_model_data": 672}, "model": "cosmetics/party_hat"},
     { "predicate": {"custom_model_data": 673}, "model": "cosmetics/rastacap"},
     { "predicate": {"custom_model_data": 674}, "model": "cosmetics/sun_hat"},
     { "predicate": {"custom_model_data": 675}, "model": "cosmetics/vizor"},
     { "predicate": {"custom_model_data": 676}, "model": "cosmetics/beach_ball"},
     { "predicate": {"custom_model_data": 677}, "model": "cosmetics/big_lollipop"},
     { "predicate": {"custom_model_data": 678}, "model": "cosmetics/captain_hat"},
     { "predicate": {"custom_model_data": 679}, "model": "cosmetics/carpenter_saw"},
     { "predicate": {"custom_model_data": 680}, "model": "cosmetics/chinese_takeout"},
     { "predicate": {"custom_model_data": 681}, "model": "cosmetics/dumbbell"},
     { "predicate": {"custom_model_data": 682}, "model": "cosmetics/hairbrush"},
     { "predicate": {"custom_model_data": 683}, "model": "cosmetics/laptop"},
     { "predicate": {"custom_model_data": 684}, "model": "cosmetics/meat_cleaver"},
     { "predicate": {"custom_model_data": 685}, "model": "cosmetics/stone_tomahawk"},
     { "predicate": {"custom_model_data": 686}, "model": "cosmetics/teacup"},
     { "predicate": {"custom_model_data": 687}, "model": "cosmetics/teapot"},
     { "predicate": {"custom_model_data": 688}, "model": "cosmetics/dwarf_hammer"},
     { "predicate": {"custom_model_data": 689}, "model": "cosmetics/flashlight"},
     { "predicate": {"custom_model_data": 690}, "model": "cosmetics/golden_spatula"},
     { "predicate": {"custom_model_data": 691}, "model": "cosmetics/reaper_scythe"},
     { "predicate": {"custom_model_data": 692}, "model": "cosmetics/sting"},
     { "predicate": {"custom_model_data": 693}, "model": "cosmetics/wizard_staff"},
     { "predicate": {"custom_model_data": 701}, "model": "item/f35_lightred"},
     { "predicate": {"custom_model_data": 702}, "model": "item/firecannon"},
     { "predicate": {"custom_model_data": 705}, "model": "item/glider_v1"},
     { "predicate": {"custom_model_data": 706}, "model": "item/glider_v2"},
     { "predicate": {"custom_model_data": 707}, "model": "item/glider_two_v1"},
     { "predicate": {"custom_model_data": 708}, "model": "item/glider_two_v2"},
     { "predicate": {"custom_model_data": 709}, "model": "cosmetics/glider_plane1_v1"},
     { "predicate": {"custom_model_data": 710}, "model": "cosmetics/glider_plane1_v2"},
     { "predicate": {"custom_model_data": 711}, "model": "cosmetics/glider_angelic1"},
     { "predicate": {"custom_model_data": 712}, "model": "cosmetics/glider_angelic2"},
     { "predicate": {"custom_model_data": 713}, "model": "cosmetics/axe_back"},
     { "predicate": {"custom_model_data": 714}, "model": "cosmetics/butterfly_back"},
     { "predicate": {"custom_model_data": 715}, "model": "cosmetics/chest_back"},
     { "predicate": {"custom_model_data": 716}, "model": "cosmetics/dragon_wings"},
     { "predicate": {"custom_model_data": 717}, "model": "cosmetics/eagle_wings"},
     { "predicate": {"custom_model_data": 718}, "model": "cosmetics/flower_back"},
     { "predicate": {"custom_model_data": 719}, "model": "cosmetics/mushroom_back"},
     { "predicate": {"custom_model_data": 720}, "model": "cosmetics/octopus_back"},
     { "predicate": {"custom_model_data": 721}, "model": "cosmetics/tnt_backpack"},
     { "predicate": {"custom_model_data": 722}, "model": "cosmetics/vampire_cloak"},
     { "predicate": {"custom_model_data": 723}, "model": "cosmetics/tree_wings"},
     { "predicate": {"custom_model_data": 724}, "model": "cosmetics/glider_air_bender1"},
     { "predicate": {"custom_model_data": 725}, "model": "cosmetics/glider_air_bender2"},
     { "predicate": {"custom_model_data": 726}, "model": "cosmetics/glider_blue1"},
     { "predicate": {"custom_model_data": 727}, "model": "cosmetics/glider_blue2"},
     { "predicate": {"custom_model_data": 728}, "model": "cosmetics/glider_default_brown1"},
     { "predicate": {"custom_model_data": 729}, "model": "cosmetics/glider_default_brown2"},
     { "predicate": {"custom_model_data": 730}, "model": "cosmetics/glider_double1"},
     { "predicate": {"custom_model_data": 731}, "model": "cosmetics/glider_double2"},
     { "predicate": {"custom_model_data": 732}, "model": "cosmetics/glider_rainbow1"},
     { "predicate": {"custom_model_data": 733}, "model": "cosmetics/glider_rainbow2"},
     { "predicate": {"custom_model_data": 734}, "model": "cosmetics/glider_red1"},
     { "predicate": {"custom_model_data": 735}, "model": "cosmetics/glider_red2"},
     { "predicate": {"custom_model_data": 736}, "model": "cosmetics/glider_shadow1"},
     { "predicate": {"custom_model_data": 737}, "model": "cosmetics/glider_shadow2"},
     { "predicate": {"custom_model_data": 750}, "model": "cosmetics/wireframe_glasses"},
     { "predicate": {"custom_model_data": 751}, "model": "cosmetics/alarm_clock"},
     { "predicate": {"custom_model_data": 752}, "model": "cosmetics/aviator_glasses"},
     { "predicate": {"custom_model_data": 753}, "model": "cosmetics/banana_hat"},
     { "predicate": {"custom_model_data": 754}, "model": "cosmetics/bandana"},
     { "predicate": {"custom_model_data": 755}, "model": "cosmetics/blindfold"},
     { "predicate": {"custom_model_data": 756}, "model": "cosmetics/bomb"},
     { "predicate": {"custom_model_data": 757}, "model": "cosmetics/bongo_drum"},
     { "predicate": {"custom_model_data": 758}, "model": "cosmetics/boomerang"},
     { "predicate": {"custom_model_data": 759}, "model": "cosmetics/drink_helmet"},
     { "predicate": {"custom_model_data": 760}, "model": "cosmetics/fire_extinguisher"},
     { "predicate": {"custom_model_data": 761}, "model": "cosmetics/life_ring"},
     { "predicate": {"custom_model_data": 762}, "model": "cosmetics/monocle"},
     { "predicate": {"custom_model_data": 763}, "model": "cosmetics/mushroom_hat"},
     { "predicate": {"custom_model_data": 764}, "model": "cosmetics/pilgrim_hat"},
     { "predicate": {"custom_model_data": 765}, "model": "cosmetics/pool_goggles"},
     { "predicate": {"custom_model_data": 766}, "model": "cosmetics/pool_noodle"},
     { "predicate": {"custom_model_data": 767}, "model": "cosmetics/roman_helmet"},
     { "predicate": {"custom_model_data": 768}, "model": "cosmetics/sea_sponge"},
     { "predicate": {"custom_model_data": 769}, "model": "cosmetics/snorkel_mask"},
     { "predicate": {"custom_model_data": 770}, "model": "cosmetics/square_glasses"},
     { "predicate": {"custom_model_data": 771}, "model": "cosmetics/starfish"},
     { "predicate": {"custom_model_data": 772}, "model": "cosmetics/straw_hat"},
     { "predicate": {"custom_model_data": 773}, "model": "cosmetics/thug_life"},
     { "predicate": {"custom_model_data": 774}, "model": "cosmetics/trapper_hat"},
     { "predicate": {"custom_model_data": 775}, "model": "cosmetics/trickster_wand"},
     { "predicate": {"custom_model_data": 776}, "model": "cosmetics/trumpet"},
     { "predicate": {"custom_model_data": 777}, "model": "cosmetics/wallet"},
     { "predicate": {"custom_model_data": 778}, "model": "cosmetics/money_glasses"},
     { "predicate": {"custom_model_data": 779}, "model": "cosmetics/barbell"},
     { "predicate": {"custom_model_data": 780}, "model": "cosmetics/baseball_cap"},
     { "predicate": {"custom_model_data": 781}, "model": "cosmetics/clarinet"},
     { "predicate": {"custom_model_data": 782}, "model": "cosmetics/purple_beanie"},
     { "predicate": {"custom_model_data": 783}, "model": "cosmetics/teddy_bear"},
     { "predicate": {"custom_model_data": 784}, "model": "cosmetics/wanderer_staff"}
  ]
}