{
	"credit": "Made with Blockbench",
	"texture_size": [48, 48],
	"textures": {
		"0": "item/firecannon",
		"1": "item/fireanimation",
		"particle": "item/firecannon"
	},
	"elements": [
		{
			"from": [5, 0, -10],
			"to": [5, 7, -2],
			"faces": {
				"north": {"uv": [0, 0, 0, 0], "texture": "#1"},
				"east": {"uv": [0, 3.33333, 4.66667, 8], "texture": "#1"},
				"west": {"uv": [4.66667, 3.33333, 0, 8], "texture": "#1"},
				"up": {"uv": [0, 0, 0, 0], "texture": "#1"},
				"down": {"uv": [0, 0, 0, 0], "texture": "#1"}
			}
		},
		{
			"from": [4, -1, -10],
			"to": [4, 6, -2],
			"faces": {
				"north": {"uv": [0, 0, 0, 0], "rotation": 180, "texture": "#1"},
				"east": {"uv": [4.66667, 3.33333, 0, 8], "rotation": 180, "texture": "#1"},
				"west": {"uv": [0, 3.33333, 4.66667, 8], "rotation": 180, "texture": "#1"},
				"up": {"uv": [0, 0, 0, 0], "rotation": 180, "texture": "#1"},
				"down": {"uv": [0, 0, 0, 0], "rotation": 180, "texture": "#1"}
			}
		},
		{
			"from": [2, -1, -10],
			"to": [2, 6, -2],
			"faces": {
				"north": {"uv": [0, 0, 0, 0], "rotation": 180, "texture": "#1"},
				"east": {"uv": [4.66667, 3.33333, 0, 8], "rotation": 180, "texture": "#1"},
				"west": {"uv": [0, 3.33333, 4.66667, 8], "rotation": 180, "texture": "#1"},
				"up": {"uv": [0, 0, 0, 0], "rotation": 180, "texture": "#1"},
				"down": {"uv": [0, 0, 0, 0], "rotation": 180, "texture": "#1"}
			}
		},
		{
			"from": [0, 1, -10],
			"to": [7, 1, -2],
			"faces": {
				"north": {"uv": [0, 0, 0, 0], "rotation": 270, "texture": "#1"},
				"east": {"uv": [0, 0, 0, 0], "rotation": 90, "texture": "#1"},
				"west": {"uv": [0, 0, 0, 0], "rotation": 90, "texture": "#1"},
				"up": {"uv": [4.66667, 3.33333, 0, 8], "rotation": 90, "texture": "#1"},
				"down": {"uv": [0, 3.33333, 4.66667, 8], "rotation": 90, "texture": "#1"}
			}
		},
		{
			"from": [-2, 2, -10],
			"to": [5, 2, -2],
			"faces": {
				"north": {"uv": [0, 0, 0, 0], "rotation": 90, "texture": "#1"},
				"east": {"uv": [0, 0, 0, 0], "rotation": 270, "texture": "#1"},
				"west": {"uv": [0, 0, 0, 0], "rotation": 270, "texture": "#1"},
				"up": {"uv": [0, 3.33333, 4.66667, 8], "rotation": 270, "texture": "#1"},
				"down": {"uv": [4.66667, 3.33333, 0, 8], "rotation": 270, "texture": "#1"}
			}
		},
		{
			"from": [-2, 4, -10],
			"to": [5, 4, -2],
			"faces": {
				"north": {"uv": [0, 0, 0, 0], "rotation": 90, "texture": "#1"},
				"east": {"uv": [0, 0, 0, 0], "rotation": 270, "texture": "#1"},
				"west": {"uv": [0, 0, 0, 0], "rotation": 270, "texture": "#1"},
				"up": {"uv": [0, 3.33333, 4.66667, 8], "rotation": 270, "texture": "#1"},
				"down": {"uv": [4.66667, 3.33333, 0, 8], "rotation": 270, "texture": "#1"}
			}
		},
		{
			"from": [0, 5, -10],
			"to": [7, 5, -2],
			"faces": {
				"north": {"uv": [0, 0, 0, 0], "rotation": 270, "texture": "#1"},
				"east": {"uv": [0, 0, 0, 0], "rotation": 90, "texture": "#1"},
				"west": {"uv": [0, 0, 0, 0], "rotation": 90, "texture": "#1"},
				"up": {"uv": [4.66667, 3.33333, 0, 8], "rotation": 90, "texture": "#1"},
				"down": {"uv": [0, 3.33333, 4.66667, 8], "rotation": 90, "texture": "#1"}
			}
		},
		{
			"from": [1, 0, -10],
			"to": [1, 7, -2],
			"faces": {
				"north": {"uv": [0, 0, 0, 0], "texture": "#1"},
				"east": {"uv": [0, 3.33333, 4.66667, 8], "texture": "#1"},
				"west": {"uv": [4.66667, 3.33333, 0, 8], "texture": "#1"},
				"up": {"uv": [0, 0, 0, 0], "texture": "#1"},
				"down": {"uv": [0, 0, 0, 0], "texture": "#1"}
			}
		},
		{
			"from": [0, 0, -8],
			"to": [6, 0, -2],
			"faces": {
				"north": {"uv": [0, 0, 0, 0], "texture": "#1"},
				"east": {"uv": [0, 0, 0, 0], "rotation": 90, "texture": "#1"},
				"west": {"uv": [0, 0, 0, 0], "rotation": 270, "texture": "#1"},
				"up": {"uv": [4.66667, 3.33333, 9.33333, 8], "texture": "#1"},
				"down": {"uv": [4, 3.33333, 9.33333, 8], "rotation": 180, "texture": "#1"}
			}
		},
		{
			"from": [0, 6, -8],
			"to": [6, 6, -2],
			"faces": {
				"north": {"uv": [0, 0, 0, 0], "texture": "#1"},
				"east": {"uv": [0, 0, 0, 0], "rotation": 90, "texture": "#1"},
				"west": {"uv": [0, 0, 0, 0], "rotation": 270, "texture": "#1"},
				"up": {"uv": [4.66667, 3.33333, 9.33333, 8], "texture": "#1"},
				"down": {"uv": [4, 3.33333, 9.33333, 8], "rotation": 180, "texture": "#1"}
			}
		},
		{
			"from": [6, 0, -8],
			"to": [6, 6, -2],
			"faces": {
				"north": {"uv": [0, 0, 0, 0], "rotation": 270, "texture": "#1"},
				"east": {"uv": [4.66667, 3.33333, 9.33333, 8], "rotation": 90, "texture": "#1"},
				"west": {"uv": [4, 3.33333, 9.33333, 8], "rotation": 270, "texture": "#1"},
				"up": {"uv": [0, 0, 0, 0], "texture": "#1"},
				"down": {"uv": [0, 0, 0, 0], "rotation": 180, "texture": "#1"}
			}
		},
		{
			"from": [3, 0, -8],
			"to": [3, 6, -2],
			"faces": {
				"north": {"uv": [0, 0, 0, 0], "rotation": 270, "texture": "#1"},
				"east": {"uv": [4.66667, 3.33333, 9.33333, 8], "rotation": 90, "texture": "#1"},
				"west": {"uv": [4, 3.33333, 9.33333, 8], "rotation": 270, "texture": "#1"},
				"up": {"uv": [0, 0, 0, 0], "texture": "#1"},
				"down": {"uv": [0, 0, 0, 0], "rotation": 180, "texture": "#1"}
			}
		},
		{
			"from": [0, 0, -8],
			"to": [0, 6, -2],
			"faces": {
				"north": {"uv": [0, 0, 0, 0], "rotation": 270, "texture": "#1"},
				"east": {"uv": [4.66667, 3.33333, 9.33333, 8], "rotation": 90, "texture": "#1"},
				"west": {"uv": [4, 3.33333, 9.33333, 8], "rotation": 270, "texture": "#1"},
				"up": {"uv": [0, 0, 0, 0], "texture": "#1"},
				"down": {"uv": [0, 0, 0, 0], "rotation": 180, "texture": "#1"}
			}
		},
		{
			"from": [6, 1, 8],
			"to": [7, 5, 11],
			"faces": {
				"north": {"uv": [4.57143, 8, 4.85714, 9.14286], "texture": "#0"},
				"east": {"uv": [10.28571, 8, 11.14286, 9.14286], "texture": "#0"},
				"south": {"uv": [6.28571, 9.14286, 6.57143, 10.28571], "texture": "#0"},
				"west": {"uv": [10.57143, 0, 11.42857, 1.14286], "texture": "#0"},
				"up": {"uv": [10.57143, 3.42857, 10.28571, 2.57143], "texture": "#0"},
				"down": {"uv": [3.71429, 13.42857, 3.42857, 14.28571], "texture": "#0"}
			}
		},
		{
			"from": [0, 0, 8],
			"to": [6, 6, 11],
			"faces": {
				"north": {"uv": [2.57143, 5.14286, 4.28571, 6.85714], "texture": "#0"},
				"east": {"uv": [9.42857, 8, 10.28571, 9.71429], "texture": "#0"},
				"south": {"uv": [4.28571, 5.14286, 6, 6.85714], "texture": "#0"},
				"west": {"uv": [9.71429, 0, 10.57143, 1.71429], "texture": "#0"},
				"up": {"uv": [11.42857, 2.57143, 9.71429, 1.71429], "texture": "#0"},
				"down": {"uv": [4, 9.71429, 2.28571, 10.57143], "texture": "#0"}
			}
		},
		{
			"from": [1, 6, 8],
			"to": [5, 7, 11],
			"faces": {
				"north": {"uv": [12.28571, 7.14286, 13.42857, 7.42857], "texture": "#0"},
				"east": {"uv": [13.42857, 5.14286, 14.28571, 5.42857], "texture": "#0"},
				"south": {"uv": [12.28571, 7.42857, 13.42857, 7.71429], "texture": "#0"},
				"west": {"uv": [13.42857, 7.14286, 14.28571, 7.42857], "texture": "#0"},
				"up": {"uv": [11.71429, 4.57143, 10.57143, 3.71429], "texture": "#0"},
				"down": {"uv": [11.71429, 4.57143, 10.57143, 5.42857], "texture": "#0"}
			}
		},
		{
			"from": [0, 6, 11],
			"to": [6, 7, 20],
			"faces": {
				"north": {"uv": [11.71429, 4.85714, 13.42857, 5.14286], "texture": "#0"},
				"east": {"uv": [11.14286, 8.85714, 13.71429, 9.14286], "texture": "#0"},
				"south": {"uv": [11.71429, 5.14286, 13.42857, 5.42857], "texture": "#0"},
				"west": {"uv": [11.14286, 9.71429, 13.71429, 10], "texture": "#0"},
				"up": {"uv": [1.71429, 5.14286, 0, 2.57143], "texture": "#0"},
				"down": {"uv": [3.42857, 2.57143, 1.71429, 5.14286], "texture": "#0"}
			}
		},
		{
			"from": [6, 0, 11],
			"to": [7, 6, 20],
			"faces": {
				"north": {"uv": [11.71429, 5.42857, 12, 7.14286], "texture": "#0"},
				"east": {"uv": [3.42857, 3.42857, 6, 5.14286], "texture": "#0"},
				"south": {"uv": [12, 5.42857, 12.28571, 7.14286], "texture": "#0"},
				"west": {"uv": [0, 5.14286, 2.57143, 6.85714], "texture": "#0"},
				"up": {"uv": [2.28571, 13.71429, 2, 11.14286], "texture": "#0"},
				"down": {"uv": [4.28571, 11.42857, 4, 14], "texture": "#0"}
			}
		},
		{
			"from": [1, 7, 11],
			"to": [5, 8, 20],
			"faces": {
				"north": {"uv": [12.57143, 1.71429, 13.71429, 2], "texture": "#0"},
				"east": {"uv": [11.14286, 10.57143, 13.71429, 10.85714], "texture": "#0"},
				"south": {"uv": [12.57143, 2, 13.71429, 2.28571], "texture": "#0"},
				"west": {"uv": [11.42857, 0, 14, 0.28571], "texture": "#0"},
				"up": {"uv": [1.14286, 9.42857, 0, 6.85714], "texture": "#0"},
				"down": {"uv": [2.28571, 6.85714, 1.14286, 9.42857], "texture": "#0"}
			}
		},
		{
			"from": [7, 1, 11],
			"to": [8, 5, 20],
			"faces": {
				"north": {"uv": [5.71429, 12.57143, 6, 13.71429], "texture": "#0"},
				"east": {"uv": [2.28571, 6.85714, 4.85714, 8], "texture": "#0"},
				"south": {"uv": [6, 12.57143, 6.28571, 13.71429], "texture": "#0"},
				"west": {"uv": [7.14286, 2.28571, 9.71429, 3.42857], "texture": "#0"},
				"up": {"uv": [5.14286, 14, 4.85714, 11.42857], "texture": "#0"},
				"down": {"uv": [5.42857, 11.42857, 5.14286, 14], "texture": "#0"}
			}
		},
		{
			"from": [1, 6, 20],
			"to": [5, 7, 21],
			"faces": {
				"north": {"uv": [12.57143, 6, 13.71429, 6.28571], "texture": "#0"},
				"east": {"uv": [14, 2.85714, 14.28571, 3.14286], "texture": "#0"},
				"south": {"uv": [12.57143, 6.28571, 13.71429, 6.57143], "texture": "#0"},
				"west": {"uv": [3.14286, 14, 3.42857, 14.28571], "texture": "#0"},
				"up": {"uv": [13.71429, 6.85714, 12.57143, 6.57143], "texture": "#0"},
				"down": {"uv": [13.71429, 6.85714, 12.57143, 7.14286], "texture": "#0"}
			}
		},
		{
			"from": [6, 1, 20],
			"to": [7, 5, 21],
			"faces": {
				"north": {"uv": [12, 12.57143, 12.28571, 13.71429], "texture": "#0"},
				"east": {"uv": [12.28571, 12.57143, 12.57143, 13.71429], "texture": "#0"},
				"south": {"uv": [1.14286, 12.85714, 1.42857, 14], "texture": "#0"},
				"west": {"uv": [1.42857, 12.85714, 1.71429, 14], "texture": "#0"},
				"up": {"uv": [4.57143, 14.28571, 4.28571, 14], "texture": "#0"},
				"down": {"uv": [14.28571, 4.28571, 14, 4.57143], "texture": "#0"}
			}
		},
		{
			"from": [0, 0, 20],
			"to": [6, 6, 21],
			"faces": {
				"north": {"uv": [7.14286, 3.42857, 8.85714, 5.14286], "texture": "#0"},
				"east": {"uv": [10.85714, 12, 11.14286, 13.71429], "texture": "#0"},
				"south": {"uv": [7.14286, 5.14286, 8.85714, 6.85714], "texture": "#0"},
				"west": {"uv": [12, 10.85714, 12.28571, 12.57143], "texture": "#0"},
				"up": {"uv": [13.71429, 2.57143, 12, 2.28571], "texture": "#0"},
				"down": {"uv": [13.71429, 2.57143, 12, 2.85714], "texture": "#0"}
			}
		},
		{
			"from": [1, 1, 21],
			"to": [5, 5, 22],
			"faces": {
				"north": {"uv": [7.71429, 9.71429, 8.85714, 10.85714], "texture": "#0"},
				"east": {"uv": [2.28571, 12.85714, 2.57143, 14], "texture": "#0"},
				"south": {"uv": [8.85714, 9.71429, 10, 10.85714], "texture": "#0"},
				"west": {"uv": [2.57143, 12.85714, 2.85714, 14], "texture": "#0"},
				"up": {"uv": [14, 3.71429, 12.85714, 3.42857], "texture": "#0"},
				"down": {"uv": [14, 3.71429, 12.85714, 4], "texture": "#0"}
			}
		},
		{
			"from": [0, 2, 21],
			"to": [1, 4, 22],
			"faces": {
				"north": {"uv": [2, 13.71429, 2.28571, 14.28571], "texture": "#0"},
				"east": {"uv": [13.71429, 2.57143, 14, 3.14286], "texture": "#0"},
				"south": {"uv": [5.42857, 13.71429, 5.71429, 14.28571], "texture": "#0"},
				"west": {"uv": [5.71429, 13.71429, 6, 14.28571], "texture": "#0"},
				"up": {"uv": [4.85714, 14.28571, 4.57143, 14], "texture": "#0"},
				"down": {"uv": [5.14286, 14, 4.85714, 14.28571], "texture": "#0"}
			}
		},
		{
			"from": [5, 2, 21],
			"to": [6, 4, 22],
			"faces": {
				"north": {"uv": [6, 13.71429, 6.28571, 14.28571], "texture": "#0"},
				"east": {"uv": [13.71429, 6, 14, 6.57143], "texture": "#0"},
				"south": {"uv": [6.28571, 13.71429, 6.57143, 14.28571], "texture": "#0"},
				"west": {"uv": [6.57143, 13.71429, 6.85714, 14.28571], "texture": "#0"},
				"up": {"uv": [5.42857, 14.28571, 5.14286, 14], "texture": "#0"},
				"down": {"uv": [14.28571, 5.42857, 14, 5.71429], "texture": "#0"}
			}
		},
		{
			"from": [2, 0, 21],
			"to": [4, 1, 22],
			"faces": {
				"north": {"uv": [9.71429, 3.14286, 10.28571, 3.42857], "texture": "#0"},
				"east": {"uv": [14, 5.71429, 14.28571, 6], "texture": "#0"},
				"south": {"uv": [10.57143, 7.71429, 11.14286, 8], "texture": "#0"},
				"west": {"uv": [14, 6, 14.28571, 6.28571], "texture": "#0"},
				"up": {"uv": [14.28571, 3.42857, 13.71429, 3.14286], "texture": "#0"},
				"down": {"uv": [14.28571, 6.57143, 13.71429, 6.85714], "texture": "#0"}
			}
		},
		{
			"from": [2, 5, 21],
			"to": [4, 6, 22],
			"faces": {
				"north": {"uv": [13.71429, 6.85714, 14.28571, 7.14286], "texture": "#0"},
				"east": {"uv": [14, 6.28571, 14.28571, 6.57143], "texture": "#0"},
				"south": {"uv": [13.71429, 8.28571, 14.28571, 8.57143], "texture": "#0"},
				"west": {"uv": [14, 7.71429, 14.28571, 8], "texture": "#0"},
				"up": {"uv": [14.28571, 8.85714, 13.71429, 8.57143], "texture": "#0"},
				"down": {"uv": [14.28571, 8.85714, 13.71429, 9.14286], "texture": "#0"}
			}
		},
		{
			"from": [1, 5, 2],
			"to": [5, 6, 8],
			"faces": {
				"north": {"uv": [12.85714, 4, 14, 4.28571], "texture": "#0"},
				"east": {"uv": [12, 2.85714, 13.71429, 3.14286], "texture": "#0"},
				"south": {"uv": [12.85714, 4.28571, 14, 4.57143], "texture": "#0"},
				"west": {"uv": [12, 3.14286, 13.71429, 3.42857], "texture": "#0"},
				"up": {"uv": [3.42857, 9.71429, 2.28571, 8], "texture": "#0"},
				"down": {"uv": [4.57143, 8, 3.42857, 9.71429], "texture": "#0"}
			}
		},
		{
			"from": [1, 0, 2],
			"to": [5, 1, 8],
			"faces": {
				"north": {"uv": [7.42857, 12.85714, 8.57143, 13.14286], "texture": "#0"},
				"east": {"uv": [12, 9.14286, 13.71429, 9.42857], "texture": "#0"},
				"south": {"uv": [12.85714, 7.71429, 14, 8], "texture": "#0"},
				"west": {"uv": [12, 9.42857, 13.71429, 9.71429], "texture": "#0"},
				"up": {"uv": [9.71429, 1.71429, 8.57143, 0], "texture": "#0"},
				"down": {"uv": [7.71429, 8.57143, 6.57143, 10.28571], "texture": "#0"}
			}
		},
		{
			"from": [5, 1, 2],
			"to": [6, 5, 8],
			"faces": {
				"north": {"uv": [8.57143, 12.85714, 8.85714, 14], "texture": "#0"},
				"east": {"uv": [7.71429, 8.57143, 9.42857, 9.71429], "texture": "#0"},
				"south": {"uv": [8.85714, 12.85714, 9.14286, 14], "texture": "#0"},
				"west": {"uv": [8.85714, 3.42857, 10.57143, 4.57143], "texture": "#0"},
				"up": {"uv": [11.42857, 13.71429, 11.14286, 12], "texture": "#0"},
				"down": {"uv": [11.71429, 12, 11.42857, 13.71429], "texture": "#0"}
			}
		},
		{
			"from": [0, 1, 2],
			"to": [1, 5, 8],
			"faces": {
				"north": {"uv": [9.14286, 12.85714, 9.42857, 14], "texture": "#0"},
				"east": {"uv": [8.85714, 4.57143, 10.57143, 5.71429], "texture": "#0"},
				"south": {"uv": [9.42857, 12.85714, 9.71429, 14], "texture": "#0"},
				"west": {"uv": [8.85714, 5.71429, 10.57143, 6.85714], "texture": "#0"},
				"up": {"uv": [12, 13.71429, 11.71429, 12], "texture": "#0"},
				"down": {"uv": [0.28571, 12.28571, 0, 14], "texture": "#0"}
			}
		},
		{
			"from": [1, 1, 2],
			"to": [5, 5, 8],
			"faces": {
				"north": {"uv": [10, 9.71429, 11.14286, 10.85714], "texture": "#0"},
				"east": {"uv": [8.85714, 6.85714, 10.57143, 8], "texture": "#0"},
				"south": {"uv": [4, 10.28571, 5.14286, 11.42857], "texture": "#0"},
				"west": {"uv": [4.57143, 9.14286, 6.28571, 10.28571], "texture": "#0"},
				"up": {"uv": [1.14286, 11.14286, 0, 9.42857], "texture": "#0"},
				"down": {"uv": [2.28571, 9.42857, 1.14286, 11.14286], "texture": "#0"}
			}
		},
		{
			"from": [1, 6, 0],
			"to": [5, 7, 2],
			"faces": {
				"north": {"uv": [12.85714, 11.71429, 14, 12], "texture": "#0"},
				"east": {"uv": [13.71429, 9.71429, 14.28571, 10], "texture": "#0"},
				"south": {"uv": [12.85714, 12, 14, 12.28571], "texture": "#0"},
				"west": {"uv": [13.71429, 10, 14.28571, 10.28571], "texture": "#0"},
				"up": {"uv": [12.57143, 0.85714, 11.42857, 0.28571], "texture": "#0"},
				"down": {"uv": [12.57143, 1.71429, 11.42857, 2.28571], "texture": "#0"}
			}
		},
		{
			"from": [0, 0, 0],
			"to": [6, 6, 2],
			"faces": {
				"north": {"uv": [7.14286, 6.85714, 8.85714, 8.57143], "texture": "#0"},
				"east": {"uv": [3.14286, 10.57143, 3.71429, 12.28571], "texture": "#0"},
				"south": {"uv": [4.85714, 7.42857, 6.57143, 9.14286], "texture": "#0"},
				"west": {"uv": [7.42857, 10.85714, 8, 12.57143], "texture": "#0"},
				"up": {"uv": [12, 9.71429, 10.28571, 9.14286], "texture": "#0"},
				"down": {"uv": [12.28571, 1.14286, 10.57143, 1.71429], "texture": "#0"}
			}
		},
		{
			"from": [6, 1, 0],
			"to": [7, 5, 2],
			"faces": {
				"north": {"uv": [3.71429, 13.14286, 4, 14.28571], "texture": "#0"},
				"east": {"uv": [5.42857, 11.42857, 6, 12.57143], "texture": "#0"},
				"south": {"uv": [7.14286, 13.14286, 7.42857, 14.28571], "texture": "#0"},
				"west": {"uv": [6, 11.42857, 6.57143, 12.57143], "texture": "#0"},
				"up": {"uv": [11.14286, 14.28571, 10.85714, 13.71429], "texture": "#0"},
				"down": {"uv": [11.42857, 13.71429, 11.14286, 14.28571], "texture": "#0"}
			}
		},
		{
			"from": [7, 1, -2],
			"to": [8, 5, 0],
			"faces": {
				"north": {"uv": [7.42857, 13.14286, 7.71429, 14.28571], "texture": "#0"},
				"east": {"uv": [6.57143, 11.42857, 7.14286, 12.57143], "texture": "#0"},
				"south": {"uv": [7.71429, 13.14286, 8, 14.28571], "texture": "#0"},
				"west": {"uv": [10.28571, 11.42857, 10.85714, 12.57143], "texture": "#0"},
				"up": {"uv": [11.71429, 14.28571, 11.42857, 13.71429], "texture": "#0"},
				"down": {"uv": [12, 13.71429, 11.71429, 14.28571], "texture": "#0"}
			}
		},
		{
			"from": [1, 7, -2],
			"to": [5, 8, 0],
			"faces": {
				"north": {"uv": [13.14286, 0.85714, 14.28571, 1.14286], "texture": "#0"},
				"east": {"uv": [13.71429, 11.42857, 14.28571, 11.71429], "texture": "#0"},
				"south": {"uv": [9.71429, 13.14286, 10.85714, 13.42857], "texture": "#0"},
				"west": {"uv": [12, 13.71429, 12.57143, 14], "texture": "#0"},
				"up": {"uv": [12, 12, 10.85714, 11.42857], "texture": "#0"},
				"down": {"uv": [1.14286, 11.71429, 0, 12.28571], "texture": "#0"}
			}
		},
		{
			"from": [6, 0, -2],
			"to": [7, 6, 0],
			"faces": {
				"north": {"uv": [0.28571, 12.28571, 0.57143, 14], "texture": "#0"},
				"east": {"uv": [8, 10.85714, 8.57143, 12.57143], "texture": "#0"},
				"south": {"uv": [0.57143, 12.28571, 0.85714, 14], "texture": "#0"},
				"west": {"uv": [8.57143, 10.85714, 9.14286, 12.57143], "texture": "#0"},
				"up": {"uv": [14.28571, 0.57143, 14, 0], "texture": "#0"},
				"down": {"uv": [0.57143, 14, 0.28571, 14.57143], "texture": "#0"}
			}
		},
		{
			"from": [0, 6, -2],
			"to": [6, 7, 0],
			"faces": {
				"north": {"uv": [12.28571, 1.14286, 14, 1.42857], "texture": "#0"},
				"east": {"uv": [14, 0.57143, 14.57143, 0.85714], "texture": "#0"},
				"south": {"uv": [12.28571, 1.42857, 14, 1.71429], "texture": "#0"},
				"west": {"uv": [1.14286, 14, 1.71429, 14.28571], "texture": "#0"},
				"up": {"uv": [12.28571, 7.71429, 10.57143, 7.14286], "texture": "#0"},
				"down": {"uv": [12, 10.85714, 10.28571, 11.42857], "texture": "#0"}
			}
		},
		{
			"from": [2, 2, 22],
			"to": [4, 4, 23],
			"faces": {
				"north": {"uv": [8.85714, 8, 9.42857, 8.57143], "texture": "#0"},
				"east": {"uv": [14, 1.71429, 14.28571, 2.28571], "texture": "#0"},
				"south": {"uv": [9.71429, 2.57143, 10.28571, 3.14286], "texture": "#0"},
				"west": {"uv": [2.28571, 14, 2.57143, 14.57143], "texture": "#0"},
				"up": {"uv": [14.57143, 2.57143, 14, 2.28571], "texture": "#0"},
				"down": {"uv": [14.57143, 2.57143, 14, 2.85714], "texture": "#0"}
			}
		},
		{
			"from": [1, 1, 23],
			"to": [5, 5, 24],
			"faces": {
				"north": {"uv": [5.14286, 10.28571, 6.28571, 11.42857], "texture": "#0"},
				"east": {"uv": [13.14286, 12.85714, 13.42857, 14], "texture": "#0"},
				"south": {"uv": [6.28571, 10.28571, 7.42857, 11.42857], "texture": "#0"},
				"west": {"uv": [2.85714, 13.42857, 3.14286, 14.57143], "texture": "#0"},
				"up": {"uv": [14.57143, 4.85714, 13.42857, 4.57143], "texture": "#0"},
				"down": {"uv": [14.57143, 4.85714, 13.42857, 5.14286], "texture": "#0"}
			}
		},
		{
			"from": [2.5, 8, 15.5],
			"to": [3.5, 9, 16.5],
			"faces": {
				"north": {"uv": [14, 8, 14.28571, 8.28571], "texture": "#0"},
				"east": {"uv": [8.57143, 14, 8.85714, 14.28571], "texture": "#0"},
				"south": {"uv": [8.85714, 14, 9.14286, 14.28571], "texture": "#0"},
				"west": {"uv": [9.14286, 14, 9.42857, 14.28571], "texture": "#0"},
				"up": {"uv": [9.71429, 14.28571, 9.42857, 14], "texture": "#0"},
				"down": {"uv": [14.28571, 10.28571, 14, 10.57143], "texture": "#0"}
			}
		},
		{
			"from": [2.6, 8.7706, 15.75328],
			"to": [3.4, 9.5706, 16.55328],
			"rotation": {"angle": 22.5, "axis": "x", "origin": [3, 9.2706, 16.15328]},
			"faces": {
				"north": {"uv": [14, 10.57143, 14.28571, 10.85714], "texture": "#0"},
				"east": {"uv": [14, 11.71429, 14.28571, 12], "texture": "#0"},
				"south": {"uv": [12, 14, 12.28571, 14.28571], "texture": "#0"},
				"west": {"uv": [14, 12, 14.28571, 12.28571], "texture": "#0"},
				"up": {"uv": [12.57143, 14.28571, 12.28571, 14], "texture": "#0"},
				"down": {"uv": [12.85714, 14, 12.57143, 14.28571], "texture": "#0"}
			}
		},
		{
			"from": [2.7, 9.51677, 15.58268],
			"to": [3.3, 10.11677, 16.18268],
			"rotation": {"angle": 45, "axis": "x", "origin": [3, 9.21677, 15.88268]},
			"faces": {
				"north": {"uv": [13.14286, 14, 13.42857, 14.28571], "texture": "#0"},
				"east": {"uv": [13.42857, 14, 13.71429, 14.28571], "texture": "#0"},
				"south": {"uv": [14, 13.71429, 14.28571, 14], "texture": "#0"},
				"west": {"uv": [14, 14, 14.28571, 14.28571], "texture": "#0"},
				"up": {"uv": [14.57143, 0.28571, 14.28571, 0], "texture": "#0"},
				"down": {"uv": [14.57143, 0.28571, 14.28571, 0.57143], "texture": "#0"}
			}
		},
		{
			"from": [2.5, 9, 11],
			"to": [3.5, 10, 14],
			"faces": {
				"north": {"uv": [14.28571, 0.85714, 14.57143, 1.14286], "texture": "#0"},
				"east": {"uv": [13.42857, 11.14286, 14.28571, 11.42857], "texture": "#0"},
				"south": {"uv": [1.14286, 14.28571, 1.42857, 14.57143], "texture": "#0"},
				"west": {"uv": [13.42857, 12.85714, 14.28571, 13.14286], "texture": "#0"},
				"up": {"uv": [10.57143, 14.28571, 10.28571, 13.42857], "texture": "#0"},
				"down": {"uv": [10.85714, 13.42857, 10.57143, 14.28571], "texture": "#0"}
			}
		},
		{
			"from": [2.5, 7, 10],
			"to": [3.5, 10, 11],
			"faces": {
				"north": {"uv": [12.85714, 13.42857, 13.14286, 14.28571], "texture": "#0"},
				"east": {"uv": [13.42857, 13.14286, 13.71429, 14], "texture": "#0"},
				"south": {"uv": [1.71429, 13.71429, 2, 14.57143], "texture": "#0"},
				"west": {"uv": [13.71429, 1.71429, 14, 2.57143], "texture": "#0"},
				"up": {"uv": [1.71429, 14.57143, 1.42857, 14.28571], "texture": "#0"},
				"down": {"uv": [14.57143, 1.71429, 14.28571, 2], "texture": "#0"}
			}
		},
		{
			"from": [2.5, 8, 14],
			"to": [3.5, 10, 15],
			"faces": {
				"north": {"uv": [4, 9.71429, 4.28571, 10.28571], "texture": "#0"},
				"east": {"uv": [4.28571, 9.71429, 4.57143, 10.28571], "texture": "#0"},
				"south": {"uv": [7.42857, 10.28571, 7.71429, 10.85714], "texture": "#0"},
				"west": {"uv": [13.71429, 0.28571, 14, 0.85714], "texture": "#0"},
				"up": {"uv": [11.71429, 3.71429, 11.42857, 3.42857], "texture": "#0"},
				"down": {"uv": [2.85714, 14, 2.57143, 14.28571], "texture": "#0"}
			}
		},
		{
			"from": [-1, 0, -2],
			"to": [0, 6, 0],
			"faces": {
				"north": {"uv": [0.28571, 12.28571, 0.57143, 14], "rotation": 180, "texture": "#0"},
				"east": {"uv": [8.57143, 10.85714, 9.14286, 12.57143], "rotation": 180, "texture": "#0"},
				"south": {"uv": [0.57143, 12.28571, 0.85714, 14], "rotation": 180, "texture": "#0"},
				"west": {"uv": [8, 10.85714, 8.57143, 12.57143], "rotation": 180, "texture": "#0"},
				"up": {"uv": [0.57143, 14, 0.28571, 14.57143], "rotation": 180, "texture": "#0"},
				"down": {"uv": [14.28571, 0.57143, 14, 0], "rotation": 180, "texture": "#0"}
			}
		},
		{
			"from": [-2, 1, -2],
			"to": [-1, 5, 0],
			"faces": {
				"north": {"uv": [7.42857, 13.14286, 7.71429, 14.28571], "rotation": 180, "texture": "#0"},
				"east": {"uv": [10.28571, 11.42857, 10.85714, 12.57143], "rotation": 180, "texture": "#0"},
				"south": {"uv": [7.71429, 13.14286, 8, 14.28571], "rotation": 180, "texture": "#0"},
				"west": {"uv": [6.57143, 11.42857, 7.14286, 12.57143], "rotation": 180, "texture": "#0"},
				"up": {"uv": [12, 13.71429, 11.71429, 14.28571], "rotation": 180, "texture": "#0"},
				"down": {"uv": [11.71429, 14.28571, 11.42857, 13.71429], "rotation": 180, "texture": "#0"}
			}
		},
		{
			"from": [-1, 1, 0],
			"to": [0, 5, 2],
			"faces": {
				"north": {"uv": [3.71429, 13.14286, 4, 14.28571], "rotation": 180, "texture": "#0"},
				"east": {"uv": [6, 11.42857, 6.57143, 12.57143], "rotation": 180, "texture": "#0"},
				"south": {"uv": [7.14286, 13.14286, 7.42857, 14.28571], "rotation": 180, "texture": "#0"},
				"west": {"uv": [5.42857, 11.42857, 6, 12.57143], "rotation": 180, "texture": "#0"},
				"up": {"uv": [11.42857, 13.71429, 11.14286, 14.28571], "rotation": 180, "texture": "#0"},
				"down": {"uv": [11.14286, 14.28571, 10.85714, 13.71429], "rotation": 180, "texture": "#0"}
			}
		},
		{
			"from": [-1, 1, 20],
			"to": [0, 5, 21],
			"faces": {
				"north": {"uv": [12, 12.57143, 12.28571, 13.71429], "rotation": 180, "texture": "#0"},
				"east": {"uv": [1.42857, 12.85714, 1.71429, 14], "rotation": 180, "texture": "#0"},
				"south": {"uv": [1.14286, 12.85714, 1.42857, 14], "rotation": 180, "texture": "#0"},
				"west": {"uv": [12.28571, 12.57143, 12.57143, 13.71429], "rotation": 180, "texture": "#0"},
				"up": {"uv": [14.28571, 4.28571, 14, 4.57143], "rotation": 180, "texture": "#0"},
				"down": {"uv": [4.57143, 14.28571, 4.28571, 14], "rotation": 180, "texture": "#0"}
			}
		},
		{
			"from": [-2, 1, 11],
			"to": [-1, 5, 20],
			"faces": {
				"north": {"uv": [5.71429, 12.57143, 6, 13.71429], "rotation": 180, "texture": "#0"},
				"east": {"uv": [7.14286, 2.28571, 9.71429, 3.42857], "rotation": 180, "texture": "#0"},
				"south": {"uv": [6, 12.57143, 6.28571, 13.71429], "rotation": 180, "texture": "#0"},
				"west": {"uv": [2.28571, 6.85714, 4.85714, 8], "rotation": 180, "texture": "#0"},
				"up": {"uv": [5.42857, 11.42857, 5.14286, 14], "rotation": 180, "texture": "#0"},
				"down": {"uv": [5.14286, 14, 4.85714, 11.42857], "rotation": 180, "texture": "#0"}
			}
		},
		{
			"from": [-1, 0, 11],
			"to": [0, 6, 20],
			"faces": {
				"north": {"uv": [11.71429, 5.42857, 12, 7.14286], "rotation": 180, "texture": "#0"},
				"east": {"uv": [0, 5.14286, 2.57143, 6.85714], "rotation": 180, "texture": "#0"},
				"south": {"uv": [12, 5.42857, 12.28571, 7.14286], "rotation": 180, "texture": "#0"},
				"west": {"uv": [3.42857, 3.42857, 6, 5.14286], "rotation": 180, "texture": "#0"},
				"up": {"uv": [4.28571, 11.42857, 4, 14], "rotation": 180, "texture": "#0"},
				"down": {"uv": [2.28571, 13.71429, 2, 11.14286], "rotation": 180, "texture": "#0"}
			}
		},
		{
			"from": [-1, 1, 8],
			"to": [0, 5, 11],
			"faces": {
				"north": {"uv": [4.57143, 8, 4.85714, 9.14286], "rotation": 180, "texture": "#0"},
				"east": {"uv": [10.57143, 0, 11.42857, 1.14286], "rotation": 180, "texture": "#0"},
				"south": {"uv": [6.28571, 9.14286, 6.57143, 10.28571], "rotation": 180, "texture": "#0"},
				"west": {"uv": [10.28571, 8, 11.14286, 9.14286], "rotation": 180, "texture": "#0"},
				"up": {"uv": [3.71429, 13.42857, 3.42857, 14.28571], "rotation": 180, "texture": "#0"},
				"down": {"uv": [10.57143, 3.42857, 10.28571, 2.57143], "rotation": 180, "texture": "#0"}
			}
		},
		{
			"from": [0, -1, -2],
			"to": [6, 0, 0],
			"faces": {
				"north": {"uv": [0.28571, 12.28571, 0.57143, 14], "rotation": 270, "texture": "#0"},
				"east": {"uv": [14.28571, 0.57143, 14, 0], "rotation": 90, "texture": "#0"},
				"south": {"uv": [0.57143, 12.28571, 0.85714, 14], "rotation": 90, "texture": "#0"},
				"west": {"uv": [0.57143, 14, 0.28571, 14.57143], "rotation": 90, "texture": "#0"},
				"up": {"uv": [8.57143, 10.85714, 9.14286, 12.57143], "rotation": 90, "texture": "#0"},
				"down": {"uv": [8, 10.85714, 8.57143, 12.57143], "rotation": 90, "texture": "#0"}
			}
		},
		{
			"from": [1, -2, -2],
			"to": [5, -1, 0],
			"faces": {
				"north": {"uv": [7.42857, 13.14286, 7.71429, 14.28571], "rotation": 270, "texture": "#0"},
				"east": {"uv": [11.71429, 14.28571, 11.42857, 13.71429], "rotation": 90, "texture": "#0"},
				"south": {"uv": [7.71429, 13.14286, 8, 14.28571], "rotation": 90, "texture": "#0"},
				"west": {"uv": [12, 13.71429, 11.71429, 14.28571], "rotation": 90, "texture": "#0"},
				"up": {"uv": [10.28571, 11.42857, 10.85714, 12.57143], "rotation": 90, "texture": "#0"},
				"down": {"uv": [6.57143, 11.42857, 7.14286, 12.57143], "rotation": 90, "texture": "#0"}
			}
		},
		{
			"from": [1, -1, 0],
			"to": [5, 0, 2],
			"faces": {
				"north": {"uv": [3.71429, 13.14286, 4, 14.28571], "rotation": 270, "texture": "#0"},
				"east": {"uv": [11.14286, 14.28571, 10.85714, 13.71429], "rotation": 90, "texture": "#0"},
				"south": {"uv": [7.14286, 13.14286, 7.42857, 14.28571], "rotation": 90, "texture": "#0"},
				"west": {"uv": [11.42857, 13.71429, 11.14286, 14.28571], "rotation": 90, "texture": "#0"},
				"up": {"uv": [6, 11.42857, 6.57143, 12.57143], "rotation": 90, "texture": "#0"},
				"down": {"uv": [5.42857, 11.42857, 6, 12.57143], "rotation": 90, "texture": "#0"}
			}
		},
		{
			"from": [1, -1, 20],
			"to": [5, 0, 21],
			"faces": {
				"north": {"uv": [12, 12.57143, 12.28571, 13.71429], "rotation": 270, "texture": "#0"},
				"east": {"uv": [4.57143, 14.28571, 4.28571, 14], "rotation": 90, "texture": "#0"},
				"south": {"uv": [1.14286, 12.85714, 1.42857, 14], "rotation": 90, "texture": "#0"},
				"west": {"uv": [14.28571, 4.28571, 14, 4.57143], "rotation": 90, "texture": "#0"},
				"up": {"uv": [1.42857, 12.85714, 1.71429, 14], "rotation": 90, "texture": "#0"},
				"down": {"uv": [12.28571, 12.57143, 12.57143, 13.71429], "rotation": 90, "texture": "#0"}
			}
		},
		{
			"from": [1, -2, 11],
			"to": [5, -1, 20],
			"faces": {
				"north": {"uv": [5.71429, 12.57143, 6, 13.71429], "rotation": 270, "texture": "#0"},
				"east": {"uv": [5.14286, 14, 4.85714, 11.42857], "rotation": 90, "texture": "#0"},
				"south": {"uv": [6, 12.57143, 6.28571, 13.71429], "rotation": 90, "texture": "#0"},
				"west": {"uv": [5.42857, 11.42857, 5.14286, 14], "rotation": 90, "texture": "#0"},
				"up": {"uv": [7.14286, 2.28571, 9.71429, 3.42857], "rotation": 90, "texture": "#0"},
				"down": {"uv": [2.28571, 6.85714, 4.85714, 8], "rotation": 90, "texture": "#0"}
			}
		},
		{
			"from": [0, -1, 11],
			"to": [6, 0, 20],
			"faces": {
				"north": {"uv": [11.71429, 5.42857, 12, 7.14286], "rotation": 270, "texture": "#0"},
				"east": {"uv": [2.28571, 13.71429, 2, 11.14286], "rotation": 90, "texture": "#0"},
				"south": {"uv": [12, 5.42857, 12.28571, 7.14286], "rotation": 90, "texture": "#0"},
				"west": {"uv": [4.28571, 11.42857, 4, 14], "rotation": 90, "texture": "#0"},
				"up": {"uv": [0, 5.14286, 2.57143, 6.85714], "rotation": 90, "texture": "#0"},
				"down": {"uv": [3.42857, 3.42857, 6, 5.14286], "rotation": 90, "texture": "#0"}
			}
		},
		{
			"from": [1, -1, 8],
			"to": [5, 0, 11],
			"faces": {
				"north": {"uv": [4.57143, 8, 4.85714, 9.14286], "rotation": 270, "texture": "#0"},
				"east": {"uv": [10.57143, 3.42857, 10.28571, 2.57143], "rotation": 90, "texture": "#0"},
				"south": {"uv": [6.28571, 9.14286, 6.57143, 10.28571], "rotation": 90, "texture": "#0"},
				"west": {"uv": [3.71429, 13.42857, 3.42857, 14.28571], "rotation": 90, "texture": "#0"},
				"up": {"uv": [10.57143, 0, 11.42857, 1.14286], "rotation": 90, "texture": "#0"},
				"down": {"uv": [10.28571, 8, 11.14286, 9.14286], "rotation": 90, "texture": "#0"}
			}
		},
		{
			"from": [0, 0, -2],
			"to": [6, 6, -2],
			"faces": {
				"north": {"uv": [9.33333, 3.33333, 14, 8], "texture": "#1"},
				"south": {"uv": [0, 0, 0, 0], "texture": "#1"},
				"west": {"uv": [0, 0, 0, 0], "texture": "#1"},
				"up": {"uv": [0, 0, 0, 0], "texture": "#1"},
				"down": {"uv": [0, 0, 0, 0], "texture": "#1"}
			}
		}
	],
	"display": {
		"thirdperson_righthand": {
			"rotation": [91.5, 0, 1],
			"translation": [5, 2.75, 1.25]
		},
		"thirdperson_lefthand": {
			"rotation": [90, 0, 0],
			"translation": [-4.75, 2.5, 0.75]
		},
		"firstperson_righthand": {
			"rotation": [0, 7.75, 0],
			"translation": [2, 4.25, 1.25],
			"scale": [0.5, 0.5, 0.5]
		},
		"firstperson_lefthand": {
			"rotation": [0, 0.25, 0],
			"translation": [2.75, 0, -6.25]
		},
		"ground": {
			"translation": [5, 11.25, -2]
		},
		"gui": {
			"rotation": [70.46, -55.19, 73.75],
			"translation": [-0.5, 3.25, 0],
			"scale": [0.5, 0.5, 0.5]
		},
		"fixed": {
			"rotation": [90, 45, -90],
			"translation": [2, 4.5, -10.25]
		}
	},
	"groups": [
		0,
		1,
		2,
		3,
		4,
		5,
		6,
		7,
		8,
		9,
		10,
		11,
		12,
		{
			"name": "group",
			"origin": [0, 0, 0],
			"color": 0,
			"nbt": "{}",
			"armAnimationEnabled": false,
			"children": [13, 14, 15, 16, 17, 18, 19, 20, 21, 22, 23, 24, 25, 26, 27, 28, 29, 30, 31, 32, 33, 34, 35, 36, 37, 38, 39, 40, 41, 42, 43, 44, 45, 46, 47, 48, 49, 50, 51, 52, 53, 54, 55, 56, 57, 58, 59, 60, 61]
		},
		62
	]
}