{
	"credit": "Model by Brainrock#4088",
	"texture_size": [32, 32],
	"textures": {
		"0": "item/handcannon",
		"particle": "item/handcannon"
	},
	"elements": [
		{
			"from": [0.25, 0, 0],
			"to": [1.25, 1, 1.5],
			"faces": {
				"north": {"uv": [3, 2, 3.5, 2.5], "texture": "#0"},
				"east": {"uv": [7.5, 6, 8.25, 6.5], "texture": "#0"},
				"south": {"uv": [3.5, 3, 4, 3.5], "texture": "#0"},
				"west": {"uv": [7, 7.5, 7.75, 8], "texture": "#0"},
				"up": {"uv": [1.5, 8.75, 1, 8], "texture": "#0"},
				"down": {"uv": [8.5, 1, 8, 1.75], "texture": "#0"}
			}
		},
		{
			"from": [0, 0, 0.25],
			"to": [1.5, 1, 1.25],
			"faces": {
				"north": {"uv": [1.5, 8, 2.25, 8.5], "texture": "#0"},
				"east": {"uv": [3.5, 5.5, 4, 6], "texture": "#0"},
				"south": {"uv": [8, 2, 8.75, 2.5], "texture": "#0"},
				"west": {"uv": [6, 5.5, 6.5, 6], "texture": "#0"},
				"up": {"uv": [8.75, 3, 8, 2.5], "texture": "#0"},
				"down": {"uv": [8.75, 3, 8, 3.5], "texture": "#0"}
			}
		},
		{
			"from": [0, 1.025, -0.15],
			"to": [1.5, 2.525, 0.85],
			"rotation": {"angle": 22.5, "axis": "x", "origin": [0, 0, 0]},
			"faces": {
				"north": {"uv": [2, 4.5, 2.75, 5.25], "texture": "#0"},
				"east": {"uv": [4.5, 8, 5, 8.75], "texture": "#0"},
				"south": {"uv": [4.5, 2, 5.25, 2.75], "texture": "#0"},
				"west": {"uv": [5, 8, 5.5, 8.75], "texture": "#0"},
				"up": {"uv": [8.75, 5.5, 8, 5], "texture": "#0"},
				"down": {"uv": [6.25, 8, 5.5, 8.5], "texture": "#0"}
			}
		},
		{
			"from": [0.25, 0.925, -0.375],
			"to": [1.25, 2.525, 1.125],
			"rotation": {"angle": 22.5, "axis": "x", "origin": [0, 0, 0]},
			"faces": {
				"north": {"uv": [2.5, 8, 3, 8.75], "texture": "#0"},
				"east": {"uv": [4.5, 0, 5.25, 0.75], "texture": "#0"},
				"south": {"uv": [3.5, 8, 4, 8.75], "texture": "#0"},
				"west": {"uv": [1, 4.5, 1.75, 5.25], "texture": "#0"},
				"up": {"uv": [8.5, 4.25, 8, 3.5], "texture": "#0"},
				"down": {"uv": [4.5, 8, 4, 8.75], "texture": "#0"}
			}
		},
		{
			"from": [0.25, 2.175, -1.7],
			"to": [1.25, 3.525, -0.2],
			"rotation": {"angle": 45, "axis": "x", "origin": [0, -0.475, -0.2]},
			"faces": {
				"north": {"uv": [8.5, 4, 9, 4.625], "texture": "#0"},
				"east": {"uv": [3.5, 6, 4.25, 6.625], "texture": "#0"},
				"south": {"uv": [5.5, 8.5, 6, 9.125], "texture": "#0"},
				"west": {"uv": [6, 3.5, 6.75, 4.125], "texture": "#0"},
				"up": {"uv": [3.5, 8.25, 3, 7.5], "texture": "#0"},
				"down": {"uv": [8, 3, 7.5, 3.75], "texture": "#0"}
			}
		},
		{
			"from": [0, 2.25, -1.5],
			"to": [1.5, 3.525, -0.5],
			"rotation": {"angle": 45, "axis": "x", "origin": [0, -0.475, -0.2]},
			"faces": {
				"north": {"uv": [6, 1.5, 6.75, 2.125], "texture": "#0"},
				"east": {"uv": [0.5, 8.5, 1, 9.125], "texture": "#0"},
				"south": {"uv": [6, 2.5, 6.75, 3.125], "texture": "#0"},
				"west": {"uv": [3, 8.5, 3.5, 9.125], "texture": "#0"},
				"up": {"uv": [1.75, 8, 1, 7.5], "texture": "#0"},
				"down": {"uv": [2.75, 7.5, 2, 8], "texture": "#0"}
			}
		},
		{
			"from": [0.25, 0.95, 2.925],
			"to": [1.25, 2.45, 4.275],
			"rotation": {"angle": -22.5, "axis": "x", "origin": [0, -0.475, -0.2]},
			"faces": {
				"north": {"uv": [7.5, 5, 8, 5.75], "texture": "#0"},
				"east": {"uv": [5.5, 6, 6.125, 6.75], "texture": "#0"},
				"south": {"uv": [6.5, 7.5, 7, 8.25], "texture": "#0"},
				"west": {"uv": [0, 6.5, 0.625, 7.25], "texture": "#0"},
				"up": {"uv": [9, 7.625, 8.5, 7], "texture": "#0"},
				"down": {"uv": [9, 8, 8.5, 8.625], "texture": "#0"}
			}
		},
		{
			"from": [0, 1.25, 3],
			"to": [1.5, 2.25, 4.275],
			"rotation": {"angle": -22.5, "axis": "x", "origin": [0, -0.475, -0.2]},
			"faces": {
				"north": {"uv": [4, 7.5, 4.75, 8], "texture": "#0"},
				"east": {"uv": [6, 8.5, 6.625, 9], "texture": "#0"},
				"south": {"uv": [7.5, 4.5, 8.25, 5], "texture": "#0"},
				"west": {"uv": [8.5, 6, 9.125, 6.5], "texture": "#0"},
				"up": {"uv": [5.25, 6.625, 4.5, 6], "texture": "#0"},
				"down": {"uv": [6.75, 4.5, 6, 5.125], "texture": "#0"}
			}
		},
		{
			"from": [0, -0.25, 0],
			"to": [1.5, 0, 1.5],
			"faces": {
				"north": {"uv": [10.5, 8, 11.25, 8.125], "texture": "#0"},
				"east": {"uv": [8.5, 10.5, 9.25, 10.625], "texture": "#0"},
				"south": {"uv": [9.5, 10.5, 10.25, 10.625], "texture": "#0"},
				"west": {"uv": [10.5, 10.5, 11.25, 10.625], "texture": "#0"},
				"up": {"uv": [3.75, 5.25, 3, 4.5], "texture": "#0"},
				"down": {"uv": [0.75, 5, 0, 5.75], "texture": "#0"}
			}
		},
		{
			"from": [0.1, -0.5, 0.25],
			"to": [1.4, -0.25, 1.25],
			"faces": {
				"north": {"uv": [11, 1, 11.625, 1.125], "texture": "#0"},
				"east": {"uv": [11.5, 2, 12, 2.125], "texture": "#0"},
				"south": {"uv": [2.5, 11, 3.125, 11.125], "texture": "#0"},
				"west": {"uv": [2.5, 11.5, 3, 11.625], "texture": "#0"},
				"up": {"uv": [9.625, 0.5, 9, 0], "texture": "#0"},
				"down": {"uv": [9.625, 0.5, 9, 1], "texture": "#0"}
			}
		},
		{
			"from": [-0.15, -0.25, 0.25],
			"to": [1.65, 0, 1.25],
			"faces": {
				"north": {"uv": [7.5, 10.5, 8.375, 10.625], "texture": "#0"},
				"east": {"uv": [11.5, 2.5, 12, 2.625], "texture": "#0"},
				"south": {"uv": [10.5, 7.5, 11.375, 7.625], "texture": "#0"},
				"west": {"uv": [3, 11.5, 3.5, 11.625], "texture": "#0"},
				"up": {"uv": [7.875, 1.5, 7, 1], "texture": "#0"},
				"down": {"uv": [7.875, 1.5, 7, 2], "texture": "#0"}
			}
		},
		{
			"from": [0.25, -0.25, -0.15],
			"to": [1.25, 0, 1.65],
			"faces": {
				"north": {"uv": [1, 11.5, 1.5, 11.625], "texture": "#0"},
				"east": {"uv": [10.5, 6, 11.375, 6.125], "texture": "#0"},
				"south": {"uv": [11.5, 1.5, 12, 1.625], "texture": "#0"},
				"west": {"uv": [10.5, 7, 11.375, 7.125], "texture": "#0"},
				"up": {"uv": [3.5, 7.375, 3, 6.5], "texture": "#0"},
				"down": {"uv": [7, 6.5, 6.5, 7.375], "texture": "#0"}
			}
		},
		{
			"from": [0.25, -0.5, 0.1],
			"to": [1.25, -0.25, 1.4],
			"faces": {
				"north": {"uv": [11.5, 3, 12, 3.125], "texture": "#0"},
				"east": {"uv": [7.5, 11, 8.125, 11.125], "texture": "#0"},
				"south": {"uv": [3.5, 11.5, 4, 11.625], "texture": "#0"},
				"west": {"uv": [8.5, 11, 9.125, 11.125], "texture": "#0"},
				"up": {"uv": [1.5, 9.625, 1, 9], "texture": "#0"},
				"down": {"uv": [2, 9, 1.5, 9.625], "texture": "#0"}
			}
		},
		{
			"from": [0.35, -0.675, 0.35],
			"to": [1.15, -0.425, 1.15],
			"faces": {
				"north": {"uv": [11.5, 7, 11.875, 7.125], "texture": "#0"},
				"east": {"uv": [7.5, 11.5, 7.875, 11.625], "texture": "#0"},
				"south": {"uv": [11.5, 7.5, 11.875, 7.625], "texture": "#0"},
				"west": {"uv": [8, 11.5, 8.375, 11.625], "texture": "#0"},
				"up": {"uv": [10.375, 2.375, 10, 2], "texture": "#0"},
				"down": {"uv": [10.375, 2.5, 10, 2.875], "texture": "#0"}
			}
		},
		{
			"from": [0, 2.45, 2.8],
			"to": [1.5, 3.95, 3.3],
			"faces": {
				"north": {"uv": [5, 1, 5.75, 1.75], "texture": "#0"},
				"east": {"uv": [9.5, 9.5, 9.75, 10.25], "texture": "#0"},
				"south": {"uv": [5, 3, 5.75, 3.75], "texture": "#0"},
				"west": {"uv": [10, 0, 10.25, 0.75], "texture": "#0"},
				"up": {"uv": [1.75, 10.25, 1, 10], "texture": "#0"},
				"down": {"uv": [2.75, 10, 2, 10.25], "texture": "#0"}
			}
		},
		{
			"from": [-0.1, 2.65, 2.8],
			"to": [1.6, 3.75, 3.3],
			"faces": {
				"north": {"uv": [7, 2, 7.875, 2.5], "texture": "#0"},
				"east": {"uv": [5, 10, 5.25, 10.5], "texture": "#0"},
				"south": {"uv": [7, 2.5, 7.875, 3], "texture": "#0"},
				"west": {"uv": [10, 7, 10.25, 7.5], "texture": "#0"},
				"up": {"uv": [10.375, 3.75, 9.5, 3.5], "texture": "#0"},
				"down": {"uv": [4.875, 9.5, 4, 9.75], "texture": "#0"}
			}
		},
		{
			"from": [0.2, 2.35, 2.8],
			"to": [1.3, 4.05, 3.3],
			"faces": {
				"north": {"uv": [7, 3, 7.5, 3.875], "texture": "#0"},
				"east": {"uv": [9.5, 4.5, 9.75, 5.375], "texture": "#0"},
				"south": {"uv": [3.5, 7, 4, 7.875], "texture": "#0"},
				"west": {"uv": [5.5, 9.5, 5.75, 10.375], "texture": "#0"},
				"up": {"uv": [10.5, 7.75, 10, 7.5], "texture": "#0"},
				"down": {"uv": [10.5, 8, 10, 8.25], "texture": "#0"}
			}
		},
		{
			"from": [0.45, 2.6, 2.5],
			"to": [1.05, 3.8, 3.05],
			"rotation": {"angle": -22.5, "axis": "x", "origin": [0.75, 3.2, 2.425]},
			"faces": {
				"north": {"uv": [8, 9.5, 8.25, 10.375], "texture": "#0"},
				"east": {"uv": [8.5, 9.5, 8.75, 10.375], "texture": "#0"},
				"south": {"uv": [9.5, 8.5, 9.75, 9.375], "texture": "#0"},
				"west": {"uv": [9, 9.5, 9.25, 10.375], "texture": "#0"},
				"up": {"uv": [11.75, 6.75, 11.5, 6.5], "texture": "#0"},
				"down": {"uv": [7.25, 11.5, 7, 11.75], "texture": "#0"}
			}
		},
		{
			"from": [0.6, 2.73076, 2.47828],
			"to": [0.9, 3.93076, 2.92828],
			"rotation": {"angle": -45, "axis": "x", "origin": [0.75, 3.08076, 2.70328]},
			"faces": {
				"north": {"uv": [6.5, 10.5, 6.625, 11.375], "texture": "#0"},
				"east": {"uv": [9.5, 2.5, 9.75, 3.375], "texture": "#0"},
				"south": {"uv": [7, 10.5, 7.125, 11.375], "texture": "#0"},
				"west": {"uv": [3, 9.5, 3.25, 10.375], "texture": "#0"},
				"up": {"uv": [11.625, 8.25, 11.5, 8], "texture": "#0"},
				"down": {"uv": [8.625, 11.5, 8.5, 11.75], "texture": "#0"}
			}
		},
		{
			"from": [0.3, 2.45, 3.3],
			"to": [1.2, 3.95, 3.55],
			"faces": {
				"north": {"uv": [7, 8, 7.5, 8.75], "texture": "#0"},
				"east": {"uv": [1.5, 11, 1.625, 11.75], "texture": "#0"},
				"south": {"uv": [8, 7, 8.5, 7.75], "texture": "#0"},
				"west": {"uv": [2, 11, 2.125, 11.75], "texture": "#0"},
				"up": {"uv": [12, 4.125, 11.5, 4], "texture": "#0"},
				"down": {"uv": [5, 11.5, 4.5, 11.625], "texture": "#0"}
			}
		},
		{
			"from": [0.1, 2.55, 3.3],
			"to": [1.4, 3.85, 3.55],
			"faces": {
				"north": {"uv": [0, 7.5, 0.625, 8.125], "texture": "#0"},
				"east": {"uv": [11, 8.5, 11.125, 9.125], "texture": "#0"},
				"south": {"uv": [7.5, 0, 8.125, 0.625], "texture": "#0"},
				"west": {"uv": [9.5, 11, 9.625, 11.625], "texture": "#0"},
				"up": {"uv": [11.625, 9.625, 11, 9.5], "texture": "#0"},
				"down": {"uv": [10.625, 11, 10, 11.125], "texture": "#0"}
			}
		},
		{
			"from": [0, 2.75, 3.3],
			"to": [1.5, 3.65, 3.55],
			"faces": {
				"north": {"uv": [8, 5.5, 8.75, 6], "texture": "#0"},
				"east": {"uv": [11.5, 3.5, 11.625, 4], "texture": "#0"},
				"south": {"uv": [8, 6.5, 8.75, 7], "texture": "#0"},
				"west": {"uv": [4, 11.5, 4.125, 12], "texture": "#0"},
				"up": {"uv": [11.75, 0.125, 11, 0], "texture": "#0"},
				"down": {"uv": [11.75, 0.5, 11, 0.625], "texture": "#0"}
			}
		},
		{
			"from": [0.2, 2.35, 3.55],
			"to": [1.3, 4.05, 4.8],
			"faces": {
				"north": {"uv": [7, 4.5, 7.5, 5.375], "texture": "#0"},
				"east": {"uv": [1, 5.5, 1.625, 6.375], "texture": "#0"},
				"south": {"uv": [5, 7, 5.5, 7.875], "texture": "#0"},
				"west": {"uv": [2, 5.5, 2.625, 6.375], "texture": "#0"},
				"up": {"uv": [9.5, 3.125, 9, 2.5], "texture": "#0"},
				"down": {"uv": [4, 9, 3.5, 9.625], "texture": "#0"}
			}
		},
		{
			"from": [0, 2.45, 3.55],
			"to": [1.5, 3.95, 4.8],
			"faces": {
				"north": {"uv": [4, 5, 4.75, 5.75], "texture": "#0"},
				"east": {"uv": [6.5, 0, 7.125, 0.75], "texture": "#0"},
				"south": {"uv": [5, 4, 5.75, 4.75], "texture": "#0"},
				"west": {"uv": [1, 6.5, 1.625, 7.25], "texture": "#0"},
				"up": {"uv": [2.75, 7.125, 2, 6.5], "texture": "#0"},
				"down": {"uv": [7.25, 5.5, 6.5, 6.125], "texture": "#0"}
			}
		},
		{
			"from": [-0.1, 2.65, 3.55],
			"to": [1.6, 3.75, 4.8],
			"faces": {
				"north": {"uv": [4, 7, 4.875, 7.5], "texture": "#0"},
				"east": {"uv": [2, 9, 2.625, 9.5], "texture": "#0"},
				"south": {"uv": [2, 9, 2.625, 9.5], "texture": "#0"},
				"west": {"uv": [2.625, 9, 2, 9.5], "texture": "#0"},
				"up": {"uv": [5.875, 5.625, 5, 5], "texture": "#0"},
				"down": {"uv": [6.375, 0, 5.5, 0.625], "texture": "#0"}
			}
		},
		{
			"from": [-0.2, 2.55, 4.8],
			"to": [1.7, 3.85, 5.8],
			"faces": {
				"north": {"uv": [4, 3, 5, 3.625], "texture": "#0"},
				"east": {"uv": [9, 4.5, 9.5, 5.125], "texture": "#0"},
				"south": {"uv": [4, 4, 5, 4.625], "texture": "#0"},
				"west": {"uv": [9.5, 4.5, 9, 5.125], "texture": "#0"},
				"up": {"uv": [1, 6.5, 0, 6], "texture": "#0"},
				"down": {"uv": [7, 1, 6, 1.5], "texture": "#0"}
			}
		},
		{
			"from": [-0.1, 2.35, 4.8],
			"to": [1.6, 4.05, 5.8],
			"faces": {
				"north": {"uv": [0, 3, 0.875, 3.875], "texture": "#0"},
				"east": {"uv": [5.5, 7, 6, 7.875], "texture": "#0"},
				"south": {"uv": [3, 1, 3.875, 1.875], "texture": "#0"},
				"west": {"uv": [6, 7, 6.5, 7.875], "texture": "#0"},
				"up": {"uv": [7.875, 7, 7, 6.5], "texture": "#0"},
				"down": {"uv": [7.875, 7, 7, 7.5], "texture": "#0"}
			}
		},
		{
			"from": [0.1, 2.25, 4.8],
			"to": [1.4, 4.15, 5.8],
			"faces": {
				"north": {"uv": [0, 4, 0.625, 5], "texture": "#0"},
				"east": {"uv": [5.5, 2, 6, 3], "texture": "#0"},
				"south": {"uv": [4, 1, 4.625, 2], "texture": "#0"},
				"west": {"uv": [3, 5.5, 3.5, 6.5], "texture": "#0"},
				"up": {"uv": [4.625, 9.5, 4, 9], "texture": "#0"},
				"down": {"uv": [9.625, 4, 9, 4.5], "texture": "#0"}
			}
		},
		{
			"from": [-0.3, 2.45, 5.8],
			"to": [1.8, 3.95, 6.55],
			"faces": {
				"north": {"uv": [3.5, 2, 4.5, 2.75], "texture": "#0"},
				"east": {"uv": [9, 6.5, 9.375, 7.25], "texture": "#0"},
				"south": {"uv": [3, 3.5, 4, 4.25], "texture": "#0"},
				"west": {"uv": [9.375, 6.5, 9, 7.25], "texture": "#0"},
				"up": {"uv": [9.5, 1.875, 8.5, 1.5], "texture": "#0"},
				"down": {"uv": [9.5, 3.5, 8.5, 3.875], "texture": "#0"}
			}
		},
		{
			"from": [-0.2, 2.25, 5.8],
			"to": [1.7, 4.15, 6.55],
			"faces": {
				"north": {"uv": [0, 0, 1, 1], "texture": "#0"},
				"east": {"uv": [0, 8.5, 0.375, 9.5], "texture": "#0"},
				"south": {"uv": [0, 1, 1, 2], "texture": "#0"},
				"west": {"uv": [8.5, 0, 8.875, 1], "texture": "#0"},
				"up": {"uv": [9.5, 1.375, 8.5, 1], "texture": "#0"},
				"down": {"uv": [2.5, 8.5, 1.5, 8.875], "texture": "#0"}
			}
		},
		{
			"from": [0, 2.15, 5.8],
			"to": [1.5, 4.25, 6.55],
			"faces": {
				"north": {"uv": [1, 3.5, 1.75, 4.5], "texture": "#0"},
				"east": {"uv": [7.5, 8, 7.875, 9], "texture": "#0"},
				"south": {"uv": [2, 3.5, 2.75, 4.5], "texture": "#0"},
				"west": {"uv": [8, 8, 8.375, 9], "texture": "#0"},
				"up": {"uv": [9.75, 5.875, 9, 5.5], "texture": "#0"},
				"down": {"uv": [6.75, 9, 6, 9.375], "texture": "#0"}
			}
		},
		{
			"from": [-0.4, 2.35, 6.55],
			"to": [1.9, 4.05, 7.05],
			"faces": {
				"north": {"uv": [2, 2.5, 3.125, 3.375], "texture": "#0"},
				"east": {"uv": [9.5, 6.5, 9.75, 7.375], "texture": "#0"},
				"south": {"uv": [3, 0, 4.125, 0.875], "texture": "#0"},
				"west": {"uv": [9.75, 6.5, 9.5, 7.375], "texture": "#0"},
				"up": {"uv": [9.125, 9.25, 8, 9], "texture": "#0"},
				"down": {"uv": [10.625, 1, 9.5, 1.25], "texture": "#0"}
			}
		},
		{
			"from": [-0.3, 2.15, 6.55],
			"to": [1.8, 4.25, 7.05],
			"faces": {
				"north": {"uv": [1, 0, 2, 1], "texture": "#0"},
				"east": {"uv": [0, 9.5, 0.25, 10.5], "texture": "#0"},
				"south": {"uv": [1, 1, 2, 2], "texture": "#0"},
				"west": {"uv": [0.5, 9.5, 0.75, 10.5], "texture": "#0"},
				"up": {"uv": [10.5, 1.75, 9.5, 1.5], "texture": "#0"},
				"down": {"uv": [3, 9.5, 2, 9.75], "texture": "#0"}
			}
		},
		{
			"from": [-0.1, 2.05, 6.55],
			"to": [1.6, 4.35, 7.05],
			"faces": {
				"north": {"uv": [1, 2, 1.875, 3.125], "texture": "#0"},
				"east": {"uv": [7.5, 9, 7.75, 10.125], "texture": "#0"},
				"south": {"uv": [2, 1, 2.875, 2.125], "texture": "#0"},
				"west": {"uv": [9, 7.5, 9.25, 8.625], "texture": "#0"},
				"up": {"uv": [6.875, 9.75, 6, 9.5], "texture": "#0"},
				"down": {"uv": [10.375, 6, 9.5, 6.25], "texture": "#0"}
			}
		},
		{
			"from": [-0.5, 2.25, 7.05],
			"to": [-0.2, 4.15, 7.3],
			"faces": {
				"north": {"uv": [0, 10.5, 0.125, 11.5], "texture": "#0"},
				"east": {"uv": [10.5, 0, 10.625, 1], "texture": "#0"},
				"south": {"uv": [0.5, 10.5, 0.625, 11.5], "texture": "#0"},
				"west": {"uv": [1, 10.5, 1.125, 11.5], "texture": "#0"},
				"up": {"uv": [2.625, 12.125, 2.5, 12], "texture": "#0"},
				"down": {"uv": [12.125, 2.5, 12, 2.625], "texture": "#0"}
			}
		},
		{
			"from": [1.7, 2.25, 7.05],
			"to": [2, 4.15, 7.3],
			"faces": {
				"north": {"uv": [3.5, 10.5, 3.625, 11.5], "texture": "#0"},
				"east": {"uv": [4, 10.5, 4.125, 11.5], "texture": "#0"},
				"south": {"uv": [4.5, 10.5, 4.625, 11.5], "texture": "#0"},
				"west": {"uv": [5, 10.5, 5.125, 11.5], "texture": "#0"},
				"up": {"uv": [4.125, 12.125, 4, 12], "texture": "#0"},
				"down": {"uv": [12.125, 4, 12, 4.125], "texture": "#0"}
			}
		},
		{
			"from": [-0.2, 2.25, 7.05],
			"to": [1.7, 4.15, 7.2],
			"faces": {
				"north": {"uv": [0, 2, 1, 3], "texture": "#0"},
				"east": {"uv": [5.5, 10.5, 5.625, 11.5], "texture": "#0"},
				"south": {"uv": [2, 0, 3, 1], "texture": "#0"},
				"west": {"uv": [6, 10.5, 6.125, 11.5], "texture": "#0"},
				"up": {"uv": [11.5, 2.625, 10.5, 2.5], "texture": "#0"},
				"down": {"uv": [11.5, 3.5, 10.5, 3.625], "texture": "#0"}
			}
		},
		{
			"from": [-0.4, 4.15, 7.05],
			"to": [1.9, 4.35, 7.3],
			"faces": {
				"north": {"uv": [10, 3, 11.125, 3.125], "texture": "#0"},
				"east": {"uv": [2, 12, 2.125, 12.125], "texture": "#0"},
				"south": {"uv": [3.5, 10, 4.625, 10.125], "texture": "#0"},
				"west": {"uv": [12, 2, 12.125, 2.125], "texture": "#0"},
				"up": {"uv": [11.125, 4.125, 10, 4], "texture": "#0"},
				"down": {"uv": [11.125, 4.5, 10, 4.625], "texture": "#0"}
			}
		},
		{
			"from": [-0.2, 4.15, 7.05],
			"to": [1.7, 4.45, 7.3],
			"faces": {
				"north": {"uv": [10, 8.5, 11, 8.625], "texture": "#0"},
				"east": {"uv": [1.5, 12, 1.625, 12.125], "texture": "#0"},
				"south": {"uv": [10, 9, 11, 9.125], "texture": "#0"},
				"west": {"uv": [12, 1.5, 12.125, 1.625], "texture": "#0"},
				"up": {"uv": [11, 9.625, 10, 9.5], "texture": "#0"},
				"down": {"uv": [11, 10, 10, 10.125], "texture": "#0"}
			}
		},
		{
			"from": [-0.2, 1.95, 7.05],
			"to": [1.7, 2.25, 7.3],
			"faces": {
				"north": {"uv": [1.5, 10.5, 2.5, 10.625], "texture": "#0"},
				"east": {"uv": [3.5, 12, 3.625, 12.125], "texture": "#0"},
				"south": {"uv": [10.5, 1.5, 11.5, 1.625], "texture": "#0"},
				"west": {"uv": [12, 3.5, 12.125, 3.625], "texture": "#0"},
				"up": {"uv": [11.5, 2.125, 10.5, 2], "texture": "#0"},
				"down": {"uv": [3.5, 10.5, 2.5, 10.625], "texture": "#0"}
			}
		},
		{
			"from": [-0.4, 2.05, 7.05],
			"to": [1.9, 2.25, 7.3],
			"faces": {
				"north": {"uv": [10, 5, 11.125, 5.125], "texture": "#0"},
				"east": {"uv": [3, 12, 3.125, 12.125], "texture": "#0"},
				"south": {"uv": [10, 5.5, 11.125, 5.625], "texture": "#0"},
				"west": {"uv": [12, 3, 12.125, 3.125], "texture": "#0"},
				"up": {"uv": [7.125, 10.125, 6, 10], "texture": "#0"},
				"down": {"uv": [11.125, 6.5, 10, 6.625], "texture": "#0"}
			}
		},
		{
			"from": [0.625, 1.75, 3],
			"to": [0.875, 2.75, 3.25],
			"rotation": {"angle": 0, "axis": "y", "origin": [-0.125, 0.25, 0.25]},
			"faces": {
				"north": {"uv": [11.5, 4.5, 11.625, 5], "texture": "#0"},
				"east": {"uv": [5, 11.5, 5.125, 12], "texture": "#0"},
				"south": {"uv": [11.5, 5, 11.625, 5.5], "texture": "#0"},
				"west": {"uv": [5.5, 11.5, 5.625, 12], "texture": "#0"},
				"up": {"uv": [10.625, 11.625, 10.5, 11.5], "texture": "#0"},
				"down": {"uv": [11.625, 10.5, 11.5, 10.625], "texture": "#0"}
			}
		},
		{
			"from": [0.625, 1.8, 2.35],
			"to": [0.875, 2.8, 2.6],
			"rotation": {"angle": -22.5, "axis": "x", "origin": [0.75, 2.3, 2.475]},
			"faces": {
				"north": {"uv": [11.5, 5.5, 11.625, 6], "texture": "#0"},
				"east": {"uv": [6, 11.5, 6.125, 12], "texture": "#0"},
				"south": {"uv": [11.5, 6, 11.625, 6.5], "texture": "#0"},
				"west": {"uv": [6.5, 11.5, 6.625, 12], "texture": "#0"},
				"up": {"uv": [1.125, 12.125, 1, 12], "texture": "#0"},
				"down": {"uv": [12.125, 1, 12, 1.125], "texture": "#0"}
			}
		},
		{
			"from": [0.625, 1.3, 2.875],
			"to": [0.875, 1.8, 3.125],
			"rotation": {"angle": 45, "axis": "x", "origin": [0.625, 1.625, 3.125]},
			"faces": {
				"north": {"uv": [11.5, 8.5, 11.625, 8.75], "texture": "#0"},
				"east": {"uv": [9, 11.5, 9.125, 11.75], "texture": "#0"},
				"south": {"uv": [11.5, 9, 11.625, 9.25], "texture": "#0"},
				"west": {"uv": [10, 11.5, 10.125, 11.75], "texture": "#0"},
				"up": {"uv": [11.125, 11.625, 11, 11.5], "texture": "#0"},
				"down": {"uv": [11.625, 11.5, 11.5, 11.625], "texture": "#0"}
			}
		},
		{
			"from": [0.625, 1.4, 1.65],
			"to": [0.875, 1.65, 2.9],
			"rotation": {"angle": 0, "axis": "y", "origin": [0.625, 1.4, 2.725]},
			"faces": {
				"north": {"uv": [12, 0, 12.125, 0.125], "texture": "#0"},
				"east": {"uv": [11, 10, 11.625, 10.125], "texture": "#0"},
				"south": {"uv": [12, 0.5, 12.125, 0.625], "texture": "#0"},
				"west": {"uv": [11, 11, 11.625, 11.125], "texture": "#0"},
				"up": {"uv": [0.125, 12.125, 0, 11.5], "texture": "#0"},
				"down": {"uv": [0.625, 11.5, 0.5, 12.125], "texture": "#0"}
			}
		}
	],
	"display": {
		"thirdperson_righthand": {
			"rotation": [0, -180, 0],
			"translation": [-7.25, 5, -5.75]
		},
		"thirdperson_lefthand": {
			"rotation": [0, -180, 0],
			"translation": [7.25, 5, -5.75]
		},
		"firstperson_righthand": {
			"rotation": [0, -177, 0],
			"translation": [-8.75, 10.25, -9.75],
			"scale": [2, 2, 1.44]
		},
		"firstperson_lefthand": {
			"rotation": [0, -173, 0],
			"translation": [20.5, 10.25, -12],
			"scale": [2, 2, 1.44]
		}
	}
}