{"parent":"minecraft:item/generated","textures":{"layer0":"minecraft:item/leather_horse_armor"},"overrides":[{"predicate":{"custom_model_data":1},"model":"modelengine:angelic_crate/base"},{"predicate":{"custom_model_data":2},"model":"modelengine:angelic_crate/handle_right"},{"predicate":{"custom_model_data":3},"model":"modelengine:angelic_crate/handle_left"},{"predicate":{"custom_model_data":4},"model":"modelengine:angelic_crate/sword"},{"predicate":{"custom_model_data":5},"model":"modelengine:angelic_crate/lid"},{"predicate":{"custom_model_data":6},"model":"modelengine:angelic_crate/wing_left"},{"predicate":{"custom_model_data":7},"model":"modelengine:angelic_crate/wing_right"},{"predicate":{"custom_model_data":8},"model":"modelengine:arch_priest/leftleg"},{"predicate":{"custom_model_data":9},"model":"modelengine:arch_priest/bone3"},{"predicate":{"custom_model_data":10},"model":"modelengine:arch_priest/rightleg"},{"predicate":{"custom_model_data":11},"model":"modelengine:arch_priest/bone4"},{"predicate":{"custom_model_data":12},"model":"modelengine:arch_priest/body"},{"predicate":{"custom_model_data":13},"model":"modelengine:arch_priest/necklace"},{"predicate":{"custom_model_data":14},"model":"modelengine:arch_priest/bone"},{"predicate":{"custom_model_data":15},"model":"modelengine:arch_priest/bone6"},{"predicate":{"custom_model_data":16},"model":"modelengine:arch_priest/bone7"},{"predicate":{"custom_model_data":17},"model":"modelengine:arch_priest/leftarm"},{"predicate":{"custom_model_data":18},"model":"modelengine:arch_priest/bone2"},{"predicate":{"custom_model_data":19},"model":"modelengine:arch_priest/rightarm"},{"predicate":{"custom_model_data":20},"model":"modelengine:arch_priest/bone5"},{"predicate":{"custom_model_data":21},"model":"modelengine:arch_priest/staff"},{"predicate":{"custom_model_data":22},"model":"modelengine:arch_priest/head"},{"predicate":{"custom_model_data":23},"model":"modelengine:attack/hip"},{"predicate":{"custom_model_data":24},"model":"modelengine:attack/waist"},{"predicate":{"custom_model_data":25},"model":"modelengine:attack/chest"},{"predicate":{"custom_model_data":26},"model":"modelengine:attack/head"},{"predicate":{"custom_model_data":27},"model":"modelengine:attack/right_arm"},{"predicate":{"custom_model_data":28},"model":"modelengine:attack/right_forearm"},{"predicate":{"custom_model_data":29},"model":"modelengine:attack/left_arm"},{"predicate":{"custom_model_data":30},"model":"modelengine:attack/left_forearm"},{"predicate":{"custom_model_data":31},"model":"modelengine:attack/right_leg"},{"predicate":{"custom_model_data":32},"model":"modelengine:attack/right_foreleg"},{"predicate":{"custom_model_data":33},"model":"modelengine:attack/left_leg"},{"predicate":{"custom_model_data":34},"model":"modelengine:attack/left_foreleg"},{"predicate":{"custom_model_data":35},"model":"modelengine:baby_bear/rightleg"},{"predicate":{"custom_model_data":36},"model":"modelengine:baby_bear/bone2"},{"predicate":{"custom_model_data":37},"model":"modelengine:baby_bear/bone"},{"predicate":{"custom_model_data":38},"model":"modelengine:baby_bear/leftleg"},{"predicate":{"custom_model_data":39},"model":"modelengine:baby_bear/bone4"},{"predicate":{"custom_model_data":40},"model":"modelengine:baby_bear/bone3"},{"predicate":{"custom_model_data":41},"model":"modelengine:baby_bear/chest"},{"predicate":{"custom_model_data":42},"model":"modelengine:baby_bear/head"},{"predicate":{"custom_model_data":43},"model":"modelengine:baby_bear/bone12"},{"predicate":{"custom_model_data":44},"model":"modelengine:baby_bear/bone10"},{"predicate":{"custom_model_data":45},"model":"modelengine:baby_bear/bone11"},{"predicate":{"custom_model_data":46},"model":"modelengine:baby_bear/body"},{"predicate":{"custom_model_data":47},"model":"modelengine:baby_bear/bone9"},{"predicate":{"custom_model_data":48},"model":"modelengine:baby_bear/rightarm"},{"predicate":{"custom_model_data":49},"model":"modelengine:baby_bear/bone6"},{"predicate":{"custom_model_data":50},"model":"modelengine:baby_bear/bone5"},{"predicate":{"custom_model_data":51},"model":"modelengine:baby_bear/leftarm"},{"predicate":{"custom_model_data":52},"model":"modelengine:baby_bear/bone8"},{"predicate":{"custom_model_data":53},"model":"modelengine:baby_bear/bone7"},{"predicate":{"custom_model_data":54},"model":"modelengine:baby_eagle/leftleg"},{"predicate":{"custom_model_data":55},"model":"modelengine:baby_eagle/bone10"},{"predicate":{"custom_model_data":56},"model":"modelengine:baby_eagle/bone11"},{"predicate":{"custom_model_data":57},"model":"modelengine:baby_eagle/bone12"},{"predicate":{"custom_model_data":58},"model":"modelengine:baby_eagle/rightleg"},{"predicate":{"custom_model_data":59},"model":"modelengine:baby_eagle/bone4"},{"predicate":{"custom_model_data":60},"model":"modelengine:baby_eagle/bone3"},{"predicate":{"custom_model_data":61},"model":"modelengine:baby_eagle/bone2"},{"predicate":{"custom_model_data":62},"model":"modelengine:baby_eagle/bone"},{"predicate":{"custom_model_data":63},"model":"modelengine:baby_eagle/tail"},{"predicate":{"custom_model_data":64},"model":"modelengine:baby_eagle/bone5"},{"predicate":{"custom_model_data":65},"model":"modelengine:baby_eagle/rightwing"},{"predicate":{"custom_model_data":66},"model":"modelengine:baby_eagle/bone7"},{"predicate":{"custom_model_data":67},"model":"modelengine:baby_eagle/leftwing"},{"predicate":{"custom_model_data":68},"model":"modelengine:baby_eagle/bone6"},{"predicate":{"custom_model_data":69},"model":"modelengine:baby_eagle/nick"},{"predicate":{"custom_model_data":70},"model":"modelengine:baby_eagle/bone8"},{"predicate":{"custom_model_data":71},"model":"modelengine:baby_eagle/bone9"},{"predicate":{"custom_model_data":72},"model":"modelengine:baby_ent/rightleg"},{"predicate":{"custom_model_data":73},"model":"modelengine:baby_ent/bone6"},{"predicate":{"custom_model_data":74},"model":"modelengine:baby_ent/bone7"},{"predicate":{"custom_model_data":75},"model":"modelengine:baby_ent/leftleg"},{"predicate":{"custom_model_data":76},"model":"modelengine:baby_ent/bone4"},{"predicate":{"custom_model_data":77},"model":"modelengine:baby_ent/bone5"},{"predicate":{"custom_model_data":78},"model":"modelengine:baby_ent/body"},{"predicate":{"custom_model_data":79},"model":"modelengine:baby_ent/rightarm"},{"predicate":{"custom_model_data":80},"model":"modelengine:baby_ent/bone3"},{"predicate":{"custom_model_data":81},"model":"modelengine:baby_ent/leftarm"},{"predicate":{"custom_model_data":82},"model":"modelengine:baby_ent/bone2"},{"predicate":{"custom_model_data":83},"model":"modelengine:baby_ent/head"},{"predicate":{"custom_model_data":84},"model":"modelengine:baby_ent/bone"},{"predicate":{"custom_model_data":85},"model":"modelengine:bartender/leftleg"},{"predicate":{"custom_model_data":86},"model":"modelengine:bartender/bone3"},{"predicate":{"custom_model_data":87},"model":"modelengine:bartender/rightleg"},{"predicate":{"custom_model_data":88},"model":"modelengine:bartender/bone4"},{"predicate":{"custom_model_data":89},"model":"modelengine:bartender/body"},{"predicate":{"custom_model_data":90},"model":"modelengine:bartender/leftarm"},{"predicate":{"custom_model_data":91},"model":"modelengine:bartender/bone2"},{"predicate":{"custom_model_data":92},"model":"modelengine:bartender/rightarm"},{"predicate":{"custom_model_data":93},"model":"modelengine:bartender/bone5"},{"predicate":{"custom_model_data":94},"model":"modelengine:bartender/head"},{"predicate":{"custom_model_data":95},"model":"modelengine:blacksmith/bone"},{"predicate":{"custom_model_data":96},"model":"modelengine:blacksmith/bone2"},{"predicate":{"custom_model_data":97},"model":"modelengine:blacksmith/bone3"},{"predicate":{"custom_model_data":98},"model":"modelengine:blacksmith/body"},{"predicate":{"custom_model_data":99},"model":"modelengine:blacksmith/hammer"},{"predicate":{"custom_model_data":100},"model":"modelengine:blacksmith/head"},{"predicate":{"custom_model_data":101},"model":"modelengine:blacksmith/lents"},{"predicate":{"custom_model_data":102},"model":"modelengine:blacksmith/rightarm"},{"predicate":{"custom_model_data":103},"model":"modelengine:blacksmith/rightarm2"},{"predicate":{"custom_model_data":104},"model":"modelengine:blacksmith/leftarm"},{"predicate":{"custom_model_data":105},"model":"modelengine:blacksmith/leftarm2"},{"predicate":{"custom_model_data":106},"model":"modelengine:blacksmith/bone4"},{"predicate":{"custom_model_data":107},"model":"modelengine:blacksmith/rightleg"},{"predicate":{"custom_model_data":108},"model":"modelengine:blacksmith/rightleg1"},{"predicate":{"custom_model_data":109},"model":"modelengine:blacksmith/leftleg"},{"predicate":{"custom_model_data":110},"model":"modelengine:blacksmith/leftleg3"},{"predicate":{"custom_model_data":111},"model":"modelengine:blueportal/portal2"},{"predicate":{"custom_model_data":112},"model":"modelengine:blueportal/portal"},{"predicate":{"custom_model_data":113},"model":"modelengine:blueportal/top"},{"predicate":{"custom_model_data":114},"model":"modelengine:blueportal/left"},{"predicate":{"custom_model_data":115},"model":"modelengine:blueportal/bottom"},{"predicate":{"custom_model_data":116},"model":"modelengine:blueportal/right"},{"predicate":{"custom_model_data":117},"model":"modelengine:cyclops/body"},{"predicate":{"custom_model_data":118},"model":"modelengine:cyclops/head"},{"predicate":{"custom_model_data":119},"model":"modelengine:cyclops/eye"},{"predicate":{"custom_model_data":120},"model":"modelengine:cyclops/jaw"},{"predicate":{"custom_model_data":121},"model":"modelengine:cyclops/left_arm"},{"predicate":{"custom_model_data":122},"model":"modelengine:cyclops/left_forearm"},{"predicate":{"custom_model_data":123},"model":"modelengine:cyclops/left_hand"},{"predicate":{"custom_model_data":124},"model":"modelengine:cyclops/right_arm"},{"predicate":{"custom_model_data":125},"model":"modelengine:cyclops/right_forearm"},{"predicate":{"custom_model_data":126},"model":"modelengine:cyclops/right_hand"},{"predicate":{"custom_model_data":127},"model":"modelengine:cyclops/club"},{"predicate":{"custom_model_data":128},"model":"modelengine:cyclops/hip"},{"predicate":{"custom_model_data":129},"model":"modelengine:cyclops/left_leg"},{"predicate":{"custom_model_data":130},"model":"modelengine:cyclops/left_foreleg"},{"predicate":{"custom_model_data":131},"model":"modelengine:cyclops/right_leg"},{"predicate":{"custom_model_data":132},"model":"modelengine:cyclops/right_foreleg"},{"predicate":{"custom_model_data":133},"model":"modelengine:dragon/leftarm"},{"predicate":{"custom_model_data":134},"model":"modelengine:dragon/bone"},{"predicate":{"custom_model_data":135},"model":"modelengine:dragon/bone2"},{"predicate":{"custom_model_data":136},"model":"modelengine:dragon/bone38"},{"predicate":{"custom_model_data":137},"model":"modelengine:dragon/bone37"},{"predicate":{"custom_model_data":138},"model":"modelengine:dragon/bone39"},{"predicate":{"custom_model_data":139},"model":"modelengine:dragon/bone44"},{"predicate":{"custom_model_data":140},"model":"modelengine:dragon/rightarm"},{"predicate":{"custom_model_data":141},"model":"modelengine:dragon/bone3"},{"predicate":{"custom_model_data":142},"model":"modelengine:dragon/bone4"},{"predicate":{"custom_model_data":143},"model":"modelengine:dragon/bone41"},{"predicate":{"custom_model_data":144},"model":"modelengine:dragon/bone42"},{"predicate":{"custom_model_data":145},"model":"modelengine:dragon/bone40"},{"predicate":{"custom_model_data":146},"model":"modelengine:dragon/bone43"},{"predicate":{"custom_model_data":147},"model":"modelengine:dragon/bone5"},{"predicate":{"custom_model_data":148},"model":"modelengine:dragon/rightwing"},{"predicate":{"custom_model_data":149},"model":"modelengine:dragon/bone6"},{"predicate":{"custom_model_data":150},"model":"modelengine:dragon/leftwing"},{"predicate":{"custom_model_data":151},"model":"modelengine:dragon/body"},{"predicate":{"custom_model_data":152},"model":"modelengine:dragon/bone24"},{"predicate":{"custom_model_data":153},"model":"modelengine:dragon/bone25"},{"predicate":{"custom_model_data":154},"model":"modelengine:dragon/bone26"},{"predicate":{"custom_model_data":155},"model":"modelengine:dragon/bone27"},{"predicate":{"custom_model_data":156},"model":"modelengine:dragon/bone28"},{"predicate":{"custom_model_data":157},"model":"modelengine:dragon/bone29"},{"predicate":{"custom_model_data":158},"model":"modelengine:dragon/bone30"},{"predicate":{"custom_model_data":159},"model":"modelengine:dragon/bone31"},{"predicate":{"custom_model_data":160},"model":"modelengine:dragon/bone32"},{"predicate":{"custom_model_data":161},"model":"modelengine:dragon/bone33"},{"predicate":{"custom_model_data":162},"model":"modelengine:dragon/bone34"},{"predicate":{"custom_model_data":163},"model":"modelengine:dragon/bone36"},{"predicate":{"custom_model_data":164},"model":"modelengine:dragon/bone35"},{"predicate":{"custom_model_data":165},"model":"modelengine:dragon/nick"},{"predicate":{"custom_model_data":166},"model":"modelengine:dragon/bone10"},{"predicate":{"custom_model_data":167},"model":"modelengine:dragon/bone11"},{"predicate":{"custom_model_data":168},"model":"modelengine:dragon/head"},{"predicate":{"custom_model_data":169},"model":"modelengine:dragon/bone7"},{"predicate":{"custom_model_data":170},"model":"modelengine:dragon/bone8"},{"predicate":{"custom_model_data":171},"model":"modelengine:dragon/bone9"},{"predicate":{"custom_model_data":172},"model":"modelengine:dragon/leftleg"},{"predicate":{"custom_model_data":173},"model":"modelengine:dragon/bone12"},{"predicate":{"custom_model_data":174},"model":"modelengine:dragon/bone15"},{"predicate":{"custom_model_data":175},"model":"modelengine:dragon/bone16"},{"predicate":{"custom_model_data":176},"model":"modelengine:dragon/bone17"},{"predicate":{"custom_model_data":177},"model":"modelengine:dragon/bone13"},{"predicate":{"custom_model_data":178},"model":"modelengine:dragon/rightleg"},{"predicate":{"custom_model_data":179},"model":"modelengine:dragon/bone18"},{"predicate":{"custom_model_data":180},"model":"modelengine:dragon/bone21"},{"predicate":{"custom_model_data":181},"model":"modelengine:dragon/bone22"},{"predicate":{"custom_model_data":182},"model":"modelengine:dragon/bone23"},{"predicate":{"custom_model_data":183},"model":"modelengine:dragon/bone19"},{"predicate":{"custom_model_data":184},"model":"modelengine:dragon2/leftarm"},{"predicate":{"custom_model_data":185},"model":"modelengine:dragon2/bone"},{"predicate":{"custom_model_data":186},"model":"modelengine:dragon2/bone2"},{"predicate":{"custom_model_data":187},"model":"modelengine:dragon2/bone38"},{"predicate":{"custom_model_data":188},"model":"modelengine:dragon2/bone37"},{"predicate":{"custom_model_data":189},"model":"modelengine:dragon2/bone39"},{"predicate":{"custom_model_data":190},"model":"modelengine:dragon2/bone44"},{"predicate":{"custom_model_data":191},"model":"modelengine:dragon2/rightarm"},{"predicate":{"custom_model_data":192},"model":"modelengine:dragon2/bone3"},{"predicate":{"custom_model_data":193},"model":"modelengine:dragon2/bone4"},{"predicate":{"custom_model_data":194},"model":"modelengine:dragon2/bone41"},{"predicate":{"custom_model_data":195},"model":"modelengine:dragon2/bone42"},{"predicate":{"custom_model_data":196},"model":"modelengine:dragon2/bone40"},{"predicate":{"custom_model_data":197},"model":"modelengine:dragon2/bone43"},{"predicate":{"custom_model_data":198},"model":"modelengine:dragon2/bone5"},{"predicate":{"custom_model_data":199},"model":"modelengine:dragon2/rightwing"},{"predicate":{"custom_model_data":200},"model":"modelengine:dragon2/bone6"},{"predicate":{"custom_model_data":201},"model":"modelengine:dragon2/leftwing"},{"predicate":{"custom_model_data":202},"model":"modelengine:dragon2/body"},{"predicate":{"custom_model_data":203},"model":"modelengine:dragon2/bone24"},{"predicate":{"custom_model_data":204},"model":"modelengine:dragon2/bone25"},{"predicate":{"custom_model_data":205},"model":"modelengine:dragon2/bone26"},{"predicate":{"custom_model_data":206},"model":"modelengine:dragon2/bone27"},{"predicate":{"custom_model_data":207},"model":"modelengine:dragon2/bone28"},{"predicate":{"custom_model_data":208},"model":"modelengine:dragon2/bone29"},{"predicate":{"custom_model_data":209},"model":"modelengine:dragon2/bone30"},{"predicate":{"custom_model_data":210},"model":"modelengine:dragon2/bone31"},{"predicate":{"custom_model_data":211},"model":"modelengine:dragon2/bone32"},{"predicate":{"custom_model_data":212},"model":"modelengine:dragon2/bone33"},{"predicate":{"custom_model_data":213},"model":"modelengine:dragon2/bone34"},{"predicate":{"custom_model_data":214},"model":"modelengine:dragon2/bone36"},{"predicate":{"custom_model_data":215},"model":"modelengine:dragon2/bone35"},{"predicate":{"custom_model_data":216},"model":"modelengine:dragon2/nick"},{"predicate":{"custom_model_data":217},"model":"modelengine:dragon2/bone10"},{"predicate":{"custom_model_data":218},"model":"modelengine:dragon2/bone11"},{"predicate":{"custom_model_data":219},"model":"modelengine:dragon2/head"},{"predicate":{"custom_model_data":220},"model":"modelengine:dragon2/bone7"},{"predicate":{"custom_model_data":221},"model":"modelengine:dragon2/bone8"},{"predicate":{"custom_model_data":222},"model":"modelengine:dragon2/bone9"},{"predicate":{"custom_model_data":223},"model":"modelengine:dragon2/leftleg"},{"predicate":{"custom_model_data":224},"model":"modelengine:dragon2/bone12"},{"predicate":{"custom_model_data":225},"model":"modelengine:dragon2/bone15"},{"predicate":{"custom_model_data":226},"model":"modelengine:dragon2/bone16"},{"predicate":{"custom_model_data":227},"model":"modelengine:dragon2/bone17"},{"predicate":{"custom_model_data":228},"model":"modelengine:dragon2/bone13"},{"predicate":{"custom_model_data":229},"model":"modelengine:dragon2/rightleg"},{"predicate":{"custom_model_data":230},"model":"modelengine:dragon2/bone18"},{"predicate":{"custom_model_data":231},"model":"modelengine:dragon2/bone21"},{"predicate":{"custom_model_data":232},"model":"modelengine:dragon2/bone22"},{"predicate":{"custom_model_data":233},"model":"modelengine:dragon2/bone23"},{"predicate":{"custom_model_data":234},"model":"modelengine:dragon2/bone19"},{"predicate":{"custom_model_data":235},"model":"modelengine:dragon3/leftarm"},{"predicate":{"custom_model_data":236},"model":"modelengine:dragon3/bone"},{"predicate":{"custom_model_data":237},"model":"modelengine:dragon3/bone2"},{"predicate":{"custom_model_data":238},"model":"modelengine:dragon3/bone38"},{"predicate":{"custom_model_data":239},"model":"modelengine:dragon3/bone37"},{"predicate":{"custom_model_data":240},"model":"modelengine:dragon3/bone39"},{"predicate":{"custom_model_data":241},"model":"modelengine:dragon3/bone44"},{"predicate":{"custom_model_data":242},"model":"modelengine:dragon3/rightarm"},{"predicate":{"custom_model_data":243},"model":"modelengine:dragon3/bone3"},{"predicate":{"custom_model_data":244},"model":"modelengine:dragon3/bone4"},{"predicate":{"custom_model_data":245},"model":"modelengine:dragon3/bone41"},{"predicate":{"custom_model_data":246},"model":"modelengine:dragon3/bone42"},{"predicate":{"custom_model_data":247},"model":"modelengine:dragon3/bone40"},{"predicate":{"custom_model_data":248},"model":"modelengine:dragon3/bone43"},{"predicate":{"custom_model_data":249},"model":"modelengine:dragon3/bone5"},{"predicate":{"custom_model_data":250},"model":"modelengine:dragon3/rightwing"},{"predicate":{"custom_model_data":251},"model":"modelengine:dragon3/bone6"},{"predicate":{"custom_model_data":252},"model":"modelengine:dragon3/leftwing"},{"predicate":{"custom_model_data":253},"model":"modelengine:dragon3/body"},{"predicate":{"custom_model_data":254},"model":"modelengine:dragon3/bone24"},{"predicate":{"custom_model_data":255},"model":"modelengine:dragon3/bone25"},{"predicate":{"custom_model_data":256},"model":"modelengine:dragon3/bone26"},{"predicate":{"custom_model_data":257},"model":"modelengine:dragon3/bone27"},{"predicate":{"custom_model_data":258},"model":"modelengine:dragon3/bone28"},{"predicate":{"custom_model_data":259},"model":"modelengine:dragon3/bone29"},{"predicate":{"custom_model_data":260},"model":"modelengine:dragon3/bone30"},{"predicate":{"custom_model_data":261},"model":"modelengine:dragon3/bone31"},{"predicate":{"custom_model_data":262},"model":"modelengine:dragon3/bone32"},{"predicate":{"custom_model_data":263},"model":"modelengine:dragon3/bone33"},{"predicate":{"custom_model_data":264},"model":"modelengine:dragon3/bone34"},{"predicate":{"custom_model_data":265},"model":"modelengine:dragon3/bone36"},{"predicate":{"custom_model_data":266},"model":"modelengine:dragon3/bone35"},{"predicate":{"custom_model_data":267},"model":"modelengine:dragon3/nick"},{"predicate":{"custom_model_data":268},"model":"modelengine:dragon3/bone10"},{"predicate":{"custom_model_data":269},"model":"modelengine:dragon3/bone11"},{"predicate":{"custom_model_data":270},"model":"modelengine:dragon3/head"},{"predicate":{"custom_model_data":271},"model":"modelengine:dragon3/bone7"},{"predicate":{"custom_model_data":272},"model":"modelengine:dragon3/bone8"},{"predicate":{"custom_model_data":273},"model":"modelengine:dragon3/bone9"},{"predicate":{"custom_model_data":274},"model":"modelengine:dragon3/leftleg"},{"predicate":{"custom_model_data":275},"model":"modelengine:dragon3/bone12"},{"predicate":{"custom_model_data":276},"model":"modelengine:dragon3/bone15"},{"predicate":{"custom_model_data":277},"model":"modelengine:dragon3/bone16"},{"predicate":{"custom_model_data":278},"model":"modelengine:dragon3/bone17"},{"predicate":{"custom_model_data":279},"model":"modelengine:dragon3/bone13"},{"predicate":{"custom_model_data":280},"model":"modelengine:dragon3/rightleg"},{"predicate":{"custom_model_data":281},"model":"modelengine:dragon3/bone18"},{"predicate":{"custom_model_data":282},"model":"modelengine:dragon3/bone21"},{"predicate":{"custom_model_data":283},"model":"modelengine:dragon3/bone22"},{"predicate":{"custom_model_data":284},"model":"modelengine:dragon3/bone23"},{"predicate":{"custom_model_data":285},"model":"modelengine:dragon3/bone19"},{"predicate":{"custom_model_data":286},"model":"modelengine:dragon4/leftarm"},{"predicate":{"custom_model_data":287},"model":"modelengine:dragon4/bone"},{"predicate":{"custom_model_data":288},"model":"modelengine:dragon4/bone2"},{"predicate":{"custom_model_data":289},"model":"modelengine:dragon4/bone38"},{"predicate":{"custom_model_data":290},"model":"modelengine:dragon4/bone37"},{"predicate":{"custom_model_data":291},"model":"modelengine:dragon4/bone39"},{"predicate":{"custom_model_data":292},"model":"modelengine:dragon4/bone44"},{"predicate":{"custom_model_data":293},"model":"modelengine:dragon4/rightarm"},{"predicate":{"custom_model_data":294},"model":"modelengine:dragon4/bone3"},{"predicate":{"custom_model_data":295},"model":"modelengine:dragon4/bone4"},{"predicate":{"custom_model_data":296},"model":"modelengine:dragon4/bone41"},{"predicate":{"custom_model_data":297},"model":"modelengine:dragon4/bone42"},{"predicate":{"custom_model_data":298},"model":"modelengine:dragon4/bone40"},{"predicate":{"custom_model_data":299},"model":"modelengine:dragon4/bone43"},{"predicate":{"custom_model_data":300},"model":"modelengine:dragon4/bone5"},{"predicate":{"custom_model_data":301},"model":"modelengine:dragon4/rightwing"},{"predicate":{"custom_model_data":302},"model":"modelengine:dragon4/bone6"},{"predicate":{"custom_model_data":303},"model":"modelengine:dragon4/leftwing"},{"predicate":{"custom_model_data":304},"model":"modelengine:dragon4/body"},{"predicate":{"custom_model_data":305},"model":"modelengine:dragon4/bone24"},{"predicate":{"custom_model_data":306},"model":"modelengine:dragon4/bone25"},{"predicate":{"custom_model_data":307},"model":"modelengine:dragon4/bone26"},{"predicate":{"custom_model_data":308},"model":"modelengine:dragon4/bone27"},{"predicate":{"custom_model_data":309},"model":"modelengine:dragon4/bone28"},{"predicate":{"custom_model_data":310},"model":"modelengine:dragon4/bone29"},{"predicate":{"custom_model_data":311},"model":"modelengine:dragon4/bone30"},{"predicate":{"custom_model_data":312},"model":"modelengine:dragon4/bone31"},{"predicate":{"custom_model_data":313},"model":"modelengine:dragon4/bone32"},{"predicate":{"custom_model_data":314},"model":"modelengine:dragon4/bone33"},{"predicate":{"custom_model_data":315},"model":"modelengine:dragon4/bone34"},{"predicate":{"custom_model_data":316},"model":"modelengine:dragon4/bone36"},{"predicate":{"custom_model_data":317},"model":"modelengine:dragon4/bone35"},{"predicate":{"custom_model_data":318},"model":"modelengine:dragon4/nick"},{"predicate":{"custom_model_data":319},"model":"modelengine:dragon4/bone10"},{"predicate":{"custom_model_data":320},"model":"modelengine:dragon4/bone11"},{"predicate":{"custom_model_data":321},"model":"modelengine:dragon4/head"},{"predicate":{"custom_model_data":322},"model":"modelengine:dragon4/bone7"},{"predicate":{"custom_model_data":323},"model":"modelengine:dragon4/bone8"},{"predicate":{"custom_model_data":324},"model":"modelengine:dragon4/bone9"},{"predicate":{"custom_model_data":325},"model":"modelengine:dragon4/leftleg"},{"predicate":{"custom_model_data":326},"model":"modelengine:dragon4/bone12"},{"predicate":{"custom_model_data":327},"model":"modelengine:dragon4/bone15"},{"predicate":{"custom_model_data":328},"model":"modelengine:dragon4/bone16"},{"predicate":{"custom_model_data":329},"model":"modelengine:dragon4/bone17"},{"predicate":{"custom_model_data":330},"model":"modelengine:dragon4/bone13"},{"predicate":{"custom_model_data":331},"model":"modelengine:dragon4/rightleg"},{"predicate":{"custom_model_data":332},"model":"modelengine:dragon4/bone18"},{"predicate":{"custom_model_data":333},"model":"modelengine:dragon4/bone21"},{"predicate":{"custom_model_data":334},"model":"modelengine:dragon4/bone22"},{"predicate":{"custom_model_data":335},"model":"modelengine:dragon4/bone23"},{"predicate":{"custom_model_data":336},"model":"modelengine:dragon4/bone19"},{"predicate":{"custom_model_data":337},"model":"modelengine:dragon5/leftarm"},{"predicate":{"custom_model_data":338},"model":"modelengine:dragon5/bone"},{"predicate":{"custom_model_data":339},"model":"modelengine:dragon5/bone2"},{"predicate":{"custom_model_data":340},"model":"modelengine:dragon5/bone38"},{"predicate":{"custom_model_data":341},"model":"modelengine:dragon5/bone37"},{"predicate":{"custom_model_data":342},"model":"modelengine:dragon5/bone39"},{"predicate":{"custom_model_data":343},"model":"modelengine:dragon5/bone44"},{"predicate":{"custom_model_data":344},"model":"modelengine:dragon5/rightarm"},{"predicate":{"custom_model_data":345},"model":"modelengine:dragon5/bone3"},{"predicate":{"custom_model_data":346},"model":"modelengine:dragon5/bone4"},{"predicate":{"custom_model_data":347},"model":"modelengine:dragon5/bone41"},{"predicate":{"custom_model_data":348},"model":"modelengine:dragon5/bone42"},{"predicate":{"custom_model_data":349},"model":"modelengine:dragon5/bone40"},{"predicate":{"custom_model_data":350},"model":"modelengine:dragon5/bone43"},{"predicate":{"custom_model_data":351},"model":"modelengine:dragon5/bone5"},{"predicate":{"custom_model_data":352},"model":"modelengine:dragon5/rightwing"},{"predicate":{"custom_model_data":353},"model":"modelengine:dragon5/bone6"},{"predicate":{"custom_model_data":354},"model":"modelengine:dragon5/leftwing"},{"predicate":{"custom_model_data":355},"model":"modelengine:dragon5/body"},{"predicate":{"custom_model_data":356},"model":"modelengine:dragon5/bone24"},{"predicate":{"custom_model_data":357},"model":"modelengine:dragon5/bone25"},{"predicate":{"custom_model_data":358},"model":"modelengine:dragon5/bone26"},{"predicate":{"custom_model_data":359},"model":"modelengine:dragon5/bone27"},{"predicate":{"custom_model_data":360},"model":"modelengine:dragon5/bone28"},{"predicate":{"custom_model_data":361},"model":"modelengine:dragon5/bone29"},{"predicate":{"custom_model_data":362},"model":"modelengine:dragon5/bone30"},{"predicate":{"custom_model_data":363},"model":"modelengine:dragon5/bone31"},{"predicate":{"custom_model_data":364},"model":"modelengine:dragon5/bone32"},{"predicate":{"custom_model_data":365},"model":"modelengine:dragon5/bone33"},{"predicate":{"custom_model_data":366},"model":"modelengine:dragon5/bone34"},{"predicate":{"custom_model_data":367},"model":"modelengine:dragon5/bone36"},{"predicate":{"custom_model_data":368},"model":"modelengine:dragon5/bone35"},{"predicate":{"custom_model_data":369},"model":"modelengine:dragon5/nick"},{"predicate":{"custom_model_data":370},"model":"modelengine:dragon5/bone10"},{"predicate":{"custom_model_data":371},"model":"modelengine:dragon5/bone11"},{"predicate":{"custom_model_data":372},"model":"modelengine:dragon5/head"},{"predicate":{"custom_model_data":373},"model":"modelengine:dragon5/bone7"},{"predicate":{"custom_model_data":374},"model":"modelengine:dragon5/bone8"},{"predicate":{"custom_model_data":375},"model":"modelengine:dragon5/bone9"},{"predicate":{"custom_model_data":376},"model":"modelengine:dragon5/leftleg"},{"predicate":{"custom_model_data":377},"model":"modelengine:dragon5/bone12"},{"predicate":{"custom_model_data":378},"model":"modelengine:dragon5/bone15"},{"predicate":{"custom_model_data":379},"model":"modelengine:dragon5/bone16"},{"predicate":{"custom_model_data":380},"model":"modelengine:dragon5/bone17"},{"predicate":{"custom_model_data":381},"model":"modelengine:dragon5/bone13"},{"predicate":{"custom_model_data":382},"model":"modelengine:dragon5/rightleg"},{"predicate":{"custom_model_data":383},"model":"modelengine:dragon5/bone18"},{"predicate":{"custom_model_data":384},"model":"modelengine:dragon5/bone21"},{"predicate":{"custom_model_data":385},"model":"modelengine:dragon5/bone22"},{"predicate":{"custom_model_data":386},"model":"modelengine:dragon5/bone23"},{"predicate":{"custom_model_data":387},"model":"modelengine:dragon5/bone19"},{"predicate":{"custom_model_data":388},"model":"modelengine:dragonrotate/leftarm"},{"predicate":{"custom_model_data":389},"model":"modelengine:dragonrotate/bone"},{"predicate":{"custom_model_data":390},"model":"modelengine:dragonrotate/bone2"},{"predicate":{"custom_model_data":391},"model":"modelengine:dragonrotate/bone38"},{"predicate":{"custom_model_data":392},"model":"modelengine:dragonrotate/bone37"},{"predicate":{"custom_model_data":393},"model":"modelengine:dragonrotate/bone39"},{"predicate":{"custom_model_data":394},"model":"modelengine:dragonrotate/bone44"},{"predicate":{"custom_model_data":395},"model":"modelengine:dragonrotate/rightarm"},{"predicate":{"custom_model_data":396},"model":"modelengine:dragonrotate/bone3"},{"predicate":{"custom_model_data":397},"model":"modelengine:dragonrotate/bone4"},{"predicate":{"custom_model_data":398},"model":"modelengine:dragonrotate/bone41"},{"predicate":{"custom_model_data":399},"model":"modelengine:dragonrotate/bone42"},{"predicate":{"custom_model_data":400},"model":"modelengine:dragonrotate/bone40"},{"predicate":{"custom_model_data":401},"model":"modelengine:dragonrotate/bone43"},{"predicate":{"custom_model_data":402},"model":"modelengine:dragonrotate/bone5"},{"predicate":{"custom_model_data":403},"model":"modelengine:dragonrotate/rightwing"},{"predicate":{"custom_model_data":404},"model":"modelengine:dragonrotate/bone6"},{"predicate":{"custom_model_data":405},"model":"modelengine:dragonrotate/leftwing"},{"predicate":{"custom_model_data":406},"model":"modelengine:dragonrotate/body"},{"predicate":{"custom_model_data":407},"model":"modelengine:dragonrotate/bone24"},{"predicate":{"custom_model_data":408},"model":"modelengine:dragonrotate/bone25"},{"predicate":{"custom_model_data":409},"model":"modelengine:dragonrotate/bone26"},{"predicate":{"custom_model_data":410},"model":"modelengine:dragonrotate/bone27"},{"predicate":{"custom_model_data":411},"model":"modelengine:dragonrotate/bone28"},{"predicate":{"custom_model_data":412},"model":"modelengine:dragonrotate/bone29"},{"predicate":{"custom_model_data":413},"model":"modelengine:dragonrotate/bone30"},{"predicate":{"custom_model_data":414},"model":"modelengine:dragonrotate/bone31"},{"predicate":{"custom_model_data":415},"model":"modelengine:dragonrotate/bone32"},{"predicate":{"custom_model_data":416},"model":"modelengine:dragonrotate/bone33"},{"predicate":{"custom_model_data":417},"model":"modelengine:dragonrotate/bone34"},{"predicate":{"custom_model_data":418},"model":"modelengine:dragonrotate/bone36"},{"predicate":{"custom_model_data":419},"model":"modelengine:dragonrotate/bone35"},{"predicate":{"custom_model_data":420},"model":"modelengine:dragonrotate/nick"},{"predicate":{"custom_model_data":421},"model":"modelengine:dragonrotate/bone10"},{"predicate":{"custom_model_data":422},"model":"modelengine:dragonrotate/bone11"},{"predicate":{"custom_model_data":423},"model":"modelengine:dragonrotate/head"},{"predicate":{"custom_model_data":424},"model":"modelengine:dragonrotate/bone7"},{"predicate":{"custom_model_data":425},"model":"modelengine:dragonrotate/bone8"},{"predicate":{"custom_model_data":426},"model":"modelengine:dragonrotate/bone9"},{"predicate":{"custom_model_data":427},"model":"modelengine:dragonrotate/leftleg"},{"predicate":{"custom_model_data":428},"model":"modelengine:dragonrotate/bone12"},{"predicate":{"custom_model_data":429},"model":"modelengine:dragonrotate/bone15"},{"predicate":{"custom_model_data":430},"model":"modelengine:dragonrotate/bone16"},{"predicate":{"custom_model_data":431},"model":"modelengine:dragonrotate/bone17"},{"predicate":{"custom_model_data":432},"model":"modelengine:dragonrotate/bone13"},{"predicate":{"custom_model_data":433},"model":"modelengine:dragonrotate/rightleg"},{"predicate":{"custom_model_data":434},"model":"modelengine:dragonrotate/bone18"},{"predicate":{"custom_model_data":435},"model":"modelengine:dragonrotate/bone21"},{"predicate":{"custom_model_data":436},"model":"modelengine:dragonrotate/bone22"},{"predicate":{"custom_model_data":437},"model":"modelengine:dragonrotate/bone23"},{"predicate":{"custom_model_data":438},"model":"modelengine:dragonrotate/bone19"},{"predicate":{"custom_model_data":439},"model":"modelengine:farmer/body"},{"predicate":{"custom_model_data":440},"model":"modelengine:farmer/head"},{"predicate":{"custom_model_data":441},"model":"modelengine:farmer/rightarm"},{"predicate":{"custom_model_data":442},"model":"modelengine:farmer/rightarm1"},{"predicate":{"custom_model_data":443},"model":"modelengine:farmer/leftarm"},{"predicate":{"custom_model_data":444},"model":"modelengine:farmer/leftarm3"},{"predicate":{"custom_model_data":445},"model":"modelengine:farmer/rightleg"},{"predicate":{"custom_model_data":446},"model":"modelengine:farmer/rightleg1"},{"predicate":{"custom_model_data":447},"model":"modelengine:farmer/leftleg"},{"predicate":{"custom_model_data":448},"model":"modelengine:farmer/leftleg3"},{"predicate":{"custom_model_data":449},"model":"modelengine:fisherman/body"},{"predicate":{"custom_model_data":450},"model":"modelengine:fisherman/backpack"},{"predicate":{"custom_model_data":451},"model":"modelengine:fisherman/head"},{"predicate":{"custom_model_data":452},"model":"modelengine:fisherman/noise"},{"predicate":{"custom_model_data":453},"model":"modelengine:fisherman/rightarm"},{"predicate":{"custom_model_data":454},"model":"modelengine:fisherman/rightarm1"},{"predicate":{"custom_model_data":455},"model":"modelengine:fisherman/leftarm"},{"predicate":{"custom_model_data":456},"model":"modelengine:fisherman/leftarm3"},{"predicate":{"custom_model_data":457},"model":"modelengine:fisherman/fishingrod"},{"predicate":{"custom_model_data":458},"model":"modelengine:fisherman/bone3"},{"predicate":{"custom_model_data":459},"model":"modelengine:fisherman/bone"},{"predicate":{"custom_model_data":460},"model":"modelengine:fisherman/bone2"},{"predicate":{"custom_model_data":461},"model":"modelengine:fisherman/bone4"},{"predicate":{"custom_model_data":462},"model":"modelengine:fisherman/bone5"},{"predicate":{"custom_model_data":463},"model":"modelengine:fisherman/bone6"},{"predicate":{"custom_model_data":464},"model":"modelengine:fisherman/bone7"},{"predicate":{"custom_model_data":465},"model":"modelengine:fisherman/bone8"},{"predicate":{"custom_model_data":466},"model":"modelengine:fisherman/rightleg"},{"predicate":{"custom_model_data":467},"model":"modelengine:fisherman/rightleg1"},{"predicate":{"custom_model_data":468},"model":"modelengine:fisherman/leftleg"},{"predicate":{"custom_model_data":469},"model":"modelengine:fisherman/leftleg3"},{"predicate":{"custom_model_data":470},"model":"modelengine:fisherman2/body"},{"predicate":{"custom_model_data":471},"model":"modelengine:fisherman2/head"},{"predicate":{"custom_model_data":472},"model":"modelengine:fisherman2/noise"},{"predicate":{"custom_model_data":473},"model":"modelengine:fisherman2/rightarm"},{"predicate":{"custom_model_data":474},"model":"modelengine:fisherman2/rightarm1"},{"predicate":{"custom_model_data":475},"model":"modelengine:fisherman2/leftarm"},{"predicate":{"custom_model_data":476},"model":"modelengine:fisherman2/leftarm3"},{"predicate":{"custom_model_data":477},"model":"modelengine:fisherman2/fishingrod"},{"predicate":{"custom_model_data":478},"model":"modelengine:fisherman2/bone3"},{"predicate":{"custom_model_data":479},"model":"modelengine:fisherman2/bone"},{"predicate":{"custom_model_data":480},"model":"modelengine:fisherman2/bone2"},{"predicate":{"custom_model_data":481},"model":"modelengine:fisherman2/bone4"},{"predicate":{"custom_model_data":482},"model":"modelengine:fisherman2/bone5"},{"predicate":{"custom_model_data":483},"model":"modelengine:fisherman2/bone6"},{"predicate":{"custom_model_data":484},"model":"modelengine:fisherman2/bone7"},{"predicate":{"custom_model_data":485},"model":"modelengine:fisherman2/bone8"},{"predicate":{"custom_model_data":486},"model":"modelengine:fisherman2/rightleg"},{"predicate":{"custom_model_data":487},"model":"modelengine:fisherman2/rightleg1"},{"predicate":{"custom_model_data":488},"model":"modelengine:fisherman2/leftleg"},{"predicate":{"custom_model_data":489},"model":"modelengine:fisherman2/leftleg3"},{"predicate":{"custom_model_data":490},"model":"modelengine:ghost/body"},{"predicate":{"custom_model_data":491},"model":"modelengine:ghost/bone8"},{"predicate":{"custom_model_data":492},"model":"modelengine:ghost/bone2"},{"predicate":{"custom_model_data":493},"model":"modelengine:ghost/legs"},{"predicate":{"custom_model_data":494},"model":"modelengine:ghost/head"},{"predicate":{"custom_model_data":495},"model":"modelengine:ghost/rightarm"},{"predicate":{"custom_model_data":496},"model":"modelengine:ghost/bone3"},{"predicate":{"custom_model_data":497},"model":"modelengine:ghost/leftarm"},{"predicate":{"custom_model_data":498},"model":"modelengine:ghost/bone4"},{"predicate":{"custom_model_data":499},"model":"modelengine:gladiator/body"},{"predicate":{"custom_model_data":500},"model":"modelengine:gladiator/bone"},{"predicate":{"custom_model_data":501},"model":"modelengine:gladiator/bone2"},{"predicate":{"custom_model_data":502},"model":"modelengine:gladiator/head"},{"predicate":{"custom_model_data":503},"model":"modelengine:gladiator/hat"},{"predicate":{"custom_model_data":504},"model":"modelengine:gladiator/bone5"},{"predicate":{"custom_model_data":505},"model":"modelengine:gladiator/rightarm"},{"predicate":{"custom_model_data":506},"model":"modelengine:gladiator/rightarm2"},{"predicate":{"custom_model_data":507},"model":"modelengine:gladiator/shield"},{"predicate":{"custom_model_data":508},"model":"modelengine:gladiator/leftarm"},{"predicate":{"custom_model_data":509},"model":"modelengine:gladiator/leftarm2"},{"predicate":{"custom_model_data":510},"model":"modelengine:gladiator/bone3"},{"predicate":{"custom_model_data":511},"model":"modelengine:gladiator/bone4"},{"predicate":{"custom_model_data":512},"model":"modelengine:gladiator/rightleg"},{"predicate":{"custom_model_data":513},"model":"modelengine:gladiator/rightleg1"},{"predicate":{"custom_model_data":514},"model":"modelengine:gladiator/leftleg"},{"predicate":{"custom_model_data":515},"model":"modelengine:gladiator/leftleg3"},{"predicate":{"custom_model_data":516},"model":"modelengine:glider/body"},{"predicate":{"custom_model_data":517},"model":"modelengine:glider/head"},{"predicate":{"custom_model_data":518},"model":"modelengine:glider/rightarm"},{"predicate":{"custom_model_data":519},"model":"modelengine:glider/rightarm1"},{"predicate":{"custom_model_data":520},"model":"modelengine:glider/leftarm"},{"predicate":{"custom_model_data":521},"model":"modelengine:glider/leftarm3"},{"predicate":{"custom_model_data":522},"model":"modelengine:glider/rightleg"},{"predicate":{"custom_model_data":523},"model":"modelengine:glider/rightleg1"},{"predicate":{"custom_model_data":524},"model":"modelengine:glider/leftleg"},{"predicate":{"custom_model_data":525},"model":"modelengine:glider/leftleg3"},{"predicate":{"custom_model_data":526},"model":"modelengine:goblin_archer/body"},{"predicate":{"custom_model_data":527},"model":"modelengine:goblin_archer/chest"},{"predicate":{"custom_model_data":528},"model":"modelengine:goblin_archer/nick"},{"predicate":{"custom_model_data":529},"model":"modelengine:goblin_archer/head"},{"predicate":{"custom_model_data":530},"model":"modelengine:goblin_archer/bone3"},{"predicate":{"custom_model_data":531},"model":"modelengine:goblin_archer/dgdfg"},{"predicate":{"custom_model_data":532},"model":"modelengine:goblin_archer/bone2"},{"predicate":{"custom_model_data":533},"model":"modelengine:goblin_archer/bow"},{"predicate":{"custom_model_data":534},"model":"modelengine:goblin_archer/group"},{"predicate":{"custom_model_data":535},"model":"modelengine:goblin_archer/bone4"},{"predicate":{"custom_model_data":536},"model":"modelengine:goblin_archer/bone5"},{"predicate":{"custom_model_data":537},"model":"modelengine:goblin_archer/rightarm"},{"predicate":{"custom_model_data":538},"model":"modelengine:goblin_archer/group2gg"},{"predicate":{"custom_model_data":539},"model":"modelengine:goblin_archer/bone"},{"predicate":{"custom_model_data":540},"model":"modelengine:goblin_archer/leftarm"},{"predicate":{"custom_model_data":541},"model":"modelengine:goblin_archer/leftleg"},{"predicate":{"custom_model_data":542},"model":"modelengine:goblin_archer/hhhh"},{"predicate":{"custom_model_data":543},"model":"modelengine:goblin_archer/gfgfg"},{"predicate":{"custom_model_data":544},"model":"modelengine:goblin_archer/grouphh"},{"predicate":{"custom_model_data":545},"model":"modelengine:goblin_archer/rightleg"},{"predicate":{"custom_model_data":546},"model":"modelengine:goblin_archer/hhhh2"},{"predicate":{"custom_model_data":547},"model":"modelengine:goblin_archer/gfgfg2"},{"predicate":{"custom_model_data":548},"model":"modelengine:goblin_archer/grouphh2"},{"predicate":{"custom_model_data":549},"model":"modelengine:goblin_brawler/body"},{"predicate":{"custom_model_data":550},"model":"modelengine:goblin_brawler/chest"},{"predicate":{"custom_model_data":551},"model":"modelengine:goblin_brawler/nick"},{"predicate":{"custom_model_data":552},"model":"modelengine:goblin_brawler/head"},{"predicate":{"custom_model_data":553},"model":"modelengine:goblin_brawler/bone3"},{"predicate":{"custom_model_data":554},"model":"modelengine:goblin_brawler/sholder1"},{"predicate":{"custom_model_data":555},"model":"modelengine:goblin_brawler/sholder2"},{"predicate":{"custom_model_data":556},"model":"modelengine:goblin_brawler/dgdfg"},{"predicate":{"custom_model_data":557},"model":"modelengine:goblin_brawler/bone2"},{"predicate":{"custom_model_data":558},"model":"modelengine:goblin_brawler/sword"},{"predicate":{"custom_model_data":559},"model":"modelengine:goblin_brawler/rightarm"},{"predicate":{"custom_model_data":560},"model":"modelengine:goblin_brawler/group2gg"},{"predicate":{"custom_model_data":561},"model":"modelengine:goblin_brawler/bone"},{"predicate":{"custom_model_data":562},"model":"modelengine:goblin_brawler/sword2"},{"predicate":{"custom_model_data":563},"model":"modelengine:goblin_brawler/leftarm"},{"predicate":{"custom_model_data":564},"model":"modelengine:goblin_brawler/leftleg"},{"predicate":{"custom_model_data":565},"model":"modelengine:goblin_brawler/hhhh"},{"predicate":{"custom_model_data":566},"model":"modelengine:goblin_brawler/gfgfg"},{"predicate":{"custom_model_data":567},"model":"modelengine:goblin_brawler/grouphh"},{"predicate":{"custom_model_data":568},"model":"modelengine:goblin_brawler/rightleg"},{"predicate":{"custom_model_data":569},"model":"modelengine:goblin_brawler/hhhh2"},{"predicate":{"custom_model_data":570},"model":"modelengine:goblin_brawler/gfgfg2"},{"predicate":{"custom_model_data":571},"model":"modelengine:goblin_brawler/grouphh2"},{"predicate":{"custom_model_data":572},"model":"modelengine:goblin_sword/body"},{"predicate":{"custom_model_data":573},"model":"modelengine:goblin_sword/chest"},{"predicate":{"custom_model_data":574},"model":"modelengine:goblin_sword/nick"},{"predicate":{"custom_model_data":575},"model":"modelengine:goblin_sword/head"},{"predicate":{"custom_model_data":576},"model":"modelengine:goblin_sword/bone3"},{"predicate":{"custom_model_data":577},"model":"modelengine:goblin_sword/sholder1"},{"predicate":{"custom_model_data":578},"model":"modelengine:goblin_sword/sholder2"},{"predicate":{"custom_model_data":579},"model":"modelengine:goblin_sword/dgdfg"},{"predicate":{"custom_model_data":580},"model":"modelengine:goblin_sword/bone2"},{"predicate":{"custom_model_data":581},"model":"modelengine:goblin_sword/sword"},{"predicate":{"custom_model_data":582},"model":"modelengine:goblin_sword/rightarm"},{"predicate":{"custom_model_data":583},"model":"modelengine:goblin_sword/group2gg"},{"predicate":{"custom_model_data":584},"model":"modelengine:goblin_sword/shield"},{"predicate":{"custom_model_data":585},"model":"modelengine:goblin_sword/bone"},{"predicate":{"custom_model_data":586},"model":"modelengine:goblin_sword/leftarm"},{"predicate":{"custom_model_data":587},"model":"modelengine:goblin_sword/leftleg"},{"predicate":{"custom_model_data":588},"model":"modelengine:goblin_sword/hhhh"},{"predicate":{"custom_model_data":589},"model":"modelengine:goblin_sword/gfgfg"},{"predicate":{"custom_model_data":590},"model":"modelengine:goblin_sword/grouphh"},{"predicate":{"custom_model_data":591},"model":"modelengine:goblin_sword/rightleg"},{"predicate":{"custom_model_data":592},"model":"modelengine:goblin_sword/hhhh2"},{"predicate":{"custom_model_data":593},"model":"modelengine:goblin_sword/gfgfg2"},{"predicate":{"custom_model_data":594},"model":"modelengine:goblin_sword/grouphh2"},{"predicate":{"custom_model_data":595},"model":"modelengine:librarian/leftleg"},{"predicate":{"custom_model_data":596},"model":"modelengine:librarian/bone3"},{"predicate":{"custom_model_data":597},"model":"modelengine:librarian/rightleg"},{"predicate":{"custom_model_data":598},"model":"modelengine:librarian/bone4"},{"predicate":{"custom_model_data":599},"model":"modelengine:librarian/body"},{"predicate":{"custom_model_data":600},"model":"modelengine:librarian/leftarm"},{"predicate":{"custom_model_data":601},"model":"modelengine:librarian/bone2"},{"predicate":{"custom_model_data":602},"model":"modelengine:librarian/book"},{"predicate":{"custom_model_data":603},"model":"modelengine:librarian/rightarm"},{"predicate":{"custom_model_data":604},"model":"modelengine:librarian/bone5"},{"predicate":{"custom_model_data":605},"model":"modelengine:librarian/head"},{"predicate":{"custom_model_data":606},"model":"modelengine:lighthouse_lamp/lamp"},{"predicate":{"custom_model_data":607},"model":"modelengine:lighthouse_lamp/beam"},{"predicate":{"custom_model_data":608},"model":"modelengine:lighthouse_lamp/beam2"},{"predicate":{"custom_model_data":609},"model":"modelengine:lighthouse_lamp/beam3"},{"predicate":{"custom_model_data":610},"model":"modelengine:lighthouse_lamp_off/lamp"},{"predicate":{"custom_model_data":611},"model":"modelengine:lighthouse_npc/leftleg"},{"predicate":{"custom_model_data":612},"model":"modelengine:lighthouse_npc/bone3"},{"predicate":{"custom_model_data":613},"model":"modelengine:lighthouse_npc/rightleg"},{"predicate":{"custom_model_data":614},"model":"modelengine:lighthouse_npc/bone4"},{"predicate":{"custom_model_data":615},"model":"modelengine:lighthouse_npc/body"},{"predicate":{"custom_model_data":616},"model":"modelengine:lighthouse_npc/bone6"},{"predicate":{"custom_model_data":617},"model":"modelengine:lighthouse_npc/leftarm"},{"predicate":{"custom_model_data":618},"model":"modelengine:lighthouse_npc/bone2"},{"predicate":{"custom_model_data":619},"model":"modelengine:lighthouse_npc/rightarm"},{"predicate":{"custom_model_data":620},"model":"modelengine:lighthouse_npc/bone5"},{"predicate":{"custom_model_data":621},"model":"modelengine:lighthouse_npc/head"},{"predicate":{"custom_model_data":622},"model":"modelengine:meteor/group"},{"predicate":{"custom_model_data":623},"model":"modelengine:meteor/group2"},{"predicate":{"custom_model_data":624},"model":"modelengine:miner_overseer/leftleg"},{"predicate":{"custom_model_data":625},"model":"modelengine:miner_overseer/bone3"},{"predicate":{"custom_model_data":626},"model":"modelengine:miner_overseer/rightleg"},{"predicate":{"custom_model_data":627},"model":"modelengine:miner_overseer/bone4"},{"predicate":{"custom_model_data":628},"model":"modelengine:miner_overseer/body"},{"predicate":{"custom_model_data":629},"model":"modelengine:miner_overseer/leftarm"},{"predicate":{"custom_model_data":630},"model":"modelengine:miner_overseer/bone2"},{"predicate":{"custom_model_data":631},"model":"modelengine:miner_overseer/bone"},{"predicate":{"custom_model_data":632},"model":"modelengine:miner_overseer/rightarm"},{"predicate":{"custom_model_data":633},"model":"modelengine:miner_overseer/bone5"},{"predicate":{"custom_model_data":634},"model":"modelengine:miner_overseer/head"},{"predicate":{"custom_model_data":635},"model":"modelengine:miner_overseer/hat"},{"predicate":{"custom_model_data":636},"model":"modelengine:minitoda/rightleg"},{"predicate":{"custom_model_data":637},"model":"modelengine:minitoda/bone4"},{"predicate":{"custom_model_data":638},"model":"modelengine:minitoda/bone6"},{"predicate":{"custom_model_data":639},"model":"modelengine:minitoda/bone5"},{"predicate":{"custom_model_data":640},"model":"modelengine:minitoda/leftleg"},{"predicate":{"custom_model_data":641},"model":"modelengine:minitoda/bone2"},{"predicate":{"custom_model_data":642},"model":"modelengine:minitoda/bone10"},{"predicate":{"custom_model_data":643},"model":"modelengine:minitoda/bone3"},{"predicate":{"custom_model_data":644},"model":"modelengine:minitoda/group"},{"predicate":{"custom_model_data":645},"model":"modelengine:minitoda/head"},{"predicate":{"custom_model_data":646},"model":"modelengine:minitoda/tail"},{"predicate":{"custom_model_data":647},"model":"modelengine:minitoda/bone8"},{"predicate":{"custom_model_data":648},"model":"modelengine:minitoda/bone7"},{"predicate":{"custom_model_data":649},"model":"modelengine:minitoda/bone9"},{"predicate":{"custom_model_data":650},"model":"modelengine:npc_green_captain/leftleg"},{"predicate":{"custom_model_data":651},"model":"modelengine:npc_green_captain/bone3"},{"predicate":{"custom_model_data":652},"model":"modelengine:npc_green_captain/rightleg"},{"predicate":{"custom_model_data":653},"model":"modelengine:npc_green_captain/bone4"},{"predicate":{"custom_model_data":654},"model":"modelengine:npc_green_captain/body"},{"predicate":{"custom_model_data":655},"model":"modelengine:npc_green_captain/bone6"},{"predicate":{"custom_model_data":656},"model":"modelengine:npc_green_captain/bone"},{"predicate":{"custom_model_data":657},"model":"modelengine:npc_green_captain/bone7"},{"predicate":{"custom_model_data":658},"model":"modelengine:npc_green_captain/bone8"},{"predicate":{"custom_model_data":659},"model":"modelengine:npc_green_captain/leftarm"},{"predicate":{"custom_model_data":660},"model":"modelengine:npc_green_captain/bone2"},{"predicate":{"custom_model_data":661},"model":"modelengine:npc_green_captain/rightarm"},{"predicate":{"custom_model_data":662},"model":"modelengine:npc_green_captain/bone5"},{"predicate":{"custom_model_data":663},"model":"modelengine:npc_green_captain/pickaxe"},{"predicate":{"custom_model_data":664},"model":"modelengine:npc_green_captain/head"},{"predicate":{"custom_model_data":665},"model":"modelengine:npc_green_soldier1/leftleg"},{"predicate":{"custom_model_data":666},"model":"modelengine:npc_green_soldier1/bone3"},{"predicate":{"custom_model_data":667},"model":"modelengine:npc_green_soldier1/rightleg"},{"predicate":{"custom_model_data":668},"model":"modelengine:npc_green_soldier1/bone4"},{"predicate":{"custom_model_data":669},"model":"modelengine:npc_green_soldier1/body"},{"predicate":{"custom_model_data":670},"model":"modelengine:npc_green_soldier1/leftarm"},{"predicate":{"custom_model_data":671},"model":"modelengine:npc_green_soldier1/bone2"},{"predicate":{"custom_model_data":672},"model":"modelengine:npc_green_soldier1/rightarm"},{"predicate":{"custom_model_data":673},"model":"modelengine:npc_green_soldier1/bone5"},{"predicate":{"custom_model_data":674},"model":"modelengine:npc_green_soldier1/pickaxe"},{"predicate":{"custom_model_data":675},"model":"modelengine:npc_green_soldier1/head"},{"predicate":{"custom_model_data":676},"model":"modelengine:npc_mage/leftleg"},{"predicate":{"custom_model_data":677},"model":"modelengine:npc_mage/bone3"},{"predicate":{"custom_model_data":678},"model":"modelengine:npc_mage/rightleg"},{"predicate":{"custom_model_data":679},"model":"modelengine:npc_mage/bone4"},{"predicate":{"custom_model_data":680},"model":"modelengine:npc_mage/body"},{"predicate":{"custom_model_data":681},"model":"modelengine:npc_mage/cape"},{"predicate":{"custom_model_data":682},"model":"modelengine:npc_mage/bone7"},{"predicate":{"custom_model_data":683},"model":"modelengine:npc_mage/bone"},{"predicate":{"custom_model_data":684},"model":"modelengine:npc_mage/bone6"},{"predicate":{"custom_model_data":685},"model":"modelengine:npc_mage/leftarm"},{"predicate":{"custom_model_data":686},"model":"modelengine:npc_mage/bone2"},{"predicate":{"custom_model_data":687},"model":"modelengine:npc_mage/rightarm"},{"predicate":{"custom_model_data":688},"model":"modelengine:npc_mage/bone5"},{"predicate":{"custom_model_data":689},"model":"modelengine:npc_mage/spear"},{"predicate":{"custom_model_data":690},"model":"modelengine:npc_mage/head"},{"predicate":{"custom_model_data":691},"model":"modelengine:npc_miner1/leftleg"},{"predicate":{"custom_model_data":692},"model":"modelengine:npc_miner1/bone3"},{"predicate":{"custom_model_data":693},"model":"modelengine:npc_miner1/rightleg"},{"predicate":{"custom_model_data":694},"model":"modelengine:npc_miner1/bone4"},{"predicate":{"custom_model_data":695},"model":"modelengine:npc_miner1/body"},{"predicate":{"custom_model_data":696},"model":"modelengine:npc_miner1/leftarm"},{"predicate":{"custom_model_data":697},"model":"modelengine:npc_miner1/bone2"},{"predicate":{"custom_model_data":698},"model":"modelengine:npc_miner1/rightarm"},{"predicate":{"custom_model_data":699},"model":"modelengine:npc_miner1/bone5"},{"predicate":{"custom_model_data":700},"model":"modelengine:npc_miner1/pickaxe"},{"predicate":{"custom_model_data":701},"model":"modelengine:npc_miner1/head"},{"predicate":{"custom_model_data":702},"model":"modelengine:npc_miner2/leftleg"},{"predicate":{"custom_model_data":703},"model":"modelengine:npc_miner2/bone3"},{"predicate":{"custom_model_data":704},"model":"modelengine:npc_miner2/rightleg"},{"predicate":{"custom_model_data":705},"model":"modelengine:npc_miner2/bone4"},{"predicate":{"custom_model_data":706},"model":"modelengine:npc_miner2/body"},{"predicate":{"custom_model_data":707},"model":"modelengine:npc_miner2/leftarm"},{"predicate":{"custom_model_data":708},"model":"modelengine:npc_miner2/bone2"},{"predicate":{"custom_model_data":709},"model":"modelengine:npc_miner2/rightarm"},{"predicate":{"custom_model_data":710},"model":"modelengine:npc_miner2/bone5"},{"predicate":{"custom_model_data":711},"model":"modelengine:npc_miner2/pickaxe"},{"predicate":{"custom_model_data":712},"model":"modelengine:npc_miner2/head"},{"predicate":{"custom_model_data":713},"model":"modelengine:npc_miner3/leftleg"},{"predicate":{"custom_model_data":714},"model":"modelengine:npc_miner3/bone3"},{"predicate":{"custom_model_data":715},"model":"modelengine:npc_miner3/rightleg"},{"predicate":{"custom_model_data":716},"model":"modelengine:npc_miner3/bone4"},{"predicate":{"custom_model_data":717},"model":"modelengine:npc_miner3/body"},{"predicate":{"custom_model_data":718},"model":"modelengine:npc_miner3/leftarm"},{"predicate":{"custom_model_data":719},"model":"modelengine:npc_miner3/bone2"},{"predicate":{"custom_model_data":720},"model":"modelengine:npc_miner3/rightarm"},{"predicate":{"custom_model_data":721},"model":"modelengine:npc_miner3/bone5"},{"predicate":{"custom_model_data":722},"model":"modelengine:npc_miner3/pickaxe"},{"predicate":{"custom_model_data":723},"model":"modelengine:npc_miner3/head"},{"predicate":{"custom_model_data":724},"model":"modelengine:npc_miner4/leftleg"},{"predicate":{"custom_model_data":725},"model":"modelengine:npc_miner4/bone3"},{"predicate":{"custom_model_data":726},"model":"modelengine:npc_miner4/rightleg"},{"predicate":{"custom_model_data":727},"model":"modelengine:npc_miner4/bone4"},{"predicate":{"custom_model_data":728},"model":"modelengine:npc_miner4/body"},{"predicate":{"custom_model_data":729},"model":"modelengine:npc_miner4/leftarm"},{"predicate":{"custom_model_data":730},"model":"modelengine:npc_miner4/bone2"},{"predicate":{"custom_model_data":731},"model":"modelengine:npc_miner4/rightarm"},{"predicate":{"custom_model_data":732},"model":"modelengine:npc_miner4/bone5"},{"predicate":{"custom_model_data":733},"model":"modelengine:npc_miner4/pickaxe"},{"predicate":{"custom_model_data":734},"model":"modelengine:npc_miner4/head"},{"predicate":{"custom_model_data":735},"model":"modelengine:npc_miner_axe/leftleg"},{"predicate":{"custom_model_data":736},"model":"modelengine:npc_miner_axe/bone3"},{"predicate":{"custom_model_data":737},"model":"modelengine:npc_miner_axe/rightleg"},{"predicate":{"custom_model_data":738},"model":"modelengine:npc_miner_axe/bone4"},{"predicate":{"custom_model_data":739},"model":"modelengine:npc_miner_axe/body"},{"predicate":{"custom_model_data":740},"model":"modelengine:npc_miner_axe/leftarm"},{"predicate":{"custom_model_data":741},"model":"modelengine:npc_miner_axe/bone2"},{"predicate":{"custom_model_data":742},"model":"modelengine:npc_miner_axe/rightarm"},{"predicate":{"custom_model_data":743},"model":"modelengine:npc_miner_axe/bone5"},{"predicate":{"custom_model_data":744},"model":"modelengine:npc_miner_axe/pickaxe"},{"predicate":{"custom_model_data":745},"model":"modelengine:npc_miner_axe/head"},{"predicate":{"custom_model_data":746},"model":"modelengine:npc_miner_calamus/leftleg"},{"predicate":{"custom_model_data":747},"model":"modelengine:npc_miner_calamus/bone3"},{"predicate":{"custom_model_data":748},"model":"modelengine:npc_miner_calamus/rightleg"},{"predicate":{"custom_model_data":749},"model":"modelengine:npc_miner_calamus/bone4"},{"predicate":{"custom_model_data":750},"model":"modelengine:npc_miner_calamus/body"},{"predicate":{"custom_model_data":751},"model":"modelengine:npc_miner_calamus/leftarm"},{"predicate":{"custom_model_data":752},"model":"modelengine:npc_miner_calamus/bone2"},{"predicate":{"custom_model_data":753},"model":"modelengine:npc_miner_calamus/rightarm"},{"predicate":{"custom_model_data":754},"model":"modelengine:npc_miner_calamus/bone5"},{"predicate":{"custom_model_data":755},"model":"modelengine:npc_miner_calamus/pickaxe"},{"predicate":{"custom_model_data":756},"model":"modelengine:npc_miner_calamus/head"},{"predicate":{"custom_model_data":757},"model":"modelengine:npc_priest/leftleg"},{"predicate":{"custom_model_data":758},"model":"modelengine:npc_priest/bone3"},{"predicate":{"custom_model_data":759},"model":"modelengine:npc_priest/rightleg"},{"predicate":{"custom_model_data":760},"model":"modelengine:npc_priest/bone4"},{"predicate":{"custom_model_data":761},"model":"modelengine:npc_priest/body"},{"predicate":{"custom_model_data":762},"model":"modelengine:npc_priest/bone7"},{"predicate":{"custom_model_data":763},"model":"modelengine:npc_priest/bone"},{"predicate":{"custom_model_data":764},"model":"modelengine:npc_priest/bone6"},{"predicate":{"custom_model_data":765},"model":"modelengine:npc_priest/leftarm"},{"predicate":{"custom_model_data":766},"model":"modelengine:npc_priest/bone2"},{"predicate":{"custom_model_data":767},"model":"modelengine:npc_priest/rightarm"},{"predicate":{"custom_model_data":768},"model":"modelengine:npc_priest/bone5"},{"predicate":{"custom_model_data":769},"model":"modelengine:npc_priest/staff"},{"predicate":{"custom_model_data":770},"model":"modelengine:npc_priest/head"},{"predicate":{"custom_model_data":771},"model":"modelengine:npc_soldier1/leftleg"},{"predicate":{"custom_model_data":772},"model":"modelengine:npc_soldier1/bone3"},{"predicate":{"custom_model_data":773},"model":"modelengine:npc_soldier1/rightleg"},{"predicate":{"custom_model_data":774},"model":"modelengine:npc_soldier1/bone4"},{"predicate":{"custom_model_data":775},"model":"modelengine:npc_soldier1/body"},{"predicate":{"custom_model_data":776},"model":"modelengine:npc_soldier1/leftarm"},{"predicate":{"custom_model_data":777},"model":"modelengine:npc_soldier1/bone2"},{"predicate":{"custom_model_data":778},"model":"modelengine:npc_soldier1/shield"},{"predicate":{"custom_model_data":779},"model":"modelengine:npc_soldier1/rightarm"},{"predicate":{"custom_model_data":780},"model":"modelengine:npc_soldier1/bone5"},{"predicate":{"custom_model_data":781},"model":"modelengine:npc_soldier1/pickaxe"},{"predicate":{"custom_model_data":782},"model":"modelengine:npc_soldier1/head"},{"predicate":{"custom_model_data":783},"model":"modelengine:npc_soldier2/leftleg"},{"predicate":{"custom_model_data":784},"model":"modelengine:npc_soldier2/bone3"},{"predicate":{"custom_model_data":785},"model":"modelengine:npc_soldier2/rightleg"},{"predicate":{"custom_model_data":786},"model":"modelengine:npc_soldier2/bone4"},{"predicate":{"custom_model_data":787},"model":"modelengine:npc_soldier2/body"},{"predicate":{"custom_model_data":788},"model":"modelengine:npc_soldier2/leftarm"},{"predicate":{"custom_model_data":789},"model":"modelengine:npc_soldier2/bone2"},{"predicate":{"custom_model_data":790},"model":"modelengine:npc_soldier2/rightarm"},{"predicate":{"custom_model_data":791},"model":"modelengine:npc_soldier2/bone5"},{"predicate":{"custom_model_data":792},"model":"modelengine:npc_soldier2/crossbow"},{"predicate":{"custom_model_data":793},"model":"modelengine:npc_soldier2/arrow"},{"predicate":{"custom_model_data":794},"model":"modelengine:npc_soldier2/group2"},{"predicate":{"custom_model_data":795},"model":"modelengine:npc_soldier2/group"},{"predicate":{"custom_model_data":796},"model":"modelengine:npc_soldier2/head"},{"predicate":{"custom_model_data":797},"model":"modelengine:npc_soldier_captain/leftleg"},{"predicate":{"custom_model_data":798},"model":"modelengine:npc_soldier_captain/bone3"},{"predicate":{"custom_model_data":799},"model":"modelengine:npc_soldier_captain/rightleg"},{"predicate":{"custom_model_data":800},"model":"modelengine:npc_soldier_captain/bone4"},{"predicate":{"custom_model_data":801},"model":"modelengine:npc_soldier_captain/body"},{"predicate":{"custom_model_data":802},"model":"modelengine:npc_soldier_captain/bone6"},{"predicate":{"custom_model_data":803},"model":"modelengine:npc_soldier_captain/bone"},{"predicate":{"custom_model_data":804},"model":"modelengine:npc_soldier_captain/leftarm"},{"predicate":{"custom_model_data":805},"model":"modelengine:npc_soldier_captain/bone2"},{"predicate":{"custom_model_data":806},"model":"modelengine:npc_soldier_captain/rightarm"},{"predicate":{"custom_model_data":807},"model":"modelengine:npc_soldier_captain/bone5"},{"predicate":{"custom_model_data":808},"model":"modelengine:npc_soldier_captain/pickaxe"},{"predicate":{"custom_model_data":809},"model":"modelengine:npc_soldier_captain/head"},{"predicate":{"custom_model_data":810},"model":"modelengine:npc_villager/leftleg"},{"predicate":{"custom_model_data":811},"model":"modelengine:npc_villager/bone3"},{"predicate":{"custom_model_data":812},"model":"modelengine:npc_villager/rightleg"},{"predicate":{"custom_model_data":813},"model":"modelengine:npc_villager/bone4"},{"predicate":{"custom_model_data":814},"model":"modelengine:npc_villager/body"},{"predicate":{"custom_model_data":815},"model":"modelengine:npc_villager/leftarm"},{"predicate":{"custom_model_data":816},"model":"modelengine:npc_villager/bone2"},{"predicate":{"custom_model_data":817},"model":"modelengine:npc_villager/rightarm"},{"predicate":{"custom_model_data":818},"model":"modelengine:npc_villager/bone5"},{"predicate":{"custom_model_data":819},"model":"modelengine:npc_villager/head"},{"predicate":{"custom_model_data":820},"model":"modelengine:npc_wizard/leftleg"},{"predicate":{"custom_model_data":821},"model":"modelengine:npc_wizard/bone3"},{"predicate":{"custom_model_data":822},"model":"modelengine:npc_wizard/rightleg"},{"predicate":{"custom_model_data":823},"model":"modelengine:npc_wizard/bone4"},{"predicate":{"custom_model_data":824},"model":"modelengine:npc_wizard/body"},{"predicate":{"custom_model_data":825},"model":"modelengine:npc_wizard/bone6"},{"predicate":{"custom_model_data":826},"model":"modelengine:npc_wizard/bone7"},{"predicate":{"custom_model_data":827},"model":"modelengine:npc_wizard/leftarm"},{"predicate":{"custom_model_data":828},"model":"modelengine:npc_wizard/bone2"},{"predicate":{"custom_model_data":829},"model":"modelengine:npc_wizard/rightarm"},{"predicate":{"custom_model_data":830},"model":"modelengine:npc_wizard/bone5"},{"predicate":{"custom_model_data":831},"model":"modelengine:npc_wizard/staff"},{"predicate":{"custom_model_data":832},"model":"modelengine:npc_wizard/head"},{"predicate":{"custom_model_data":833},"model":"modelengine:orloc/rightleg"},{"predicate":{"custom_model_data":834},"model":"modelengine:orloc/bone"},{"predicate":{"custom_model_data":835},"model":"modelengine:orloc/bone2"},{"predicate":{"custom_model_data":836},"model":"modelengine:orloc/bone3"},{"predicate":{"custom_model_data":837},"model":"modelengine:orloc/leftleg"},{"predicate":{"custom_model_data":838},"model":"modelengine:orloc/bone4"},{"predicate":{"custom_model_data":839},"model":"modelengine:orloc/bone5"},{"predicate":{"custom_model_data":840},"model":"modelengine:orloc/bone6"},{"predicate":{"custom_model_data":841},"model":"modelengine:orloc/body"},{"predicate":{"custom_model_data":842},"model":"modelengine:orloc/bone18"},{"predicate":{"custom_model_data":843},"model":"modelengine:orloc/bone19"},{"predicate":{"custom_model_data":844},"model":"modelengine:orloc/head"},{"predicate":{"custom_model_data":845},"model":"modelengine:orloc/bone7"},{"predicate":{"custom_model_data":846},"model":"modelengine:orloc/leftarm"},{"predicate":{"custom_model_data":847},"model":"modelengine:orloc/bone8"},{"predicate":{"custom_model_data":848},"model":"modelengine:orloc/bone9"},{"predicate":{"custom_model_data":849},"model":"modelengine:orloc/bone10"},{"predicate":{"custom_model_data":850},"model":"modelengine:orloc/bone11"},{"predicate":{"custom_model_data":851},"model":"modelengine:orloc/bone12"},{"predicate":{"custom_model_data":852},"model":"modelengine:orloc/rightarm"},{"predicate":{"custom_model_data":853},"model":"modelengine:orloc/bone13"},{"predicate":{"custom_model_data":854},"model":"modelengine:orloc/bone14"},{"predicate":{"custom_model_data":855},"model":"modelengine:orloc/bone15"},{"predicate":{"custom_model_data":856},"model":"modelengine:orloc/bone16"},{"predicate":{"custom_model_data":857},"model":"modelengine:orloc/bone17"},{"predicate":{"custom_model_data":858},"model":"modelengine:orloc/chest"},{"predicate":{"custom_model_data":859},"model":"modelengine:orlocend/rightleg"},{"predicate":{"custom_model_data":860},"model":"modelengine:orlocend/bone"},{"predicate":{"custom_model_data":861},"model":"modelengine:orlocend/bone2"},{"predicate":{"custom_model_data":862},"model":"modelengine:orlocend/bone3"},{"predicate":{"custom_model_data":863},"model":"modelengine:orlocend/leftleg"},{"predicate":{"custom_model_data":864},"model":"modelengine:orlocend/bone4"},{"predicate":{"custom_model_data":865},"model":"modelengine:orlocend/bone5"},{"predicate":{"custom_model_data":866},"model":"modelengine:orlocend/bone6"},{"predicate":{"custom_model_data":867},"model":"modelengine:orlocend/body"},{"predicate":{"custom_model_data":868},"model":"modelengine:orlocend/bone18"},{"predicate":{"custom_model_data":869},"model":"modelengine:orlocend/bone19"},{"predicate":{"custom_model_data":870},"model":"modelengine:orlocend/head"},{"predicate":{"custom_model_data":871},"model":"modelengine:orlocend/bone7"},{"predicate":{"custom_model_data":872},"model":"modelengine:orlocend/leftarm"},{"predicate":{"custom_model_data":873},"model":"modelengine:orlocend/bone8"},{"predicate":{"custom_model_data":874},"model":"modelengine:orlocend/bone9"},{"predicate":{"custom_model_data":875},"model":"modelengine:orlocend/bone10"},{"predicate":{"custom_model_data":876},"model":"modelengine:orlocend/bone11"},{"predicate":{"custom_model_data":877},"model":"modelengine:orlocend/bone12"},{"predicate":{"custom_model_data":878},"model":"modelengine:orlocend/rightarm"},{"predicate":{"custom_model_data":879},"model":"modelengine:orlocend/bone13"},{"predicate":{"custom_model_data":880},"model":"modelengine:orlocend/bone14"},{"predicate":{"custom_model_data":881},"model":"modelengine:orlocend/bone15"},{"predicate":{"custom_model_data":882},"model":"modelengine:orlocend/bone16"},{"predicate":{"custom_model_data":883},"model":"modelengine:orlocend/bone17"},{"predicate":{"custom_model_data":884},"model":"modelengine:orlocend/chest"},{"predicate":{"custom_model_data":885},"model":"modelengine:paladin_1/leftleg"},{"predicate":{"custom_model_data":886},"model":"modelengine:paladin_1/bone3"},{"predicate":{"custom_model_data":887},"model":"modelengine:paladin_1/rightleg"},{"predicate":{"custom_model_data":888},"model":"modelengine:paladin_1/bone4"},{"predicate":{"custom_model_data":889},"model":"modelengine:paladin_1/body"},{"predicate":{"custom_model_data":890},"model":"modelengine:paladin_1/leftarm"},{"predicate":{"custom_model_data":891},"model":"modelengine:paladin_1/bone2"},{"predicate":{"custom_model_data":892},"model":"modelengine:paladin_1/shield"},{"predicate":{"custom_model_data":893},"model":"modelengine:paladin_1/rightarm"},{"predicate":{"custom_model_data":894},"model":"modelengine:paladin_1/bone5"},{"predicate":{"custom_model_data":895},"model":"modelengine:paladin_1/pickaxe"},{"predicate":{"custom_model_data":896},"model":"modelengine:paladin_1/head"},{"predicate":{"custom_model_data":897},"model":"modelengine:paladin_2/leftleg"},{"predicate":{"custom_model_data":898},"model":"modelengine:paladin_2/bone3"},{"predicate":{"custom_model_data":899},"model":"modelengine:paladin_2/rightleg"},{"predicate":{"custom_model_data":900},"model":"modelengine:paladin_2/bone4"},{"predicate":{"custom_model_data":901},"model":"modelengine:paladin_2/body"},{"predicate":{"custom_model_data":902},"model":"modelengine:paladin_2/leftarm"},{"predicate":{"custom_model_data":903},"model":"modelengine:paladin_2/bone2"},{"predicate":{"custom_model_data":904},"model":"modelengine:paladin_2/shield"},{"predicate":{"custom_model_data":905},"model":"modelengine:paladin_2/rightarm"},{"predicate":{"custom_model_data":906},"model":"modelengine:paladin_2/bone5"},{"predicate":{"custom_model_data":907},"model":"modelengine:paladin_2/pickaxe"},{"predicate":{"custom_model_data":908},"model":"modelengine:paladin_2/head"},{"predicate":{"custom_model_data":909},"model":"modelengine:parkourist/leftleg"},{"predicate":{"custom_model_data":910},"model":"modelengine:parkourist/bone3"},{"predicate":{"custom_model_data":911},"model":"modelengine:parkourist/rightleg"},{"predicate":{"custom_model_data":912},"model":"modelengine:parkourist/bone4"},{"predicate":{"custom_model_data":913},"model":"modelengine:parkourist/body"},{"predicate":{"custom_model_data":914},"model":"modelengine:parkourist/leftarm"},{"predicate":{"custom_model_data":915},"model":"modelengine:parkourist/bone2"},{"predicate":{"custom_model_data":916},"model":"modelengine:parkourist/rightarm"},{"predicate":{"custom_model_data":917},"model":"modelengine:parkourist/bone5"},{"predicate":{"custom_model_data":918},"model":"modelengine:parkourist/head"},{"predicate":{"custom_model_data":919},"model":"modelengine:parkourist/bone"},{"predicate":{"custom_model_data":920},"model":"modelengine:president/leftleg"},{"predicate":{"custom_model_data":921},"model":"modelengine:president/bone3"},{"predicate":{"custom_model_data":922},"model":"modelengine:president/rightleg"},{"predicate":{"custom_model_data":923},"model":"modelengine:president/bone4"},{"predicate":{"custom_model_data":924},"model":"modelengine:president/body"},{"predicate":{"custom_model_data":925},"model":"modelengine:president/leftarm"},{"predicate":{"custom_model_data":926},"model":"modelengine:president/bone2"},{"predicate":{"custom_model_data":927},"model":"modelengine:president/rightarm"},{"predicate":{"custom_model_data":928},"model":"modelengine:president/bone5"},{"predicate":{"custom_model_data":929},"model":"modelengine:president/head"},{"predicate":{"custom_model_data":930},"model":"modelengine:saber_tooth/body"},{"predicate":{"custom_model_data":931},"model":"modelengine:saber_tooth/bone15"},{"predicate":{"custom_model_data":932},"model":"modelengine:saber_tooth/chest"},{"predicate":{"custom_model_data":933},"model":"modelengine:saber_tooth/nick"},{"predicate":{"custom_model_data":934},"model":"modelengine:saber_tooth/bone16"},{"predicate":{"custom_model_data":935},"model":"modelengine:saber_tooth/head"},{"predicate":{"custom_model_data":936},"model":"modelengine:saber_tooth/bone18"},{"predicate":{"custom_model_data":937},"model":"modelengine:saber_tooth/bone19"},{"predicate":{"custom_model_data":938},"model":"modelengine:saber_tooth/rightleg"},{"predicate":{"custom_model_data":939},"model":"modelengine:saber_tooth/bone12"},{"predicate":{"custom_model_data":940},"model":"modelengine:saber_tooth/bone13"},{"predicate":{"custom_model_data":941},"model":"modelengine:saber_tooth/bone14"},{"predicate":{"custom_model_data":942},"model":"modelengine:saber_tooth/leftleg"},{"predicate":{"custom_model_data":943},"model":"modelengine:saber_tooth/bone"},{"predicate":{"custom_model_data":944},"model":"modelengine:saber_tooth/bone10"},{"predicate":{"custom_model_data":945},"model":"modelengine:saber_tooth/bone11"},{"predicate":{"custom_model_data":946},"model":"modelengine:saber_tooth/bone7"},{"predicate":{"custom_model_data":947},"model":"modelengine:saber_tooth/bone8"},{"predicate":{"custom_model_data":948},"model":"modelengine:saber_tooth/bone9"},{"predicate":{"custom_model_data":949},"model":"modelengine:saber_tooth/bone6"},{"predicate":{"custom_model_data":950},"model":"modelengine:saber_tooth/rightarm"},{"predicate":{"custom_model_data":951},"model":"modelengine:saber_tooth/bone3"},{"predicate":{"custom_model_data":952},"model":"modelengine:saber_tooth/bone4"},{"predicate":{"custom_model_data":953},"model":"modelengine:saber_tooth/bone5"},{"predicate":{"custom_model_data":954},"model":"modelengine:saber_tooth/bone2"},{"predicate":{"custom_model_data":955},"model":"modelengine:saber_tooth/leftarm"},{"predicate":{"custom_model_data":956},"model":"modelengine:sea_captain/leftleg"},{"predicate":{"custom_model_data":957},"model":"modelengine:sea_captain/bone3"},{"predicate":{"custom_model_data":958},"model":"modelengine:sea_captain/rightleg"},{"predicate":{"custom_model_data":959},"model":"modelengine:sea_captain/bone4"},{"predicate":{"custom_model_data":960},"model":"modelengine:sea_captain/body"},{"predicate":{"custom_model_data":961},"model":"modelengine:sea_captain/leftarm"},{"predicate":{"custom_model_data":962},"model":"modelengine:sea_captain/bone2"},{"predicate":{"custom_model_data":963},"model":"modelengine:sea_captain/rightarm"},{"predicate":{"custom_model_data":964},"model":"modelengine:sea_captain/bone5"},{"predicate":{"custom_model_data":965},"model":"modelengine:sea_captain/head"},{"predicate":{"custom_model_data":966},"model":"modelengine:sea_captain/pipe"},{"predicate":{"custom_model_data":967},"model":"modelengine:sea_captain/hat"},{"predicate":{"custom_model_data":968},"model":"modelengine:spawn_mayor/leftleg"},{"predicate":{"custom_model_data":969},"model":"modelengine:spawn_mayor/bone3"},{"predicate":{"custom_model_data":970},"model":"modelengine:spawn_mayor/rightleg"},{"predicate":{"custom_model_data":971},"model":"modelengine:spawn_mayor/bone4"},{"predicate":{"custom_model_data":972},"model":"modelengine:spawn_mayor/body"},{"predicate":{"custom_model_data":973},"model":"modelengine:spawn_mayor/leftarm"},{"predicate":{"custom_model_data":974},"model":"modelengine:spawn_mayor/bone2"},{"predicate":{"custom_model_data":975},"model":"modelengine:spawn_mayor/rightarm"},{"predicate":{"custom_model_data":976},"model":"modelengine:spawn_mayor/bone5"},{"predicate":{"custom_model_data":977},"model":"modelengine:spawn_mayor/walking_stick"},{"predicate":{"custom_model_data":978},"model":"modelengine:spawn_mayor/head"},{"predicate":{"custom_model_data":979},"model":"modelengine:spawn_mayor/moustache"},{"predicate":{"custom_model_data":980},"model":"modelengine:spawn_mayor/moustache2"},{"predicate":{"custom_model_data":981},"model":"modelengine:toda/rightleg"},{"predicate":{"custom_model_data":982},"model":"modelengine:toda/bone4"},{"predicate":{"custom_model_data":983},"model":"modelengine:toda/bone6"},{"predicate":{"custom_model_data":984},"model":"modelengine:toda/bone5"},{"predicate":{"custom_model_data":985},"model":"modelengine:toda/leftleg"},{"predicate":{"custom_model_data":986},"model":"modelengine:toda/bone2"},{"predicate":{"custom_model_data":987},"model":"modelengine:toda/bone10"},{"predicate":{"custom_model_data":988},"model":"modelengine:toda/bone3"},{"predicate":{"custom_model_data":989},"model":"modelengine:toda/group"},{"predicate":{"custom_model_data":990},"model":"modelengine:toda/head"},{"predicate":{"custom_model_data":991},"model":"modelengine:toda/tail"},{"predicate":{"custom_model_data":992},"model":"modelengine:toda/bone8"},{"predicate":{"custom_model_data":993},"model":"modelengine:toda/bone7"},{"predicate":{"custom_model_data":994},"model":"modelengine:toda/bone9"},{"predicate":{"custom_model_data":995},"model":"modelengine:toda_archer/body"},{"predicate":{"custom_model_data":996},"model":"modelengine:toda_archer/chest"},{"predicate":{"custom_model_data":997},"model":"modelengine:toda_archer/nick"},{"predicate":{"custom_model_data":998},"model":"modelengine:toda_archer/head"},{"predicate":{"custom_model_data":999},"model":"modelengine:toda_archer/bone3"},{"predicate":{"custom_model_data":1000},"model":"modelengine:toda_archer/dgdfg"},{"predicate":{"custom_model_data":1001},"model":"modelengine:toda_archer/bone2"},{"predicate":{"custom_model_data":1002},"model":"modelengine:toda_archer/bow"},{"predicate":{"custom_model_data":1003},"model":"modelengine:toda_archer/group"},{"predicate":{"custom_model_data":1004},"model":"modelengine:toda_archer/bone4"},{"predicate":{"custom_model_data":1005},"model":"modelengine:toda_archer/bone5"},{"predicate":{"custom_model_data":1006},"model":"modelengine:toda_archer/rightarm"},{"predicate":{"custom_model_data":1007},"model":"modelengine:toda_archer/group2gg"},{"predicate":{"custom_model_data":1008},"model":"modelengine:toda_archer/bone"},{"predicate":{"custom_model_data":1009},"model":"modelengine:toda_archer/leftarm"},{"predicate":{"custom_model_data":1010},"model":"modelengine:toda_archer/leftleg88"},{"predicate":{"custom_model_data":1011},"model":"modelengine:toda_archer/hhhh"},{"predicate":{"custom_model_data":1012},"model":"modelengine:toda_archer/gfgfg"},{"predicate":{"custom_model_data":1013},"model":"modelengine:toda_archer/grouphh"},{"predicate":{"custom_model_data":1014},"model":"modelengine:toda_archer/rightleg3"},{"predicate":{"custom_model_data":1015},"model":"modelengine:toda_archer/hhhh2"},{"predicate":{"custom_model_data":1016},"model":"modelengine:toda_archer/gfgfg2"},{"predicate":{"custom_model_data":1017},"model":"modelengine:toda_archer/grouphh2"},{"predicate":{"custom_model_data":1018},"model":"modelengine:toda_archer/rightleg2"},{"predicate":{"custom_model_data":1019},"model":"modelengine:toda_archer/bone11"},{"predicate":{"custom_model_data":1020},"model":"modelengine:toda_archer/bone6"},{"predicate":{"custom_model_data":1021},"model":"modelengine:toda_archer/bone12"},{"predicate":{"custom_model_data":1022},"model":"modelengine:toda_archer/leftleg2"},{"predicate":{"custom_model_data":1023},"model":"modelengine:toda_archer/bone13"},{"predicate":{"custom_model_data":1024},"model":"modelengine:toda_archer/bone10"},{"predicate":{"custom_model_data":1025},"model":"modelengine:toda_archer/bone14"},{"predicate":{"custom_model_data":1026},"model":"modelengine:toda_archer/group2"},{"predicate":{"custom_model_data":1027},"model":"modelengine:toda_archer/head2"},{"predicate":{"custom_model_data":1028},"model":"modelengine:toda_archer/tail"},{"predicate":{"custom_model_data":1029},"model":"modelengine:toda_archer/bone8"},{"predicate":{"custom_model_data":1030},"model":"modelengine:toda_archer/bone7"},{"predicate":{"custom_model_data":1031},"model":"modelengine:toda_archer/bone9"},{"predicate":{"custom_model_data":1032},"model":"modelengine:turbine_animate/group2"},{"predicate":{"custom_model_data":1033},"model":"modelengine:turbine_animate/group"},{"predicate":{"custom_model_data":1034},"model":"modelengine:turbine_animate_large/middle"},{"predicate":{"custom_model_data":1035},"model":"modelengine:turbine_animate_large/right"},{"predicate":{"custom_model_data":1036},"model":"modelengine:turbine_animate_large/up"},{"predicate":{"custom_model_data":1037},"model":"modelengine:turbine_animate_large/left"},{"predicate":{"custom_model_data":1038},"model":"modelengine:turbine_animate_large/down"},{"predicate":{"custom_model_data":1039},"model":"modelengine:turbine_animate_small/group2"},{"predicate":{"custom_model_data":1040},"model":"modelengine:vice_president/leftleg"},{"predicate":{"custom_model_data":1041},"model":"modelengine:vice_president/bone3"},{"predicate":{"custom_model_data":1042},"model":"modelengine:vice_president/rightleg"},{"predicate":{"custom_model_data":1043},"model":"modelengine:vice_president/bone4"},{"predicate":{"custom_model_data":1044},"model":"modelengine:vice_president/body"},{"predicate":{"custom_model_data":1045},"model":"modelengine:vice_president/leftarm"},{"predicate":{"custom_model_data":1046},"model":"modelengine:vice_president/bone2"},{"predicate":{"custom_model_data":1047},"model":"modelengine:vice_president/rightarm"},{"predicate":{"custom_model_data":1048},"model":"modelengine:vice_president/bone5"},{"predicate":{"custom_model_data":1049},"model":"modelengine:vice_president/head"},{"predicate":{"custom_model_data":1050},"model":"modelengine:vice_president/hat"},{"predicate":{"custom_model_data":1051},"model":"modelengine:villager1f/leftleg"},{"predicate":{"custom_model_data":1052},"model":"modelengine:villager1f/bone3"},{"predicate":{"custom_model_data":1053},"model":"modelengine:villager1f/rightleg"},{"predicate":{"custom_model_data":1054},"model":"modelengine:villager1f/bone4"},{"predicate":{"custom_model_data":1055},"model":"modelengine:villager1f/body"},{"predicate":{"custom_model_data":1056},"model":"modelengine:villager1f/leftarm"},{"predicate":{"custom_model_data":1057},"model":"modelengine:villager1f/bone2"},{"predicate":{"custom_model_data":1058},"model":"modelengine:villager1f/rightarm"},{"predicate":{"custom_model_data":1059},"model":"modelengine:villager1f/bone5"},{"predicate":{"custom_model_data":1060},"model":"modelengine:villager1f/head"},{"predicate":{"custom_model_data":1061},"model":"modelengine:villager1m/leftleg"},{"predicate":{"custom_model_data":1062},"model":"modelengine:villager1m/bone3"},{"predicate":{"custom_model_data":1063},"model":"modelengine:villager1m/rightleg"},{"predicate":{"custom_model_data":1064},"model":"modelengine:villager1m/bone4"},{"predicate":{"custom_model_data":1065},"model":"modelengine:villager1m/body"},{"predicate":{"custom_model_data":1066},"model":"modelengine:villager1m/leftarm"},{"predicate":{"custom_model_data":1067},"model":"modelengine:villager1m/bone2"},{"predicate":{"custom_model_data":1068},"model":"modelengine:villager1m/rightarm"},{"predicate":{"custom_model_data":1069},"model":"modelengine:villager1m/bone5"},{"predicate":{"custom_model_data":1070},"model":"modelengine:villager1m/head"},{"predicate":{"custom_model_data":1071},"model":"modelengine:villager2f/leftleg"},{"predicate":{"custom_model_data":1072},"model":"modelengine:villager2f/bone3"},{"predicate":{"custom_model_data":1073},"model":"modelengine:villager2f/rightleg"},{"predicate":{"custom_model_data":1074},"model":"modelengine:villager2f/bone4"},{"predicate":{"custom_model_data":1075},"model":"modelengine:villager2f/body"},{"predicate":{"custom_model_data":1076},"model":"modelengine:villager2f/leftarm"},{"predicate":{"custom_model_data":1077},"model":"modelengine:villager2f/bone2"},{"predicate":{"custom_model_data":1078},"model":"modelengine:villager2f/rightarm"},{"predicate":{"custom_model_data":1079},"model":"modelengine:villager2f/bone5"},{"predicate":{"custom_model_data":1080},"model":"modelengine:villager2f/head"},{"predicate":{"custom_model_data":1081},"model":"modelengine:villager2m/leftleg"},{"predicate":{"custom_model_data":1082},"model":"modelengine:villager2m/bone3"},{"predicate":{"custom_model_data":1083},"model":"modelengine:villager2m/rightleg"},{"predicate":{"custom_model_data":1084},"model":"modelengine:villager2m/bone4"},{"predicate":{"custom_model_data":1085},"model":"modelengine:villager2m/body"},{"predicate":{"custom_model_data":1086},"model":"modelengine:villager2m/leftarm"},{"predicate":{"custom_model_data":1087},"model":"modelengine:villager2m/bone2"},{"predicate":{"custom_model_data":1088},"model":"modelengine:villager2m/rightarm"},{"predicate":{"custom_model_data":1089},"model":"modelengine:villager2m/bone5"},{"predicate":{"custom_model_data":1090},"model":"modelengine:villager2m/head"},{"predicate":{"custom_model_data":1091},"model":"modelengine:villager3f/leftleg"},{"predicate":{"custom_model_data":1092},"model":"modelengine:villager3f/bone3"},{"predicate":{"custom_model_data":1093},"model":"modelengine:villager3f/rightleg"},{"predicate":{"custom_model_data":1094},"model":"modelengine:villager3f/bone4"},{"predicate":{"custom_model_data":1095},"model":"modelengine:villager3f/body"},{"predicate":{"custom_model_data":1096},"model":"modelengine:villager3f/leftarm"},{"predicate":{"custom_model_data":1097},"model":"modelengine:villager3f/bone2"},{"predicate":{"custom_model_data":1098},"model":"modelengine:villager3f/rightarm"},{"predicate":{"custom_model_data":1099},"model":"modelengine:villager3f/bone5"},{"predicate":{"custom_model_data":1100},"model":"modelengine:villager3f/head"},{"predicate":{"custom_model_data":1101},"model":"modelengine:villager3m/leftleg"},{"predicate":{"custom_model_data":1102},"model":"modelengine:villager3m/bone3"},{"predicate":{"custom_model_data":1103},"model":"modelengine:villager3m/rightleg"},{"predicate":{"custom_model_data":1104},"model":"modelengine:villager3m/bone4"},{"predicate":{"custom_model_data":1105},"model":"modelengine:villager3m/body"},{"predicate":{"custom_model_data":1106},"model":"modelengine:villager3m/leftarm"},{"predicate":{"custom_model_data":1107},"model":"modelengine:villager3m/bone2"},{"predicate":{"custom_model_data":1108},"model":"modelengine:villager3m/rightarm"},{"predicate":{"custom_model_data":1109},"model":"modelengine:villager3m/bone5"},{"predicate":{"custom_model_data":1110},"model":"modelengine:villager3m/head"},{"predicate":{"custom_model_data":1111},"model":"modelengine:villager4m/leftleg"},{"predicate":{"custom_model_data":1112},"model":"modelengine:villager4m/bone3"},{"predicate":{"custom_model_data":1113},"model":"modelengine:villager4m/rightleg"},{"predicate":{"custom_model_data":1114},"model":"modelengine:villager4m/bone4"},{"predicate":{"custom_model_data":1115},"model":"modelengine:villager4m/body"},{"predicate":{"custom_model_data":1116},"model":"modelengine:villager4m/leftarm"},{"predicate":{"custom_model_data":1117},"model":"modelengine:villager4m/bone2"},{"predicate":{"custom_model_data":1118},"model":"modelengine:villager4m/rightarm"},{"predicate":{"custom_model_data":1119},"model":"modelengine:villager4m/bone5"},{"predicate":{"custom_model_data":1120},"model":"modelengine:villager4m/head"},{"predicate":{"custom_model_data":1121},"model":"modelengine:villager5m/leftleg"},{"predicate":{"custom_model_data":1122},"model":"modelengine:villager5m/bone3"},{"predicate":{"custom_model_data":1123},"model":"modelengine:villager5m/rightleg"},{"predicate":{"custom_model_data":1124},"model":"modelengine:villager5m/bone4"},{"predicate":{"custom_model_data":1125},"model":"modelengine:villager5m/body"},{"predicate":{"custom_model_data":1126},"model":"modelengine:villager5m/leftarm"},{"predicate":{"custom_model_data":1127},"model":"modelengine:villager5m/bone2"},{"predicate":{"custom_model_data":1128},"model":"modelengine:villager5m/rightarm"},{"predicate":{"custom_model_data":1129},"model":"modelengine:villager5m/bone5"},{"predicate":{"custom_model_data":1130},"model":"modelengine:villager5m/head"},{"predicate":{"custom_model_data":1131},"model":"modelengine:villager6m/leftleg"},{"predicate":{"custom_model_data":1132},"model":"modelengine:villager6m/bone3"},{"predicate":{"custom_model_data":1133},"model":"modelengine:villager6m/rightleg"},{"predicate":{"custom_model_data":1134},"model":"modelengine:villager6m/bone4"},{"predicate":{"custom_model_data":1135},"model":"modelengine:villager6m/body"},{"predicate":{"custom_model_data":1136},"model":"modelengine:villager6m/leftarm"},{"predicate":{"custom_model_data":1137},"model":"modelengine:villager6m/bone2"},{"predicate":{"custom_model_data":1138},"model":"modelengine:villager6m/rightarm"},{"predicate":{"custom_model_data":1139},"model":"modelengine:villager6m/bone5"},{"predicate":{"custom_model_data":1140},"model":"modelengine:villager6m/head"}]}