{
	"credit": "Made with Blockbench",
	"texture_size": [32, 32],
	"textures": {
		"0": "item/missile",
		"particle": "item/missile"
	},
	"elements": [
		{
			"from": [6.5, -1.5, -7.25],
			"to": [9.5, 1.5, -6.25],
			"rotation": {"angle": 0, "axis": "y", "origin": [8, 0, 6]},
			"faces": {
				"north": {"uv": [0, 3, 1.5, 4.5], "texture": "#0"},
				"east": {"uv": [0, 3, 0.5, 4.5], "texture": "#0"},
				"south": {"uv": [0, 3, 1.5, 3.5], "texture": "#0"},
				"west": {"uv": [0, 3, 0.5, 4.5], "texture": "#0"},
				"up": {"uv": [0, 3, 1.5, 3.5], "texture": "#0"},
				"down": {"uv": [0, 3, 1.5, 3.5], "texture": "#0"}
			}
		},
		{
			"from": [7.5, -0.5, -8.25],
			"to": [8.5, 0.5, -7.25],
			"rotation": {"angle": 0, "axis": "y", "origin": [8, 0, 6]},
			"faces": {
				"north": {"uv": [1.65, 1.1, 1.9, 1.35], "texture": "#0"},
				"east": {"uv": [1.65, 1.1, 1.9, 1.35], "texture": "#0"},
				"south": {"uv": [1.65, 1.1, 1.9, 1.35], "texture": "#0"},
				"west": {"uv": [1.65, 1.1, 1.9, 1.35], "texture": "#0"},
				"up": {"uv": [1.65, 1.1, 1.9, 1.35], "texture": "#0"},
				"down": {"uv": [1.65, 1.1, 1.9, 1.35], "texture": "#0"}
			}
		},
		{
			"from": [6.5, -2.5, -6.25],
			"to": [9.5, 2.5, -4.25],
			"rotation": {"angle": 0, "axis": "y", "origin": [8, 0, 6]},
			"faces": {
				"north": {"uv": [2.75, 3.25, 3, 4], "texture": "#0"},
				"east": {"uv": [2.75, 3.25, 3, 4], "texture": "#0"},
				"south": {"uv": [2.75, 3.25, 3, 4], "texture": "#0"},
				"west": {"uv": [2.75, 3.25, 3, 4], "texture": "#0"},
				"up": {"uv": [2.75, 3.25, 3, 4], "texture": "#0"},
				"down": {"uv": [2.75, 3.25, 3, 4], "texture": "#0"}
			}
		},
		{
			"from": [4.5, -1.5, -4.25],
			"to": [5.5, 1.5, 18.25],
			"rotation": {"angle": 0, "axis": "y", "origin": [8, 0, 6]},
			"faces": {
				"north": {"uv": [0, 13.5, 16, 15], "texture": "#0"},
				"east": {"uv": [0, 13.5, 16, 15], "texture": "#0"},
				"south": {"uv": [0, 13.5, 16, 15], "texture": "#0"},
				"west": {"uv": [0, 13.5, 16, 15], "texture": "#0"},
				"up": {"uv": [0, 13, 16, 13.5], "texture": "#0"},
				"down": {"uv": [0, 13, 16, 13.5], "texture": "#0"}
			}
		},
		{
			"from": [10.5, -1.5, -4.25],
			"to": [11.5, 1.5, 18.25],
			"rotation": {"angle": 0, "axis": "y", "origin": [8, 0, 6]},
			"faces": {
				"north": {"uv": [0, 13.5, 16, 15], "texture": "#0"},
				"east": {"uv": [0, 13.5, 16, 15], "texture": "#0"},
				"south": {"uv": [0, 13.5, 16, 15], "texture": "#0"},
				"west": {"uv": [0, 13.5, 16, 15], "texture": "#0"},
				"up": {"uv": [0, 13, 16, 13.5], "texture": "#0"},
				"down": {"uv": [0, 13, 16, 13.5], "texture": "#0"}
			}
		},
		{
			"from": [3.5, -0.5, 1.75],
			"to": [4.5, 0.5, 4.75],
			"rotation": {"angle": 0, "axis": "y", "origin": [8, 0, 6]},
			"faces": {
				"north": {"uv": [14, 1, 14.5, 1.5], "texture": "#0"},
				"east": {"uv": [14, 1, 14.5, 2.5], "texture": "#0"},
				"south": {"uv": [14, 2, 14.5, 2.5], "texture": "#0"},
				"west": {"uv": [14, 1, 15.5, 1.5], "texture": "#0"},
				"up": {"uv": [14, 1, 14.5, 2.5], "texture": "#0"},
				"down": {"uv": [14, 0, 14.5, 1.5], "texture": "#0"}
			}
		},
		{
			"from": [2.5, -0.5, 2.75],
			"to": [3.5, 0.5, 5.75],
			"rotation": {"angle": 0, "axis": "y", "origin": [8, 0, 6]},
			"faces": {
				"north": {"uv": [14, 1, 14.5, 1.5], "texture": "#0"},
				"east": {"uv": [13, 1, 14.5, 1.5], "texture": "#0"},
				"south": {"uv": [14, 2, 14.5, 2.5], "texture": "#0"},
				"west": {"uv": [14, 1, 15.5, 1.5], "texture": "#0"},
				"up": {"uv": [14, 1, 14.5, 2.5], "texture": "#0"},
				"down": {"uv": [14, 0, 14.5, 1.5], "texture": "#0"}
			}
		},
		{
			"from": [3.5, -0.5, 16.25],
			"to": [4.5, 0.5, 19.25],
			"rotation": {"angle": 0, "axis": "y", "origin": [8, 0, 6]},
			"faces": {
				"north": {"uv": [14, 1, 14.5, 1.5], "texture": "#0"},
				"east": {"uv": [13, 1, 14.5, 1.5], "texture": "#0"},
				"south": {"uv": [14, 2, 14.5, 2.5], "texture": "#0"},
				"west": {"uv": [14, 1, 15.5, 1.5], "texture": "#0"},
				"up": {"uv": [14, 1, 14.5, 2.5], "texture": "#0"},
				"down": {"uv": [14, 0, 14.5, 1.5], "texture": "#0"}
			}
		},
		{
			"from": [2.5, -0.5, 17.25],
			"to": [3.5, 0.5, 20.25],
			"rotation": {"angle": 0, "axis": "y", "origin": [8, 0, 6]},
			"faces": {
				"north": {"uv": [14, 1, 14.5, 1.5], "texture": "#0"},
				"east": {"uv": [13, 1, 14.5, 1.5], "texture": "#0"},
				"south": {"uv": [14, 2, 14.5, 2.5], "texture": "#0"},
				"west": {"uv": [14, 1, 15.5, 1.5], "texture": "#0"},
				"up": {"uv": [14, 1, 14.5, 2.5], "texture": "#0"},
				"down": {"uv": [14, 0, 14.5, 1.5], "texture": "#0"}
			}
		},
		{
			"from": [1.5, -0.5, 18.25],
			"to": [2.5, 0.5, 21.25],
			"rotation": {"angle": 0, "axis": "y", "origin": [8, 0, 6]},
			"faces": {
				"north": {"uv": [14, 1, 14.5, 1.5], "texture": "#0"},
				"east": {"uv": [13, 1, 14.5, 1.5], "texture": "#0"},
				"south": {"uv": [14, 2, 14.5, 2.5], "texture": "#0"},
				"west": {"uv": [14, 1, 15.5, 1.5], "texture": "#0"},
				"up": {"uv": [14, 1, 14.5, 2.5], "texture": "#0"},
				"down": {"uv": [14, 0, 14.5, 1.5], "texture": "#0"}
			}
		},
		{
			"from": [13.5, -0.5, 18.25],
			"to": [14.5, 0.5, 21.25],
			"rotation": {"angle": 0, "axis": "y", "origin": [8, 0, 6]},
			"faces": {
				"north": {"uv": [14.5, 1, 14, 1.5], "texture": "#0"},
				"east": {"uv": [15.5, 1, 14, 1.5], "texture": "#0"},
				"south": {"uv": [14.5, 2, 14, 2.5], "texture": "#0"},
				"west": {"uv": [14.5, 1, 13, 1.5], "texture": "#0"},
				"up": {"uv": [14.5, 1, 14, 2.5], "texture": "#0"},
				"down": {"uv": [14.5, 0, 14, 1.5], "texture": "#0"}
			}
		},
		{
			"from": [11.5, -0.5, 16.25],
			"to": [12.5, 0.5, 19.25],
			"rotation": {"angle": 0, "axis": "y", "origin": [8, 0, 6]},
			"faces": {
				"north": {"uv": [14.5, 1, 14, 1.5], "texture": "#0"},
				"east": {"uv": [15.5, 1, 14, 1.5], "texture": "#0"},
				"south": {"uv": [14.5, 2, 14, 2.5], "texture": "#0"},
				"west": {"uv": [14.5, 1, 13, 1.5], "texture": "#0"},
				"up": {"uv": [14.5, 1, 14, 2.5], "texture": "#0"},
				"down": {"uv": [14.5, 0, 14, 1.5], "texture": "#0"}
			}
		},
		{
			"from": [12.5, -0.5, 17.25],
			"to": [13.5, 0.5, 20.25],
			"rotation": {"angle": 0, "axis": "y", "origin": [8, 0, 6]},
			"faces": {
				"north": {"uv": [14.5, 1, 14, 1.5], "texture": "#0"},
				"east": {"uv": [15.5, 1, 14, 1.5], "texture": "#0"},
				"south": {"uv": [14.5, 2, 14, 2.5], "texture": "#0"},
				"west": {"uv": [14.5, 1, 13, 1.5], "texture": "#0"},
				"up": {"uv": [14.5, 1, 14, 2.5], "texture": "#0"},
				"down": {"uv": [14.5, 0, 14, 1.5], "texture": "#0"}
			}
		},
		{
			"from": [11.5, -0.5, 1.75],
			"to": [12.5, 0.5, 4.75],
			"rotation": {"angle": 0, "axis": "y", "origin": [8, 0, 6]},
			"faces": {
				"north": {"uv": [14.5, 1, 14, 1.5], "texture": "#0"},
				"east": {"uv": [15.5, 1, 14, 1.5], "texture": "#0"},
				"south": {"uv": [14.5, 2, 14, 2.5], "texture": "#0"},
				"west": {"uv": [14.5, 1, 14, 2.5], "texture": "#0"},
				"up": {"uv": [14.5, 1, 14, 2.5], "texture": "#0"},
				"down": {"uv": [14.5, 0, 14, 1.5], "texture": "#0"}
			}
		},
		{
			"from": [12.5, -0.5, 2.75],
			"to": [13.5, 0.5, 5.75],
			"rotation": {"angle": 0, "axis": "y", "origin": [8, 0, 6]},
			"faces": {
				"north": {"uv": [14.5, 1, 14, 1.5], "texture": "#0"},
				"east": {"uv": [15.5, 1, 14, 1.5], "texture": "#0"},
				"south": {"uv": [14.5, 2, 14, 2.5], "texture": "#0"},
				"west": {"uv": [14.5, 1, 13, 1.5], "texture": "#0"},
				"up": {"uv": [14.5, 1, 14, 2.5], "texture": "#0"},
				"down": {"uv": [14.5, 0, 14, 1.5], "texture": "#0"}
			}
		},
		{
			"from": [7.5, 5.5, 18.25],
			"to": [8.5, 6.5, 21.25],
			"rotation": {"angle": 0, "axis": "y", "origin": [8, 0, 6]},
			"faces": {
				"north": {"uv": [14.5, 1, 14, 1.5], "rotation": 90, "texture": "#0"},
				"east": {"uv": [14.5, 0, 14, 1.5], "rotation": 270, "texture": "#0"},
				"south": {"uv": [14.5, 2, 14, 2.5], "rotation": 270, "texture": "#0"},
				"west": {"uv": [14.5, 1, 14, 2.5], "rotation": 270, "texture": "#0"},
				"up": {"uv": [15.5, 1, 14, 1.5], "rotation": 270, "texture": "#0"},
				"down": {"uv": [14.5, 1, 13, 1.5], "rotation": 270, "texture": "#0"}
			}
		},
		{
			"from": [7.5, 3.5, 16.25],
			"to": [8.5, 4.5, 19.25],
			"rotation": {"angle": 0, "axis": "y", "origin": [8, 0, 6]},
			"faces": {
				"north": {"uv": [14.5, 1, 14, 1.5], "rotation": 90, "texture": "#0"},
				"east": {"uv": [14.5, 0, 14, 1.5], "rotation": 270, "texture": "#0"},
				"south": {"uv": [14.5, 2, 14, 2.5], "rotation": 270, "texture": "#0"},
				"west": {"uv": [14.5, 1, 14, 2.5], "rotation": 270, "texture": "#0"},
				"up": {"uv": [15.5, 1, 14, 1.5], "rotation": 270, "texture": "#0"},
				"down": {"uv": [14.5, 1, 13, 1.5], "rotation": 270, "texture": "#0"}
			}
		},
		{
			"from": [7.5, 4.5, 17.25],
			"to": [8.5, 5.5, 20.25],
			"rotation": {"angle": 0, "axis": "y", "origin": [8, 0, 6]},
			"faces": {
				"north": {"uv": [14.5, 1, 14, 1.5], "rotation": 90, "texture": "#0"},
				"east": {"uv": [14.5, 0, 14, 1.5], "rotation": 270, "texture": "#0"},
				"south": {"uv": [14.5, 2, 14, 2.5], "rotation": 270, "texture": "#0"},
				"west": {"uv": [14.5, 1, 14, 2.5], "rotation": 270, "texture": "#0"},
				"up": {"uv": [15.5, 1, 14, 1.5], "rotation": 270, "texture": "#0"},
				"down": {"uv": [14.5, 1, 13, 1.5], "rotation": 270, "texture": "#0"}
			}
		},
		{
			"from": [7.5, 3.5, 1.75],
			"to": [8.5, 4.5, 4.75],
			"rotation": {"angle": 0, "axis": "y", "origin": [8, 0, 6]},
			"faces": {
				"north": {"uv": [14.5, 1, 14, 1.5], "rotation": 90, "texture": "#0"},
				"east": {"uv": [14.5, 0, 14, 1.5], "rotation": 270, "texture": "#0"},
				"south": {"uv": [14.5, 2, 14, 2.5], "rotation": 270, "texture": "#0"},
				"west": {"uv": [14.5, 1, 14, 2.5], "rotation": 270, "texture": "#0"},
				"up": {"uv": [15.5, 1, 14, 1.5], "rotation": 270, "texture": "#0"},
				"down": {"uv": [14.5, 1, 14, 2.5], "rotation": 270, "texture": "#0"}
			}
		},
		{
			"from": [7.5, 4.5, 2.75],
			"to": [8.5, 5.5, 5.75],
			"rotation": {"angle": 0, "axis": "y", "origin": [8, 0, 6]},
			"faces": {
				"north": {"uv": [14.5, 1, 14, 1.5], "rotation": 90, "texture": "#0"},
				"east": {"uv": [14.5, 0, 14, 1.5], "rotation": 270, "texture": "#0"},
				"south": {"uv": [14.5, 2, 14, 2.5], "rotation": 270, "texture": "#0"},
				"west": {"uv": [14.5, 1, 14, 2.5], "rotation": 270, "texture": "#0"},
				"up": {"uv": [15.5, 1, 14, 1.5], "rotation": 270, "texture": "#0"},
				"down": {"uv": [14.5, 1, 13, 1.5], "rotation": 270, "texture": "#0"}
			}
		},
		{
			"from": [7.5, -4.5, 1.75],
			"to": [8.5, -3.5, 4.75],
			"rotation": {"angle": 0, "axis": "y", "origin": [8, 0, 6]},
			"faces": {
				"north": {"uv": [14, 1, 14.5, 1.5], "rotation": 90, "texture": "#0"},
				"east": {"uv": [14, 0, 14.5, 1.5], "rotation": 270, "texture": "#0"},
				"south": {"uv": [14, 2, 14.5, 2.5], "rotation": 270, "texture": "#0"},
				"west": {"uv": [14, 1, 14.5, 2.5], "rotation": 270, "texture": "#0"},
				"up": {"uv": [14, 1, 14.5, 2.5], "rotation": 270, "texture": "#0"},
				"down": {"uv": [14, 1, 15.5, 1.5], "rotation": 270, "texture": "#0"}
			}
		},
		{
			"from": [7.5, -5.5, 2.75],
			"to": [8.5, -4.5, 5.75],
			"rotation": {"angle": 0, "axis": "y", "origin": [8, 0, 6]},
			"faces": {
				"north": {"uv": [14, 1, 14.5, 1.5], "rotation": 90, "texture": "#0"},
				"east": {"uv": [14, 0, 14.5, 1.5], "rotation": 270, "texture": "#0"},
				"south": {"uv": [14, 2, 14.5, 2.5], "rotation": 270, "texture": "#0"},
				"west": {"uv": [14, 1, 14.5, 2.5], "rotation": 270, "texture": "#0"},
				"up": {"uv": [13, 1, 14.5, 1.5], "rotation": 270, "texture": "#0"},
				"down": {"uv": [14, 1, 15.5, 1.5], "rotation": 270, "texture": "#0"}
			}
		},
		{
			"from": [7.5, -4.5, 16.25],
			"to": [8.5, -3.5, 19.25],
			"rotation": {"angle": 0, "axis": "y", "origin": [8, 0, 6]},
			"faces": {
				"north": {"uv": [14, 1, 14.5, 1.5], "rotation": 90, "texture": "#0"},
				"east": {"uv": [14, 0, 14.5, 1.5], "rotation": 270, "texture": "#0"},
				"south": {"uv": [14, 2, 14.5, 2.5], "rotation": 270, "texture": "#0"},
				"west": {"uv": [14, 1, 14.5, 2.5], "rotation": 270, "texture": "#0"},
				"up": {"uv": [13, 1, 14.5, 1.5], "rotation": 270, "texture": "#0"},
				"down": {"uv": [14, 1, 15.5, 1.5], "rotation": 270, "texture": "#0"}
			}
		},
		{
			"from": [7.5, -5.5, 17.25],
			"to": [8.5, -4.5, 20.25],
			"rotation": {"angle": 0, "axis": "y", "origin": [8, 0, 6]},
			"faces": {
				"north": {"uv": [14, 1, 14.5, 1.5], "rotation": 90, "texture": "#0"},
				"east": {"uv": [14, 0, 14.5, 1.5], "rotation": 270, "texture": "#0"},
				"south": {"uv": [14, 2, 14.5, 2.5], "rotation": 270, "texture": "#0"},
				"west": {"uv": [14, 1, 14.5, 2.5], "rotation": 270, "texture": "#0"},
				"up": {"uv": [13, 1, 14.5, 1.5], "rotation": 270, "texture": "#0"},
				"down": {"uv": [14, 1, 15.5, 1.5], "rotation": 270, "texture": "#0"}
			}
		},
		{
			"from": [7.5, -6.5, 18.25],
			"to": [8.5, -5.5, 21.25],
			"rotation": {"angle": 0, "axis": "y", "origin": [8, 0, 6]},
			"faces": {
				"north": {"uv": [14, 1, 14.5, 1.5], "rotation": 90, "texture": "#0"},
				"east": {"uv": [14, 0, 14.5, 1.5], "rotation": 270, "texture": "#0"},
				"south": {"uv": [14, 2, 14.5, 2.5], "rotation": 270, "texture": "#0"},
				"west": {"uv": [14, 1, 14.5, 2.5], "rotation": 270, "texture": "#0"},
				"up": {"uv": [13, 1, 14.5, 1.5], "rotation": 270, "texture": "#0"},
				"down": {"uv": [14, 1, 15.5, 1.5], "rotation": 270, "texture": "#0"}
			}
		},
		{
			"from": [5.5, -2.5, -4.25],
			"to": [10.5, 2.5, 18.25],
			"rotation": {"angle": 0, "axis": "y", "origin": [8, 0, 6]},
			"faces": {
				"north": {"uv": [3.25, 12, 4.5, 12.5], "texture": "#0"},
				"east": {"uv": [3.25, 12, 4.5, 12.5], "texture": "#0"},
				"south": {"uv": [13.5, 3.5, 16, 6], "texture": "#0"},
				"west": {"uv": [3.25, 12, 4.5, 12.5], "texture": "#0"},
				"up": {"uv": [3.25, 12, 4.5, 12.5], "texture": "#0"},
				"down": {"uv": [3.25, 12, 4.5, 12.5], "texture": "#0"}
			}
		},
		{
			"from": [6.5, 2.5, -4.25],
			"to": [9.5, 3.5, 18.25],
			"rotation": {"angle": 0, "axis": "y", "origin": [8, 0, 6]},
			"faces": {
				"north": {"uv": [0, 13.5, 16, 15], "rotation": 90, "texture": "#0"},
				"east": {"uv": [0, 14.5, 16, 15], "rotation": 90, "texture": "#0"},
				"south": {"uv": [0, 13.5, 16, 15], "rotation": 90, "texture": "#0"},
				"west": {"uv": [0, 13.5, 16, 14], "rotation": 90, "texture": "#0"},
				"up": {"uv": [0, 13.5, 16, 15], "rotation": 90, "texture": "#0"},
				"down": {"uv": [0, 13.5, 16, 15], "rotation": 90, "texture": "#0"}
			}
		},
		{
			"from": [6.5, -3.5, -4.25],
			"to": [9.5, -2.5, 18.25],
			"rotation": {"angle": 0, "axis": "y", "origin": [8, 0, 6]},
			"faces": {
				"north": {"uv": [0, 13.5, 16, 15], "rotation": 90, "texture": "#0"},
				"east": {"uv": [0, 14.5, 16, 15], "rotation": 90, "texture": "#0"},
				"south": {"uv": [0, 13.5, 16, 15], "rotation": 90, "texture": "#0"},
				"west": {"uv": [0, 13.5, 16, 14], "rotation": 90, "texture": "#0"},
				"up": {"uv": [0, 13.5, 16, 15], "rotation": 90, "texture": "#0"},
				"down": {"uv": [0, 13.5, 16, 15], "rotation": 90, "texture": "#0"}
			}
		},
		{
			"from": [5.5, -1.5, -6.25],
			"to": [10.5, 1.5, -4.25],
			"rotation": {"angle": 0, "axis": "y", "origin": [8, 0, 6]},
			"faces": {
				"north": {"uv": [2.75, 3.25, 3, 4], "texture": "#0"},
				"east": {"uv": [2.75, 3.25, 3, 4], "texture": "#0"},
				"south": {"uv": [2.75, 3.25, 3, 4], "texture": "#0"},
				"west": {"uv": [2.75, 3.25, 3, 4], "texture": "#0"},
				"up": {"uv": [2.75, 3.25, 3, 4], "texture": "#0"},
				"down": {"uv": [2.75, 3.25, 3, 4], "texture": "#0"}
			}
		}
	],
	"display": {}
}