{"textures":{"0":"modelengine:entity/arch_priest"},"elements":[{"from":[5.714286,7.897863,6.7285714],"to":[10.285714,14.755007,9.585714],"rotation":{"angle":0.0,"axis":"y","origin":[8.0,1.04072,3.5857143]},"faces":{"east":{"uv":[3.25,2.0,3.875,3.5],"rotation":0,"texture":"#0","tintindex":0},"south":{"uv":[1.0,0.0,2.0,1.5],"rotation":0,"texture":"#0","tintindex":0},"north":{"uv":[0.0,0.0,1.0,1.5],"rotation":0,"texture":"#0","tintindex":0},"west":{"uv":[0.0,3.5,0.625,5.0],"rotation":0,"texture":"#0","tintindex":0},"up":{"uv":[5.625,2.875,4.625,2.25],"rotation":0,"texture":"#0","tintindex":0},"down":{"uv":[3.375,4.625,2.375,5.25],"rotation":0,"texture":"#0","tintindex":0}}},{"from":[5.5714283,13.183578,7.0714283],"to":[10.428572,15.455006,11.485714],"rotation":{"angle":-22.5,"axis":"x","origin":[8.0,11.326435,8.157143]},"faces":{"east":{"uv":[3.875,5.625,4.875,6.125],"rotation":0,"texture":"#0","tintindex":0},"south":{"uv":[5.0,0.0,6.125,0.5],"rotation":0,"texture":"#0","tintindex":0},"north":{"uv":[3.875,4.625,5.0,5.125],"rotation":0,"texture":"#0","tintindex":0},"west":{"uv":[4.875,5.625,5.875,6.125],"rotation":0,"texture":"#0","tintindex":0},"up":{"uv":[1.125,2.5,0.0,1.5],"rotation":0,"texture":"#0","tintindex":0},"down":{"uv":[2.25,1.5,1.125,2.5],"rotation":0,"texture":"#0","tintindex":0}}},{"from":[5.6571426,7.897863,6.4428573],"to":[10.342857,9.612148,9.8714285],"rotation":{"angle":0.0,"axis":"y","origin":[8.0,1.04072,3.5857143]},"faces":{"east":{"uv":[7.0,4.0,7.75,4.375],"rotation":0,"texture":"#0","tintindex":0},"south":{"uv":[4.375,6.875,5.375,7.25],"rotation":0,"texture":"#0","tintindex":0},"north":{"uv":[3.375,6.875,4.375,7.25],"rotation":0,"texture":"#0","tintindex":0},"west":{"uv":[7.125,2.125,7.875,2.5],"rotation":0,"texture":"#0","tintindex":0},"up":{"uv":[2.375,5.0,1.375,4.25],"rotation":0,"texture":"#0","tintindex":0},"down":{"uv":[5.5,3.125,4.5,3.875],"rotation":0,"texture":"#0","tintindex":0}}},{"from":[5.714286,5.0690336,7.9903374],"to":[10.285714,7.0690336,7.9903374],"rotation":{"angle":-22.5,"axis":"x","origin":[8.0,12.211891,6.84748]},"faces":{"east":{"uv":[0.0,0.0,0.0,0.5],"rotation":0,"texture":"#0","tintindex":0},"south":{"uv":[5.25,0.5,6.25,1.0],"rotation":0,"texture":"#0","tintindex":0},"north":{"uv":[4.875,5.125,5.875,5.625],"rotation":0,"texture":"#0","tintindex":0},"west":{"uv":[0.0,0.0,0.0,0.5],"rotation":0,"texture":"#0","tintindex":0},"up":{"uv":[1.0,0.0,0.0,0.0],"rotation":0,"texture":"#0","tintindex":0},"down":{"uv":[1.0,0.0,0.0,0.0],"rotation":0,"texture":"#0","tintindex":0}}}],"display":{"head":{"translation":[0.0,-6.4,0.0],"scale":[4.0,4.0,4.0]}}}