{"textures":{"0":"modelengine:entity/arch_priest"},"elements":[{"from":[6.857143,4.4692917,7.0142856],"to":[9.142858,7.897863,9.3],"rotation":{"angle":0.0,"axis":"y","origin":[9.085714,1.04072,3.5857143]},"faces":{"east":{"uv":[0.0,6.125,0.5,6.875],"rotation":0,"texture":"#0","tintindex":0},"south":{"uv":[1.125,6.125,1.625,6.875],"rotation":0,"texture":"#0","tintindex":0},"north":{"uv":[6.0,2.75,6.5,3.5],"rotation":0,"texture":"#0","tintindex":0},"west":{"uv":[3.75,6.125,4.25,6.875],"rotation":0,"texture":"#0","tintindex":0},"up":{"uv":[0.5,8.125,0.0,7.625],"rotation":0,"texture":"#0","tintindex":0},"down":{"uv":[8.125,1.25,7.625,1.75],"rotation":0,"texture":"#0","tintindex":0}}}],"display":{"head":{"translation":[0.0,-6.4,0.0],"scale":[4.0,4.0,4.0]}}}