{"textures":{"0":"modelengine:entity/arch_priest"},"elements":[{"from":[7.0,3.7550058,7.1571426],"to":[9.0,4.4692917,9.157143],"rotation":{"angle":0.0,"axis":"y","origin":[4.5714283,-5.8164234,3.5857143]},"faces":{"east":{"uv":[8.0,3.625,8.5,3.75],"rotation":0,"texture":"#0","tintindex":0},"south":{"uv":[8.125,1.25,8.625,1.375],"rotation":0,"texture":"#0","tintindex":0},"north":{"uv":[8.0,3.5,8.5,3.625],"rotation":0,"texture":"#0","tintindex":0},"west":{"uv":[8.125,1.375,8.625,1.5],"rotation":0,"texture":"#0","tintindex":0},"up":{"uv":[8.25,7.75,7.75,7.25],"rotation":0,"texture":"#0","tintindex":0},"down":{"uv":[8.25,7.75,7.75,8.25],"rotation":0,"texture":"#0","tintindex":0}}},{"from":[6.885714,4.7761517,8.556976],"to":[9.1285715,7.4618664,9.642691],"rotation":{"angle":-22.5,"axis":"x","origin":[8.0,6.4904375,9.699834]},"faces":{"east":{"uv":[0.5,7.75,0.75,8.375],"rotation":0,"texture":"#0","tintindex":0},"south":{"uv":[7.25,6.125,7.75,6.75],"rotation":0,"texture":"#0","tintindex":0},"north":{"uv":[4.625,7.25,5.125,7.875],"rotation":0,"texture":"#0","tintindex":0},"west":{"uv":[4.625,7.875,4.875,8.5],"rotation":0,"texture":"#0","tintindex":0},"up":{"uv":[5.125,3.125,4.625,2.875],"rotation":0,"texture":"#0","tintindex":0},"down":{"uv":[6.5,3.5,6.0,3.75],"rotation":0,"texture":"#0","tintindex":0}}},{"from":[6.857143,4.4692917,7.0142856],"to":[9.142858,7.897863,9.3],"rotation":{"angle":0.0,"axis":"y","origin":[4.5714283,-5.8164234,3.5857143]},"faces":{"east":{"uv":[2.125,6.25,2.625,7.0],"rotation":0,"texture":"#0","tintindex":0},"south":{"uv":[2.625,6.25,3.125,7.0],"rotation":0,"texture":"#0","tintindex":0},"north":{"uv":[6.25,0.75,6.75,1.5],"rotation":0,"texture":"#0","tintindex":0},"west":{"uv":[6.375,4.625,6.875,5.375],"rotation":0,"texture":"#0","tintindex":0},"up":{"uv":[6.625,8.125,6.125,7.625],"rotation":0,"texture":"#0","tintindex":0},"down":{"uv":[8.125,6.75,7.625,7.25],"rotation":0,"texture":"#0","tintindex":0}}}],"display":{"head":{"translation":[0.0,-6.4,0.0],"scale":[4.0,4.0,4.0]}}}