{"textures":{"0":"modelengine:entity/arch_priest"},"elements":[{"from":[6.857143,4.4692917,7.0142856],"to":[9.142858,7.897863,9.3],"rotation":{"angle":0.0,"axis":"y","origin":[11.428572,-5.8164234,3.5857143]},"faces":{"east":{"uv":[4.75,6.125,5.25,6.875],"rotation":0,"texture":"#0","tintindex":0},"south":{"uv":[5.25,6.125,5.75,6.875],"rotation":0,"texture":"#0","tintindex":0},"north":{"uv":[4.25,6.125,4.75,6.875],"rotation":0,"texture":"#0","tintindex":0},"west":{"uv":[6.25,0.0,6.75,0.75],"rotation":0,"texture":"#0","tintindex":0},"up":{"uv":[3.125,8.125,2.625,7.625],"rotation":0,"texture":"#0","tintindex":0},"down":{"uv":[8.125,4.375,7.625,4.875],"rotation":0,"texture":"#0","tintindex":0}}},{"from":[7.0,3.7550058,7.1571426],"to":[9.0,4.4692917,9.157143],"rotation":{"angle":0.0,"axis":"y","origin":[11.428572,-5.8164234,3.5857143]},"faces":{"east":{"uv":[2.375,4.5,2.875,4.625],"rotation":0,"texture":"#0","tintindex":0},"south":{"uv":[6.0,3.75,6.5,3.875],"rotation":0,"texture":"#0","tintindex":0},"north":{"uv":[3.875,3.375,4.375,3.5],"rotation":0,"texture":"#0","tintindex":0},"west":{"uv":[6.5,4.25,7.0,4.375],"rotation":0,"texture":"#0","tintindex":0},"up":{"uv":[8.25,6.375,7.75,5.875],"rotation":0,"texture":"#0","tintindex":0},"down":{"uv":[7.125,7.75,6.625,8.25],"rotation":0,"texture":"#0","tintindex":0}}},{"from":[6.8714285,4.7761517,8.556976],"to":[9.114285,7.4618664,9.642691],"rotation":{"angle":-22.5,"axis":"x","origin":[8.0,6.4904375,9.699834]},"faces":{"east":{"uv":[2.0,2.5,2.25,3.125],"rotation":0,"texture":"#0","tintindex":0},"south":{"uv":[4.125,7.25,4.625,7.875],"rotation":0,"texture":"#0","tintindex":0},"north":{"uv":[3.625,7.25,4.125,7.875],"rotation":0,"texture":"#0","tintindex":0},"west":{"uv":[5.125,7.25,5.375,7.875],"rotation":0,"texture":"#0","tintindex":0},"up":{"uv":[4.375,3.375,3.875,3.125],"rotation":0,"texture":"#0","tintindex":0},"down":{"uv":[2.875,4.25,2.375,4.5],"rotation":0,"texture":"#0","tintindex":0}}}],"display":{"head":{"translation":[0.0,-6.4,0.0],"scale":[4.0,4.0,4.0]}}}