{"textures":{"0":"modelengine:entity/arch_priest"},"elements":[{"from":[5.714286,1.6788435,9.919804],"to":[10.285714,7.107415,9.919804],"rotation":{"angle":22.5,"axis":"x","origin":[8.0,12.250273,11.062661]},"faces":{"east":{"uv":[0.0,0.0,0.0,0.5],"rotation":0,"texture":"#0","tintindex":0},"south":{"uv":[3.875,5.125,4.875,5.625],"rotation":0,"texture":"#0","tintindex":0},"north":{"uv":[3.375,8.875,4.5,10.25],"rotation":0,"texture":"#0","tintindex":0},"west":{"uv":[0.0,0.0,0.0,0.5],"rotation":0,"texture":"#0","tintindex":0},"up":{"uv":[1.0,0.0,0.0,0.0],"rotation":0,"texture":"#0","tintindex":0},"down":{"uv":[1.0,0.0,0.0,0.0],"rotation":0,"texture":"#0","tintindex":0}}}],"display":{"head":{"translation":[0.0,-6.4,0.0],"scale":[4.0,4.0,4.0]}}}