{"textures":{"0":"modelengine:entity/arch_priest"},"elements":[{"from":[5.462819,0.82084084,6.285714],"to":[7.605676,5.963698,9.714286],"rotation":{"angle":22.5,"axis":"z","origin":[2.5771046,10.249413,8.0]},"faces":{"east":{"uv":[3.75,3.5,4.5,4.625],"rotation":0,"texture":"#0","tintindex":0},"south":{"uv":[1.125,5.0,1.625,6.125],"rotation":0,"texture":"#0","tintindex":0},"north":{"uv":[0.0,5.0,0.5,6.125],"rotation":0,"texture":"#0","tintindex":0},"west":{"uv":[3.875,2.0,4.625,3.125],"rotation":0,"texture":"#0","tintindex":0},"up":{"uv":[6.75,7.625,6.25,6.875],"rotation":0,"texture":"#0","tintindex":0},"down":{"uv":[2.625,7.0,2.125,7.75],"rotation":0,"texture":"#0","tintindex":0}}}],"display":{"head":{"translation":[0.0,-6.4,0.0],"scale":[4.0,4.0,4.0]}}}