{"textures":{"0":"modelengine:entity/arch_priest"},"elements":[{"from":[6.857143,4.4692917,7.0142856],"to":[9.142858,7.897863,9.3],"rotation":{"angle":0.0,"axis":"y","origin":[6.9142857,1.04072,3.5857143]},"faces":{"east":{"uv":[5.75,6.625,6.25,7.375],"rotation":0,"texture":"#0","tintindex":0},"south":{"uv":[6.75,0.0,7.25,0.75],"rotation":0,"texture":"#0","tintindex":0},"north":{"uv":[6.625,1.5,7.125,2.25],"rotation":0,"texture":"#0","tintindex":0},"west":{"uv":[6.75,0.75,7.25,1.5],"rotation":0,"texture":"#0","tintindex":0},"up":{"uv":[2.5,8.25,2.0,7.75],"rotation":0,"texture":"#0","tintindex":0},"down":{"uv":[8.25,3.75,7.75,4.25],"rotation":0,"texture":"#0","tintindex":0}}}],"display":{"head":{"translation":[0.0,-6.4,0.0],"scale":[4.0,4.0,4.0]}}}