{"textures":{"0":"modelengine:entity/arch_priest"},"elements":[{"from":[8.394324,0.82084084,6.285714],"to":[10.537181,5.963698,9.714286],"rotation":{"angle":-22.5,"axis":"z","origin":[13.422895,10.249413,8.0]},"faces":{"east":{"uv":[0.625,3.5,1.375,4.625],"rotation":0,"texture":"#0","tintindex":0},"south":{"uv":[3.375,4.625,3.875,5.75],"rotation":0,"texture":"#0","tintindex":0},"north":{"uv":[0.625,4.625,1.125,5.75],"rotation":0,"texture":"#0","tintindex":0},"west":{"uv":[3.0,3.5,3.75,4.625],"rotation":0,"texture":"#0","tintindex":0},"up":{"uv":[2.125,7.5,1.625,6.75],"rotation":0,"texture":"#0","tintindex":0},"down":{"uv":[0.5,6.875,0.0,7.625],"rotation":0,"texture":"#0","tintindex":0}}}],"display":{"head":{"translation":[0.0,-6.4,0.0],"scale":[4.0,4.0,4.0]}}}