{"textures":{"0":"modelengine:entity/arch_priest"},"elements":[{"from":[9.727856,8.10227,5.7285714],"to":[11.334409,11.768577,10.485714],"rotation":{"angle":22.5,"axis":"z","origin":[9.048695,9.482862,8.157143]},"faces":{"east":{"uv":[4.5,3.875,5.5,4.625],"rotation":0,"texture":"#0","tintindex":0},"south":{"uv":[5.75,7.375,6.125,8.125],"rotation":0,"texture":"#0","tintindex":0},"north":{"uv":[1.125,7.375,1.5,8.125],"rotation":0,"texture":"#0","tintindex":0},"west":{"uv":[4.625,1.5,5.625,2.25],"rotation":0,"texture":"#0","tintindex":0},"up":{"uv":[5.75,7.875,5.375,6.875],"rotation":0,"texture":"#0","tintindex":0},"down":{"uv":[7.25,6.125,6.875,7.125],"rotation":0,"texture":"#0","tintindex":0}}},{"from":[9.844187,7.683443,5.7571425],"to":[10.565025,10.035463,10.457143],"rotation":{"angle":-45.0,"axis":"z","origin":[9.976035,8.202311,8.107142]},"faces":{"east":{"uv":[5.25,1.0,6.25,1.5],"rotation":0,"texture":"#0","tintindex":0},"south":{"uv":[4.5,1.5,4.625,2.0],"rotation":0,"texture":"#0","tintindex":0},"north":{"uv":[1.875,3.5,2.0,4.0],"rotation":0,"texture":"#0","tintindex":0},"west":{"uv":[5.5,3.875,6.5,4.375],"rotation":0,"texture":"#0","tintindex":0},"up":{"uv":[5.5,8.875,5.375,7.875],"rotation":0,"texture":"#0","tintindex":0},"down":{"uv":[5.625,7.875,5.5,8.875],"rotation":0,"texture":"#0","tintindex":0}}},{"from":[5.714286,7.897863,5.8714285],"to":[10.285714,12.469292,10.442858],"rotation":{"angle":0.0,"axis":"y","origin":[8.0,10.183578,8.157143]},"faces":{"east":{"uv":[0.0,2.5,1.0,3.5],"rotation":0,"texture":"#0","tintindex":0},"south":{"uv":[1.0,2.5,2.0,3.5],"rotation":0,"texture":"#0","tintindex":0},"north":{"uv":[2.25,2.25,3.25,3.25],"rotation":0,"texture":"#0","tintindex":0},"west":{"uv":[3.0,0.0,4.0,1.0],"rotation":0,"texture":"#0","tintindex":0},"up":{"uv":[4.25,2.0,3.25,1.0],"rotation":0,"texture":"#0","tintindex":0},"down":{"uv":[3.0,3.25,2.0,4.25],"rotation":0,"texture":"#0","tintindex":0}}},{"from":[5.714286,7.44072,10.442858],"to":[10.285714,12.469292,10.5],"rotation":{"angle":0.0,"axis":"y","origin":[8.0,10.183578,8.157143]},"faces":{"east":{"uv":[2.5,7.75,2.625,8.875],"rotation":0,"texture":"#0","tintindex":0},"south":{"uv":[2.25,1.125,3.25,2.25],"rotation":0,"texture":"#0","tintindex":0},"north":{"uv":[2.0,0.0,3.0,1.125],"rotation":0,"texture":"#0","tintindex":0},"west":{"uv":[7.125,7.75,7.25,8.875],"rotation":0,"texture":"#0","tintindex":0},"up":{"uv":[8.75,4.375,7.75,4.25],"rotation":0,"texture":"#0","tintindex":0},"down":{"uv":[8.75,6.625,7.75,6.75],"rotation":0,"texture":"#0","tintindex":0}}},{"from":[7.817684,12.200663,5.742857],"to":[10.289113,13.400662,10.471429],"rotation":{"angle":-22.5,"axis":"z","origin":[7.9462557,12.94352,8.1]},"faces":{"east":{"uv":[7.625,1.75,8.625,2.0],"rotation":0,"texture":"#0","tintindex":0},"south":{"uv":[4.875,7.875,5.375,8.125],"rotation":0,"texture":"#0","tintindex":0},"north":{"uv":[6.625,2.25,7.125,2.5],"rotation":0,"texture":"#0","tintindex":0},"west":{"uv":[7.625,2.5,8.625,2.75],"rotation":0,"texture":"#0","tintindex":0},"up":{"uv":[2.125,6.0,1.625,5.0],"rotation":0,"texture":"#0","tintindex":0},"down":{"uv":[2.625,5.25,2.125,6.25],"rotation":0,"texture":"#0","tintindex":0}}},{"from":[5.4349747,7.683443,5.771428],"to":[6.155813,10.035463,10.442858],"rotation":{"angle":45.0,"axis":"z","origin":[6.0239654,8.202311,8.107142]},"faces":{"east":{"uv":[6.5,3.875,5.5,4.375],"rotation":0,"texture":"#0","tintindex":0},"south":{"uv":[4.625,1.5,4.5,2.0],"rotation":0,"texture":"#0","tintindex":0},"north":{"uv":[2.0,3.5,1.875,4.0],"rotation":0,"texture":"#0","tintindex":0},"west":{"uv":[6.25,1.0,5.25,1.5],"rotation":0,"texture":"#0","tintindex":0},"up":{"uv":[5.375,8.875,5.5,7.875],"rotation":0,"texture":"#0","tintindex":0},"down":{"uv":[5.5,7.875,5.625,8.875],"rotation":0,"texture":"#0","tintindex":0}}},{"from":[4.6655912,8.10227,5.742857],"to":[6.272144,11.768577,10.471429],"rotation":{"angle":-22.5,"axis":"z","origin":[6.9513054,9.482862,8.157143]},"faces":{"east":{"uv":[5.625,1.5,4.625,2.25],"rotation":0,"texture":"#0","tintindex":0},"south":{"uv":[6.125,7.375,5.75,8.125],"rotation":0,"texture":"#0","tintindex":0},"north":{"uv":[1.5,7.375,1.125,8.125],"rotation":0,"texture":"#0","tintindex":0},"west":{"uv":[5.5,3.875,4.5,4.625],"rotation":0,"texture":"#0","tintindex":0},"up":{"uv":[5.375,7.875,5.75,6.875],"rotation":0,"texture":"#0","tintindex":0},"down":{"uv":[6.875,6.125,7.25,7.125],"rotation":0,"texture":"#0","tintindex":0}}},{"from":[5.710887,12.200663,5.757143],"to":[8.182316,13.400662,10.457143],"rotation":{"angle":22.5,"axis":"z","origin":[8.053744,12.94352,8.1]},"faces":{"east":{"uv":[8.625,2.5,7.625,2.75],"rotation":0,"texture":"#0","tintindex":0},"south":{"uv":[5.375,7.875,4.875,8.125],"rotation":0,"texture":"#0","tintindex":0},"north":{"uv":[7.125,2.25,6.625,2.5],"rotation":0,"texture":"#0","tintindex":0},"west":{"uv":[8.625,1.75,7.625,2.0],"rotation":0,"texture":"#0","tintindex":0},"up":{"uv":[1.625,6.0,2.125,5.0],"rotation":0,"texture":"#0","tintindex":0},"down":{"uv":[2.125,5.25,2.625,6.25],"rotation":0,"texture":"#0","tintindex":0}}}],"display":{"head":{"translation":[0.0,-6.4,0.0],"scale":[4.0,4.0,4.0]}}}