{"textures":{"0":"modelengine:entity/arch_priest"},"elements":[{"from":[5.714286,4.4692917,7.0142856],"to":[8.0,7.3264346,9.3],"rotation":{"angle":0.0,"axis":"y","origin":[6.857143,5.897863,8.157143]},"faces":{"east":{"uv":[7.0,2.75,7.5,3.375],"rotation":0,"texture":"#0","tintindex":0},"south":{"uv":[7.0,3.375,7.5,4.0],"rotation":0,"texture":"#0","tintindex":0},"north":{"uv":[2.625,7.0,3.125,7.625],"rotation":0,"texture":"#0","tintindex":0},"west":{"uv":[7.125,1.5,7.625,2.125],"rotation":0,"texture":"#0","tintindex":0},"up":{"uv":[2.0,8.0,1.5,7.5],"rotation":0,"texture":"#0","tintindex":0},"down":{"uv":[8.0,2.75,7.5,3.25],"rotation":0,"texture":"#0","tintindex":0}}},{"from":[5.042857,4.3835773,7.028571],"to":[7.1571426,7.012149,9.285714],"rotation":{"angle":-22.5,"axis":"z","origin":[6.1714287,5.497863,8.157143]},"faces":{"east":{"uv":[15.0,1.25,15.49375,1.89375],"rotation":0,"texture":"#0","tintindex":0},"south":{"uv":[15.0,1.875,15.4625,2.49375],"rotation":0,"texture":"#0","tintindex":0},"north":{"uv":[10.625,5.5,11.0875,6.11875],"rotation":0,"texture":"#0","tintindex":0},"west":{"uv":[15.125,0.0,15.61875,0.61875],"rotation":0,"texture":"#0","tintindex":0},"up":{"uv":[9.9625,6.49375,9.5,6.0],"rotation":0,"texture":"#0","tintindex":0},"down":{"uv":[15.7625,1.25,15.5,1.74375],"rotation":0,"texture":"#0","tintindex":0}}},{"from":[5.776778,6.8656635,7.028571],"to":[8.062493,7.6656637,9.285714],"rotation":{"angle":-22.5,"axis":"z","origin":[6.919636,7.2656636,8.157143]},"faces":{"east":{"uv":[5.375,8.125,4.875,8.25],"rotation":0,"texture":"#0","tintindex":0},"south":{"uv":[8.625,4.75,8.125,4.875],"rotation":0,"texture":"#0","tintindex":0},"north":{"uv":[8.625,4.5,8.125,4.625],"rotation":0,"texture":"#0","tintindex":0},"west":{"uv":[8.625,4.625,8.125,4.75],"rotation":0,"texture":"#0","tintindex":0},"up":{"uv":[3.625,8.375,4.125,7.875],"rotation":0,"texture":"#0","tintindex":0},"down":{"uv":[4.125,7.875,4.625,8.375],"rotation":0,"texture":"#0","tintindex":0}}}],"display":{"head":{"translation":[0.0,-6.4,0.0],"scale":[4.0,4.0,4.0]}}}