{"textures":{"0":"modelengine:entity/arch_priest"},"elements":[{"from":[6.857143,4.4692917,7.0142856],"to":[9.142858,7.897863,9.3],"rotation":{"angle":0.0,"axis":"y","origin":[9.085714,1.04072,3.5857143]},"faces":{"east":{"uv":[5.875,5.125,6.375,5.875],"rotation":0,"texture":"#0","tintindex":0},"south":{"uv":[5.875,5.875,6.375,6.625],"rotation":0,"texture":"#0","tintindex":0},"north":{"uv":[1.375,3.5,1.875,4.25],"rotation":0,"texture":"#0","tintindex":0},"west":{"uv":[1.625,6.0,2.125,6.75],"rotation":0,"texture":"#0","tintindex":0},"up":{"uv":[8.0,3.75,7.5,3.25],"rotation":0,"texture":"#0","tintindex":0},"down":{"uv":[7.75,7.5,7.25,8.0],"rotation":0,"texture":"#0","tintindex":0}}}],"display":{"head":{"translation":[0.0,-6.4,0.0],"scale":[4.0,4.0,4.0]}}}