{"textures":{"0":"modelengine:entity/arch_priest"},"elements":[{"from":[5.5714283,3.446247,8.017858],"to":[10.428572,8.017676,8.017858],"rotation":{"angle":0.0,"axis":"y","origin":[8.142858,-5.6966105,4.875]},"faces":{"east":{"uv":[3.25,11.375,3.25,12.375],"rotation":0,"texture":"#0","tintindex":0},"south":{"uv":[2.5625,9.375,0.0,12.0],"rotation":0,"texture":"#0","tintindex":0},"north":{"uv":[0.0,9.375,2.5625,12.0],"rotation":0,"texture":"#0","tintindex":0},"west":{"uv":[0.0,12.875,0.0,13.875],"rotation":0,"texture":"#0","tintindex":0},"up":{"uv":[5.6875,11.625,4.625,11.625],"rotation":0,"texture":"#0","tintindex":0},"down":{"uv":[3.4375,14.0,2.375,14.0],"rotation":0,"texture":"#0","tintindex":0}}},{"from":[7.714286,5.446247,8.0035715],"to":[8.714286,6.4462476,8.0035715],"rotation":{"angle":45.0,"axis":"z","origin":[8.0,5.7319617,8.0035715]},"faces":{"east":{"uv":[3.25,11.375,3.25,12.375],"rotation":0,"texture":"#0","tintindex":0},"south":{"uv":[5.8375,13.375,4.5,14.725],"rotation":0,"texture":"#0","tintindex":0},"north":{"uv":[4.5,13.375,5.84375,14.71875],"rotation":0,"texture":"#0","tintindex":0},"west":{"uv":[0.0,12.875,0.0,13.875],"rotation":0,"texture":"#0","tintindex":0},"up":{"uv":[5.6875,11.625,4.625,11.625],"rotation":0,"texture":"#0","tintindex":0},"down":{"uv":[3.4375,14.0,2.375,14.0],"rotation":0,"texture":"#0","tintindex":0}}},{"from":[7.5,4.8784113,7.989286],"to":[8.5,5.8784113,7.989286],"rotation":{"angle":-45.0,"axis":"z","origin":[8.0,5.3784113,7.989286]},"faces":{"east":{"uv":[3.25,12.375,3.25,11.375],"rotation":0,"texture":"#0","tintindex":0},"south":{"uv":[5.8375,14.725,4.5,13.375],"rotation":0,"texture":"#0","tintindex":0},"north":{"uv":[4.5,14.71875,5.84375,13.375],"rotation":0,"texture":"#0","tintindex":0},"west":{"uv":[0.0,13.875,0.0,12.875],"rotation":0,"texture":"#0","tintindex":0},"up":{"uv":[3.4375,14.0,2.375,14.0],"rotation":0,"texture":"#0","tintindex":0},"down":{"uv":[5.6875,11.625,4.625,11.625],"rotation":0,"texture":"#0","tintindex":0}}},{"from":[7.8357143,5.118905,7.9321427],"to":[8.164286,6.304619,8.046429],"rotation":{"angle":0.0,"axis":"y","origin":[8.0,5.711762,7.989286]},"faces":{"east":{"uv":[8.75,9.996875,9.25,9.5],"rotation":0,"texture":"#0","tintindex":0},"south":{"uv":[10.496875,11.996875,10.0,11.5],"rotation":0,"texture":"#0","tintindex":0},"north":{"uv":[10.0,11.984375,10.496875,11.5],"rotation":0,"texture":"#0","tintindex":0},"west":{"uv":[5.5,11.496875,6.0,11.0],"rotation":0,"texture":"#0","tintindex":0},"up":{"uv":[8.371875,12.125,7.875,12.625],"rotation":0,"texture":"#0","tintindex":0},"down":{"uv":[10.621875,9.75,10.125,10.25],"rotation":0,"texture":"#0","tintindex":0}}}],"display":{"head":{"translation":[0.0,-6.4,0.0],"scale":[4.0,4.0,4.0]}}}