{"textures":{"0":"modelengine:entity/arch_priest"},"elements":[{"from":[7.937507,6.8656635,7.028571],"to":[10.223222,7.6656637,9.285714],"rotation":{"angle":22.5,"axis":"z","origin":[9.080364,7.2656636,8.157143]},"faces":{"east":{"uv":[8.125,4.625,8.625,4.75],"rotation":0,"texture":"#0","tintindex":0},"south":{"uv":[8.125,4.75,8.625,4.875],"rotation":0,"texture":"#0","tintindex":0},"north":{"uv":[8.125,4.5,8.625,4.625],"rotation":0,"texture":"#0","tintindex":0},"west":{"uv":[4.875,8.125,5.375,8.25],"rotation":0,"texture":"#0","tintindex":0},"up":{"uv":[4.125,8.375,3.625,7.875],"rotation":0,"texture":"#0","tintindex":0},"down":{"uv":[4.625,7.875,4.125,8.375],"rotation":0,"texture":"#0","tintindex":0}}},{"from":[8.842857,4.3835773,7.028571],"to":[10.957143,7.012149,9.285714],"rotation":{"angle":22.5,"axis":"z","origin":[9.828571,5.497863,8.157143]},"faces":{"east":{"uv":[15.61875,0.0,15.125,0.61875],"rotation":0,"texture":"#0","tintindex":0},"south":{"uv":[15.4625,1.875,15.0,2.49375],"rotation":0,"texture":"#0","tintindex":0},"north":{"uv":[11.0875,5.5,10.625,6.11875],"rotation":0,"texture":"#0","tintindex":0},"west":{"uv":[15.49375,1.25,15.0,1.89375],"rotation":0,"texture":"#0","tintindex":0},"up":{"uv":[9.5,6.49375,9.9625,6.0],"rotation":0,"texture":"#0","tintindex":0},"down":{"uv":[15.5,1.25,15.7625,1.74375],"rotation":0,"texture":"#0","tintindex":0}}},{"from":[8.0,4.4692917,7.0142856],"to":[10.285714,7.3264346,9.3],"rotation":{"angle":0.0,"axis":"y","origin":[5.714286,-5.8164234,3.5857143]},"faces":{"east":{"uv":[7.25,0.0,7.75,0.625],"rotation":0,"texture":"#0","tintindex":0},"south":{"uv":[7.25,0.625,7.75,1.25],"rotation":0,"texture":"#0","tintindex":0},"north":{"uv":[6.75,7.125,7.25,7.75],"rotation":0,"texture":"#0","tintindex":0},"west":{"uv":[3.125,7.25,3.625,7.875],"rotation":0,"texture":"#0","tintindex":0},"up":{"uv":[8.125,5.375,7.625,4.875],"rotation":0,"texture":"#0","tintindex":0},"down":{"uv":[8.125,5.375,7.625,5.875],"rotation":0,"texture":"#0","tintindex":0}}}],"display":{"head":{"translation":[0.0,-6.4,0.0],"scale":[4.0,4.0,4.0]}}}