{"textures":{"0":"modelengine:entity/arch_priest"},"elements":[{"from":[6.857143,4.4692917,7.0142856],"to":[9.142858,7.897863,9.3],"rotation":{"angle":0.0,"axis":"y","origin":[6.9142857,1.04072,3.5857143]},"faces":{"east":{"uv":[6.375,6.125,6.875,6.875],"rotation":0,"texture":"#0","tintindex":0},"south":{"uv":[6.5,2.75,7.0,3.5],"rotation":0,"texture":"#0","tintindex":0},"north":{"uv":[6.375,5.375,6.875,6.125],"rotation":0,"texture":"#0","tintindex":0},"west":{"uv":[6.5,3.5,7.0,4.25],"rotation":0,"texture":"#0","tintindex":0},"up":{"uv":[8.25,0.5,7.75,0.0],"rotation":0,"texture":"#0","tintindex":0},"down":{"uv":[8.25,0.5,7.75,1.0],"rotation":0,"texture":"#0","tintindex":0}}}],"display":{"head":{"translation":[0.0,-6.4,0.0],"scale":[4.0,4.0,4.0]}}}