{
	"credit": "Made with Blockbench",
	"texture_size": [128, 128],
	"textures": {
		"1": "cosmetics/angel_wings_anim"
	},
	"elements": [
		{
			"from": [3.53073, 6.30448, 10],
			"to": [7.53073, 7.30448, 11],
			"rotation": {"angle": 0, "axis": "y", "origin": [6.53073, 6.30448, 10]},
			"faces": {
				"north": {"uv": [6, 2.375, 6.5, 2.5], "texture": "#1"},
				"east": {"uv": [6, 6.375, 6.125, 6.5], "texture": "#1"},
				"south": {"uv": [6, 2.625, 6.5, 2.75], "texture": "#1"},
				"west": {"uv": [6.25, 6.375, 6.375, 6.5], "texture": "#1"},
				"up": {"uv": [6.5, 3, 6, 2.875], "texture": "#1"},
				"down": {"uv": [3.5, 6, 3, 6.125], "texture": "#1"}
			}
		},
		{
			"from": [2.53073, -0.69552, 10],
			"to": [6.53073, 0.30448, 11],
			"rotation": {"angle": 0, "axis": "y", "origin": [6.53073, 6.30448, 10]},
			"faces": {
				"north": {"uv": [6, 3.125, 6.5, 3.25], "texture": "#1"},
				"east": {"uv": [6.5, 5.875, 6.625, 6], "texture": "#1"},
				"south": {"uv": [6, 3.375, 6.5, 3.5], "texture": "#1"},
				"west": {"uv": [6.5, 6.125, 6.625, 6.25], "texture": "#1"},
				"up": {"uv": [4.125, 6.125, 3.625, 6], "texture": "#1"},
				"down": {"uv": [6.5, 3.625, 6, 3.75], "texture": "#1"}
			}
		},
		{
			"from": [-1.12568, 0.03179, 10],
			"to": [2.87432, 1.03179, 11],
			"rotation": {"angle": -22.5, "axis": "z", "origin": [0.87432, 0.53179, 10.5]},
			"faces": {
				"north": {"uv": [6, 3.875, 6.5, 4], "texture": "#1"},
				"east": {"uv": [6.5, 6.375, 6.625, 6.5], "texture": "#1"},
				"south": {"uv": [6, 4.125, 6.5, 4.25], "texture": "#1"},
				"west": {"uv": [6.625, 0, 6.75, 0.125], "texture": "#1"},
				"up": {"uv": [4.75, 6.125, 4.25, 6], "texture": "#1"},
				"down": {"uv": [6.5, 4.375, 6, 4.5], "texture": "#1"}
			}
		},
		{
			"from": [-3.84276, -0.50867, 10],
			"to": [0.15724, 0.49133, 11],
			"rotation": {"angle": 45, "axis": "z", "origin": [-1.84276, -0.00867, 10.5]},
			"faces": {
				"north": {"uv": [6, 4.625, 6.5, 4.75], "texture": "#1"},
				"east": {"uv": [6.625, 2.375, 6.75, 2.5], "texture": "#1"},
				"south": {"uv": [4.875, 6, 5.375, 6.125], "texture": "#1"},
				"west": {"uv": [6.625, 2.625, 6.75, 2.75], "texture": "#1"},
				"up": {"uv": [6.5, 5, 6, 4.875], "texture": "#1"},
				"down": {"uv": [6, 6, 5.5, 6.125], "texture": "#1"}
			}
		},
		{
			"from": [-7.94252, -2.57987, 10],
			"to": [-2.94252, -1.57987, 11],
			"rotation": {"angle": 22.5, "axis": "z", "origin": [-4.94252, -2.07987, 10.5]},
			"faces": {
				"north": {"uv": [6, 0.375, 6.625, 0.5], "texture": "#1"},
				"east": {"uv": [6.625, 2.875, 6.75, 3], "texture": "#1"},
				"south": {"uv": [6, 0.625, 6.625, 0.75], "texture": "#1"},
				"west": {"uv": [3, 6.625, 3.125, 6.75], "texture": "#1"},
				"up": {"uv": [6.625, 1, 6, 0.875], "texture": "#1"},
				"down": {"uv": [6.625, 1.125, 6, 1.25], "texture": "#1"}
			}
		},
		{
			"from": [0.47007, 7.57225, 10],
			"to": [4.47007, 9.57225, 12],
			"rotation": {"angle": -45, "axis": "z", "origin": [2.47007, 8.07225, 10.5]},
			"faces": {
				"north": {"uv": [4.125, 5.625, 4.625, 5.875], "texture": "#1"},
				"east": {"uv": [6, 5.625, 6.25, 5.875], "texture": "#1"},
				"south": {"uv": [4.75, 5.625, 5.25, 5.875], "texture": "#1"},
				"west": {"uv": [6.125, 6, 6.375, 6.25], "texture": "#1"},
				"up": {"uv": [5.875, 5.875, 5.375, 5.625], "texture": "#1"},
				"down": {"uv": [6.5, 0, 6, 0.25], "texture": "#1"}
			}
		},
		{
			"from": [-0.10112, 9.17201, 10],
			"to": [1.89888, 17.17201, 12],
			"rotation": {"angle": 22.5, "axis": "z", "origin": [0.39888, 11.17201, 10.5]},
			"faces": {
				"north": {"uv": [0, 5.25, 0.25, 6.25], "texture": "#1"},
				"east": {"uv": [0.375, 5.25, 0.625, 6.25], "texture": "#1"},
				"south": {"uv": [0.75, 5.25, 1, 6.25], "texture": "#1"},
				"west": {"uv": [1.125, 5.25, 1.375, 6.25], "texture": "#1"},
				"up": {"uv": [3.25, 6.5, 3, 6.25], "texture": "#1"},
				"down": {"uv": [3.625, 6.25, 3.375, 6.5], "texture": "#1"}
			}
		},
		{
			"from": [-2.35916, 16.52395, 10],
			"to": [-0.35916, 24.52395, 12],
			"rotation": {"angle": 0, "axis": "y", "origin": [-1.85916, 18.52395, 10.5]},
			"faces": {
				"north": {"uv": [1.5, 5.25, 1.75, 6.25], "texture": "#1"},
				"east": {"uv": [1.875, 5.25, 2.125, 6.25], "texture": "#1"},
				"south": {"uv": [2.25, 5.25, 2.5, 6.25], "texture": "#1"},
				"west": {"uv": [2.625, 5.25, 2.875, 6.25], "texture": "#1"},
				"up": {"uv": [4, 6.5, 3.75, 6.25], "texture": "#1"},
				"down": {"uv": [4.375, 6.25, 4.125, 6.5], "texture": "#1"}
			}
		},
		{
			"from": [-3.01035, 23.79768, 10],
			"to": [-1.01035, 25.79768, 12],
			"rotation": {"angle": 22.5, "axis": "z", "origin": [-2.51035, 25.79768, 10.5]},
			"faces": {
				"north": {"uv": [4.5, 6.25, 4.75, 6.5], "texture": "#1"},
				"east": {"uv": [4.875, 6.25, 5.125, 6.5], "texture": "#1"},
				"south": {"uv": [5.25, 6.25, 5.5, 6.5], "texture": "#1"},
				"west": {"uv": [5.625, 6.25, 5.875, 6.5], "texture": "#1"},
				"up": {"uv": [0.25, 6.625, 0, 6.375], "texture": "#1"},
				"down": {"uv": [0.625, 6.375, 0.375, 6.625], "texture": "#1"}
			}
		},
		{
			"from": [-4.04841, 23.98902, 9.5],
			"to": [-2.04841, 25.98902, 11.5],
			"rotation": {"angle": 0, "axis": "y", "origin": [-1.54841, 17.98902, 10]},
			"faces": {
				"north": {"uv": [0.75, 6.375, 1, 6.625], "texture": "#1"},
				"east": {"uv": [1.125, 6.375, 1.375, 6.625], "texture": "#1"},
				"south": {"uv": [1.5, 6.375, 1.75, 6.625], "texture": "#1"},
				"west": {"uv": [1.875, 6.375, 2.125, 6.625], "texture": "#1"},
				"up": {"uv": [2.5, 6.625, 2.25, 6.375], "texture": "#1"},
				"down": {"uv": [2.875, 6.375, 2.625, 6.625], "texture": "#1"}
			}
		},
		{
			"from": [-7.93749, 19.0644, 9.5],
			"to": [0.06251, 21.0644, 11.5],
			"rotation": {"angle": 45, "axis": "z", "origin": [-7.93749, 18.5644, 10]},
			"faces": {
				"north": {"uv": [3, 5.25, 4, 5.5], "texture": "#1"},
				"east": {"uv": [6.375, 5.125, 6.625, 5.375], "texture": "#1"},
				"south": {"uv": [4.125, 5.25, 5.125, 5.5], "texture": "#1"},
				"west": {"uv": [6.375, 5.5, 6.625, 5.75], "texture": "#1"},
				"up": {"uv": [6.25, 5.5, 5.25, 5.25], "texture": "#1"},
				"down": {"uv": [4, 5.625, 3, 5.875], "texture": "#1"}
			}
		},
		{
			"from": [-11.6512, 18.85774, 10],
			"to": [-6.6512, 19.85774, 11],
			"rotation": {"angle": 22.5, "axis": "z", "origin": [-9.1512, 15.35774, 10.5]},
			"faces": {
				"north": {"uv": [6, 1.375, 6.625, 1.5], "texture": "#1"},
				"east": {"uv": [6.625, 3.125, 6.75, 3.25], "texture": "#1"},
				"south": {"uv": [6, 1.625, 6.625, 1.75], "texture": "#1"},
				"west": {"uv": [3.25, 6.625, 3.375, 6.75], "texture": "#1"},
				"up": {"uv": [6.625, 2, 6, 1.875], "texture": "#1"},
				"down": {"uv": [6.625, 2.125, 6, 2.25], "texture": "#1"}
			}
		},
		{
			"from": [-16, -14, 10.5],
			"to": [7, 27, 10.5],
			"faces": {
				"north": {"uv": [0, 0, 2.875, 5.125], "texture": "#1"},
				"east": {"uv": [3.5, 6.625, 3.5, 11.75], "texture": "#1"},
				"south": {"uv": [3, 0, 5.875, 5.125], "texture": "#1"},
				"west": {"uv": [3.625, 6.625, 3.625, 11.75], "texture": "#1"},
				"up": {"uv": [9.5, 0.25, 6.625, 0.25], "texture": "#1"},
				"down": {"uv": [9.5, 3.375, 6.625, 3.375], "texture": "#1"}
			}
		},
		{
			"from": [8.46927, 6.30448, 10],
			"to": [12.46927, 7.30448, 11],
			"rotation": {"angle": 0, "axis": "y", "origin": [9.46927, 6.30448, 10]},
			"faces": {
				"north": {"uv": [6.5, 2.375, 6, 2.5], "texture": "#1"},
				"east": {"uv": [6.375, 6.375, 6.25, 6.5], "texture": "#1"},
				"south": {"uv": [6.5, 2.625, 6, 2.75], "texture": "#1"},
				"west": {"uv": [6.125, 6.375, 6, 6.5], "texture": "#1"},
				"up": {"uv": [6, 3, 6.5, 2.875], "texture": "#1"},
				"down": {"uv": [3, 6, 3.5, 6.125], "texture": "#1"}
			}
		},
		{
			"from": [9.46927, -0.69552, 10],
			"to": [13.46927, 0.30448, 11],
			"rotation": {"angle": 0, "axis": "y", "origin": [9.46927, 6.30448, 10]},
			"faces": {
				"north": {"uv": [6.5, 3.125, 6, 3.25], "texture": "#1"},
				"east": {"uv": [6.625, 6.125, 6.5, 6.25], "texture": "#1"},
				"south": {"uv": [6.5, 3.375, 6, 3.5], "texture": "#1"},
				"west": {"uv": [6.625, 5.875, 6.5, 6], "texture": "#1"},
				"up": {"uv": [3.625, 6.125, 4.125, 6], "texture": "#1"},
				"down": {"uv": [6, 3.625, 6.5, 3.75], "texture": "#1"}
			}
		},
		{
			"from": [13.12568, 0.03179, 10],
			"to": [17.12568, 1.03179, 11],
			"rotation": {"angle": 22.5, "axis": "z", "origin": [15.12568, 0.53179, 10.5]},
			"faces": {
				"north": {"uv": [6.5, 3.875, 6, 4], "texture": "#1"},
				"east": {"uv": [6.75, 0, 6.625, 0.125], "texture": "#1"},
				"south": {"uv": [6.5, 4.125, 6, 4.25], "texture": "#1"},
				"west": {"uv": [6.625, 6.375, 6.5, 6.5], "texture": "#1"},
				"up": {"uv": [4.25, 6.125, 4.75, 6], "texture": "#1"},
				"down": {"uv": [6, 4.375, 6.5, 4.5], "texture": "#1"}
			}
		},
		{
			"from": [15.84276, -0.50867, 10],
			"to": [19.84276, 0.49133, 11],
			"rotation": {"angle": -45, "axis": "z", "origin": [17.84276, -0.00867, 10.5]},
			"faces": {
				"north": {"uv": [6.5, 4.625, 6, 4.75], "texture": "#1"},
				"east": {"uv": [6.75, 2.625, 6.625, 2.75], "texture": "#1"},
				"south": {"uv": [5.375, 6, 4.875, 6.125], "texture": "#1"},
				"west": {"uv": [6.75, 2.375, 6.625, 2.5], "texture": "#1"},
				"up": {"uv": [6, 5, 6.5, 4.875], "texture": "#1"},
				"down": {"uv": [5.5, 6, 6, 6.125], "texture": "#1"}
			}
		},
		{
			"from": [18.94252, -2.57987, 10],
			"to": [23.94252, -1.57987, 11],
			"rotation": {"angle": -22.5, "axis": "z", "origin": [20.94252, -2.07987, 10.5]},
			"faces": {
				"north": {"uv": [6.625, 0.375, 6, 0.5], "texture": "#1"},
				"east": {"uv": [3.125, 6.625, 3, 6.75], "texture": "#1"},
				"south": {"uv": [6.625, 0.625, 6, 0.75], "texture": "#1"},
				"west": {"uv": [6.75, 2.875, 6.625, 3], "texture": "#1"},
				"up": {"uv": [6, 1, 6.625, 0.875], "texture": "#1"},
				"down": {"uv": [6, 1.125, 6.625, 1.25], "texture": "#1"}
			}
		},
		{
			"from": [11.52993, 7.57225, 10],
			"to": [15.52993, 9.57225, 12],
			"rotation": {"angle": 45, "axis": "z", "origin": [13.52993, 8.07225, 10.5]},
			"faces": {
				"north": {"uv": [4.625, 5.625, 4.125, 5.875], "texture": "#1"},
				"east": {"uv": [6.375, 6, 6.125, 6.25], "texture": "#1"},
				"south": {"uv": [5.25, 5.625, 4.75, 5.875], "texture": "#1"},
				"west": {"uv": [6.25, 5.625, 6, 5.875], "texture": "#1"},
				"up": {"uv": [5.375, 5.875, 5.875, 5.625], "texture": "#1"},
				"down": {"uv": [6, 0, 6.5, 0.25], "texture": "#1"}
			}
		},
		{
			"from": [14.10112, 9.17201, 10],
			"to": [16.10112, 17.17201, 12],
			"rotation": {"angle": -22.5, "axis": "z", "origin": [15.60112, 11.17201, 10.5]},
			"faces": {
				"north": {"uv": [0.25, 5.25, 0, 6.25], "texture": "#1"},
				"east": {"uv": [1.375, 5.25, 1.125, 6.25], "texture": "#1"},
				"south": {"uv": [1, 5.25, 0.75, 6.25], "texture": "#1"},
				"west": {"uv": [0.625, 5.25, 0.375, 6.25], "texture": "#1"},
				"up": {"uv": [3, 6.5, 3.25, 6.25], "texture": "#1"},
				"down": {"uv": [3.375, 6.25, 3.625, 6.5], "texture": "#1"}
			}
		},
		{
			"from": [16.35916, 16.52395, 10],
			"to": [18.35916, 24.52395, 12],
			"rotation": {"angle": 0, "axis": "y", "origin": [17.85916, 18.52395, 10.5]},
			"faces": {
				"north": {"uv": [1.75, 5.25, 1.5, 6.25], "texture": "#1"},
				"east": {"uv": [2.875, 5.25, 2.625, 6.25], "texture": "#1"},
				"south": {"uv": [2.5, 5.25, 2.25, 6.25], "texture": "#1"},
				"west": {"uv": [2.125, 5.25, 1.875, 6.25], "texture": "#1"},
				"up": {"uv": [3.75, 6.5, 4, 6.25], "texture": "#1"},
				"down": {"uv": [4.125, 6.25, 4.375, 6.5], "texture": "#1"}
			}
		},
		{
			"from": [17.01035, 23.79768, 10],
			"to": [19.01035, 25.79768, 12],
			"rotation": {"angle": -22.5, "axis": "z", "origin": [18.51035, 25.79768, 10.5]},
			"faces": {
				"north": {"uv": [4.75, 6.25, 4.5, 6.5], "texture": "#1"},
				"east": {"uv": [5.875, 6.25, 5.625, 6.5], "texture": "#1"},
				"south": {"uv": [5.5, 6.25, 5.25, 6.5], "texture": "#1"},
				"west": {"uv": [5.125, 6.25, 4.875, 6.5], "texture": "#1"},
				"up": {"uv": [0, 6.625, 0.25, 6.375], "texture": "#1"},
				"down": {"uv": [0.375, 6.375, 0.625, 6.625], "texture": "#1"}
			}
		},
		{
			"from": [18.04841, 23.98902, 9.5],
			"to": [20.04841, 25.98902, 11.5],
			"rotation": {"angle": 0, "axis": "y", "origin": [17.54841, 17.98902, 10]},
			"faces": {
				"north": {"uv": [1, 6.375, 0.75, 6.625], "texture": "#1"},
				"east": {"uv": [2.125, 6.375, 1.875, 6.625], "texture": "#1"},
				"south": {"uv": [1.75, 6.375, 1.5, 6.625], "texture": "#1"},
				"west": {"uv": [1.375, 6.375, 1.125, 6.625], "texture": "#1"},
				"up": {"uv": [2.25, 6.625, 2.5, 6.375], "texture": "#1"},
				"down": {"uv": [2.625, 6.375, 2.875, 6.625], "texture": "#1"}
			}
		},
		{
			"from": [15.93749, 19.0644, 9.5],
			"to": [23.93749, 21.0644, 11.5],
			"rotation": {"angle": -45, "axis": "z", "origin": [23.93749, 18.5644, 10]},
			"faces": {
				"north": {"uv": [4, 5.25, 3, 5.5], "texture": "#1"},
				"east": {"uv": [6.625, 5.5, 6.375, 5.75], "texture": "#1"},
				"south": {"uv": [5.125, 5.25, 4.125, 5.5], "texture": "#1"},
				"west": {"uv": [6.625, 5.125, 6.375, 5.375], "texture": "#1"},
				"up": {"uv": [5.25, 5.5, 6.25, 5.25], "texture": "#1"},
				"down": {"uv": [3, 5.625, 4, 5.875], "texture": "#1"}
			}
		},
		{
			"from": [22.6512, 18.85774, 10],
			"to": [27.6512, 19.85774, 11],
			"rotation": {"angle": -22.5, "axis": "z", "origin": [25.1512, 15.35774, 10.5]},
			"faces": {
				"north": {"uv": [6.625, 1.375, 6, 1.5], "texture": "#1"},
				"east": {"uv": [3.375, 6.625, 3.25, 6.75], "texture": "#1"},
				"south": {"uv": [6.625, 1.625, 6, 1.75], "texture": "#1"},
				"west": {"uv": [6.75, 3.125, 6.625, 3.25], "texture": "#1"},
				"up": {"uv": [6, 2, 6.625, 1.875], "texture": "#1"},
				"down": {"uv": [6, 2.125, 6.625, 2.25], "texture": "#1"}
			}
		},
		{
			"from": [9, -14, 10.5],
			"to": [32, 27, 10.5],
			"rotation": {"angle": 0, "axis": "y", "origin": [16, 0, 0]},
			"faces": {
				"north": {"uv": [2.875, 0, 0, 5.125], "texture": "#1"},
				"east": {"uv": [3.625, 6.625, 3.625, 11.75], "texture": "#1"},
				"south": {"uv": [5.875, 0, 3, 5.125], "texture": "#1"},
				"west": {"uv": [3.5, 6.625, 3.5, 11.75], "texture": "#1"},
				"up": {"uv": [6.625, 0.25, 9.5, 0.25], "texture": "#1"},
				"down": {"uv": [6.625, 3.375, 9.5, 3.375], "texture": "#1"}
			}
		}
	],
	"gui_light": "front",
	"display": {
		"thirdperson_righthand": {
			"rotation": [94.25, -90, 0],
			"translation": [1, -2, 5],
			"scale": [0.5, 0.5, 0.5]
		},
		"thirdperson_lefthand": {
			"rotation": [94.25, -90, 0],
			"translation": [1, -2, 5],
			"scale": [0.5, 0.5, 0.5]
		},
		"firstperson_righthand": {
			"rotation": [0, 0, 18.75],
			"translation": [0, 0.75, 0],
			"scale": [0.3, 0.3, 0.3]
		},
		"firstperson_lefthand": {
			"rotation": [0, 0, 18.75],
			"translation": [0, 0.75, 0],
			"scale": [0.3, 0.3, 0.3]
		},
		"ground": {
			"translation": [0, 3.75, 0],
			"scale": [0.3, 0.3, 0.3]
		},
		"gui": {
			"rotation": [7.5, -22.25, 0],
			"translation": [0.75, 0, 0],
			"scale": [0.3, 0.3, 0.3]
		},
		"head": {
			"translation": [0, -45, 0],
			"scale": [1.5, 1.5, 1.5]
		},
		"fixed": {
			"translation": [0, 0, -3.75]
		}
	},
	"groups": [
		{
			"name": "wing",
			"origin": [-7.22732, 8.74043, 10.5],
			"color": 0,
			"children": [0, 1, 2, 3, 4, 5, 6, 7, 8, 9, 10, 11, 12]
		},
		{
			"name": "wing",
			"origin": [-7.22732, 8.74043, 10.5],
			"color": 0,
			"children": [13, 14, 15, 16, 17, 18, 19, 20, 21, 22, 23, 24, 25]
		}
	]
}