{
	"credit": "Made with Blockbench",
	"texture_size": [64, 64],
	"textures": {
		"0": "cosmetics/aviator_cap",
		"particle": "cosmetics/aviator_cap"
	},
	"elements": [
		{
			"from": [3.5, 9, 3.5],
			"to": [12.5, 13, 12.5],
			"faces": {
				"north": {"uv": [0, 5, 2.25, 6], "texture": "#0"},
				"east": {"uv": [2.5, 5, 4.75, 6], "texture": "#0"},
				"south": {"uv": [5, 5, 7.25, 6], "texture": "#0"},
				"west": {"uv": [5.5, 0, 7.75, 1], "texture": "#0"},
				"up": {"uv": [2.25, 2.25, 0, 0], "texture": "#0"},
				"down": {"uv": [2.25, 2.5, 0, 4.75], "texture": "#0"}
			}
		},
		{
			"from": [9, 8, 2.5],
			"to": [13, 12, 4.5],
			"rotation": {"angle": 22.5, "axis": "x", "origin": [8, 11, 8]},
			"faces": {
				"north": {"uv": [5.5, 1.25, 6.5, 2.25], "texture": "#0"},
				"east": {"uv": [1.25, 6.25, 1.75, 7.25], "texture": "#0"},
				"south": {"uv": [5.5, 2.5, 6.5, 3.5], "texture": "#0"},
				"west": {"uv": [2, 6.25, 2.5, 7.25], "texture": "#0"},
				"up": {"uv": [3.75, 6.75, 2.75, 6.25], "texture": "#0"},
				"down": {"uv": [5, 6.25, 4, 6.75], "texture": "#0"}
			}
		},
		{
			"from": [3, 8, 2.5],
			"to": [7, 12, 4.5],
			"rotation": {"angle": 22.5, "axis": "x", "origin": [8, 11, 8]},
			"faces": {
				"north": {"uv": [5.5, 3.75, 6.5, 4.75], "texture": "#0"},
				"east": {"uv": [5.25, 6.25, 5.75, 7.25], "texture": "#0"},
				"south": {"uv": [0, 6.25, 1, 7.25], "texture": "#0"},
				"west": {"uv": [6, 6.25, 6.5, 7.25], "texture": "#0"},
				"up": {"uv": [7.75, 1.75, 6.75, 1.25], "texture": "#0"},
				"down": {"uv": [7.75, 2, 6.75, 2.5], "texture": "#0"}
			}
		},
		{
			"from": [7, 9, 3],
			"to": [9, 12, 4],
			"rotation": {"angle": 22.5, "axis": "x", "origin": [8, 11, 8]},
			"faces": {
				"north": {"uv": [6.75, 2.75, 7.25, 3.5], "texture": "#0"},
				"east": {"uv": [6.75, 6.25, 7, 7], "texture": "#0"},
				"south": {"uv": [6.75, 3.75, 7.25, 4.5], "texture": "#0"},
				"west": {"uv": [2.75, 7, 3, 7.75], "texture": "#0"},
				"up": {"uv": [3.75, 7.25, 3.25, 7], "texture": "#0"},
				"down": {"uv": [4.5, 7, 4, 7.25], "texture": "#0"}
			}
		},
		{
			"from": [12.5, 0, 3.5],
			"to": [12.5, 9, 8.5],
			"faces": {
				"north": {"uv": [4.75, 7, 4.75, 9.25], "texture": "#0"},
				"east": {"uv": [2.5, 0, 3.75, 2.25], "texture": "#0"},
				"south": {"uv": [5, 7, 5, 9.25], "texture": "#0"},
				"west": {"uv": [2.5, 2.5, 3.75, 4.75], "texture": "#0"},
				"up": {"uv": [7.25, 7.5, 7.25, 6.25], "texture": "#0"},
				"down": {"uv": [6.75, 7.25, 6.75, 8.5], "texture": "#0"}
			}
		},
		{
			"from": [3.5, 0, 3.5],
			"to": [3.5, 9, 8.5],
			"rotation": {"angle": 0, "axis": "y", "origin": [16, 0, 0]},
			"faces": {
				"north": {"uv": [7, 7.25, 7, 9.5], "texture": "#0"},
				"east": {"uv": [4, 0, 5.25, 2.25], "texture": "#0"},
				"south": {"uv": [0, 7.5, 0, 9.75], "texture": "#0"},
				"west": {"uv": [4, 2.5, 5.25, 4.75], "texture": "#0"},
				"up": {"uv": [0.25, 8.75, 0.25, 7.5], "texture": "#0"},
				"down": {"uv": [0.5, 7.5, 0.5, 8.75], "texture": "#0"}
			}
		}
	],
	"gui_light": "front",
	"display": {
		"thirdperson_righthand": {
			"translation": [-2.25, 0, 0],
			"scale": [0.5, 0.5, 0.5]
		},
		"thirdperson_lefthand": {
			"translation": [-2.25, 0, 0],
			"scale": [0.5, 0.5, 0.5]
		},
		"firstperson_righthand": {
			"rotation": [0, 89.5, 0],
			"scale": [0.7, 0.7, 0.7]
		},
		"firstperson_lefthand": {
			"rotation": [0, 89.5, 0],
			"scale": [0.7, 0.7, 0.7]
		},
		"ground": {
			"scale": [0.5, 0.5, 0.5]
		},
		"gui": {
			"rotation": [-162, -25.5, -180],
			"translation": [0, 0.75, 0],
			"scale": [0.85, 0.85, 0.85]
		},
		"head": {
			"scale": [1.61, 1.61, 1.61]
		},
		"fixed": {
			"rotation": [-24.75, 0, 0],
			"translation": [0, 0, -3.25]
		}
	}
}