{
	"credit": "Made with Blockbench",
	"texture_size": [32, 32],
	"textures": {
		"0": "cosmetics/aviator_glasses",
		"particle": "cosmetics/aviator_glasses"
	},
	"elements": [
		{
			"from": [11.5, 8.5, 3],
			"to": [12.5, 9.5, 9],
			"faces": {
				"north": {"uv": [9, 3, 9.5, 3.5], "texture": "#0"},
				"east": {"uv": [5.5, 6, 8.5, 6.5], "texture": "#0"},
				"south": {"uv": [9, 4, 9.5, 4.5], "texture": "#0"},
				"west": {"uv": [0, 7, 3, 7.5], "texture": "#0"},
				"up": {"uv": [7.5, 4, 7, 1], "texture": "#0"},
				"down": {"uv": [6, 7, 5.5, 10], "texture": "#0"}
			}
		},
		{
			"from": [3.5, 6, 2.975],
			"to": [12.5, 10, 2.975],
			"faces": {
				"north": {"uv": [0, 0, 4.5, 2], "texture": "#0"},
				"east": {"uv": [4, 8.5, 4, 10.5], "texture": "#0"},
				"south": {"uv": [0, 2.5, 4.5, 4.5], "texture": "#0"},
				"west": {"uv": [8.5, 9, 8.5, 11], "texture": "#0"},
				"up": {"uv": [12.5, 5.5, 8, 5.5], "texture": "#0"},
				"down": {"uv": [13.5, 5, 9, 5], "texture": "#0"}
			}
		},
		{
			"from": [11.5, 7, 9],
			"to": [12.5, 9, 10],
			"faces": {
				"north": {"uv": [6.5, 7, 7, 8], "texture": "#0"},
				"east": {"uv": [7.5, 7, 8, 8], "texture": "#0"},
				"south": {"uv": [0, 8, 0.5, 9], "texture": "#0"},
				"west": {"uv": [1, 8, 1.5, 9], "texture": "#0"},
				"up": {"uv": [7, 9, 6.5, 8.5], "texture": "#0"},
				"down": {"uv": [9, 7, 8.5, 7.5], "texture": "#0"}
			}
		},
		{
			"from": [3.5, 7, 9],
			"to": [4.5, 9, 10],
			"rotation": {"angle": 0, "axis": "y", "origin": [16, 0, 0]},
			"faces": {
				"north": {"uv": [8, 1, 8.5, 2], "texture": "#0"},
				"east": {"uv": [2, 8, 2.5, 9], "texture": "#0"},
				"south": {"uv": [8, 2.5, 8.5, 3.5], "texture": "#0"},
				"west": {"uv": [8, 4, 8.5, 5], "texture": "#0"},
				"up": {"uv": [9.5, 1.5, 9, 1], "texture": "#0"},
				"down": {"uv": [9.5, 2, 9, 2.5], "texture": "#0"}
			}
		},
		{
			"from": [3.5, 8.5, 3],
			"to": [4.5, 9.5, 9],
			"rotation": {"angle": 0, "axis": "y", "origin": [16, 0, 0]},
			"faces": {
				"north": {"uv": [7.5, 8.5, 8, 9], "texture": "#0"},
				"east": {"uv": [4.5, 5, 7.5, 5.5], "texture": "#0"},
				"south": {"uv": [8.5, 8, 9, 8.5], "texture": "#0"},
				"west": {"uv": [0, 6, 3, 6.5], "texture": "#0"},
				"up": {"uv": [6.5, 4, 6, 1], "texture": "#0"},
				"down": {"uv": [5, 6, 4.5, 9], "texture": "#0"}
			}
		}
	],
	"gui_light": "front",
	"display": {
		"thirdperson_righthand": {
			"rotation": [18.36, 20.12, -33],
			"translation": [2.25, -3.5, -0.25],
			"scale": [0.8, 0.8, 0.8]
		},
		"thirdperson_lefthand": {
			"rotation": [18.36, 20.12, -33],
			"translation": [2.25, -3.5, -0.25],
			"scale": [0.8, 0.8, 0.8]
		},
		"firstperson_righthand": {
			"rotation": [-4.52, -12.66, -6.25],
			"translation": [2, -0.5, 0]
		},
		"firstperson_lefthand": {
			"rotation": [-4.52, -12.66, -6.25],
			"translation": [2, -0.5, 0]
		},
		"ground": {
			"scale": [0.8, 0.8, 0.8]
		},
		"gui": {
			"rotation": [-160.84, 14.21, -178.72],
			"translation": [0.5, 1, 0],
			"scale": [1.3, 1.3, 1.3]
		},
		"head": {
			"translation": [0, -1.75, 0],
			"scale": [1.61, 1.61, 1.61]
		},
		"fixed": {
			"rotation": [-11, 0, 0],
			"translation": [0, 0, 1.25],
			"scale": [1.2, 1.2, 1.2]
		}
	}
}