{
	"credit": "Made with Blockbench",
	"texture_size": [64, 64],
	"textures": {
		"1": "cosmetics/axe_back"
	},
	"elements": [
		{
			"from": [7.025, 18, 4],
			"to": [8.975, 21, 12],
			"rotation": {"angle": 0, "axis": "y", "origin": [8, 11.75, 8]},
			"faces": {
				"north": {"uv": [9, 1, 9.5, 1.75], "texture": "#1"},
				"east": {"uv": [7.5, 6, 9.5, 6.75], "texture": "#1"},
				"south": {"uv": [1.5, 9, 2, 9.75], "texture": "#1"},
				"west": {"uv": [7.5, 7, 9.5, 7.75], "texture": "#1"},
				"up": {"uv": [8, 10, 7.5, 8], "texture": "#1"},
				"down": {"uv": [8.75, 0, 8.25, 2], "texture": "#1"}
			}
		},
		{
			"from": [7.5, 17, 3],
			"to": [8.5, 22, 13],
			"rotation": {"angle": 0, "axis": "y", "origin": [8, 11.75, 8]},
			"faces": {
				"north": {"uv": [2.25, 9, 2.5, 10.25], "texture": "#1"},
				"east": {"uv": [4.75, 0, 7.25, 1.25], "texture": "#1"},
				"south": {"uv": [2.75, 9, 3, 10.25], "texture": "#1"},
				"west": {"uv": [4.75, 1.5, 7.25, 2.75], "texture": "#1"},
				"up": {"uv": [6.5, 9.5, 6.25, 7], "texture": "#1"},
				"down": {"uv": [0.25, 9, 0, 11.5], "texture": "#1"}
			}
		},
		{
			"from": [8, 11, -1],
			"to": [8, 28, 17],
			"rotation": {"angle": 0, "axis": "y", "origin": [8, 11.75, 8]},
			"faces": {
				"north": {"uv": [6.75, 9, 6.75, 13.25], "texture": "#1"},
				"east": {"uv": [0, 0, 4.5, 4.25], "texture": "#1"},
				"south": {"uv": [7, 9, 7, 13.25], "texture": "#1"},
				"west": {"uv": [0, 4.5, 4.5, 8.75], "texture": "#1"},
				"up": {"uv": [7.25, 13.5, 7.25, 9], "texture": "#1"},
				"down": {"uv": [9.25, 8, 9.25, 12.5], "texture": "#1"}
			}
		},
		{
			"from": [7, 2, 7],
			"to": [9, 25, 9],
			"rotation": {"angle": 0, "axis": "y", "origin": [8, 11.75, 8]},
			"faces": {
				"north": {"uv": [6.75, 3, 7.25, 8.75], "texture": "#1"},
				"east": {"uv": [4.75, 7, 5.25, 12.75], "texture": "#1"},
				"south": {"uv": [5.5, 7, 6, 12.75], "texture": "#1"},
				"west": {"uv": [7.5, 0, 8, 5.75], "texture": "#1"},
				"up": {"uv": [3.75, 9.5, 3.25, 9], "texture": "#1"},
				"down": {"uv": [4.5, 9, 4, 9.5], "texture": "#1"}
			}
		},
		{
			"from": [6.5, -2, 6.5],
			"to": [9.5, 2, 9.5],
			"rotation": {"angle": 0, "axis": "y", "origin": [8, 7.75, 8]},
			"faces": {
				"north": {"uv": [8.25, 2.25, 9, 3.25], "texture": "#1"},
				"east": {"uv": [8.25, 3.5, 9, 4.5], "texture": "#1"},
				"south": {"uv": [8.25, 4.75, 9, 5.75], "texture": "#1"},
				"west": {"uv": [8.25, 8, 9, 9], "texture": "#1"},
				"up": {"uv": [9.75, 0.75, 9, 0], "texture": "#1"},
				"down": {"uv": [1.25, 9, 0.5, 9.75], "texture": "#1"}
			}
		},
		{
			"from": [8, -0.16942, 8.91942],
			"to": [8, 6.83058, 15.91942],
			"rotation": {"angle": 45, "axis": "x", "origin": [8, 7.75, 8]},
			"faces": {
				"north": {"uv": [9.25, 2, 9.25, 3.75], "texture": "#1"},
				"east": {"uv": [4.75, 3, 6.5, 4.75], "texture": "#1"},
				"south": {"uv": [9.25, 4, 9.25, 5.75], "texture": "#1"},
				"west": {"uv": [4.75, 5, 6.5, 6.75], "texture": "#1"},
				"up": {"uv": [8.25, 11, 8.25, 9.25], "texture": "#1"},
				"down": {"uv": [8.5, 9.25, 8.5, 11], "texture": "#1"}
			}
		}
	],
	"gui_light": "front",
	"display": {
		"thirdperson_righthand": {
			"translation": [0, -0.5, 2],
			"scale": [0.85, 0.85, 0.85]
		},
		"thirdperson_lefthand": {
			"translation": [0, -0.5, 2],
			"scale": [0.85, 0.85, 0.85]
		},
		"firstperson_righthand": {
			"scale": [0.7, 0.7, 0.7]
		},
		"firstperson_lefthand": {
			"scale": [0.7, 0.7, 0.7]
		},
		"ground": {
			"rotation": [45, 0, 0],
			"scale": [0.45, 0.45, 0.45]
		},
		"gui": {
			"rotation": [-120.43, -41.46, -112.04],
			"translation": [-2.5, -2.75, 0],
			"scale": [0.55, 0.55, 0.55]
		},
		"head": {
			"rotation": [125.36, 35.68, -112.63],
			"translation": [-3, -49.5, 5],
			"scale": [1.6, 1.6, 1.6]
		},
		"fixed": {
			"rotation": [90, -45, 90],
			"translation": [2, -2, 0.5],
			"scale": [0.55, 0.55, 0.55]
		}
	}
}