{
	"credit": "Made with Blockbench",
	"texture_size": [64, 64],
	"textures": {
		"1": "cosmetics/back_guitar",
		"particle": "cosmetics/back_guitar"
	},
	"elements": [
		{
			"from": [6.5, 0, 7],
			"to": [9.5, 10, 8],
			"rotation": {"angle": 0, "axis": "y", "origin": [-0.5, 0, 0]},
			"faces": {
				"north": {"uv": [2.5, 3.5, 3.25, 6], "texture": "#1"},
				"east": {"uv": [7, 7.75, 7.25, 10.25], "texture": "#1"},
				"south": {"uv": [3.5, 3.5, 4.25, 6], "texture": "#1"},
				"west": {"uv": [7.5, 7.75, 7.75, 10.25], "texture": "#1"},
				"up": {"uv": [4.25, 6.5, 3.5, 6.25], "texture": "#1"},
				"down": {"uv": [2.75, 8.5, 2, 8.75], "texture": "#1"}
			}
		},
		{
			"from": [6, 10, 7],
			"to": [10, 16, 8],
			"rotation": {"angle": 0, "axis": "y", "origin": [-0.5, 0, 0]},
			"faces": {
				"north": {"uv": [4.5, 3.5, 5.5, 5], "texture": "#1"},
				"east": {"uv": [2, 4, 2.25, 5.5], "texture": "#1"},
				"south": {"uv": [4.5, 5.25, 5.5, 6.75], "texture": "#1"},
				"west": {"uv": [4.5, 8, 4.75, 9.5], "texture": "#1"},
				"up": {"uv": [9.25, 1.75, 8.25, 1.5], "texture": "#1"},
				"down": {"uv": [9.25, 2, 8.25, 2.25], "texture": "#1"}
			}
		},
		{
			"name": "flat",
			"from": [4.5, 10.25, 7.5],
			"to": [10.5, 16.25, 7.5],
			"rotation": {"angle": 0, "axis": "y", "origin": [-0.5, 0, 0]},
			"faces": {
				"north": {"uv": [2.5, 0, 4, 1.5], "texture": "#1"},
				"east": {"uv": [3, 8.5, 3, 10], "texture": "#1"},
				"south": {"uv": [2.5, 1.75, 4, 3.25], "texture": "#1"},
				"west": {"uv": [3.25, 8.5, 3.25, 10], "texture": "#1"},
				"up": {"uv": [9.25, 5.25, 7.75, 5.25], "texture": "#1"},
				"down": {"uv": [10, 7.5, 8.5, 7.5], "texture": "#1"}
			}
		},
		{
			"from": [7, -2, 7.575],
			"to": [12, 2, 10.6],
			"rotation": {"angle": -22.5, "axis": "z", "origin": [10, 0, 8.05]},
			"faces": {
				"north": {"uv": [5.75, 5.5, 7, 6.5], "texture": "#1"},
				"east": {"uv": [7.5, 6.5, 8.25, 7.5], "texture": "#1"},
				"south": {"uv": [6, 0, 7.25, 1], "texture": "#1"},
				"west": {"uv": [7.75, 3.5, 8.5, 4.5], "texture": "#1"},
				"up": {"uv": [4.75, 7.75, 3.5, 7], "texture": "#1"},
				"down": {"uv": [8.5, 5.5, 7.25, 6.25], "texture": "#1"}
			}
		},
		{
			"from": [4, -2, 7.575],
			"to": [9, 2, 10.575],
			"rotation": {"angle": 22.5, "axis": "z", "origin": [6, 0, 8.05]},
			"faces": {
				"north": {"uv": [2, 6.25, 3.25, 7.25], "texture": "#1"},
				"east": {"uv": [5, 7.75, 5.75, 8.75], "texture": "#1"},
				"south": {"uv": [6.75, 1.25, 8, 2.25], "texture": "#1"},
				"west": {"uv": [6, 7.75, 6.75, 8.75], "texture": "#1"},
				"up": {"uv": [8.75, 0.75, 7.5, 0], "texture": "#1"},
				"down": {"uv": [3.25, 7.5, 2, 8.25], "texture": "#1"}
			}
		},
		{
			"from": [5, -4, 7.525],
			"to": [11, 1, 10.525],
			"rotation": {"angle": 0, "axis": "y", "origin": [10, 0, 8.025]},
			"faces": {
				"north": {"uv": [0, 4, 1.5, 5.25], "texture": "#1"},
				"east": {"uv": [0, 7.5, 0.75, 8.75], "texture": "#1"},
				"south": {"uv": [4.25, 0, 5.75, 1.25], "texture": "#1"},
				"west": {"uv": [1, 7.5, 1.75, 8.75], "texture": "#1"},
				"up": {"uv": [8.25, 3.25, 6.75, 2.5], "texture": "#1"},
				"down": {"uv": [7.25, 6.75, 5.75, 7.5], "texture": "#1"}
			}
		},
		{
			"from": [3.5, -11, 7.575],
			"to": [12.5, -4, 10.575],
			"rotation": {"angle": 0, "axis": "z", "origin": [8, -7.5, 8]},
			"faces": {
				"north": {"uv": [0, 0, 2.25, 1.75], "texture": "#1"},
				"east": {"uv": [0, 5.5, 0.75, 7.25], "texture": "#1"},
				"south": {"uv": [0, 2, 2.25, 3.75], "texture": "#1"},
				"west": {"uv": [1, 5.5, 1.75, 7.25], "texture": "#1"},
				"up": {"uv": [6.5, 2.25, 4.25, 1.5], "texture": "#1"},
				"down": {"uv": [6.5, 2.5, 4.25, 3.25], "texture": "#1"}
			}
		},
		{
			"from": [4.5, -12, 7.575],
			"to": [11.5, -11, 10.575],
			"rotation": {"angle": 0, "axis": "z", "origin": [8, -7.5, 8]},
			"faces": {
				"north": {"uv": [7.75, 4.75, 9.5, 5], "texture": "#1"},
				"east": {"uv": [8.75, 3.5, 9.5, 3.75], "texture": "#1"},
				"south": {"uv": [8.25, 1, 10, 1.25], "texture": "#1"},
				"west": {"uv": [8.75, 4, 9.5, 4.25], "texture": "#1"},
				"up": {"uv": [7.5, 4.25, 5.75, 3.5], "texture": "#1"},
				"down": {"uv": [7.5, 4.5, 5.75, 5.25], "texture": "#1"}
			}
		},
		{
			"from": [6.5, -7, 6.825],
			"to": [9.5, -6, 7.825],
			"rotation": {"angle": 0, "axis": "y", "origin": [8, -7.5, 8]},
			"faces": {
				"north": {"uv": [8.5, 2.5, 9.25, 2.75], "texture": "#1"},
				"east": {"uv": [2, 5.75, 2.25, 6], "texture": "#1"},
				"south": {"uv": [8.5, 3, 9.25, 3.25], "texture": "#1"},
				"west": {"uv": [5, 7, 5.25, 7.25], "texture": "#1"},
				"up": {"uv": [9.25, 6.75, 8.5, 6.5], "texture": "#1"},
				"down": {"uv": [9.25, 7, 8.5, 7.25], "texture": "#1"}
			}
		},
		{
			"from": [6.5, -3.5, 7.475],
			"to": [9.5, -0.5, 7.475],
			"rotation": {"angle": 0, "axis": "y", "origin": [8, -7.5, 8]},
			"faces": {
				"north": {"uv": [3.5, 8, 4.25, 8.75], "texture": "#1"},
				"east": {"uv": [1.75, 4, 1.75, 4.75], "texture": "#1"},
				"south": {"uv": [8, 7.75, 8.75, 8.5], "texture": "#1"},
				"west": {"uv": [8.75, 5.5, 8.75, 6.25], "texture": "#1"},
				"up": {"uv": [4.25, 6.75, 3.5, 6.75], "texture": "#1"},
				"down": {"uv": [9.5, 4.5, 8.75, 4.5], "texture": "#1"}
			}
		}
	],
	"gui_light": "front",
	"display": {
		"thirdperson_righthand": {
			"rotation": [95.02, -10.02, 78.9],
			"translation": [-12, -0.5, 2.75]
		},
		"thirdperson_lefthand": {
			"rotation": [95.02, -10.02, 78.9],
			"translation": [-12, -0.5, 2.75]
		},
		"firstperson_righthand": {
			"rotation": [20.09, 0.94, 67.4],
			"translation": [-11.25, 0.5, 0]
		},
		"firstperson_lefthand": {
			"rotation": [20.09, 0.94, 67.4],
			"translation": [-11.25, 0.5, 0]
		},
		"ground": {
			"rotation": [52, 0, 0],
			"translation": [0, 3, 0],
			"scale": [0.4, 0.4, 0.4]
		},
		"gui": {
			"rotation": [169, 9.93, -131.57],
			"translation": [3.25, 2.75, 0],
			"scale": [0.65, 0.65, 0.65]
		},
		"head": {
			"rotation": [172.82, -5.19, -136.86],
			"translation": [9, -43.75, 4.25],
			"scale": [1.6, 1.6, 1.6]
		},
		"fixed": {
			"rotation": [0, 9.5, 45.75],
			"translation": [-4, 3.5, -0.5],
			"scale": [0.8, 0.8, 0.8]
		}
	},
	"groups": [
		0,
		1,
		2,
		{
			"name": "group",
			"origin": [8.5, -7.5, 8.5],
			"color": 0,
			"children": [3, 4, 5, 6, 7, 8, 9]
		}
	]
}