{
	"credit": "Made with Blockbench",
	"texture_size": [64, 64],
	"textures": {
		"0": "cosmetics/back_swords",
		"particle": "cosmetics/back_swords"
	},
	"elements": [
		{
			"from": [9, 5, 7],
			"to": [12, 19, 8],
			"rotation": {"angle": -45, "axis": "z", "origin": [10.47857, 12.75, 7.5]},
			"faces": {
				"north": {"uv": [0, 0, 0.75, 3.5], "texture": "#0"},
				"east": {"uv": [3.5, 0, 3.75, 3.5], "texture": "#0"},
				"south": {"uv": [1, 0, 1.75, 3.5], "texture": "#0"},
				"west": {"uv": [0, 3.75, 0.25, 7.25], "texture": "#0"},
				"up": {"uv": [7, 3.5, 6.25, 3.25], "texture": "#0"},
				"down": {"uv": [7, 4.5, 6.25, 4.75], "texture": "#0"}
			}
		},
		{
			"from": [9.5, 1, 7],
			"to": [11.5, 5, 8],
			"rotation": {"angle": -45, "axis": "z", "origin": [10.47857, 12.75, 7.5]},
			"faces": {
				"north": {"uv": [1.5, 3.75, 2, 4.75], "texture": "#0"},
				"east": {"uv": [4.25, 4.25, 4.5, 5.25], "texture": "#0"},
				"south": {"uv": [2.25, 3.75, 2.75, 4.75], "texture": "#0"},
				"west": {"uv": [3, 4.5, 3.25, 5.5], "texture": "#0"},
				"up": {"uv": [8, 0.25, 7.5, 0], "texture": "#0"},
				"down": {"uv": [1, 7.5, 0.5, 7.75], "texture": "#0"}
			}
		},
		{
			"from": [10, 0, 7],
			"to": [11, 1, 8],
			"rotation": {"angle": -45, "axis": "z", "origin": [10.47857, 12.75, 7.5]},
			"faces": {
				"north": {"uv": [2.75, 8, 3, 8.25], "texture": "#0"},
				"east": {"uv": [3.25, 8, 3.5, 8.25], "texture": "#0"},
				"south": {"uv": [8, 3.5, 8.25, 3.75], "texture": "#0"},
				"west": {"uv": [5.5, 8, 5.75, 8.25], "texture": "#0"},
				"up": {"uv": [6.25, 8.25, 6, 8], "texture": "#0"},
				"down": {"uv": [6.75, 8, 6.5, 8.25], "texture": "#0"}
			}
		},
		{
			"from": [7, 18.975, 7],
			"to": [14, 19.975, 8],
			"rotation": {"angle": -45, "axis": "z", "origin": [10.47857, 12.75, 7.5]},
			"faces": {
				"north": {"uv": [4, 0.75, 5.75, 1], "texture": "#0"},
				"east": {"uv": [7, 8, 7.25, 8.25], "texture": "#0"},
				"south": {"uv": [4, 1.25, 5.75, 1.5], "texture": "#0"},
				"west": {"uv": [7.5, 8, 7.75, 8.25], "texture": "#0"},
				"up": {"uv": [5.75, 2, 4, 1.75], "texture": "#0"},
				"down": {"uv": [5.75, 2.25, 4, 2.5], "texture": "#0"}
			}
		},
		{
			"from": [10, 20, 7],
			"to": [11, 24, 8],
			"rotation": {"angle": -45, "axis": "z", "origin": [10.47857, 12.75, 7.5]},
			"faces": {
				"north": {"uv": [3.5, 4.5, 3.75, 5.5], "texture": "#0"},
				"east": {"uv": [4.75, 4.25, 5, 5.25], "texture": "#0"},
				"south": {"uv": [1.5, 5, 1.75, 6], "texture": "#0"},
				"west": {"uv": [2, 5, 2.25, 6], "texture": "#0"},
				"up": {"uv": [8.25, 8.25, 8, 8], "texture": "#0"},
				"down": {"uv": [8.5, 0, 8.25, 0.25], "texture": "#0"}
			}
		},
		{
			"from": [9.5, 24, 7],
			"to": [11.5, 26, 8],
			"rotation": {"angle": -45, "axis": "z", "origin": [10.47857, 12.75, 7.5]},
			"faces": {
				"north": {"uv": [2.25, 6.25, 2.75, 6.75], "texture": "#0"},
				"east": {"uv": [1.75, 8, 2, 8.5], "texture": "#0"},
				"south": {"uv": [6.25, 2.5, 6.75, 3], "texture": "#0"},
				"west": {"uv": [2.25, 8, 2.5, 8.5], "texture": "#0"},
				"up": {"uv": [8.5, 1.25, 8, 1], "texture": "#0"},
				"down": {"uv": [8.5, 2.5, 8, 2.75], "texture": "#0"}
			}
		},
		{
			"from": [10.9461, 11.17782, 6.875],
			"to": [11.9461, 15.17782, 8.125],
			"rotation": {"angle": 22.5, "axis": "z", "origin": [10.47857, 12.75, 7.5]},
			"faces": {
				"north": {"uv": [2.5, 5, 2.75, 6], "texture": "#0"},
				"east": {"uv": [5.25, 2.75, 5.5, 3.75], "texture": "#0"},
				"south": {"uv": [5.25, 4, 5.5, 5], "texture": "#0"},
				"west": {"uv": [5.25, 5.25, 5.5, 6.25], "texture": "#0"},
				"up": {"uv": [8.5, 3.25, 8.25, 3], "texture": "#0"},
				"down": {"uv": [4, 8.25, 3.75, 8.5], "texture": "#0"}
			}
		},
		{
			"from": [8.87857, 15.5576, 6.875],
			"to": [12.12857, 16.5576, 8.125],
			"rotation": {"angle": -45, "axis": "z", "origin": [10.47857, 12.75, 7.5]},
			"faces": {
				"north": {"uv": [6.25, 5, 7, 5.25], "texture": "#0"},
				"east": {"uv": [4.25, 8.25, 4.5, 8.5], "texture": "#0"},
				"south": {"uv": [6.25, 5.5, 7, 5.75], "texture": "#0"},
				"west": {"uv": [4.75, 8.25, 5, 8.5], "texture": "#0"},
				"up": {"uv": [7, 6.25, 6.25, 6], "texture": "#0"},
				"down": {"uv": [7.25, 0, 6.5, 0.25], "texture": "#0"}
			}
		},
		{
			"from": [9.09834, 10.41246, 6.875],
			"to": [10.09834, 14.41246, 8.125],
			"rotation": {"angle": 22.5, "axis": "z", "origin": [10.47857, 12.75, 7.5]},
			"faces": {
				"north": {"uv": [4, 5.5, 4.25, 6.5], "texture": "#0"},
				"east": {"uv": [4.5, 5.5, 4.75, 6.5], "texture": "#0"},
				"south": {"uv": [5.75, 2.75, 6, 3.75], "texture": "#0"},
				"west": {"uv": [3, 5.75, 3.25, 6.75], "texture": "#0"},
				"up": {"uv": [8.5, 7.5, 8.25, 7.25], "texture": "#0"},
				"down": {"uv": [0.25, 8.5, 0, 8.75], "texture": "#0"}
			}
		},
		{
			"from": [9.37857, 2.8076, 6.875],
			"to": [11.62857, 3.8076, 8.125],
			"rotation": {"angle": -45, "axis": "z", "origin": [10.47857, 12.75, 7.5]},
			"faces": {
				"north": {"uv": [1.25, 7.5, 1.75, 7.75], "texture": "#0"},
				"east": {"uv": [1, 8.5, 1.25, 8.75], "texture": "#0"},
				"south": {"uv": [2, 7.5, 2.5, 7.75], "texture": "#0"},
				"west": {"uv": [8.5, 1.5, 8.75, 1.75], "texture": "#0"},
				"up": {"uv": [3.25, 7.75, 2.75, 7.5], "texture": "#0"},
				"down": {"uv": [6.5, 7.5, 6, 7.75], "texture": "#0"}
			}
		},
		{
			"from": [8.5, 19, 6.5],
			"to": [12.5, 20, 8.5],
			"rotation": {"angle": -45, "axis": "z", "origin": [10.47857, 12.75, 7.5]},
			"faces": {
				"north": {"uv": [5.25, 0, 6.25, 0.25], "texture": "#0"},
				"east": {"uv": [7.75, 1.5, 8.25, 1.75], "texture": "#0"},
				"south": {"uv": [5.75, 4, 6.75, 4.25], "texture": "#0"},
				"west": {"uv": [7.75, 2, 8.25, 2.25], "texture": "#0"},
				"up": {"uv": [4, 4.25, 3, 3.75], "texture": "#0"},
				"down": {"uv": [5, 0, 4, 0.5], "texture": "#0"}
			}
		},
		{
			"from": [5.5, 5, 5.75],
			"to": [7.5, 19, 6.75],
			"rotation": {"angle": 45, "axis": "z", "origin": [6.5, 14, 6.25]},
			"faces": {
				"north": {"uv": [2, 0, 2.5, 3.5], "texture": "#0"},
				"east": {"uv": [0.5, 3.75, 0.75, 7.25], "texture": "#0"},
				"south": {"uv": [2.75, 0, 3.25, 3.5], "texture": "#0"},
				"west": {"uv": [1, 3.75, 1.25, 7.25], "texture": "#0"},
				"up": {"uv": [4.5, 8, 4, 7.75], "texture": "#0"},
				"down": {"uv": [8.25, 4.25, 7.75, 4.5], "texture": "#0"}
			}
		},
		{
			"from": [6, 2, 5.75],
			"to": [7, 5, 6.75],
			"rotation": {"angle": 45, "axis": "z", "origin": [6.5, 14, 6.25]},
			"faces": {
				"north": {"uv": [6.5, 0.5, 6.75, 1.25], "texture": "#0"},
				"east": {"uv": [5, 6.5, 5.25, 7.25], "texture": "#0"},
				"south": {"uv": [6.25, 6.5, 6.5, 7.25], "texture": "#0"},
				"west": {"uv": [6.75, 1.5, 7, 2.25], "texture": "#0"},
				"up": {"uv": [8.75, 2.25, 8.5, 2], "texture": "#0"},
				"down": {"uv": [3, 8.5, 2.75, 8.75], "texture": "#0"}
			}
		},
		{
			"from": [5.58972, 19.1173, 5.75],
			"to": [8.58972, 20.1173, 6.75],
			"rotation": {"angle": 22.5, "axis": "z", "origin": [6.5, 14, 6.25]},
			"faces": {
				"north": {"uv": [4, 6.75, 4.75, 7], "texture": "#0"},
				"east": {"uv": [3.25, 8.5, 3.5, 8.75], "texture": "#0"},
				"south": {"uv": [6.75, 6.5, 7.5, 6.75], "texture": "#0"},
				"west": {"uv": [8.5, 3.5, 8.75, 3.75], "texture": "#0"},
				"up": {"uv": [7.75, 0.75, 7, 0.5], "texture": "#0"},
				"down": {"uv": [7.75, 1, 7, 1.25], "texture": "#0"}
			}
		},
		{
			"from": [0.3827, 11.91028, 5.75],
			"to": [1.3827, 14.91028, 6.75],
			"rotation": {"angle": -22.5, "axis": "z", "origin": [6.5, 14, 6.25]},
			"faces": {
				"north": {"uv": [3.5, 7, 3.75, 7.75], "texture": "#0"},
				"east": {"uv": [5.5, 7, 5.75, 7.75], "texture": "#0"},
				"south": {"uv": [6.75, 7, 7, 7.75], "texture": "#0"},
				"west": {"uv": [7.25, 1.5, 7.5, 2.25], "texture": "#0"},
				"up": {"uv": [8.75, 5.75, 8.5, 5.5], "texture": "#0"},
				"down": {"uv": [6, 8.5, 5.75, 8.75], "texture": "#0"}
			}
		},
		{
			"from": [6, 20, 5.75],
			"to": [7, 24, 6.75],
			"rotation": {"angle": 45, "axis": "z", "origin": [6.5, 14, 6.25]},
			"faces": {
				"north": {"uv": [3.5, 5.75, 3.75, 6.75], "texture": "#0"},
				"east": {"uv": [5.75, 4.5, 6, 5.5], "texture": "#0"},
				"south": {"uv": [5.75, 5.75, 6, 6.75], "texture": "#0"},
				"west": {"uv": [6, 0.5, 6.25, 1.5], "texture": "#0"},
				"up": {"uv": [8.75, 4.25, 8.5, 4], "texture": "#0"},
				"down": {"uv": [8.75, 4.5, 8.5, 4.75], "texture": "#0"}
			}
		},
		{
			"from": [-1.92462, 20.42462, 5.725],
			"to": [0.07538, 22.42462, 6.775],
			"rotation": {"angle": 0, "axis": "y", "origin": [6.5, 14, 6.25]},
			"faces": {
				"north": {"uv": [6, 1.75, 6.5, 2.25], "texture": "#0"},
				"east": {"uv": [7.75, 7.25, 8, 7.75], "texture": "#0"},
				"south": {"uv": [1.5, 6.25, 2, 6.75], "texture": "#0"},
				"west": {"uv": [0.5, 8, 0.75, 8.5], "texture": "#0"},
				"up": {"uv": [8.5, 0.75, 8, 0.5], "texture": "#0"},
				"down": {"uv": [1.5, 8, 1, 8.25], "texture": "#0"}
			}
		},
		{
			"from": [5.37857, 6.8076, 5.625],
			"to": [7.62857, 7.8076, 6.875],
			"rotation": {"angle": 45, "axis": "z", "origin": [6.5, 14, 6.25]},
			"faces": {
				"north": {"uv": [4.75, 7.75, 5.25, 8], "texture": "#0"},
				"east": {"uv": [8.5, 5, 8.75, 5.25], "texture": "#0"},
				"south": {"uv": [7.75, 4.75, 8.25, 5], "texture": "#0"},
				"west": {"uv": [5.25, 8.5, 5.5, 8.75], "texture": "#0"},
				"up": {"uv": [8.25, 5.5, 7.75, 5.25], "texture": "#0"},
				"down": {"uv": [8.25, 5.75, 7.75, 6], "texture": "#0"}
			}
		},
		{
			"from": [3.66002, 14.72003, 5.625],
			"to": [6.91002, 15.72003, 6.875],
			"rotation": {"angle": 0, "axis": "y", "origin": [6.28502, 14.22003, 6.25]},
			"faces": {
				"north": {"uv": [7, 2.5, 7.75, 2.75], "texture": "#0"},
				"east": {"uv": [8.5, 6, 8.75, 6.25], "texture": "#0"},
				"south": {"uv": [7, 3.75, 7.75, 4], "texture": "#0"},
				"west": {"uv": [6.25, 8.5, 6.5, 8.75], "texture": "#0"},
				"up": {"uv": [8, 3.25, 7.25, 3], "texture": "#0"},
				"down": {"uv": [4.75, 7.25, 4, 7.5], "texture": "#0"}
			}
		},
		{
			"from": [4.78502, 13.59503, 5.65],
			"to": [5.78502, 16.84503, 6.85],
			"rotation": {"angle": 0, "axis": "y", "origin": [6.28502, 14.22003, 6.25]},
			"faces": {
				"north": {"uv": [7.25, 4.25, 7.5, 5], "texture": "#0"},
				"east": {"uv": [7.25, 5.25, 7.5, 6], "texture": "#0"},
				"south": {"uv": [7.25, 7, 7.5, 7.75], "texture": "#0"},
				"west": {"uv": [0, 7.5, 0.25, 8.25], "texture": "#0"},
				"up": {"uv": [8.75, 6.75, 8.5, 6.5], "texture": "#0"},
				"down": {"uv": [7, 8.5, 6.75, 8.75], "texture": "#0"}
			}
		},
		{
			"from": [5, 19, 5.25],
			"to": [8, 20, 7.25],
			"rotation": {"angle": 45, "axis": "z", "origin": [6.5, 14, 6.25]},
			"faces": {
				"north": {"uv": [1.5, 7, 2.25, 7.25], "texture": "#0"},
				"east": {"uv": [7.75, 6.25, 8.25, 6.5], "texture": "#0"},
				"south": {"uv": [2.5, 7, 3.25, 7.25], "texture": "#0"},
				"west": {"uv": [7.75, 6.75, 8.25, 7], "texture": "#0"},
				"up": {"uv": [4.75, 3.25, 4, 2.75], "texture": "#0"},
				"down": {"uv": [5, 3.5, 4.25, 4], "texture": "#0"}
			}
		}
	],
	"gui_light": "front",
	"display": {
		"thirdperson_righthand": {
			"translation": [-2, -0.5, 2],
			"scale": [0.5, 0.5, 0.5]
		},
		"thirdperson_lefthand": {
			"translation": [-2, -0.5, 2],
			"scale": [0.5, 0.5, 0.5]
		},
		"firstperson_righthand": {
			"translation": [-1.5, -3.75, 0],
			"scale": [0.7, 0.7, 0.7]
		},
		"firstperson_lefthand": {
			"translation": [-1.5, -3.75, 0],
			"scale": [0.7, 0.7, 0.7]
		},
		"ground": {
			"translation": [0, -1.5, 0],
			"scale": [0.5, 0.5, 0.5]
		},
		"gui": {
			"rotation": [-174.5, 21, -180],
			"translation": [1, -3.75, 0],
			"scale": [0.7, 0.7, 0.7]
		},
		"head": {
			"rotation": [-180, -8, -175],
			"translation": [0.5, -59.5, 3.25],
			"scale": [1.6, 1.6, 1.6]
		},
		"fixed": {
			"translation": [-0.75, -4.75, -0.25],
			"scale": [0.85, 0.85, 0.85]
		}
	},
	"groups": [
		{
			"name": "group",
			"origin": [0.5, 0, 0.5],
			"color": 0,
			"children": [0, 1, 2, 3, 4, 5, 6, 7, 8, 9, 10]
		},
		{
			"name": "group",
			"origin": [0.5, 0, 0.5],
			"color": 0,
			"children": [11, 12, 13, 14, 15, 16, 17, 18, 19, 20]
		}
	]
}