{
	"credit": "Made with Blockbench",
	"texture_size": [64, 64],
	"textures": {
		"2": "cosmetics/banana_hat"
	},
	"elements": [
		{
			"from": [7, 12.78283, 3.30762],
			"to": [9, 16.78283, 5.30762],
			"rotation": {"angle": -22.5, "axis": "x", "origin": [8, 12.25, 8]},
			"faces": {
				"north": {"uv": [0, 4, 0.5, 5], "texture": "#2"},
				"east": {"uv": [0.75, 4, 1.25, 5], "texture": "#2"},
				"south": {"uv": [1.5, 4, 2, 5], "texture": "#2"},
				"west": {"uv": [2.25, 4, 2.75, 5], "texture": "#2"},
				"up": {"uv": [1.5, 8.25, 1, 7.75], "texture": "#2"},
				"down": {"uv": [2.25, 7.75, 1.75, 8.25], "texture": "#2"}
			}
		},
		{
			"from": [7.5, 14.25, 2.25],
			"to": [8.5, 17.25, 3.25],
			"rotation": {"angle": 0, "axis": "y", "origin": [8, 12.25, 8]},
			"faces": {
				"north": {"uv": [4.75, 7.75, 5, 8.5], "texture": "#2"},
				"east": {"uv": [4.75, 8.75, 5, 9.5], "texture": "#2"},
				"south": {"uv": [5.25, 8.75, 5.5, 9.5], "texture": "#2"},
				"west": {"uv": [5.75, 8.75, 6, 9.5], "texture": "#2"},
				"up": {"uv": [4.75, 2.75, 4.5, 2.5], "texture": "#2"},
				"down": {"uv": [1.75, 10.25, 1.5, 10.5], "texture": "#2"}
			}
		},
		{
			"from": [10.75, 13.25, 2.25],
			"to": [11.75, 16.25, 3.25],
			"rotation": {"angle": 0, "axis": "y", "origin": [14.25, 11.25, 8]},
			"faces": {
				"north": {"uv": [6.25, 8.75, 6.5, 9.5], "texture": "#2"},
				"east": {"uv": [8.75, 6.25, 9, 7], "texture": "#2"},
				"south": {"uv": [8.75, 7.25, 9, 8], "texture": "#2"},
				"west": {"uv": [8.75, 8.25, 9, 9], "texture": "#2"},
				"up": {"uv": [2.25, 10.5, 2, 10.25], "texture": "#2"},
				"down": {"uv": [2.75, 10.25, 2.5, 10.5], "texture": "#2"}
			}
		},
		{
			"from": [10.25, 11.78283, 3.30762],
			"to": [12.25, 15.78283, 5.30762],
			"rotation": {"angle": -22.5, "axis": "x", "origin": [11.25, 11.25, 8]},
			"faces": {
				"north": {"uv": [3, 4, 3.5, 5], "texture": "#2"},
				"east": {"uv": [3.75, 4, 4.25, 5], "texture": "#2"},
				"south": {"uv": [4.5, 0, 5, 1], "texture": "#2"},
				"west": {"uv": [4.5, 1.25, 5, 2.25], "texture": "#2"},
				"up": {"uv": [3, 8.25, 2.5, 7.75], "texture": "#2"},
				"down": {"uv": [3.75, 7.75, 3.25, 8.25], "texture": "#2"}
			}
		},
		{
			"from": [3.75, 11.78283, 3.30762],
			"to": [5.75, 15.78283, 5.30762],
			"rotation": {"angle": -22.5, "axis": "x", "origin": [4.75, 11.25, 8]},
			"faces": {
				"north": {"uv": [4.5, 4, 5, 5], "texture": "#2"},
				"east": {"uv": [5, 2.5, 5.5, 3.5], "texture": "#2"},
				"south": {"uv": [0, 5.25, 0.5, 6.25], "texture": "#2"},
				"west": {"uv": [5.25, 0, 5.75, 1], "texture": "#2"},
				"up": {"uv": [4.5, 8.25, 4, 7.75], "texture": "#2"},
				"down": {"uv": [8.5, 2.5, 8, 3], "texture": "#2"}
			}
		},
		{
			"from": [4.25, 13.25, 2.25],
			"to": [5.25, 16.25, 3.25],
			"rotation": {"angle": 0, "axis": "y", "origin": [1.75, 11.25, 8]},
			"faces": {
				"north": {"uv": [9, 0, 9.25, 0.75], "texture": "#2"},
				"east": {"uv": [9, 1, 9.25, 1.75], "texture": "#2"},
				"south": {"uv": [9, 3, 9.25, 3.75], "texture": "#2"},
				"west": {"uv": [9, 4, 9.25, 4.75], "texture": "#2"},
				"up": {"uv": [3.25, 10.5, 3, 10.25], "texture": "#2"},
				"down": {"uv": [3.75, 10.25, 3.5, 10.5], "texture": "#2"}
			}
		},
		{
			"from": [11.5, 10.5, 4.5],
			"to": [12.5, 12.5, 11.5],
			"rotation": {"angle": 0, "axis": "y", "origin": [16, 0, 16]},
			"faces": {
				"north": {"uv": [9.75, 10, 10, 10.5], "texture": "#2"},
				"east": {"uv": [2.5, 1.5, 4.25, 2], "texture": "#2"},
				"south": {"uv": [1, 10.25, 1.25, 10.75], "texture": "#2"},
				"west": {"uv": [2.5, 2.25, 4.25, 2.75], "texture": "#2"},
				"up": {"uv": [0.25, 9.5, 0, 7.75], "texture": "#2"},
				"down": {"uv": [0.75, 7.75, 0.5, 9.5], "texture": "#2"}
			}
		},
		{
			"from": [3.5, 10.5, 3.5],
			"to": [12.5, 12.5, 4.5],
			"faces": {
				"north": {"uv": [0, 0, 2.25, 0.5], "texture": "#2"},
				"east": {"uv": [10, 3, 10.25, 3.5], "texture": "#2"},
				"south": {"uv": [0, 0.75, 2.25, 1.25], "texture": "#2"},
				"west": {"uv": [10, 3.75, 10.25, 4.25], "texture": "#2"},
				"up": {"uv": [2.25, 3.25, 0, 3], "texture": "#2"},
				"down": {"uv": [4.75, 3, 2.5, 3.25], "texture": "#2"}
			}
		},
		{
			"from": [3.5, 10.5, 11.5],
			"to": [12.5, 12.5, 12.5],
			"rotation": {"angle": 0, "axis": "y", "origin": [0, 0, 16]},
			"faces": {
				"north": {"uv": [0, 1.5, 2.25, 2], "texture": "#2"},
				"east": {"uv": [10, 4.5, 10.25, 5], "texture": "#2"},
				"south": {"uv": [0, 2.25, 2.25, 2.75], "texture": "#2"},
				"west": {"uv": [10, 5.25, 10.25, 5.75], "texture": "#2"},
				"up": {"uv": [2.25, 3.75, 0, 3.5], "texture": "#2"},
				"down": {"uv": [4.75, 3.5, 2.5, 3.75], "texture": "#2"}
			}
		},
		{
			"from": [3.5, 10.5, 4.5],
			"to": [4.5, 12.5, 11.5],
			"rotation": {"angle": 0, "axis": "y", "origin": [0, 0, 16]},
			"faces": {
				"north": {"uv": [7.25, 10, 7.5, 10.5], "texture": "#2"},
				"east": {"uv": [2.5, 0, 4.25, 0.5], "texture": "#2"},
				"south": {"uv": [9.25, 10, 9.5, 10.5], "texture": "#2"},
				"west": {"uv": [2.5, 0.75, 4.25, 1.25], "texture": "#2"},
				"up": {"uv": [7.75, 8, 7.5, 6.25], "texture": "#2"},
				"down": {"uv": [7, 7.5, 6.75, 9.25], "texture": "#2"}
			}
		},
		{
			"from": [7, 12.78283, 10.69238],
			"to": [9, 16.78283, 12.69238],
			"rotation": {"angle": 22.5, "axis": "x", "origin": [8, 12.25, 8]},
			"faces": {
				"north": {"uv": [0.75, 5.25, 1.25, 6.25], "texture": "#2"},
				"east": {"uv": [5.25, 1.25, 5.75, 2.25], "texture": "#2"},
				"south": {"uv": [1.5, 5.25, 2, 6.25], "texture": "#2"},
				"west": {"uv": [2.25, 5.25, 2.75, 6.25], "texture": "#2"},
				"up": {"uv": [8.5, 6.75, 8, 6.25], "texture": "#2"},
				"down": {"uv": [8.5, 7, 8, 7.5], "texture": "#2"}
			}
		},
		{
			"from": [7.5, 14.25, 12.75],
			"to": [8.5, 17.25, 13.75],
			"rotation": {"angle": 0, "axis": "y", "origin": [8, 12.25, 8]},
			"faces": {
				"north": {"uv": [9, 5, 9.25, 5.75], "texture": "#2"},
				"east": {"uv": [7.25, 9, 7.5, 9.75], "texture": "#2"},
				"south": {"uv": [1, 9.25, 1.25, 10], "texture": "#2"},
				"west": {"uv": [1.5, 9.25, 1.75, 10], "texture": "#2"},
				"up": {"uv": [4.25, 10.5, 4, 10.25], "texture": "#2"},
				"down": {"uv": [10.5, 6, 10.25, 6.25], "texture": "#2"}
			}
		},
		{
			"from": [10.75, 13.25, 12.75],
			"to": [11.75, 16.25, 13.75],
			"rotation": {"angle": 0, "axis": "y", "origin": [14.25, 11.25, 8]},
			"faces": {
				"north": {"uv": [2, 9.25, 2.25, 10], "texture": "#2"},
				"east": {"uv": [2.5, 9.25, 2.75, 10], "texture": "#2"},
				"south": {"uv": [3, 9.25, 3.25, 10], "texture": "#2"},
				"west": {"uv": [3.5, 9.25, 3.75, 10], "texture": "#2"},
				"up": {"uv": [10.5, 6.75, 10.25, 6.5], "texture": "#2"},
				"down": {"uv": [10.5, 7, 10.25, 7.25], "texture": "#2"}
			}
		},
		{
			"from": [10.25, 11.78283, 10.69238],
			"to": [12.25, 15.78283, 12.69238],
			"rotation": {"angle": 22.5, "axis": "x", "origin": [11.25, 11.25, 8]},
			"faces": {
				"north": {"uv": [3, 5.25, 3.5, 6.25], "texture": "#2"},
				"east": {"uv": [3.75, 5.25, 4.25, 6.25], "texture": "#2"},
				"south": {"uv": [5.25, 3.75, 5.75, 4.75], "texture": "#2"},
				"west": {"uv": [4.5, 5.25, 5, 6.25], "texture": "#2"},
				"up": {"uv": [8.5, 8.25, 8, 7.75], "texture": "#2"},
				"down": {"uv": [8.75, 0, 8.25, 0.5], "texture": "#2"}
			}
		},
		{
			"from": [3.75, 11.78283, 10.69238],
			"to": [5.75, 15.78283, 12.69238],
			"rotation": {"angle": 22.5, "axis": "x", "origin": [4.75, 11.25, 8]},
			"faces": {
				"north": {"uv": [5.25, 5, 5.75, 6], "texture": "#2"},
				"east": {"uv": [5.75, 2.5, 6.25, 3.5], "texture": "#2"},
				"south": {"uv": [6, 0, 6.5, 1], "texture": "#2"},
				"west": {"uv": [6, 1.25, 6.5, 2.25], "texture": "#2"},
				"up": {"uv": [8.75, 1.25, 8.25, 0.75], "texture": "#2"},
				"down": {"uv": [8.75, 1.5, 8.25, 2], "texture": "#2"}
			}
		},
		{
			"from": [4.25, 13.25, 12.75],
			"to": [5.25, 16.25, 13.75],
			"rotation": {"angle": 0, "axis": "y", "origin": [1.75, 11.25, 8]},
			"faces": {
				"north": {"uv": [4, 9.25, 4.25, 10], "texture": "#2"},
				"east": {"uv": [9.25, 6, 9.5, 6.75], "texture": "#2"},
				"south": {"uv": [9.25, 7, 9.5, 7.75], "texture": "#2"},
				"west": {"uv": [7.75, 9.25, 8, 10], "texture": "#2"},
				"up": {"uv": [10.5, 7.75, 10.25, 7.5], "texture": "#2"},
				"down": {"uv": [8, 10.25, 7.75, 10.5], "texture": "#2"}
			}
		},
		{
			"from": [3.30762, 12.78283, 7],
			"to": [5.30762, 16.78283, 9],
			"rotation": {"angle": 22.5, "axis": "z", "origin": [8, 12.25, 8]},
			"faces": {
				"north": {"uv": [6, 3.75, 6.5, 4.75], "texture": "#2"},
				"east": {"uv": [6, 5, 6.5, 6], "texture": "#2"},
				"south": {"uv": [5.25, 6.25, 5.75, 7.25], "texture": "#2"},
				"west": {"uv": [6, 6.25, 6.5, 7.25], "texture": "#2"},
				"up": {"uv": [8.75, 3.75, 8.25, 3.25], "texture": "#2"},
				"down": {"uv": [8.75, 4, 8.25, 4.5], "texture": "#2"}
			}
		},
		{
			"from": [2.25, 14.25, 7.5],
			"to": [3.25, 17.25, 8.5],
			"rotation": {"angle": 0, "axis": "y", "origin": [8, 12.25, 8]},
			"faces": {
				"north": {"uv": [9.25, 8, 9.5, 8.75], "texture": "#2"},
				"east": {"uv": [8.25, 9.25, 8.5, 10], "texture": "#2"},
				"south": {"uv": [8.75, 9.25, 9, 10], "texture": "#2"},
				"west": {"uv": [9.25, 9, 9.5, 9.75], "texture": "#2"},
				"up": {"uv": [10.5, 8.25, 10.25, 8], "texture": "#2"},
				"down": {"uv": [8.5, 10.25, 8.25, 10.5], "texture": "#2"}
			}
		},
		{
			"from": [2.25, 13.25, 10.75],
			"to": [3.25, 16.25, 11.75],
			"rotation": {"angle": 0, "axis": "y", "origin": [8, 11.25, 14.25]},
			"faces": {
				"north": {"uv": [9.5, 0, 9.75, 0.75], "texture": "#2"},
				"east": {"uv": [9.5, 1, 9.75, 1.75], "texture": "#2"},
				"south": {"uv": [9.5, 2, 9.75, 2.75], "texture": "#2"},
				"west": {"uv": [9.5, 3, 9.75, 3.75], "texture": "#2"},
				"up": {"uv": [10.5, 8.75, 10.25, 8.5], "texture": "#2"},
				"down": {"uv": [9, 10.25, 8.75, 10.5], "texture": "#2"}
			}
		},
		{
			"from": [3.30762, 11.78283, 10.25],
			"to": [5.30762, 15.78283, 12.25],
			"rotation": {"angle": 22.5, "axis": "z", "origin": [8, 11.25, 11.25]},
			"faces": {
				"north": {"uv": [0, 6.5, 0.5, 7.5], "texture": "#2"},
				"east": {"uv": [0.75, 6.5, 1.25, 7.5], "texture": "#2"},
				"south": {"uv": [1.5, 6.5, 2, 7.5], "texture": "#2"},
				"west": {"uv": [2.25, 6.5, 2.75, 7.5], "texture": "#2"},
				"up": {"uv": [8.75, 5.25, 8.25, 4.75], "texture": "#2"},
				"down": {"uv": [8.75, 5.5, 8.25, 6], "texture": "#2"}
			}
		},
		{
			"from": [3.30762, 11.78283, 3.75],
			"to": [5.30762, 15.78283, 5.75],
			"rotation": {"angle": 22.5, "axis": "z", "origin": [8, 11.25, 4.75]},
			"faces": {
				"north": {"uv": [6.5, 2.5, 7, 3.5], "texture": "#2"},
				"east": {"uv": [3, 6.5, 3.5, 7.5], "texture": "#2"},
				"south": {"uv": [3.75, 6.5, 4.25, 7.5], "texture": "#2"},
				"west": {"uv": [4.5, 6.5, 5, 7.5], "texture": "#2"},
				"up": {"uv": [7.75, 8.75, 7.25, 8.25], "texture": "#2"},
				"down": {"uv": [1.5, 8.5, 1, 9], "texture": "#2"}
			}
		},
		{
			"from": [2.25, 13.25, 4.25],
			"to": [3.25, 16.25, 5.25],
			"rotation": {"angle": 0, "axis": "y", "origin": [8, 11.25, 1.75]},
			"faces": {
				"north": {"uv": [9.5, 4, 9.75, 4.75], "texture": "#2"},
				"east": {"uv": [9.5, 5, 9.75, 5.75], "texture": "#2"},
				"south": {"uv": [6.75, 9.5, 7, 10.25], "texture": "#2"},
				"west": {"uv": [0, 9.75, 0.25, 10.5], "texture": "#2"},
				"up": {"uv": [10.5, 9.25, 10.25, 9], "texture": "#2"},
				"down": {"uv": [10.5, 9.5, 10.25, 9.75], "texture": "#2"}
			}
		},
		{
			"from": [10.69238, 12.78283, 7],
			"to": [12.69238, 16.78283, 9],
			"rotation": {"angle": -22.5, "axis": "z", "origin": [8, 12.25, 8]},
			"faces": {
				"north": {"uv": [6.75, 0, 7.25, 1], "texture": "#2"},
				"east": {"uv": [6.75, 1.25, 7.25, 2.25], "texture": "#2"},
				"south": {"uv": [6.75, 3.75, 7.25, 4.75], "texture": "#2"},
				"west": {"uv": [6.75, 5, 7.25, 6], "texture": "#2"},
				"up": {"uv": [2.25, 9, 1.75, 8.5], "texture": "#2"},
				"down": {"uv": [3, 8.5, 2.5, 9], "texture": "#2"}
			}
		},
		{
			"from": [12.75, 14.25, 7.5],
			"to": [13.75, 17.25, 8.5],
			"rotation": {"angle": 0, "axis": "y", "origin": [8, 12.25, 8]},
			"faces": {
				"north": {"uv": [0.5, 9.75, 0.75, 10.5], "texture": "#2"},
				"east": {"uv": [4.5, 9.75, 4.75, 10.5], "texture": "#2"},
				"south": {"uv": [5, 9.75, 5.25, 10.5], "texture": "#2"},
				"west": {"uv": [5.5, 9.75, 5.75, 10.5], "texture": "#2"},
				"up": {"uv": [10.5, 10.25, 10.25, 10], "texture": "#2"},
				"down": {"uv": [10.75, 0, 10.5, 0.25], "texture": "#2"}
			}
		},
		{
			"from": [12.75, 13.25, 10.75],
			"to": [13.75, 16.25, 11.75],
			"rotation": {"angle": 0, "axis": "y", "origin": [8, 11.25, 14.25]},
			"faces": {
				"north": {"uv": [6, 9.75, 6.25, 10.5], "texture": "#2"},
				"east": {"uv": [9.75, 6, 10, 6.75], "texture": "#2"},
				"south": {"uv": [9.75, 7, 10, 7.75], "texture": "#2"},
				"west": {"uv": [9.75, 8, 10, 8.75], "texture": "#2"},
				"up": {"uv": [10.75, 0.75, 10.5, 0.5], "texture": "#2"},
				"down": {"uv": [10.75, 1, 10.5, 1.25], "texture": "#2"}
			}
		},
		{
			"from": [10.69238, 11.78283, 10.25],
			"to": [12.69238, 15.78283, 12.25],
			"rotation": {"angle": -22.5, "axis": "z", "origin": [8, 11.25, 11.25]},
			"faces": {
				"north": {"uv": [6.75, 6.25, 7.25, 7.25], "texture": "#2"},
				"east": {"uv": [7.25, 2.5, 7.75, 3.5], "texture": "#2"},
				"south": {"uv": [7.5, 0, 8, 1], "texture": "#2"},
				"west": {"uv": [7.5, 1.25, 8, 2.25], "texture": "#2"},
				"up": {"uv": [3.75, 9, 3.25, 8.5], "texture": "#2"},
				"down": {"uv": [4.5, 8.5, 4, 9], "texture": "#2"}
			}
		},
		{
			"from": [10.69238, 11.78283, 3.75],
			"to": [12.69238, 15.78283, 5.75],
			"rotation": {"angle": -22.5, "axis": "z", "origin": [8, 11.25, 4.75]},
			"faces": {
				"north": {"uv": [7.5, 3.75, 8, 4.75], "texture": "#2"},
				"east": {"uv": [7.5, 5, 8, 6], "texture": "#2"},
				"south": {"uv": [5.25, 7.5, 5.75, 8.5], "texture": "#2"},
				"west": {"uv": [6, 7.5, 6.5, 8.5], "texture": "#2"},
				"up": {"uv": [8.5, 9, 8, 8.5], "texture": "#2"},
				"down": {"uv": [9.25, 2.25, 8.75, 2.75], "texture": "#2"}
			}
		},
		{
			"from": [12.75, 13.25, 4.25],
			"to": [13.75, 16.25, 5.25],
			"rotation": {"angle": 0, "axis": "y", "origin": [8, 11.25, 1.75]},
			"faces": {
				"north": {"uv": [9.75, 9, 10, 9.75], "texture": "#2"},
				"east": {"uv": [10, 0, 10.25, 0.75], "texture": "#2"},
				"south": {"uv": [10, 1, 10.25, 1.75], "texture": "#2"},
				"west": {"uv": [10, 2, 10.25, 2.75], "texture": "#2"},
				"up": {"uv": [10.75, 1.75, 10.5, 1.5], "texture": "#2"},
				"down": {"uv": [10.75, 2, 10.5, 2.25], "texture": "#2"}
			}
		}
	],
	"gui_light": "front",
	"display": {
		"thirdperson_righthand": {
			"rotation": [25.37, 10.66, 9.5],
			"translation": [-2.25, -1, -1],
			"scale": [0.5, 0.5, 0.5]
		},
		"thirdperson_lefthand": {
			"rotation": [25.37, 10.66, 9.5],
			"translation": [-2.25, -1, -1],
			"scale": [0.5, 0.5, 0.5]
		},
		"firstperson_righthand": {
			"rotation": [14.5, 2.44, -0.62],
			"scale": [0.5, 0.5, 0.5]
		},
		"firstperson_lefthand": {
			"rotation": [14.5, 2.44, -0.62],
			"scale": [0.5, 0.5, 0.5]
		},
		"ground": {
			"translation": [0, -2.75, 0],
			"scale": [0.5, 0.5, 0.5]
		},
		"gui": {
			"rotation": [-153.25, 31.5, -180],
			"translation": [0.25, -4.75, 0],
			"scale": [0.9, 0.9, 0.9]
		},
		"head": {
			"translation": [0, -1.5, 0],
			"scale": [1.61, 1.61, 1.61]
		},
		"fixed": {
			"rotation": [-23.25, 0, 0],
			"translation": [0, -5.25, -2]
		}
	},
	"groups": [
		{
			"name": "group",
			"origin": [8, 11, 5.5],
			"color": 0,
			"children": [0, 1, 2, 3, 4, 5]
		},
		{
			"name": "group",
			"origin": [0, 0, 16],
			"color": 0,
			"children": [6, 7, 8, 9]
		},
		{
			"name": "group",
			"origin": [8, 11, 5.5],
			"color": 0,
			"children": [10, 11, 12, 13, 14, 15]
		},
		{
			"name": "group",
			"origin": [8, 11, 5.5],
			"color": 0,
			"children": [16, 17, 18, 19, 20, 21]
		},
		{
			"name": "group",
			"origin": [8, 11, 5.5],
			"color": 0,
			"children": [22, 23, 24, 25, 26, 27]
		}
	]
}