{
	"credit": "Made with Blockbench",
	"texture_size": [64, 64],
	"textures": {
		"0": "cosmetics/barbell",
		"particle": "cosmetics/barbell"
	},
	"elements": [
		{
			"from": [7, 4, -11],
			"to": [9, 6, 27],
			"rotation": {"angle": 0, "axis": "y", "origin": [8, 2, 8]},
			"faces": {
				"north": {"uv": [3, 6.5, 3.5, 7], "texture": "#0"},
				"east": {"uv": [0, 0, 9.5, 0.5], "texture": "#0"},
				"south": {"uv": [6.75, 3, 7.25, 3.5], "texture": "#0"},
				"west": {"uv": [0, 0.75, 9.5, 1.25], "texture": "#0"},
				"up": {"uv": [0.5, 11, 0, 1.5], "texture": "#0"},
				"down": {"uv": [1.25, 1.5, 0.75, 11], "texture": "#0"}
			}
		},
		{
			"from": [3, 2, 20],
			"to": [13, 8, 22],
			"rotation": {"angle": 0, "axis": "y", "origin": [8, 2, 21]},
			"faces": {
				"north": {"uv": [1.5, 1.5, 4, 3], "texture": "#0"},
				"east": {"uv": [1.5, 6.5, 2, 8], "texture": "#0"},
				"south": {"uv": [1.5, 3.25, 4, 4.75], "texture": "#0"},
				"west": {"uv": [2.25, 6.5, 2.75, 8], "texture": "#0"},
				"up": {"uv": [4, 5.5, 1.5, 5], "texture": "#0"},
				"down": {"uv": [4, 5.75, 1.5, 6.25], "texture": "#0"}
			}
		},
		{
			"from": [5, 0, 20.025],
			"to": [11, 10, 21.975],
			"rotation": {"angle": 0, "axis": "y", "origin": [8, 2, 21]},
			"faces": {
				"north": {"uv": [4.25, 1.5, 5.75, 4], "texture": "#0"},
				"east": {"uv": [6, 1.5, 6.5, 4], "texture": "#0"},
				"south": {"uv": [4.25, 4.25, 5.75, 6.75], "texture": "#0"},
				"west": {"uv": [6, 4.25, 6.5, 6.75], "texture": "#0"},
				"up": {"uv": [8.25, 2, 6.75, 1.5], "texture": "#0"},
				"down": {"uv": [8.25, 2.25, 6.75, 2.75], "texture": "#0"}
			}
		},
		{
			"from": [3, 2, -6],
			"to": [13, 8, -4],
			"rotation": {"angle": 0, "axis": "y", "origin": [8, 2, -5]},
			"faces": {
				"north": {"uv": [4, 3.25, 1.5, 4.75], "texture": "#0"},
				"east": {"uv": [2, 6.5, 1.5, 8], "texture": "#0"},
				"south": {"uv": [4, 1.5, 1.5, 3], "texture": "#0"},
				"west": {"uv": [2.75, 6.5, 2.25, 8], "texture": "#0"},
				"up": {"uv": [4, 5, 1.5, 5.5], "texture": "#0"},
				"down": {"uv": [4, 6.25, 1.5, 5.75], "texture": "#0"}
			}
		},
		{
			"from": [5, 0, -5.975],
			"to": [11, 10, -4.025],
			"rotation": {"angle": 0, "axis": "y", "origin": [8, 2, -5]},
			"faces": {
				"north": {"uv": [5.75, 4.25, 4.25, 6.75], "texture": "#0"},
				"east": {"uv": [6.5, 1.5, 6, 4], "texture": "#0"},
				"south": {"uv": [5.75, 1.5, 4.25, 4], "texture": "#0"},
				"west": {"uv": [6.5, 4.25, 6, 6.75], "texture": "#0"},
				"up": {"uv": [8.25, 1.5, 6.75, 2], "texture": "#0"},
				"down": {"uv": [8.25, 2.75, 6.75, 2.25], "texture": "#0"}
			}
		}
	],
	"gui_light": "front",
	"display": {
		"thirdperson_righthand": {
			"rotation": [90, 0, 0],
			"translation": [0, -2, 5]
		},
		"thirdperson_lefthand": {
			"rotation": [90, 0, 0],
			"translation": [0, -2, 5]
		},
		"firstperson_righthand": {
			"rotation": [10.5, 0, 0],
			"translation": [4.25, -1.25, 0.25]
		},
		"firstperson_lefthand": {
			"rotation": [10.5, 0, 0],
			"translation": [4.25, -1.25, 0.25]
		},
		"ground": {
			"scale": [0.3, 0.3, 0.3]
		},
		"gui": {
			"rotation": [19.01, 50.1, 176],
			"translation": [0, -2, 0],
			"scale": [0.5, 0.5, 0.5]
		},
		"head": {
			"rotation": [0, 90, 0],
			"translation": [0, 0.5, 0],
			"scale": [0.54, 0.54, 0.54]
		},
		"fixed": {
			"rotation": [0, 89.5, 0],
			"translation": [0, 1, -0.75],
			"scale": [0.45, 0.45, 0.45]
		}
	}
}