{
	"credit": "Made with Blockbench",
	"texture_size": [32, 32],
	"textures": {
		"2": "cosmetics/baseball_cap",
		"particle": "cosmetics/baseball_cap"
	},
	"elements": [
		{
			"from": [3.5, 3.5, 3.5],
			"to": [12.5, 8.5, 12.5],
			"faces": {
				"north": {"uv": [5, 0, 9.5, 2.5], "texture": "#2"},
				"east": {"uv": [5, 3, 9.5, 5.5], "texture": "#2"},
				"south": {"uv": [5, 6, 9.5, 8.5], "texture": "#2"},
				"west": {"uv": [5, 9, 9.5, 11.5], "texture": "#2"},
				"up": {"uv": [4.5, 4.5, 0, 0], "texture": "#2"},
				"down": {"uv": [4.5, 5, 0, 9.5], "texture": "#2"}
			}
		},
		{
			"from": [6, 3, -0.5],
			"to": [10, 4, 6.5],
			"rotation": {"angle": 0, "axis": "y", "origin": [8, 6.5, 8]},
			"faces": {
				"north": {"uv": [12.5, 2, 14.5, 2.5], "texture": "#2"},
				"east": {"uv": [11.5, 11, 15, 11.5], "texture": "#2"},
				"south": {"uv": [12.5, 3, 14.5, 3.5], "texture": "#2"},
				"west": {"uv": [4, 12, 7.5, 12.5], "texture": "#2"},
				"up": {"uv": [2, 13.5, 0, 10], "texture": "#2"},
				"down": {"uv": [12, 0, 10, 3.5], "texture": "#2"}
			}
		},
		{
			"from": [11.18507, 3.95775, -0.5],
			"to": [13.18507, 4.95775, 6.5],
			"rotation": {"angle": -22.5, "axis": "z", "origin": [8.18507, 7.45775, 8]},
			"faces": {
				"north": {"uv": [6.5, 13, 7.5, 13.5], "texture": "#2"},
				"east": {"uv": [8, 12, 11.5, 12.5], "texture": "#2"},
				"south": {"uv": [13, 7, 14, 7.5], "texture": "#2"},
				"west": {"uv": [12, 12, 15.5, 12.5], "texture": "#2"},
				"up": {"uv": [3.5, 13.5, 2.5, 10], "texture": "#2"},
				"down": {"uv": [11, 4, 10, 7.5], "texture": "#2"}
			}
		},
		{
			"from": [2.81493, 3.95775, -0.5],
			"to": [4.81493, 4.95775, 6.5],
			"rotation": {"angle": 22.5, "axis": "z", "origin": [7.81493, 7.45775, 8]},
			"faces": {
				"north": {"uv": [8, 13, 9, 13.5], "texture": "#2"},
				"east": {"uv": [12.5, 0, 16, 0.5], "texture": "#2"},
				"south": {"uv": [9.5, 13, 10.5, 13.5], "texture": "#2"},
				"west": {"uv": [12.5, 1, 16, 1.5], "texture": "#2"},
				"up": {"uv": [11, 11.5, 10, 8], "texture": "#2"},
				"down": {"uv": [12.5, 4, 11.5, 7.5], "texture": "#2"}
			}
		},
		{
			"from": [6, 3, -2.5],
			"to": [10, 4, -0.5],
			"rotation": {"angle": 0, "axis": "y", "origin": [8, 6.5, 8]},
			"faces": {
				"north": {"uv": [4, 13, 6, 13.5], "texture": "#2"},
				"east": {"uv": [13, 5, 14, 5.5], "texture": "#2"},
				"south": {"uv": [13, 4, 15, 4.5], "texture": "#2"},
				"west": {"uv": [13, 6, 14, 6.5], "texture": "#2"},
				"up": {"uv": [13.5, 9, 11.5, 8], "texture": "#2"},
				"down": {"uv": [13.5, 9.5, 11.5, 10.5], "texture": "#2"}
			}
		},
		{
			"from": [10.91865, 2.61836, -2.5],
			"to": [11.91865, 3.61836, -0.5],
			"rotation": {"angle": -22.5, "axis": "z", "origin": [11.41865, 6.11836, 8]},
			"faces": {
				"north": {"uv": [6, 14, 6.5, 14.5], "texture": "#2"},
				"east": {"uv": [11, 13, 12, 13.5], "texture": "#2"},
				"south": {"uv": [7, 14, 7.5, 14.5], "texture": "#2"},
				"west": {"uv": [12.5, 13, 13.5, 13.5], "texture": "#2"},
				"up": {"uv": [4.5, 11, 4, 10], "texture": "#2"},
				"down": {"uv": [0.5, 14, 0, 15], "texture": "#2"}
			}
		},
		{
			"from": [4.08135, 2.61836, -2.5],
			"to": [5.08135, 3.61836, -0.5],
			"rotation": {"angle": 22.5, "axis": "z", "origin": [4.58135, 6.11836, 8]},
			"faces": {
				"north": {"uv": [8, 14, 8.5, 14.5], "texture": "#2"},
				"east": {"uv": [1, 14, 2, 14.5], "texture": "#2"},
				"south": {"uv": [14, 8, 14.5, 8.5], "texture": "#2"},
				"west": {"uv": [2.5, 14, 3.5, 14.5], "texture": "#2"},
				"up": {"uv": [4.5, 15, 4, 14], "texture": "#2"},
				"down": {"uv": [5.5, 14, 5, 15], "texture": "#2"}
			}
		}
	],
	"gui_light": "front",
	"display": {
		"thirdperson_righthand": {
			"rotation": [1, 0, 0],
			"translation": [-2.5, 1.25, -1],
			"scale": [0.5, 0.5, 0.5]
		},
		"thirdperson_lefthand": {
			"translation": [-2.5, 1.25, -1],
			"scale": [0.5, 0.5, 0.5]
		},
		"firstperson_righthand": {
			"scale": [0.8, 0.8, 0.8]
		},
		"firstperson_lefthand": {
			"scale": [0.8, 0.8, 0.8]
		},
		"ground": {
			"scale": [0.5, 0.5, 0.5]
		},
		"gui": {
			"rotation": [-174, -19, -180],
			"translation": [0.25, 0.5, 0]
		},
		"head": {
			"translation": [0, 6.5, 0],
			"scale": [1.61, 1.61, 1.61]
		},
		"fixed": {
			"rotation": [-38.5, 0, 0],
			"translation": [0, 0, -5.5]
		}
	}
}