{
	"credit": "Made with Blockbench",
	"textures": {
		"0": "cosmetics/baseball",
		"particle": "cosmetics/baseball"
	},
	"elements": [
		{
			"from": [6, 0, 6],
			"to": [10, 4, 10],
			"faces": {
				"north": {"uv": [0, 0, 4, 4], "texture": "#0"},
				"east": {"uv": [0, 5, 4, 9], "texture": "#0"},
				"south": {"uv": [5, 0, 9, 4], "texture": "#0"},
				"west": {"uv": [5, 5, 9, 9], "texture": "#0"},
				"up": {"uv": [4, 14, 0, 10], "texture": "#0"},
				"down": {"uv": [14, 0, 10, 4], "texture": "#0"}
			}
		}
	],
	"gui_light": "front",
	"display": {
		"thirdperson_righthand": {
			"rotation": [81.83, 26.6, -11.97],
			"translation": [-2.25, 0.25, 6.75]
		},
		"thirdperson_lefthand": {
			"rotation": [81.83, 26.6, -11.97],
			"translation": [-2.25, 0.25, 6.75]
		},
		"firstperson_righthand": {
			"rotation": [-148.82, 43.85, 156.18],
			"translation": [-2.5, 6.75, 1]
		},
		"firstperson_lefthand": {
			"rotation": [-148.82, 43.85, 156.18],
			"translation": [-2.5, 6.75, 1]
		},
		"ground": {
			"translation": [0, 5.5, 0]
		},
		"gui": {
			"rotation": [-166.66, 36, -147.63],
			"translation": [3.25, 5, 0],
			"scale": [1.2, 1.2, 1.2]
		},
		"head": {
			"translation": [0, 19, 0],
			"scale": [1.6, 1.6, 1.6]
		},
		"fixed": {
			"rotation": [-29.75, 0, 0],
			"translation": [0, 9.75, -5.75],
			"scale": [2, 2, 2]
		}
	}
}