{
	"credit": "Made with Blockbench",
	"texture_size": [64, 64],
	"textures": {
		"0": "cosmetics/baseball_bat",
		"particle": "cosmetics/baseball_bat"
	},
	"elements": [
		{
			"from": [6.5, 5, 6.5],
			"to": [9.5, 15, 9.5],
			"rotation": {"angle": 0, "axis": "y", "origin": [8, -15.5, 8]},
			"faces": {
				"north": {"uv": [0, 5.5, 0.75, 8], "texture": "#0"},
				"east": {"uv": [1, 5.5, 1.75, 8], "texture": "#0"},
				"south": {"uv": [2, 5.5, 2.75, 8], "texture": "#0"},
				"west": {"uv": [3, 5.5, 3.75, 8], "texture": "#0"},
				"up": {"uv": [7.75, 6.25, 7, 5.5], "texture": "#0"},
				"down": {"uv": [7.75, 6.5, 7, 7.25], "texture": "#0"}
			}
		},
		{
			"from": [7, -5, 7],
			"to": [9, 16, 9],
			"rotation": {"angle": 0, "axis": "y", "origin": [8, -15.5, 8]},
			"faces": {
				"north": {"uv": [0, 0, 0.5, 5.25], "texture": "#0"},
				"east": {"uv": [0.75, 0, 1.25, 5.25], "texture": "#0"},
				"south": {"uv": [1.5, 0, 2, 5.25], "texture": "#0"},
				"west": {"uv": [2.25, 0, 2.75, 5.25], "texture": "#0"},
				"up": {"uv": [8, 4, 7.5, 3.5], "texture": "#0"},
				"down": {"uv": [8, 4.25, 7.5, 4.75], "texture": "#0"}
			}
		},
		{
			"from": [7.5, -15, 7.5],
			"to": [8.5, -5, 8.5],
			"rotation": {"angle": 0, "axis": "y", "origin": [8, -15.5, 8]},
			"faces": {
				"north": {"uv": [6, 5.5, 6.25, 8], "texture": "#0"},
				"east": {"uv": [6.5, 5.5, 6.75, 8], "texture": "#0"},
				"south": {"uv": [7, 0, 7.25, 2.5], "texture": "#0"},
				"west": {"uv": [7, 2.75, 7.25, 5.25], "texture": "#0"},
				"up": {"uv": [8.25, 7.25, 8, 7], "texture": "#0"},
				"down": {"uv": [0.25, 8.25, 0, 8.5], "texture": "#0"}
			}
		},
		{
			"from": [7, -16, 7],
			"to": [9, -15, 9],
			"rotation": {"angle": -45, "axis": "y", "origin": [8, -15.5, 8]},
			"faces": {
				"north": {"uv": [7.5, 5, 8, 5.25], "texture": "#0"},
				"east": {"uv": [8, 5.5, 8.5, 5.75], "texture": "#0"},
				"south": {"uv": [8, 6, 8.5, 6.25], "texture": "#0"},
				"west": {"uv": [8, 6.5, 8.5, 6.75], "texture": "#0"},
				"up": {"uv": [8, 2.5, 7.5, 2], "texture": "#0"},
				"down": {"uv": [8, 2.75, 7.5, 3.25], "texture": "#0"}
			}
		}
	],
	"gui_light": "front",
	"display": {
		"thirdperson_righthand": {
			"translation": [0, 12.75, 1.75],
			"scale": [0.9, 0.9, 0.9]
		},
		"thirdperson_lefthand": {
			"translation": [0, 12.75, 1.75],
			"scale": [0.9, 0.9, 0.9]
		},
		"firstperson_righthand": {
			"translation": [0, 9.25, 0],
			"scale": [0.7, 0.7, 0.7]
		},
		"firstperson_lefthand": {
			"translation": [0, 9.25, 0],
			"scale": [0.7, 0.7, 0.7]
		},
		"ground": {
			"rotation": [45, 0, 0],
			"translation": [0, 3.75, 0],
			"scale": [0.4, 0.4, 0.4]
		},
		"gui": {
			"rotation": [50, 45, 111],
			"translation": [3.5, 3.5, 0],
			"scale": [0.6, -0.6, 0.6]
		},
		"head": {
			"rotation": [-45, 0, 0],
			"translation": [0, 8.75, -15]
		},
		"fixed": {
			"rotation": [90, -45, 90],
			"translation": [-4.25, 4.25, -0.5],
			"scale": [0.75, 0.75, 0.75]
		}
	},
	"groups": [
		{
			"name": "group",
			"origin": [8, -15.5, 8],
			"color": 0,
			"children": [0, 1, 2, 3]
		}
	]
}