{
	"credit": "Made with Blockbench",
	"texture_size": [64, 64],
	"textures": {
		"0": "cosmetics/beach_ball",
		"particle": "cosmetics/beach_ball"
	},
	"elements": [
		{
			"from": [3.5, 1, 4.5],
			"to": [12.5, 8, 11.5],
			"faces": {
				"north": {"uv": [0, 0, 2.25, 1.75], "texture": "#0"},
				"east": {"uv": [7, 2.5, 8.75, 4.25], "texture": "#0"},
				"south": {"uv": [0, 2, 2.25, 3.75], "texture": "#0"},
				"west": {"uv": [7, 4.5, 8.75, 6.25], "texture": "#0"},
				"up": {"uv": [4.75, 1.75, 2.5, 0], "texture": "#0"},
				"down": {"uv": [4.75, 2, 2.5, 3.75], "texture": "#0"}
			}
		},
		{
			"from": [4.5, 0, 4.5],
			"to": [11.5, 9, 11.5],
			"faces": {
				"north": {"uv": [5, 5, 6.75, 7.25], "texture": "#0"},
				"east": {"uv": [0, 6, 1.75, 8.25], "texture": "#0"},
				"south": {"uv": [2, 6, 3.75, 8.25], "texture": "#0"},
				"west": {"uv": [7, 0, 8.75, 2.25], "texture": "#0"},
				"up": {"uv": [1.75, 10.25, 0, 8.5], "texture": "#0"},
				"down": {"uv": [3.75, 8.5, 2, 10.25], "texture": "#0"}
			}
		},
		{
			"from": [4.5, 1, 3.5],
			"to": [11.5, 8, 12.5],
			"faces": {
				"north": {"uv": [7, 6.5, 8.75, 8.25], "texture": "#0"},
				"east": {"uv": [0, 4, 2.25, 5.75], "texture": "#0"},
				"south": {"uv": [4, 7.5, 5.75, 9.25], "texture": "#0"},
				"west": {"uv": [2.5, 4, 4.75, 5.75], "texture": "#0"},
				"up": {"uv": [6.75, 2.25, 5, 0], "texture": "#0"},
				"down": {"uv": [6.75, 2.5, 5, 4.75], "texture": "#0"}
			}
		}
	],
	"gui_light": "front",
	"display": {
		"thirdperson_righthand": {
			"rotation": [52.56, 1.37, -5.06],
			"translation": [-5.5, 3.25, 2.5]
		},
		"thirdperson_lefthand": {
			"rotation": [52.56, 1.37, -5.06],
			"translation": [-5.5, 3.25, 2.5]
		},
		"firstperson_righthand": {
			"rotation": [-154.25, 69.5, -180],
			"translation": [-1.25, 5, 0.25],
			"scale": [0.8, 0.8, 0.8]
		},
		"firstperson_lefthand": {
			"rotation": [-154.25, 69.5, -180],
			"translation": [-1.25, 5, 0.25],
			"scale": [0.8, 0.8, 0.8]
		},
		"ground": {
			"translation": [0, 3.5, 0],
			"scale": [0.8, 0.8, 0.8]
		},
		"gui": {
			"rotation": [20.17, 19.31, -6.93],
			"translation": [0.25, 3, 0]
		},
		"head": {
			"translation": [0, 16.5, 0],
			"scale": [1.3, 1.3, 1.3]
		},
		"fixed": {
			"rotation": [-19.25, 0, 0],
			"translation": [0, 3.25, -3.75]
		}
	}
}