{
	"credit": "Made with Blockbench",
	"texture_size": [32, 32],
	"textures": {
		"0": "cosmetics/big_lollipop",
		"particle": "cosmetics/big_lollipop"
	},
	"elements": [
		{
			"from": [7.5, 0, 7.5],
			"to": [8.5, 12, 8.5],
			"faces": {
				"north": {"uv": [6.5, 0, 7, 6], "texture": "#0"},
				"east": {"uv": [3.5, 0, 4, 6], "texture": "#0"},
				"south": {"uv": [4.5, 0, 5, 6], "texture": "#0"},
				"west": {"uv": [5.5, 0, 6, 6], "texture": "#0"},
				"up": {"uv": [8, 0.5, 7.5, 0], "rotation": 90, "texture": "#0"},
				"down": {"uv": [8, 1, 7.5, 1.5], "rotation": 270, "texture": "#0"}
			}
		},
		{
			"from": [7, 12, 5],
			"to": [9, 18, 11],
			"faces": {
				"north": {"uv": [5, 6.5, 6, 9.5], "texture": "#0"},
				"east": {"uv": [0, 0, 3, 3], "texture": "#0"},
				"south": {"uv": [3.5, 6.5, 4.5, 9.5], "texture": "#0"},
				"west": {"uv": [0, 3.5, 3, 6.5], "texture": "#0"},
				"up": {"uv": [9.5, 7.5, 6.5, 6.5], "rotation": 90, "texture": "#0"},
				"down": {"uv": [3, 7, 0, 8], "rotation": 270, "texture": "#0"}
			}
		}
	],
	"gui_light": "front",
	"display": {
		"thirdperson_righthand": {
			"translation": [0, 1.75, 1.5]
		},
		"thirdperson_lefthand": {
			"translation": [0, 1.75, 1.5]
		},
		"firstperson_righthand": {
			"rotation": [10.5, 11.5, 0],
			"scale": [0.8, 0.8, 0.8]
		},
		"firstperson_lefthand": {
			"rotation": [10.5, 11.5, 0],
			"scale": [0.8, 0.8, 0.8]
		},
		"ground": {
			"rotation": [45, 0, 0],
			"translation": [0, 1.5, 0],
			"scale": [0.6, 0.6, 0.6]
		},
		"gui": {
			"rotation": [50.18, 53.69, -49.1],
			"translation": [-0.5, -1.25, 0],
			"scale": [0.8, 0.8, 0.8]
		},
		"head": {
			"translation": [0, 6.75, 0]
		},
		"fixed": {
			"rotation": [90, -47.5, 90],
			"translation": [0, -1.25, 0]
		}
	}
}