{
	"credit": "Made with Blockbench",
	"texture_size": [32, 32],
	"textures": {
		"0": "cosmetics/bongo_drum",
		"particle": "cosmetics/bongo_drum"
	},
	"elements": [
		{
			"from": [6, 0, 6],
			"to": [10, 2, 10],
			"faces": {
				"north": {"uv": [4, 10.5, 6, 11.5], "texture": "#0"},
				"east": {"uv": [6.5, 10.5, 8.5, 11.5], "texture": "#0"},
				"south": {"uv": [11, 0, 13, 1], "texture": "#0"},
				"west": {"uv": [11, 1.5, 13, 2.5], "texture": "#0"},
				"up": {"uv": [5.5, 8, 3.5, 6], "texture": "#0"},
				"down": {"uv": [8, 6, 6, 8], "texture": "#0"}
			}
		},
		{
			"from": [6, 5, 6],
			"to": [10, 6, 10],
			"faces": {
				"north": {"uv": [9, 11, 11, 11.5], "texture": "#0"},
				"east": {"uv": [11, 9, 13, 9.5], "texture": "#0"},
				"south": {"uv": [11, 10, 13, 10.5], "texture": "#0"},
				"west": {"uv": [11.5, 5, 13.5, 5.5], "texture": "#0"},
				"up": {"uv": [8.5, 2, 6.5, 0], "texture": "#0"},
				"down": {"uv": [8.5, 2.5, 6.5, 4.5], "texture": "#0"}
			}
		},
		{
			"from": [5.5, 6, 5.5],
			"to": [10.5, 9, 10.5],
			"faces": {
				"north": {"uv": [0, 7, 2.5, 8.5], "texture": "#0"},
				"east": {"uv": [3, 8.5, 5.5, 10], "texture": "#0"},
				"south": {"uv": [8.5, 5, 11, 6.5], "texture": "#0"},
				"west": {"uv": [6, 8.5, 8.5, 10], "texture": "#0"},
				"up": {"uv": [6, 2.5, 3.5, 0], "texture": "#0"},
				"down": {"uv": [6, 3, 3.5, 5.5], "texture": "#0"}
			}
		},
		{
			"from": [5, 9, 5],
			"to": [11, 10, 11],
			"faces": {
				"north": {"uv": [9, 4, 12, 4.5], "texture": "#0"},
				"east": {"uv": [11, 3, 14, 3.5], "texture": "#0"},
				"south": {"uv": [11, 7, 14, 7.5], "texture": "#0"},
				"west": {"uv": [11, 8, 14, 8.5], "texture": "#0"},
				"up": {"uv": [3, 3, 0, 0], "texture": "#0"},
				"down": {"uv": [3, 3.5, 0, 6.5], "texture": "#0"}
			}
		},
		{
			"from": [6.5, 2, 6.5],
			"to": [9.5, 5, 9.5],
			"faces": {
				"north": {"uv": [0, 9, 1.5, 10.5], "texture": "#0"},
				"east": {"uv": [9, 0, 10.5, 1.5], "texture": "#0"},
				"south": {"uv": [9, 2, 10.5, 3.5], "texture": "#0"},
				"west": {"uv": [9, 7, 10.5, 8.5], "texture": "#0"},
				"up": {"uv": [10.5, 10.5, 9, 9], "texture": "#0"},
				"down": {"uv": [3.5, 10.5, 2, 12], "texture": "#0"}
			}
		}
	],
	"gui_light": "front",
	"display": {
		"thirdperson_righthand": {
			"rotation": [33, 0, 0],
			"translation": [-2, 2.75, 2.5]
		},
		"thirdperson_lefthand": {
			"rotation": [33, 0, 0],
			"translation": [-2, 2.75, 2.5]
		},
		"firstperson_righthand": {
			"rotation": [8.99, 0.72, 20.18],
			"translation": [-1, 3.5, 0.25],
			"scale": [0.8, 0.8, 0.8]
		},
		"firstperson_lefthand": {
			"rotation": [8.99, 0.72, 20.18],
			"translation": [-1, 3.5, 0.25],
			"scale": [0.8, 0.8, 0.8]
		},
		"ground": {
			"translation": [0, 3.75, 0],
			"scale": [0.8, 0.8, 0.8]
		},
		"gui": {
			"rotation": [-157.25, 32, -180],
			"translation": [0, 3, 0],
			"scale": [1.2, 1.2, 1.2]
		},
		"head": {
			"translation": [0, 14, 0]
		},
		"fixed": {
			"translation": [0, 3.5, -2.25],
			"scale": [1.2, 1.2, 1.2]
		}
	}
}