{
	"credit": "Made with Blockbench",
	"texture_size": [32, 32],
	"textures": {
		"0": "cosmetics/boomerang",
		"particle": "cosmetics/boomerang"
	},
	"elements": [
		{
			"from": [7.5, -1, 6],
			"to": [8.5, 7, 8],
			"rotation": {"angle": -22.5, "axis": "x", "origin": [8, 1, 8]},
			"faces": {
				"north": {"uv": [3, 3, 3.5, 7], "texture": "#0"},
				"east": {"uv": [0, 0, 1, 4], "texture": "#0"},
				"south": {"uv": [4, 3, 4.5, 7], "texture": "#0"},
				"west": {"uv": [1.5, 0, 2.5, 4], "texture": "#0"},
				"up": {"uv": [6.5, 7, 6, 6], "texture": "#0"},
				"down": {"uv": [2.5, 6.5, 2, 7.5], "texture": "#0"}
			}
		},
		{
			"from": [7.5, 6.61732, 6.07612],
			"to": [8.5, 8.61732, 9.07612],
			"rotation": {"angle": -22.5, "axis": "x", "origin": [8, 0.61732, 7.07612]},
			"faces": {
				"north": {"uv": [7, 3, 7.5, 4], "texture": "#0"},
				"east": {"uv": [5, 3, 6.5, 4], "texture": "#0"},
				"south": {"uv": [7, 4.5, 7.5, 5.5], "texture": "#0"},
				"west": {"uv": [5, 4.5, 6.5, 5.5], "texture": "#0"},
				"up": {"uv": [2.5, 6, 2, 4.5], "texture": "#0"},
				"down": {"uv": [5.5, 6, 5, 7.5], "texture": "#0"}
			}
		},
		{
			"from": [7.55, 5.60194, 5.49196],
			"to": [8.45, 7.60194, 6.49196],
			"rotation": {"angle": 22.5, "axis": "x", "origin": [8, 6.35194, 5.24196]},
			"faces": {
				"north": {"uv": [7, 6, 7.5, 7], "texture": "#0"},
				"east": {"uv": [3, 7.5, 3.5, 8.5], "texture": "#0"},
				"south": {"uv": [4, 7.5, 4.5, 8.5], "texture": "#0"},
				"west": {"uv": [6, 7.5, 6.5, 8.5], "texture": "#0"},
				"up": {"uv": [7.5, 8, 7, 7.5], "texture": "#0"},
				"down": {"uv": [8.5, 0, 8, 0.5], "texture": "#0"}
			}
		},
		{
			"from": [7.525, 6.77372, 5.86241],
			"to": [8.475, 8.77372, 12.86241],
			"rotation": {"angle": 0, "axis": "x", "origin": [8, 0.77372, 6.86241]},
			"faces": {
				"north": {"uv": [7, 0, 7.5, 1], "texture": "#0"},
				"east": {"uv": [3, 0, 6.5, 1], "texture": "#0"},
				"south": {"uv": [7, 1.5, 7.5, 2.5], "texture": "#0"},
				"west": {"uv": [3, 1.5, 6.5, 2.5], "texture": "#0"},
				"up": {"uv": [0.5, 8, 0, 4.5], "texture": "#0"},
				"down": {"uv": [1.5, 4.5, 1, 8], "texture": "#0"}
			}
		}
	],
	"gui_light": "front",
	"display": {
		"thirdperson_righthand": {
			"rotation": [162, 3, 180],
			"translation": [0, 2.75, -1.25]
		},
		"thirdperson_lefthand": {
			"rotation": [162, 3, 180],
			"translation": [0, 2.75, -1.25]
		},
		"firstperson_righthand": {
			"rotation": [172.75, 1, 180],
			"translation": [0, 3.5, -1],
			"scale": [0.85, 0.85, 0.85]
		},
		"firstperson_lefthand": {
			"rotation": [172.75, 1, 180],
			"translation": [0, 3.5, -1],
			"scale": [0.85, 0.85, 0.85]
		},
		"ground": {
			"translation": [0, 3, 0],
			"scale": [0.6, 0.6, 0.6]
		},
		"gui": {
			"rotation": [-105.97, -80.9, -77.02],
			"translation": [0.5, 2.75, 0]
		},
		"head": {
			"translation": [0, 11.75, 0]
		},
		"fixed": {
			"rotation": [-84.5, -68.66, -84.85],
			"translation": [0.75, 3.25, -0.25]
		}
	}
}