{
	"credit": "Made with Blockbench",
	"texture_size": [64, 64],
	"textures": {
		"2": "cosmetics/bouquet",
		"particle": "cosmetics/bouquet"
	},
	"elements": [
		{
			"from": [7, 0, 7],
			"to": [9, 3, 9],
			"faces": {
				"north": {"uv": [1.25, 11, 1.75, 11.75], "texture": "#2"},
				"east": {"uv": [2, 11.5, 2.5, 12.25], "texture": "#2"},
				"south": {"uv": [2.75, 11.5, 3.25, 12.25], "texture": "#2"},
				"west": {"uv": [3.5, 11.5, 4, 12.25], "texture": "#2"},
				"up": {"uv": [6, 7.25, 5.5, 6.75], "texture": "#2"},
				"down": {"uv": [5.25, 8, 4.75, 8.5], "texture": "#2"}
			}
		},
		{
			"from": [7, 3, 7.5],
			"to": [9, 5, 8.5],
			"faces": {
				"north": {"uv": [4.25, 11.5, 4.75, 12], "texture": "#2"},
				"east": {"uv": [5.75, 11.5, 6, 12], "texture": "#2"},
				"south": {"uv": [5, 11.5, 5.5, 12], "texture": "#2"},
				"west": {"uv": [6.25, 11.5, 6.5, 12], "texture": "#2"},
				"up": {"uv": [7.25, 11.75, 6.75, 11.5], "texture": "#2"},
				"down": {"uv": [8, 11.5, 7.5, 11.75], "texture": "#2"}
			}
		},
		{
			"from": [6, 5, 6],
			"to": [10, 8, 10],
			"faces": {
				"north": {"uv": [8.75, 6.5, 9.75, 7.25], "texture": "#2"},
				"east": {"uv": [11, 5, 12, 5.75], "texture": "#2"},
				"south": {"uv": [11, 6, 12, 6.75], "texture": "#2"},
				"west": {"uv": [11, 7, 12, 7.75], "texture": "#2"},
				"up": {"uv": [3, 11.25, 2, 10.25], "texture": "#2"},
				"down": {"uv": [4.25, 10.25, 3.25, 11.25], "texture": "#2"}
			}
		},
		{
			"from": [4, 8, 4],
			"to": [12, 10, 12],
			"faces": {
				"north": {"uv": [10, 8, 12, 8.5], "texture": "#2"},
				"east": {"uv": [10.5, 8.75, 12.5, 9.25], "texture": "#2"},
				"south": {"uv": [10.5, 9.5, 12.5, 10], "texture": "#2"},
				"west": {"uv": [10.5, 10.25, 12.5, 10.75], "texture": "#2"},
				"up": {"uv": [8.5, 2, 6.5, 0], "texture": "#2"},
				"down": {"uv": [8.5, 2.25, 6.5, 4.25], "texture": "#2"}
			}
		},
		{
			"from": [4, 10, 4],
			"to": [4, 14, 12],
			"faces": {
				"north": {"uv": [2, 9, 2, 10], "texture": "#2"},
				"east": {"uv": [3.25, 6.75, 5.25, 7.75], "texture": "#2"},
				"south": {"uv": [1.25, 12, 1.25, 13], "texture": "#2"},
				"west": {"uv": [5.5, 7.5, 7.5, 8.5], "texture": "#2"},
				"up": {"uv": [1.5, 14, 1.5, 12], "texture": "#2"},
				"down": {"uv": [1.75, 12, 1.75, 14], "texture": "#2"}
			}
		},
		{
			"from": [12, 10, 4],
			"to": [12, 14, 12],
			"rotation": {"angle": 0, "axis": "y", "origin": [16, 0, 0]},
			"faces": {
				"north": {"uv": [6.75, 12, 6.75, 13], "texture": "#2"},
				"east": {"uv": [0, 7.75, 2, 8.75], "texture": "#2"},
				"south": {"uv": [7, 12, 7, 13], "texture": "#2"},
				"west": {"uv": [7.75, 7.5, 9.75, 8.5], "texture": "#2"},
				"up": {"uv": [7.25, 14, 7.25, 12], "texture": "#2"},
				"down": {"uv": [7.5, 12, 7.5, 14], "texture": "#2"}
			}
		},
		{
			"from": [4, 10, 4],
			"to": [12, 12, 4],
			"faces": {
				"north": {"uv": [4.5, 10.75, 6.5, 11.25], "texture": "#2"},
				"east": {"uv": [6.25, 6.75, 6.25, 7.25], "texture": "#2"},
				"south": {"uv": [6.75, 10.75, 8.75, 11.25], "texture": "#2"},
				"west": {"uv": [7.75, 12, 7.75, 12.5], "texture": "#2"},
				"up": {"uv": [14.25, 0, 12.25, 0], "texture": "#2"},
				"down": {"uv": [14.25, 0.25, 12.25, 0.25], "texture": "#2"}
			}
		},
		{
			"from": [4, 10, 12],
			"to": [12, 15, 12],
			"faces": {
				"north": {"uv": [6.5, 4.5, 8.5, 5.75], "texture": "#2"},
				"east": {"uv": [8.25, 11.5, 8.25, 12.75], "texture": "#2"},
				"south": {"uv": [6.5, 6, 8.5, 7.25], "texture": "#2"},
				"west": {"uv": [8.5, 11.5, 8.5, 12.75], "texture": "#2"},
				"up": {"uv": [10.75, 12, 8.75, 12], "texture": "#2"},
				"down": {"uv": [13, 12, 11, 12], "texture": "#2"}
			}
		},
		{
			"name": "greens",
			"from": [2, 10, 11],
			"to": [14, 20, 11],
			"rotation": {"angle": 22.5, "axis": "x", "origin": [8, 14, 9]},
			"faces": {
				"north": {"uv": [0, 0, 3, 2.5], "texture": "#2"},
				"east": {"uv": [8, 12, 8, 14.5], "texture": "#2"},
				"south": {"uv": [0, 2.75, 3, 5.25], "texture": "#2"},
				"west": {"uv": [0, 12.25, 0, 14.75], "texture": "#2"},
				"up": {"uv": [15.25, 0.5, 12.25, 0.5], "texture": "#2"},
				"down": {"uv": [15.25, 0.75, 12.25, 0.75], "texture": "#2"}
			}
		},
		{
			"name": "greens",
			"from": [2, 10, 7],
			"to": [14, 18, 7],
			"rotation": {"angle": 0, "axis": "x", "origin": [8, 14, 9]},
			"faces": {
				"north": {"uv": [3.25, 0, 6.25, 2], "texture": "#2"},
				"east": {"uv": [0.25, 12.25, 0.25, 14.25], "texture": "#2"},
				"south": {"uv": [3.25, 2.25, 6.25, 4.25], "texture": "#2"},
				"west": {"uv": [0.5, 12.25, 0.5, 14.25], "texture": "#2"},
				"up": {"uv": [15.25, 1, 12.25, 1], "texture": "#2"},
				"down": {"uv": [15.25, 1.25, 12.25, 1.25], "texture": "#2"}
			}
		},
		{
			"name": "greens",
			"from": [8, 10, 1],
			"to": [8, 18, 13],
			"rotation": {"angle": 0, "axis": "y", "origin": [8, 14, 7]},
			"faces": {
				"north": {"uv": [0.75, 12.25, 0.75, 14.25], "texture": "#2"},
				"east": {"uv": [3.25, 4.5, 6.25, 6.5], "texture": "#2"},
				"south": {"uv": [1, 12.25, 1, 14.25], "texture": "#2"},
				"west": {"uv": [0, 5.5, 3, 7.5], "texture": "#2"},
				"up": {"uv": [12.25, 4.5, 12.25, 1.5], "texture": "#2"},
				"down": {"uv": [4.25, 12.25, 4.25, 15.25], "texture": "#2"}
			}
		},
		{
			"from": [8, 7, 5.25],
			"to": [11, 14, 5.25],
			"rotation": {"angle": -22.5, "axis": "z", "origin": [8.5, 10.75, 0]},
			"faces": {
				"north": {"uv": [8.5, 8.75, 9.25, 10.5], "texture": "#2"},
				"east": {"uv": [4.5, 12.25, 4.5, 14], "texture": "#2"},
				"south": {"uv": [0, 9, 0.75, 10.75], "texture": "#2"},
				"west": {"uv": [4.75, 12.25, 4.75, 14], "texture": "#2"},
				"up": {"uv": [3, 7.75, 2.25, 7.75], "texture": "#2"},
				"down": {"uv": [13, 4.75, 12.25, 4.75], "texture": "#2"}
			}
		},
		{
			"from": [9.5, 7, 3.75],
			"to": [9.5, 14, 6.75],
			"rotation": {"angle": -22.5, "axis": "z", "origin": [8.5, 10.75, 0]},
			"faces": {
				"north": {"uv": [5, 12.25, 5, 14], "texture": "#2"},
				"east": {"uv": [1, 9, 1.75, 10.75], "texture": "#2"},
				"south": {"uv": [12.25, 5, 12.25, 6.75], "texture": "#2"},
				"west": {"uv": [9.5, 8.75, 10.25, 10.5], "texture": "#2"},
				"up": {"uv": [5.25, 13, 5.25, 12.25], "texture": "#2"},
				"down": {"uv": [5.5, 12.25, 5.5, 13], "texture": "#2"}
			}
		},
		{
			"from": [8, 13, 3.75],
			"to": [11, 13, 6.75],
			"rotation": {"angle": -22.5, "axis": "z", "origin": [8.5, 10.75, 0]},
			"faces": {
				"north": {"uv": [12.25, 11.5, 13, 11.5], "texture": "#2"},
				"east": {"uv": [12.25, 11.75, 13, 11.75], "texture": "#2"},
				"south": {"uv": [2.25, 12.5, 3, 12.5], "texture": "#2"},
				"west": {"uv": [3.25, 12.5, 4, 12.5], "texture": "#2"},
				"up": {"uv": [11, 11.75, 10.25, 11], "texture": "#2"},
				"down": {"uv": [12, 11, 11.25, 11.75], "texture": "#2"}
			}
		},
		{
			"from": [5.5, 8, 4],
			"to": [5.5, 15, 8],
			"rotation": {"angle": -22.5, "axis": "y", "origin": [5.5, 12.5, 6]},
			"faces": {
				"north": {"uv": [5.75, 12.25, 5.75, 14], "texture": "#2"},
				"east": {"uv": [8.75, 4.5, 9.75, 6.25], "texture": "#2"},
				"south": {"uv": [6, 12.25, 6, 14], "texture": "#2"},
				"west": {"uv": [4.75, 8.75, 5.75, 10.5], "texture": "#2"},
				"up": {"uv": [6.25, 13.25, 6.25, 12.25], "texture": "#2"},
				"down": {"uv": [6.5, 12.25, 6.5, 13.25], "texture": "#2"}
			}
		},
		{
			"from": [3.5, 8, 6],
			"to": [7.5, 15, 6],
			"rotation": {"angle": -22.5, "axis": "y", "origin": [5.5, 12.5, 6]},
			"faces": {
				"north": {"uv": [6, 8.75, 7, 10.5], "texture": "#2"},
				"east": {"uv": [8.75, 12.25, 8.75, 14], "texture": "#2"},
				"south": {"uv": [7.25, 8.75, 8.25, 10.5], "texture": "#2"},
				"west": {"uv": [9, 12.25, 9, 14], "texture": "#2"},
				"up": {"uv": [13.25, 7, 12.25, 7], "texture": "#2"},
				"down": {"uv": [13.25, 7.25, 12.25, 7.25], "texture": "#2"}
			}
		},
		{
			"from": [3.5, 13.5, 4],
			"to": [7.5, 13.5, 8],
			"rotation": {"angle": -22.5, "axis": "y", "origin": [5.5, 12.5, 6]},
			"faces": {
				"north": {"uv": [12.5, 3.75, 13.5, 3.75], "texture": "#2"},
				"east": {"uv": [12.5, 4, 13.5, 4], "texture": "#2"},
				"south": {"uv": [12.5, 4.25, 13.5, 4.25], "texture": "#2"},
				"west": {"uv": [12.5, 4.5, 13.5, 4.5], "texture": "#2"},
				"up": {"uv": [10, 11.75, 9, 10.75], "texture": "#2"},
				"down": {"uv": [1, 11, 0, 12], "texture": "#2"}
			}
		},
		{
			"from": [6.25, 9.5, 8],
			"to": [6.25, 16.5, 11],
			"rotation": {"angle": 45, "axis": "y", "origin": [6, 14.25, 9.75]},
			"faces": {
				"north": {"uv": [9.25, 12.25, 9.25, 14], "texture": "#2"},
				"east": {"uv": [10, 0, 10.75, 1.75], "texture": "#2"},
				"south": {"uv": [9.5, 12.25, 9.5, 14], "texture": "#2"},
				"west": {"uv": [10, 2, 10.75, 3.75], "texture": "#2"},
				"up": {"uv": [12.25, 8.25, 12.25, 7.5], "texture": "#2"},
				"down": {"uv": [9.75, 12.25, 9.75, 13], "texture": "#2"}
			}
		},
		{
			"from": [4.75, 9.5, 9.5],
			"to": [7.75, 16.5, 9.5],
			"rotation": {"angle": 45, "axis": "y", "origin": [6, 14.25, 9.75]},
			"faces": {
				"north": {"uv": [10, 4, 10.75, 5.75], "texture": "#2"},
				"east": {"uv": [10, 12.25, 10, 14], "texture": "#2"},
				"south": {"uv": [10, 6, 10.75, 7.75], "texture": "#2"},
				"west": {"uv": [10.25, 12.25, 10.25, 14], "texture": "#2"},
				"up": {"uv": [13, 8.5, 12.25, 8.5], "texture": "#2"},
				"down": {"uv": [11.25, 12.25, 10.5, 12.25], "texture": "#2"}
			}
		},
		{
			"from": [3.75, 15.5, 8],
			"to": [7.75, 15.5, 12],
			"rotation": {"angle": 45, "axis": "y", "origin": [6, 14.25, 9.75]},
			"faces": {
				"north": {"uv": [12.5, 5, 13.5, 5], "texture": "#2"},
				"east": {"uv": [12.5, 5.25, 13.5, 5.25], "texture": "#2"},
				"south": {"uv": [12.5, 5.5, 13.5, 5.5], "texture": "#2"},
				"west": {"uv": [12.5, 5.75, 13.5, 5.75], "texture": "#2"},
				"up": {"uv": [12, 1, 11, 0], "texture": "#2"},
				"down": {"uv": [12, 1.25, 11, 2.25], "texture": "#2"}
			}
		},
		{
			"from": [10.25, 10, 7],
			"to": [10.25, 18, 11],
			"rotation": {"angle": 0, "axis": "y", "origin": [-3.25, 13.5, 9]},
			"faces": {
				"north": {"uv": [11.5, 12.25, 11.5, 14.25], "texture": "#2"},
				"east": {"uv": [2.25, 8, 3.25, 10], "texture": "#2"},
				"south": {"uv": [11.75, 12.25, 11.75, 14.25], "texture": "#2"},
				"west": {"uv": [3.5, 8, 4.5, 10], "texture": "#2"},
				"up": {"uv": [12, 13.25, 12, 12.25], "texture": "#2"},
				"down": {"uv": [12.25, 12.25, 12.25, 13.25], "texture": "#2"}
			}
		},
		{
			"from": [8.25, 10, 9],
			"to": [12.25, 18, 9],
			"rotation": {"angle": 0, "axis": "y", "origin": [-4.75, 10, 9]},
			"faces": {
				"north": {"uv": [8.75, 0, 9.75, 2], "texture": "#2"},
				"east": {"uv": [12.5, 1.5, 12.5, 3.5], "texture": "#2"},
				"south": {"uv": [8.75, 2.25, 9.75, 4.25], "texture": "#2"},
				"west": {"uv": [2, 12.5, 2, 14.5], "texture": "#2"},
				"up": {"uv": [13.25, 11, 12.25, 11], "texture": "#2"},
				"down": {"uv": [13.25, 11.25, 12.25, 11.25], "texture": "#2"}
			}
		},
		{
			"from": [8.25, 16, 7],
			"to": [12.25, 16, 11],
			"rotation": {"angle": 0, "axis": "y", "origin": [-4.75, 10.25, 9]},
			"faces": {
				"north": {"uv": [12.5, 6, 13.5, 6], "texture": "#2"},
				"east": {"uv": [12.5, 6.25, 13.5, 6.25], "texture": "#2"},
				"south": {"uv": [12.5, 6.5, 13.5, 6.5], "texture": "#2"},
				"west": {"uv": [12.5, 6.75, 13.5, 6.75], "texture": "#2"},
				"up": {"uv": [12, 3.5, 11, 2.5], "texture": "#2"},
				"down": {"uv": [12, 3.75, 11, 4.75], "texture": "#2"}
			}
		}
	],
	"gui_light": "front",
	"display": {
		"thirdperson_righthand": {
			"rotation": [19.5, 0, 0],
			"translation": [-0.75, 2.25, 2.75],
			"scale": [0.9, 0.9, 0.9]
		},
		"thirdperson_lefthand": {
			"rotation": [19.5, 0, 0],
			"translation": [-0.75, 2.25, 2.75],
			"scale": [0.9, 0.9, 0.9]
		},
		"firstperson_righthand": {
			"rotation": [0, 16.75, 0],
			"translation": [-0.75, 0, 0],
			"scale": [0.8, 0.8, 0.8]
		},
		"firstperson_lefthand": {
			"rotation": [0, 16.75, 0],
			"translation": [-0.75, 0, 0],
			"scale": [0.8, 0.8, 0.8]
		},
		"ground": {
			"rotation": [45, 0, 0],
			"scale": [0.5, 0.5, 0.5]
		},
		"gui": {
			"rotation": [-151.75, -16.5, -180],
			"translation": [0, -1.5, 0],
			"scale": [0.75, 0.75, 0.75]
		},
		"head": {
			"translation": [0, 6.25, 0],
			"scale": [1.6, 1.6, 1.6]
		},
		"fixed": {
			"rotation": [-22.5, 0, 0],
			"translation": [0, -1.5, -2.5],
			"scale": [0.8, 0.8, 0.8]
		}
	},
	"groups": [
		{
			"name": "main",
			"origin": [8, 14, 7],
			"color": 0,
			"children": [
				0,
				1,
				2,
				3,
				4,
				5,
				6,
				7,
				{
					"name": "greens",
					"origin": [8, 14, 7],
					"color": 0,
					"children": [8, 9, 10]
				}
			]
		},
		{
			"name": "flower0",
			"origin": [1.5, 3.5, 0],
			"color": 0,
			"children": [11, 12, 13]
		},
		{
			"name": "flower1",
			"origin": [0, 0, 0],
			"color": 0,
			"children": [14, 15, 16]
		},
		{
			"name": "flower2",
			"origin": [0, 0, 0],
			"color": 0,
			"children": [17, 18, 19]
		},
		{
			"name": "flower3",
			"origin": [0, 0, 0],
			"color": 0,
			"children": [20, 21, 22]
		}
	]
}