{
	"credit": "Made with Blockbench",
	"texture_size": [64, 64],
	"textures": {
		"0": "cosmetics/bowler_hat",
		"particle": "cosmetics/bowler_hat"
	},
	"elements": [
		{
			"from": [3.5, 8, 3.5],
			"to": [12.5, 15, 12.5],
			"faces": {
				"north": {"uv": [4.5, 5, 6.75, 6.75], "texture": "#0"},
				"east": {"uv": [7, 0, 9.25, 1.75], "texture": "#0"},
				"south": {"uv": [7, 2, 9.25, 3.75], "texture": "#0"},
				"west": {"uv": [7, 4, 9.25, 5.75], "texture": "#0"},
				"up": {"uv": [6.75, 2.25, 4.5, 0], "texture": "#0"},
				"down": {"uv": [6.75, 2.5, 4.5, 4.75], "texture": "#0"}
			}
		},
		{
			"from": [-0.5, 7.975, -0.5],
			"to": [16.5, 7.975, 16.5],
			"faces": {
				"north": {"uv": [4.5, 7, 8.75, 7], "texture": "#0"},
				"east": {"uv": [7, 6, 11.25, 6], "texture": "#0"},
				"south": {"uv": [7, 6.25, 11.25, 6.25], "texture": "#0"},
				"west": {"uv": [7, 6.5, 11.25, 6.5], "texture": "#0"},
				"up": {"uv": [4.25, 4.25, 0, 0], "texture": "#0"},
				"down": {"uv": [4.25, 4.5, 0, 8.75], "texture": "#0"}
			}
		}
	],
	"gui_light": "front",
	"display": {
		"thirdperson_righthand": {
			"translation": [-2.75, -1.25, 0],
			"scale": [0.5, 0.5, 0.5]
		},
		"thirdperson_lefthand": {
			"translation": [-2.75, -1.25, 0],
			"scale": [0.5, 0.5, 0.5]
		},
		"firstperson_righthand": {
			"scale": [0.5, 0.5, 0.5]
		},
		"firstperson_lefthand": {
			"scale": [0.5, 0.5, 0.5]
		},
		"ground": {
			"scale": [0.5, 0.5, 0.5]
		},
		"gui": {
			"rotation": [-162.25, -17.75, 180],
			"translation": [0, -2, 0],
			"scale": [0.75, 0.75, 0.75]
		},
		"head": {
			"scale": [1.61, 1.61, 1.61]
		},
		"fixed": {
			"rotation": [-17, 0, 0],
			"translation": [0, -4, -3]
		}
	}
}