{
	"credit": "Made with Blockbench",
	"texture_size": [32, 32],
	"textures": {
		"0": "cosmetics/briefcase",
		"particle": "cosmetics/briefcase"
	},
	"elements": [
		{
			"from": [6.5, 1, 2],
			"to": [9.5, 9, 14],
			"rotation": {"angle": 0, "axis": "y", "origin": [7.5, 0, 0]},
			"faces": {
				"north": {"uv": [8.5, 0, 10, 4], "texture": "#0"},
				"east": {"uv": [0, 0, 6, 4], "texture": "#0"},
				"south": {"uv": [8.5, 4.5, 10, 8.5], "texture": "#0"},
				"west": {"uv": [0, 4.5, 6, 8.5], "texture": "#0"},
				"up": {"uv": [8, 6, 6.5, 0], "texture": "#0"},
				"down": {"uv": [8, 6.5, 6.5, 12.5], "texture": "#0"}
			}
		},
		{
			"from": [7.5, 8.5, 5],
			"to": [8.5, 11.5, 6],
			"rotation": {"angle": 0, "axis": "y", "origin": [7.5, 1.5, -1]},
			"faces": {
				"north": {"uv": [9.5, 9, 10, 10.5], "texture": "#0"},
				"east": {"uv": [0, 10, 0.5, 11.5], "texture": "#0"},
				"south": {"uv": [1, 10, 1.5, 11.5], "texture": "#0"},
				"west": {"uv": [2, 10, 2.5, 11.5], "texture": "#0"},
				"up": {"uv": [11, 4.5, 10.5, 4], "texture": "#0"},
				"down": {"uv": [11, 5, 10.5, 5.5], "texture": "#0"}
			}
		},
		{
			"from": [7.5, 8.5, 10],
			"to": [8.5, 11.5, 11],
			"rotation": {"angle": 0, "axis": "y", "origin": [7.5, 1.5, 4]},
			"faces": {
				"north": {"uv": [3, 10, 3.5, 11.5], "texture": "#0"},
				"east": {"uv": [4, 10, 4.5, 11.5], "texture": "#0"},
				"south": {"uv": [10.5, 0, 11, 1.5], "texture": "#0"},
				"west": {"uv": [10.5, 2, 11, 3.5], "texture": "#0"},
				"up": {"uv": [11, 6.5, 10.5, 6], "texture": "#0"},
				"down": {"uv": [11, 7, 10.5, 7.5], "texture": "#0"}
			}
		},
		{
			"from": [7.5, 10.5, 6],
			"to": [8.5, 11.5, 10],
			"rotation": {"angle": 0, "axis": "y", "origin": [7.5, 2.5, 2]},
			"faces": {
				"north": {"uv": [10.5, 8, 11, 8.5], "texture": "#0"},
				"east": {"uv": [0, 9, 2, 9.5], "texture": "#0"},
				"south": {"uv": [10.5, 9, 11, 9.5], "texture": "#0"},
				"west": {"uv": [2.5, 9, 4.5, 9.5], "texture": "#0"},
				"up": {"uv": [5.5, 11, 5, 9], "texture": "#0"},
				"down": {"uv": [9, 9, 8.5, 11], "texture": "#0"}
			}
		}
	],
	"gui_light": "front",
	"display": {
		"thirdperson_righthand": {
			"rotation": [90, 0, 0],
			"translation": [0, -2, -1.75]
		},
		"thirdperson_lefthand": {
			"rotation": [90, 0, 0],
			"translation": [0, -2, -1.75]
		},
		"firstperson_righthand": {
			"rotation": [7.75, 0, 0],
			"translation": [0, -2, 0]
		},
		"firstperson_lefthand": {
			"rotation": [7.75, 0, 0],
			"translation": [0, -2, 0]
		},
		"ground": {
			"scale": [0.5, 0.5, 0.5]
		},
		"gui": {
			"rotation": [-158.4, 42.97, 179.81],
			"translation": [0, 1.5, 0]
		},
		"head": {
			"rotation": [0, -90, 0],
			"translation": [0, 13.25, 0]
		},
		"fixed": {
			"rotation": [0, -90, 0],
			"translation": [0, 1.25, -1.25]
		}
	}
}