{
	"credit": "Made with Blockbench",
	"texture_size": [64, 64],
	"textures": {
		"0": "cosmetics/captain_hat",
		"particle": "cosmetics/captain_hat"
	},
	"elements": [
		{
			"from": [3.5, 8, 3.5],
			"to": [12.5, 12, 12.5],
			"faces": {
				"north": {"uv": [5.5, 1.75, 7.75, 2.75], "texture": "#0"},
				"east": {"uv": [5.5, 3, 7.75, 4], "texture": "#0"},
				"south": {"uv": [0, 6, 2.25, 7], "texture": "#0"},
				"west": {"uv": [6, 4.25, 8.25, 5.25], "texture": "#0"},
				"up": {"uv": [5.25, 2.25, 3, 0], "texture": "#0"},
				"down": {"uv": [5.25, 2.5, 3, 4.75], "texture": "#0"}
			}
		},
		{
			"from": [2.5, 8, -0.5],
			"to": [13.5, 8, 5.5],
			"faces": {
				"north": {"uv": [0, 7.5, 2.75, 7.5], "texture": "#0"},
				"east": {"uv": [0, 7.25, 1.5, 7.25], "texture": "#0"},
				"south": {"uv": [0, 7.75, 2.75, 7.75], "texture": "#0"},
				"west": {"uv": [3, 7.5, 4.5, 7.5], "texture": "#0"},
				"up": {"uv": [5.75, 6.5, 3, 5], "texture": "#0"},
				"down": {"uv": [8.25, 0, 5.5, 1.5], "texture": "#0"}
			}
		},
		{
			"from": [2.5, 12, 2.5],
			"to": [13.5, 14, 13.5],
			"rotation": {"angle": 0, "axis": "x", "origin": [8, 13, 8]},
			"faces": {
				"north": {"uv": [6, 5.5, 8.75, 6], "texture": "#0"},
				"east": {"uv": [6, 6.25, 8.75, 6.75], "texture": "#0"},
				"south": {"uv": [2.5, 6.75, 5.25, 7.25], "texture": "#0"},
				"west": {"uv": [5.5, 7, 8.25, 7.5], "texture": "#0"},
				"up": {"uv": [2.75, 2.75, 0, 0], "texture": "#0"},
				"down": {"uv": [2.75, 3, 0, 5.75], "texture": "#0"}
			}
		}
	],
	"gui_light": "front",
	"display": {
		"thirdperson_righthand": {
			"translation": [-2.25, -1, 0],
			"scale": [0.5, 0.5, 0.5]
		},
		"thirdperson_lefthand": {
			"translation": [-2.25, -1, 0],
			"scale": [0.5, 0.5, 0.5]
		},
		"firstperson_righthand": {
			"rotation": [-180, 70.75, -180],
			"scale": [0.5, 0.5, 0.5]
		},
		"firstperson_lefthand": {
			"rotation": [-180, 70.75, -180],
			"scale": [0.5, 0.5, 0.5]
		},
		"ground": {
			"scale": [0.5, 0.5, 0.5]
		},
		"gui": {
			"rotation": [-161.89, -30.05, -175.49],
			"translation": [-0.25, -2.5, 0],
			"scale": [0.85, 0.85, 0.85]
		},
		"head": {
			"scale": [1.61, 1.61, 1.61]
		},
		"fixed": {
			"rotation": [-22.5, 0, 0],
			"translation": [0, -3.25, -1.5]
		}
	}
}