{
	"credit": "Made with Blockbench",
	"texture_size": [64, 64],
	"textures": {
		"0": "cosmetics/carpenter_saw",
		"particle": "cosmetics/carpenter_saw"
	},
	"elements": [
		{
			"from": [7.5, 0, 6],
			"to": [8.5, 2, 11],
			"faces": {
				"north": {"uv": [2, 4.75, 2.25, 5.25], "texture": "#0"},
				"east": {"uv": [0, 4, 1.25, 4.5], "texture": "#0"},
				"south": {"uv": [2.5, 4.75, 2.75, 5.25], "texture": "#0"},
				"west": {"uv": [4, 0, 5.25, 0.5], "texture": "#0"},
				"up": {"uv": [4.25, 2.75, 4, 1.5], "texture": "#0"},
				"down": {"uv": [3.25, 4, 3, 5.25], "texture": "#0"}
			}
		},
		{
			"from": [7.5, 4, 7],
			"to": [8.5, 6, 12],
			"faces": {
				"north": {"uv": [5, 1.5, 5.25, 2], "texture": "#0"},
				"east": {"uv": [4, 0.75, 5.25, 1.25], "texture": "#0"},
				"south": {"uv": [5, 2.25, 5.25, 2.75], "texture": "#0"},
				"west": {"uv": [1.5, 4, 2.75, 4.5], "texture": "#0"},
				"up": {"uv": [4.25, 4.25, 4, 3], "texture": "#0"},
				"down": {"uv": [3.75, 4, 3.5, 5.25], "texture": "#0"}
			}
		},
		{
			"from": [8, 5, 5],
			"to": [8, 20, 12],
			"faces": {
				"north": {"uv": [5, 5, 5, 8.75], "texture": "#0"},
				"east": {"uv": [0, 0, 1.75, 3.75], "texture": "#0"},
				"south": {"uv": [5.25, 5, 5.25, 8.75], "texture": "#0"},
				"west": {"uv": [2, 0, 3.75, 3.75], "texture": "#0"},
				"up": {"uv": [5.5, 1.75, 5.5, 0], "texture": "#0"},
				"down": {"uv": [2, 5.5, 2, 7.25], "texture": "#0"}
			}
		},
		{
			"from": [7.5, 2, 6],
			"to": [8.5, 5, 7],
			"faces": {
				"north": {"uv": [0, 4.75, 0.25, 5.5], "texture": "#0"},
				"east": {"uv": [0.5, 4.75, 0.75, 5.5], "texture": "#0"},
				"south": {"uv": [1, 4.75, 1.25, 5.5], "texture": "#0"},
				"west": {"uv": [1.5, 4.75, 1.75, 5.5], "texture": "#0"},
				"up": {"uv": [5.25, 3.25, 5, 3], "texture": "#0"},
				"down": {"uv": [5.25, 3.5, 5, 3.75], "texture": "#0"}
			}
		},
		{
			"from": [7.5, -1, 11],
			"to": [8.5, 4, 12],
			"faces": {
				"north": {"uv": [4.5, 1.5, 4.75, 2.75], "texture": "#0"},
				"east": {"uv": [4.5, 3, 4.75, 4.25], "texture": "#0"},
				"south": {"uv": [4, 4.5, 4.25, 5.75], "texture": "#0"},
				"west": {"uv": [4.5, 4.5, 4.75, 5.75], "texture": "#0"},
				"up": {"uv": [5.25, 4.25, 5, 4], "texture": "#0"},
				"down": {"uv": [5.25, 4.5, 5, 4.75], "texture": "#0"}
			}
		}
	],
	"gui_light": "front",
	"display": {
		"thirdperson_righthand": {
			"translation": [0, 4.25, 0]
		},
		"thirdperson_lefthand": {
			"translation": [0, 4.25, 0]
		},
		"firstperson_righthand": {
			"rotation": [-23.75, 0, 0],
			"translation": [0, 2.5, 0],
			"scale": [0.7, 0.7, 0.7]
		},
		"firstperson_lefthand": {
			"rotation": [-23.75, 0, 0],
			"translation": [0, 2.5, 0],
			"scale": [0.7, 0.7, 0.7]
		},
		"ground": {
			"rotation": [-59, 0, 0],
			"translation": [0, 1, 0],
			"scale": [0.7, 0.7, 0.7]
		},
		"gui": {
			"rotation": [-51.31, -39.2, -63.16],
			"translation": [0, -1.5, 0],
			"scale": [0.8, 0.8, 0.8]
		},
		"head": {
			"rotation": [-99.19, 13.88, -87.74],
			"translation": [-11.25, 6.75, 0]
		},
		"fixed": {
			"rotation": [-90, 45, 90],
			"translation": [0, -1.75, -0.75],
			"scale": [0.8, 0.8, 0.8]
		}
	}
}