{
	"credit": "Made with Blockbench",
	"texture_size": [64, 64],
	"textures": {
		"0": "cosmetics/cat_ears_cap",
		"particle": "cosmetics/cat_ears_cap"
	},
	"elements": [
		{
			"from": [3.5, 5.5, 3.5],
			"to": [12.5, 8.5, 12.5],
			"faces": {
				"north": {"uv": [6, 5.25, 8.25, 6], "texture": "#0"},
				"east": {"uv": [6, 6.25, 8.25, 7], "texture": "#0"},
				"south": {"uv": [6.5, 3.5, 8.75, 4.25], "texture": "#0"},
				"west": {"uv": [6.75, 2, 9, 2.75], "texture": "#0"},
				"up": {"uv": [2.25, 2.25, 0, 0], "texture": "#0"},
				"down": {"uv": [2.25, 2.5, 0, 4.75], "texture": "#0"}
			}
		},
		{
			"from": [3.5, 3.5, 3.5],
			"to": [12.5, 4.5, 12.5],
			"faces": {
				"north": {"uv": [8, 7.25, 10.25, 7.5], "texture": "#0"},
				"east": {"uv": [8, 7.75, 10.25, 8], "texture": "#0"},
				"south": {"uv": [8, 8.25, 10.25, 8.5], "texture": "#0"},
				"west": {"uv": [4.75, 8.5, 7, 8.75], "texture": "#0"},
				"up": {"uv": [4.75, 2.25, 2.5, 0], "texture": "#0"},
				"down": {"uv": [4.75, 2.5, 2.5, 4.75], "texture": "#0"}
			}
		},
		{
			"from": [9.5, 4.5, 3.5],
			"to": [12.5, 5.5, 12.5],
			"faces": {
				"north": {"uv": [2, 9, 2.75, 9.25], "texture": "#0"},
				"east": {"uv": [8.5, 5.25, 10.75, 5.5], "texture": "#0"},
				"south": {"uv": [9, 3.5, 9.75, 3.75], "texture": "#0"},
				"west": {"uv": [8.5, 5.75, 10.75, 6], "texture": "#0"},
				"up": {"uv": [3.5, 8.75, 2.75, 6.5], "texture": "#0"},
				"down": {"uv": [0.75, 7, 0, 9.25], "texture": "#0"}
			}
		},
		{
			"from": [3.5, 4.5, 3.5],
			"to": [6.5, 5.5, 12.5],
			"rotation": {"angle": 0, "axis": "y", "origin": [16, 0, 0]},
			"faces": {
				"north": {"uv": [9, 4, 9.75, 4.25], "texture": "#0"},
				"east": {"uv": [8.5, 6.25, 10.75, 6.5], "texture": "#0"},
				"south": {"uv": [4.75, 9, 5.5, 9.25], "texture": "#0"},
				"west": {"uv": [8.5, 6.75, 10.75, 7], "texture": "#0"},
				"up": {"uv": [1.75, 9.25, 1, 7], "texture": "#0"},
				"down": {"uv": [4.5, 7, 3.75, 9.25], "texture": "#0"}
			}
		},
		{
			"from": [6.5, 4.5, 8.5],
			"to": [9.5, 5.5, 12.5],
			"rotation": {"angle": 0, "axis": "y", "origin": [16, 0, 0]},
			"faces": {
				"north": {"uv": [5.75, 9, 6.5, 9.25], "texture": "#0"},
				"east": {"uv": [7.25, 8.75, 8.25, 9], "texture": "#0"},
				"south": {"uv": [9.25, 1.75, 10, 2], "texture": "#0"},
				"west": {"uv": [8.5, 8.75, 9.5, 9], "texture": "#0"},
				"up": {"uv": [7.75, 8.25, 7, 7.25], "texture": "#0"},
				"down": {"uv": [8.5, 0, 7.75, 1], "texture": "#0"}
			}
		},
		{
			"from": [3, 5.5, 9.5],
			"to": [13, 6.5, 16.5],
			"rotation": {"angle": 22.5, "axis": "x", "origin": [8, 6.5, 8]},
			"faces": {
				"north": {"uv": [6.75, 3, 9.25, 3.25], "texture": "#0"},
				"east": {"uv": [8.75, 0.5, 10.5, 0.75], "texture": "#0"},
				"south": {"uv": [7.75, 1.25, 10.25, 1.5], "texture": "#0"},
				"west": {"uv": [8.75, 4.5, 10.5, 4.75], "texture": "#0"},
				"up": {"uv": [2.5, 6.75, 0, 5], "texture": "#0"},
				"down": {"uv": [7.5, 0, 5, 1.75], "texture": "#0"}
			}
		},
		{
			"from": [4, 5.5, 16.5],
			"to": [12, 6.5, 18.5],
			"rotation": {"angle": 22.5, "axis": "x", "origin": [8, 6.5, 8]},
			"faces": {
				"north": {"uv": [4.75, 8, 6.75, 8.25], "texture": "#0"},
				"east": {"uv": [3.75, 6.5, 4.25, 6.75], "texture": "#0"},
				"south": {"uv": [8.75, 0, 10.75, 0.25], "texture": "#0"},
				"west": {"uv": [2, 7, 2.5, 7.25], "texture": "#0"},
				"up": {"uv": [8.5, 5, 6.5, 4.5], "texture": "#0"},
				"down": {"uv": [6.75, 7.25, 4.75, 7.75], "texture": "#0"}
			}
		},
		{
			"name": "flat",
			"from": [1.42231, 5.88373, 6.5],
			"to": [6.42231, 11.88373, 6.5],
			"rotation": {"angle": 22.5, "axis": "z", "origin": [3.92231, 8.63373, 6.5]},
			"faces": {
				"north": {"uv": [5, 3.5, 6.25, 5], "texture": "#0"},
				"east": {"uv": [3, 9, 3, 10.5], "texture": "#0"},
				"south": {"uv": [4.5, 5.25, 5.75, 6.75], "texture": "#0"},
				"west": {"uv": [3.25, 9, 3.25, 10.5], "texture": "#0"},
				"up": {"uv": [9, 1.75, 7.75, 1.75], "texture": "#0"},
				"down": {"uv": [10.5, 2.25, 9.25, 2.25], "texture": "#0"}
			}
		},
		{
			"name": "flat",
			"from": [9.57769, 5.88373, 6.5],
			"to": [14.57769, 11.88373, 6.5],
			"rotation": {"angle": -22.5, "axis": "z", "origin": [12.07769, 8.63373, 6.5]},
			"faces": {
				"north": {"uv": [6.25, 3.5, 5, 5], "texture": "#0"},
				"east": {"uv": [3.25, 9, 3.25, 10.5], "texture": "#0"},
				"south": {"uv": [5.75, 5.25, 4.5, 6.75], "texture": "#0"},
				"west": {"uv": [3, 9, 3, 10.5], "texture": "#0"},
				"up": {"uv": [7.75, 1.75, 9, 1.75], "texture": "#0"},
				"down": {"uv": [9.25, 2.25, 10.5, 2.25], "texture": "#0"}
			}
		}
	],
	"gui_light": "front",
	"display": {
		"thirdperson_righthand": {
			"translation": [-2.5, 1.25, -1],
			"scale": [0.5, 0.5, 0.5]
		},
		"thirdperson_lefthand": {
			"translation": [-2.5, 1.25, -1],
			"scale": [0.5, 0.5, 0.5]
		},
		"firstperson_righthand": {
			"scale": [0.8, 0.8, 0.8]
		},
		"firstperson_lefthand": {
			"scale": [0.8, 0.8, 0.8]
		},
		"ground": {
			"scale": [0.5, 0.5, 0.5]
		},
		"gui": {
			"rotation": [-174, -19, -180],
			"translation": [0.25, 0.5, 0]
		},
		"head": {
			"translation": [0, 6.5, 0],
			"scale": [1.61, 1.61, 1.61]
		},
		"fixed": {
			"rotation": [-38.5, 0, 0],
			"translation": [0, 0, -5.5]
		}
	}
}