{
	"credit": "Made with Blockbench",
	"texture_size": [128, 128],
	"textures": {
		"0": "cosmetics/chest_back",
		"particle": "cosmetics/chest_back"
	},
	"elements": [
		{
			"from": [3, 12, 8],
			"to": [13, 17, 15],
			"faces": {
				"north": {"uv": [0, 3.375, 1.25, 4], "texture": "#0"},
				"east": {"uv": [4.375, 2, 5.25, 2.625], "texture": "#0"},
				"south": {"uv": [1.375, 3.375, 2.625, 4], "texture": "#0"},
				"west": {"uv": [4.375, 2.75, 5.25, 3.375], "texture": "#0"},
				"up": {"uv": [4.25, 3.125, 3, 2.25], "texture": "#0"},
				"down": {"uv": [4.375, 0, 3.125, 0.875], "texture": "#0"}
			}
		},
		{
			"from": [2, 11, 14],
			"to": [4, 18, 16],
			"faces": {
				"north": {"uv": [5.875, 5.625, 6.125, 6.5], "texture": "#0"},
				"east": {"uv": [1.25, 6, 1.5, 6.875], "texture": "#0"},
				"south": {"uv": [1.625, 6, 1.875, 6.875], "texture": "#0"},
				"west": {"uv": [6, 2, 6.25, 2.875], "texture": "#0"},
				"up": {"uv": [6.75, 8, 6.5, 7.75], "texture": "#0"},
				"down": {"uv": [7.125, 7.75, 6.875, 8], "texture": "#0"}
			}
		},
		{
			"from": [12, 11, 14],
			"to": [14, 18, 16],
			"rotation": {"angle": 0, "axis": "y", "origin": [16, 0, 0]},
			"faces": {
				"north": {"uv": [6, 3, 6.25, 3.875], "texture": "#0"},
				"east": {"uv": [6, 4.625, 6.25, 5.5], "texture": "#0"},
				"south": {"uv": [2, 6.125, 2.25, 7], "texture": "#0"},
				"west": {"uv": [2.375, 6.125, 2.625, 7], "texture": "#0"},
				"up": {"uv": [7.5, 8, 7.25, 7.75], "texture": "#0"},
				"down": {"uv": [8, 7.25, 7.75, 7.5], "texture": "#0"}
			}
		},
		{
			"from": [2, 11, 7],
			"to": [4, 18, 9],
			"rotation": {"angle": 0, "axis": "y", "origin": [0, 0, 16]},
			"faces": {
				"north": {"uv": [0.75, 6.25, 1, 7.125], "texture": "#0"},
				"east": {"uv": [6.25, 1, 6.5, 1.875], "texture": "#0"},
				"south": {"uv": [3.125, 6.25, 3.375, 7.125], "texture": "#0"},
				"west": {"uv": [3.5, 6.25, 3.75, 7.125], "texture": "#0"},
				"up": {"uv": [1.625, 8.125, 1.375, 7.875], "texture": "#0"},
				"down": {"uv": [8.125, 1.5, 7.875, 1.75], "texture": "#0"}
			}
		},
		{
			"from": [12, 11, 7],
			"to": [14, 18, 9],
			"rotation": {"angle": 0, "axis": "y", "origin": [16, 0, 16]},
			"faces": {
				"north": {"uv": [2.75, 6.125, 3, 7], "texture": "#0"},
				"east": {"uv": [0, 6.25, 0.25, 7.125], "texture": "#0"},
				"south": {"uv": [6.25, 0, 6.5, 0.875], "texture": "#0"},
				"west": {"uv": [0.375, 6.25, 0.625, 7.125], "texture": "#0"},
				"up": {"uv": [7.875, 8, 7.625, 7.75], "texture": "#0"},
				"down": {"uv": [0.25, 7.875, 0, 8.125], "texture": "#0"}
			}
		},
		{
			"from": [2.5, 11.5, 7.5],
			"to": [13.5, 12.5, 15.5],
			"faces": {
				"north": {"uv": [6.375, 4.5, 7.75, 4.625], "texture": "#0"},
				"east": {"uv": [6.625, 1, 7.625, 1.125], "texture": "#0"},
				"south": {"uv": [6.375, 4.75, 7.75, 4.875], "texture": "#0"},
				"west": {"uv": [6.625, 1.25, 7.625, 1.375], "texture": "#0"},
				"up": {"uv": [1.375, 3.25, 0, 2.25], "texture": "#0"},
				"down": {"uv": [2.875, 2.25, 1.5, 3.25], "texture": "#0"}
			}
		},
		{
			"from": [2.5, 16.5, 7.5],
			"to": [13.5, 17.5, 15.5],
			"faces": {
				"north": {"uv": [6.375, 3.5, 7.75, 3.625], "texture": "#0"},
				"east": {"uv": [6.625, 0.5, 7.625, 0.625], "texture": "#0"},
				"south": {"uv": [6.375, 3.75, 7.75, 3.875], "texture": "#0"},
				"west": {"uv": [6.625, 0.75, 7.625, 0.875], "texture": "#0"},
				"up": {"uv": [3, 1, 1.625, 0], "texture": "#0"},
				"down": {"uv": [3, 1.125, 1.625, 2.125], "texture": "#0"}
			}
		},
		{
			"from": [5, 17.5, 12],
			"to": [7, 18.5, 14],
			"rotation": {"angle": -22.5, "axis": "y", "origin": [6.5, 18, 13.5]},
			"faces": {
				"north": {"uv": [5.375, 3.25, 5.625, 3.375], "texture": "#0"},
				"east": {"uv": [6.625, 8.125, 6.875, 8.25], "texture": "#0"},
				"south": {"uv": [7, 8.125, 7.25, 8.25], "texture": "#0"},
				"west": {"uv": [8.125, 7.25, 8.375, 7.375], "texture": "#0"},
				"up": {"uv": [8.25, 3.25, 8, 3], "texture": "#0"},
				"down": {"uv": [8.25, 4.875, 8, 5.125], "texture": "#0"}
			}
		},
		{
			"from": [8, 17, 11],
			"to": [11, 19, 14],
			"rotation": {"angle": 22.5, "axis": "y", "origin": [6.5, 18, 13.5]},
			"faces": {
				"north": {"uv": [7.5, 5, 7.875, 5.25], "texture": "#0"},
				"east": {"uv": [7.625, 1.875, 8, 2.125], "texture": "#0"},
				"south": {"uv": [5, 7.75, 5.375, 8], "texture": "#0"},
				"west": {"uv": [5.5, 7.75, 5.875, 8], "texture": "#0"},
				"up": {"uv": [6.75, 5.375, 6.375, 5], "texture": "#0"},
				"down": {"uv": [7, 0, 6.625, 0.375], "texture": "#0"}
			}
		},
		{
			"from": [3, 19, 8],
			"to": [13, 22, 15],
			"rotation": {"angle": -22.5, "axis": "x", "origin": [8, 18, 8]},
			"faces": {
				"north": {"uv": [4.375, 3.5, 5.625, 3.875], "texture": "#0"},
				"east": {"uv": [1.5, 4.875, 2.375, 5.25], "texture": "#0"},
				"south": {"uv": [4.5, 0, 5.75, 0.375], "texture": "#0"},
				"west": {"uv": [2.5, 5, 3.375, 5.375], "texture": "#0"},
				"up": {"uv": [4.375, 1.875, 3.125, 1], "texture": "#0"},
				"down": {"uv": [4.25, 3.25, 3, 4.125], "texture": "#0"}
			}
		},
		{
			"from": [7, 17, 14.5],
			"to": [9, 20, 16.5],
			"rotation": {"angle": -22.5, "axis": "x", "origin": [8, 18, 8]},
			"faces": {
				"north": {"uv": [7.75, 0.5, 8, 0.875], "texture": "#0"},
				"east": {"uv": [7.75, 1, 8, 1.375], "texture": "#0"},
				"south": {"uv": [7.75, 4, 8, 4.375], "texture": "#0"},
				"west": {"uv": [4.625, 7.75, 4.875, 8.125], "texture": "#0"},
				"up": {"uv": [8.25, 2.5, 8, 2.25], "texture": "#0"},
				"down": {"uv": [8.25, 2.625, 8, 2.875], "texture": "#0"}
			}
		},
		{
			"from": [7.5, 17.25, 16.525],
			"to": [8.5, 19.25, 16.525],
			"rotation": {"angle": -22.5, "axis": "x", "origin": [8, 18, 8]},
			"faces": {
				"north": {"uv": [5.75, 8.125, 5.875, 8.375], "texture": "#0"},
				"east": {"uv": [1.125, 6.25, 1.125, 6.5], "texture": "#0"},
				"south": {"uv": [6.375, 8.125, 6.5, 8.375], "texture": "#0"},
				"west": {"uv": [5.75, 6.25, 5.75, 6.5], "texture": "#0"},
				"up": {"uv": [2.875, 4.125, 2.75, 4.125], "texture": "#0"},
				"down": {"uv": [2.625, 4.875, 2.5, 4.875], "texture": "#0"}
			}
		},
		{
			"from": [3.025, 20.62515, 7.35037],
			"to": [12.975, 25.52515, 12.35037],
			"rotation": {"angle": 22.5, "axis": "x", "origin": [8, 23.37515, 9.60037]},
			"faces": {
				"north": {"uv": [0, 4.125, 1.25, 4.75], "texture": "#0"},
				"east": {"uv": [0, 4.875, 0.625, 5.5], "texture": "#0"},
				"south": {"uv": [1.375, 4.125, 2.625, 4.75], "texture": "#0"},
				"west": {"uv": [0.75, 4.875, 1.375, 5.5], "texture": "#0"},
				"up": {"uv": [4, 4.875, 2.75, 4.25], "texture": "#0"},
				"down": {"uv": [5.375, 4.25, 4.125, 4.875], "texture": "#0"}
			}
		},
		{
			"from": [2, 18, 7.5],
			"to": [14, 19, 15.5],
			"rotation": {"angle": -22.5, "axis": "x", "origin": [8, 18, 8]},
			"faces": {
				"north": {"uv": [6.125, 4, 7.625, 4.125], "texture": "#0"},
				"east": {"uv": [3.125, 2, 4.125, 2.125], "texture": "#0"},
				"south": {"uv": [6.125, 4.25, 7.625, 4.375], "texture": "#0"},
				"west": {"uv": [4.375, 4, 5.375, 4.125], "texture": "#0"},
				"up": {"uv": [1.5, 1, 0, 0], "texture": "#0"},
				"down": {"uv": [1.5, 1.125, 0, 2.125], "texture": "#0"}
			}
		},
		{
			"from": [1.5, 17.07926, 5.88478],
			"to": [14.5, 19.07926, 7.88478],
			"rotation": {"angle": -45, "axis": "x", "origin": [8, 18.07926, 6.88478]},
			"faces": {
				"north": {"uv": [4.5, 0.5, 6.125, 0.75], "texture": "#0"},
				"east": {"uv": [7.875, 6.125, 8.125, 6.375], "texture": "#0"},
				"south": {"uv": [4.5, 0.875, 6.125, 1.125], "texture": "#0"},
				"west": {"uv": [0.75, 8, 1, 8.25], "texture": "#0"},
				"up": {"uv": [6.125, 1.5, 4.5, 1.25], "texture": "#0"},
				"down": {"uv": [6.125, 1.625, 4.5, 1.875], "texture": "#0"}
			}
		},
		{
			"from": [1.025, 23.34204, 11.74268],
			"to": [4.975, 27.34204, 13.74268],
			"rotation": {"angle": -45, "axis": "x", "origin": [2, 24.84204, 12.74268]},
			"faces": {
				"north": {"uv": [3.5, 5, 4, 5.5], "texture": "#0"},
				"east": {"uv": [6.375, 6.625, 6.625, 7.125], "texture": "#0"},
				"south": {"uv": [4.125, 5, 4.625, 5.5], "texture": "#0"},
				"west": {"uv": [3.875, 6.75, 4.125, 7.25], "texture": "#0"},
				"up": {"uv": [4.75, 7, 4.25, 6.75], "texture": "#0"},
				"down": {"uv": [5.375, 6.75, 4.875, 7], "texture": "#0"}
			}
		},
		{
			"from": [1, 20.66325, 5.27552],
			"to": [5, 24.66325, 7.27552],
			"rotation": {"angle": 0, "axis": "y", "origin": [2, 22.16325, 6.27552]},
			"faces": {
				"north": {"uv": [4.75, 5, 5.25, 5.5], "texture": "#0"},
				"east": {"uv": [6.875, 5.375, 7.125, 5.875], "texture": "#0"},
				"south": {"uv": [1.5, 5.375, 2, 5.875], "texture": "#0"},
				"west": {"uv": [6.875, 6, 7.125, 6.5], "texture": "#0"},
				"up": {"uv": [1.625, 7.25, 1.125, 7], "texture": "#0"},
				"down": {"uv": [7.5, 1.875, 7, 2.125], "texture": "#0"}
			}
		},
		{
			"from": [1.025, 23.51681, 6.04329],
			"to": [4.975, 27.26681, 8.04329],
			"rotation": {"angle": 45, "axis": "x", "origin": [2, 25.01681, 7.04329]},
			"faces": {
				"north": {"uv": [5.375, 2, 5.875, 2.5], "texture": "#0"},
				"east": {"uv": [7, 2.25, 7.25, 2.75], "texture": "#0"},
				"south": {"uv": [5.375, 2.625, 5.875, 3.125], "texture": "#0"},
				"west": {"uv": [7, 2.875, 7.25, 3.375], "texture": "#0"},
				"up": {"uv": [6, 7.25, 5.5, 7], "texture": "#0"},
				"down": {"uv": [7.25, 7, 6.75, 7.25], "texture": "#0"}
			}
		},
		{
			"from": [1, 25.31691, 7.93202],
			"to": [5, 27.31691, 11.68202],
			"rotation": {"angle": 0, "axis": "y", "origin": [2, 26.31691, 10.18202]},
			"faces": {
				"north": {"uv": [7.125, 0, 7.625, 0.25], "texture": "#0"},
				"east": {"uv": [1.75, 7.125, 2.25, 7.375], "texture": "#0"},
				"south": {"uv": [2.375, 7.125, 2.875, 7.375], "texture": "#0"},
				"west": {"uv": [4.25, 7.125, 4.75, 7.375], "texture": "#0"},
				"up": {"uv": [5.875, 5.5, 5.375, 5], "texture": "#0"},
				"down": {"uv": [2.625, 5.5, 2.125, 6], "texture": "#0"}
			}
		},
		{
			"from": [1.025, 19.3097, 5.54329],
			"to": [4.975, 21.3097, 8.54329],
			"rotation": {"angle": 45, "axis": "x", "origin": [2, 20.3097, 7.04329]},
			"faces": {
				"north": {"uv": [6.75, 6.625, 7.25, 6.875], "texture": "#0"},
				"east": {"uv": [5.5, 4.625, 5.875, 4.875], "texture": "#0"},
				"south": {"uv": [6.875, 5, 7.375, 5.25], "texture": "#0"},
				"west": {"uv": [2, 7.5, 2.375, 7.75], "texture": "#0"},
				"up": {"uv": [5.625, 6.625, 5.125, 6.25], "texture": "#0"},
				"down": {"uv": [6.75, 5.625, 6.25, 6], "texture": "#0"}
			}
		},
		{
			"from": [1, 21.48848, 12.51045],
			"to": [5, 24.48848, 14.51045],
			"rotation": {"angle": 0, "axis": "y", "origin": [2, 22.98848, 13.51045]},
			"faces": {
				"north": {"uv": [3.875, 6.25, 4.375, 6.625], "texture": "#0"},
				"east": {"uv": [5.875, 0, 6.125, 0.375], "texture": "#0"},
				"south": {"uv": [4.5, 6.25, 5, 6.625], "texture": "#0"},
				"west": {"uv": [3.75, 7.375, 4, 7.75], "texture": "#0"},
				"up": {"uv": [7.125, 1.75, 6.625, 1.5], "texture": "#0"},
				"down": {"uv": [6.25, 6.625, 5.75, 6.875], "texture": "#0"}
			}
		},
		{
			"from": [4, 19.75699, 11.8603],
			"to": [5, 21.75699, 13.8603],
			"rotation": {"angle": -22.5, "axis": "x", "origin": [3, 23.25699, 12.8603]},
			"faces": {
				"north": {"uv": [2.75, 3.375, 2.875, 3.625], "texture": "#0"},
				"east": {"uv": [1.75, 7.875, 2, 8.125], "texture": "#0"},
				"south": {"uv": [2.75, 3.75, 2.875, 4], "texture": "#0"},
				"west": {"uv": [2.125, 7.875, 2.375, 8.125], "texture": "#0"},
				"up": {"uv": [1.375, 5.875, 1.25, 5.625], "texture": "#0"},
				"down": {"uv": [5.875, 3.25, 5.75, 3.5], "texture": "#0"}
			}
		},
		{
			"from": [1.025, 19.75699, 11.8603],
			"to": [2.025, 21.75699, 13.8603],
			"rotation": {"angle": -22.5, "axis": "x", "origin": [3, 23.25699, 12.8603]},
			"faces": {
				"north": {"uv": [5.75, 3.625, 5.875, 3.875], "texture": "#0"},
				"east": {"uv": [2.5, 7.875, 2.75, 8.125], "texture": "#0"},
				"south": {"uv": [5.875, 7.375, 6, 7.625], "texture": "#0"},
				"west": {"uv": [2.875, 7.875, 3.125, 8.125], "texture": "#0"},
				"up": {"uv": [0.875, 7.875, 0.75, 7.625], "texture": "#0"},
				"down": {"uv": [4.5, 7.875, 4.375, 8.125], "texture": "#0"}
			}
		},
		{
			"from": [1.05, 19.75699, 5.8603],
			"to": [2.05, 21.75699, 7.8603],
			"rotation": {"angle": -22.5, "axis": "x", "origin": [3, 23.25699, 12.8603]},
			"faces": {
				"north": {"uv": [1.125, 8, 1.25, 8.25], "texture": "#0"},
				"east": {"uv": [3.25, 7.875, 3.5, 8.125], "texture": "#0"},
				"south": {"uv": [8, 6.5, 8.125, 6.75], "texture": "#0"},
				"west": {"uv": [7.875, 3.375, 8.125, 3.625], "texture": "#0"},
				"up": {"uv": [8.125, 7.125, 8, 6.875], "texture": "#0"},
				"down": {"uv": [8.125, 7.625, 8, 7.875], "texture": "#0"}
			}
		},
		{
			"from": [11.025, 23.34204, 11.74268],
			"to": [14.975, 27.34204, 13.74268],
			"rotation": {"angle": -45, "axis": "x", "origin": [14, 24.84204, 12.74268]},
			"faces": {
				"north": {"uv": [2.75, 5.5, 3.25, 6], "texture": "#0"},
				"east": {"uv": [4.875, 7.125, 5.125, 7.625], "texture": "#0"},
				"south": {"uv": [5.5, 4, 6, 4.5], "texture": "#0"},
				"west": {"uv": [0, 7.25, 0.25, 7.75], "texture": "#0"},
				"up": {"uv": [0.875, 7.5, 0.375, 7.25], "texture": "#0"},
				"down": {"uv": [7.75, 1.5, 7.25, 1.75], "texture": "#0"}
			}
		},
		{
			"from": [11, 20.66325, 5.27552],
			"to": [15, 24.66325, 7.27552],
			"rotation": {"angle": 0, "axis": "y", "origin": [14, 22.16325, 6.27552]},
			"faces": {
				"north": {"uv": [0, 5.625, 0.5, 6.125], "texture": "#0"},
				"east": {"uv": [3, 7.25, 3.25, 7.75], "texture": "#0"},
				"south": {"uv": [0.625, 5.625, 1.125, 6.125], "texture": "#0"},
				"west": {"uv": [3.375, 7.25, 3.625, 7.75], "texture": "#0"},
				"up": {"uv": [7.75, 5.625, 7.25, 5.375], "texture": "#0"},
				"down": {"uv": [7.75, 5.75, 7.25, 6], "texture": "#0"}
			}
		},
		{
			"from": [11.025, 23.51681, 6.04329],
			"to": [14.975, 27.26681, 8.04329],
			"rotation": {"angle": 45, "axis": "x", "origin": [14, 25.01681, 7.04329]},
			"faces": {
				"north": {"uv": [3.375, 5.625, 3.875, 6.125], "texture": "#0"},
				"east": {"uv": [6.125, 7.25, 6.375, 7.75], "texture": "#0"},
				"south": {"uv": [4, 5.625, 4.5, 6.125], "texture": "#0"},
				"west": {"uv": [1, 7.375, 1.25, 7.875], "texture": "#0"},
				"up": {"uv": [7.75, 6.375, 7.25, 6.125], "texture": "#0"},
				"down": {"uv": [7.875, 2.25, 7.375, 2.5], "texture": "#0"}
			}
		},
		{
			"from": [11, 25.31691, 7.93202],
			"to": [15, 27.31691, 11.68202],
			"rotation": {"angle": 0, "axis": "y", "origin": [14, 26.31691, 10.18202]},
			"faces": {
				"north": {"uv": [7.375, 2.625, 7.875, 2.875], "texture": "#0"},
				"east": {"uv": [7.375, 3, 7.875, 3.25], "texture": "#0"},
				"south": {"uv": [5.25, 7.375, 5.75, 7.625], "texture": "#0"},
				"west": {"uv": [6.5, 7.375, 7, 7.625], "texture": "#0"},
				"up": {"uv": [5.125, 6.125, 4.625, 5.625], "texture": "#0"},
				"down": {"uv": [5.75, 5.625, 5.25, 6.125], "texture": "#0"}
			}
		},
		{
			"from": [11.025, 19.3097, 5.54329],
			"to": [14.975, 21.3097, 8.54329],
			"rotation": {"angle": 45, "axis": "x", "origin": [14, 20.3097, 7.04329]},
			"faces": {
				"north": {"uv": [7.375, 6.5, 7.875, 6.75], "texture": "#0"},
				"east": {"uv": [2.5, 7.5, 2.875, 7.75], "texture": "#0"},
				"south": {"uv": [7.375, 6.875, 7.875, 7.125], "texture": "#0"},
				"west": {"uv": [4.125, 7.5, 4.5, 7.75], "texture": "#0"},
				"up": {"uv": [6.75, 6.5, 6.25, 6.125], "texture": "#0"},
				"down": {"uv": [6.875, 2, 6.375, 2.375], "texture": "#0"}
			}
		},
		{
			"from": [11, 21.48848, 12.51045],
			"to": [15, 24.48848, 14.51045],
			"rotation": {"angle": 0, "axis": "y", "origin": [14, 22.98848, 13.51045]},
			"faces": {
				"north": {"uv": [6.375, 2.5, 6.875, 2.875], "texture": "#0"},
				"east": {"uv": [0.375, 7.625, 0.625, 8], "texture": "#0"},
				"south": {"uv": [6.375, 3, 6.875, 3.375], "texture": "#0"},
				"west": {"uv": [7.75, 0, 8, 0.375], "texture": "#0"},
				"up": {"uv": [7.625, 7.625, 7.125, 7.375], "texture": "#0"},
				"down": {"uv": [1.875, 7.5, 1.375, 7.75], "texture": "#0"}
			}
		},
		{
			"from": [11, 19.75699, 11.8603],
			"to": [12, 21.75699, 13.8603],
			"rotation": {"angle": -22.5, "axis": "x", "origin": [13, 23.25699, 12.8603]},
			"faces": {
				"north": {"uv": [8, 8, 8.125, 8.25], "texture": "#0"},
				"east": {"uv": [3.625, 7.875, 3.875, 8.125], "texture": "#0"},
				"south": {"uv": [8.125, 0, 8.25, 0.25], "texture": "#0"},
				"west": {"uv": [4, 7.875, 4.25, 8.125], "texture": "#0"},
				"up": {"uv": [0.5, 8.375, 0.375, 8.125], "texture": "#0"},
				"down": {"uv": [8.25, 0.375, 8.125, 0.625], "texture": "#0"}
			}
		},
		{
			"from": [13.975, 19.75699, 11.8603],
			"to": [14.975, 21.75699, 13.8603],
			"rotation": {"angle": -22.5, "axis": "x", "origin": [13, 23.25699, 12.8603]},
			"faces": {
				"north": {"uv": [8.125, 0.75, 8.25, 1], "texture": "#0"},
				"east": {"uv": [7.875, 4.5, 8.125, 4.75], "texture": "#0"},
				"south": {"uv": [8.125, 1.125, 8.25, 1.375], "texture": "#0"},
				"west": {"uv": [7.875, 5.375, 8.125, 5.625], "texture": "#0"},
				"up": {"uv": [8.25, 2.125, 8.125, 1.875], "texture": "#0"},
				"down": {"uv": [8.25, 3.75, 8.125, 4], "texture": "#0"}
			}
		},
		{
			"from": [13.95, 19.75699, 5.8603],
			"to": [14.95, 21.75699, 7.8603],
			"rotation": {"angle": -22.5, "axis": "x", "origin": [13, 23.25699, 12.8603]},
			"faces": {
				"north": {"uv": [8.125, 4.125, 8.25, 4.375], "texture": "#0"},
				"east": {"uv": [7.875, 5.75, 8.125, 6], "texture": "#0"},
				"south": {"uv": [5, 8.125, 5.125, 8.375], "texture": "#0"},
				"west": {"uv": [6, 7.875, 6.25, 8.125], "texture": "#0"},
				"up": {"uv": [5.375, 8.375, 5.25, 8.125], "texture": "#0"},
				"down": {"uv": [5.625, 8.125, 5.5, 8.375], "texture": "#0"}
			}
		}
	],
	"gui_light": "front",
	"display": {
		"thirdperson_righthand": {
			"rotation": [-125.99, 23.76, -179.23],
			"translation": [-2.25, -1.5, -1.25],
			"scale": [0.4, 0.4, 0.4]
		},
		"thirdperson_lefthand": {
			"rotation": [-125.99, 23.76, -179.23],
			"translation": [-2.25, -1.5, -1.25],
			"scale": [0.4, 0.4, 0.4]
		},
		"firstperson_righthand": {
			"rotation": [12.13, -77.25, 1.69],
			"translation": [0, -1.25, 0],
			"scale": [0.4, 0.4, 0.4]
		},
		"firstperson_lefthand": {
			"rotation": [12.13, -77.25, 1.69],
			"translation": [0, -1.25, 0],
			"scale": [0.4, 0.4, 0.4]
		},
		"ground": {
			"scale": [0.4, 0.4, 0.4]
		},
		"gui": {
			"rotation": [16.6, -34.01, 0.39],
			"translation": [1, -7.5, 0],
			"scale": [0.75, 0.75, 0.75]
		},
		"head": {
			"rotation": [11.75, 0, 0],
			"translation": [0, -59, 2.5],
			"scale": [1.6, 1.6, 1.6]
		},
		"fixed": {
			"rotation": [173, 0, -180],
			"translation": [0, -10.75, 1]
		}
	},
	"groups": [
		0,
		1,
		2,
		3,
		4,
		5,
		6,
		7,
		8,
		9,
		10,
		11,
		12,
		13,
		14,
		{
			"name": "group",
			"origin": [3, 22.98848, 13.51045],
			"color": 0,
			"children": [15, 16, 17, 18, 19, 20, 21, 22, 23]
		},
		{
			"name": "group",
			"origin": [3, 22.98848, 13.51045],
			"color": 0,
			"children": [24, 25, 26, 27, 28, 29, 30, 31, 32]
		}
	]
}