{
	"credit": "Made with Blockbench",
	"texture_size": [32, 32],
	"textures": {
		"0": "cosmetics/chinese_takeout",
		"particle": "cosmetics/chinese_takeout"
	},
	"elements": [
		{
			"from": [5.5, 0, 5.5],
			"to": [10.5, 6, 10.5],
			"faces": {
				"north": {"uv": [0, 0, 2.5, 3], "texture": "#0"},
				"east": {"uv": [3, 0, 5.5, 3], "texture": "#0"},
				"south": {"uv": [0, 3.5, 2.5, 6.5], "texture": "#0"},
				"west": {"uv": [3, 3.5, 5.5, 6.5], "texture": "#0"},
				"up": {"uv": [8.5, 2.5, 6, 0], "texture": "#0"},
				"down": {"uv": [8.5, 3, 6, 5.5], "texture": "#0"}
			}
		},
		{
			"name": "flat",
			"from": [5.5, 6, 5.5],
			"to": [10.5, 10, 5.5],
			"rotation": {"angle": -22.5, "axis": "x", "origin": [8, 6, 5.5]},
			"faces": {
				"north": {"uv": [6, 6, 8.5, 8], "texture": "#0"},
				"east": {"uv": [4, 9.5, 4, 11.5], "texture": "#0"},
				"south": {"uv": [0, 7, 2.5, 9], "texture": "#0"},
				"west": {"uv": [4.5, 9.5, 4.5, 11.5], "texture": "#0"},
				"up": {"uv": [11.5, 10, 9, 10], "texture": "#0"},
				"down": {"uv": [11.5, 10.5, 9, 10.5], "texture": "#0"}
			}
		},
		{
			"name": "flat",
			"from": [5.5, 6, 10.5],
			"to": [10.5, 10, 10.5],
			"rotation": {"angle": 22.5, "axis": "x", "origin": [8, 6, 10.5]},
			"faces": {
				"north": {"uv": [3, 7, 5.5, 9], "texture": "#0"},
				"east": {"uv": [5, 9.5, 5, 11.5], "texture": "#0"},
				"south": {"uv": [6, 8.5, 8.5, 10.5], "texture": "#0"},
				"west": {"uv": [5.5, 9.5, 5.5, 11.5], "texture": "#0"},
				"up": {"uv": [8.5, 11, 6, 11], "texture": "#0"},
				"down": {"uv": [11.5, 11, 9, 11], "texture": "#0"}
			}
		},
		{
			"name": "flat",
			"from": [5.5, 6, 5.5],
			"to": [5.5, 10, 10.5],
			"rotation": {"angle": 22.5, "axis": "z", "origin": [5.5, 6, 8]},
			"faces": {
				"north": {"uv": [6, 11.5, 6, 13.5], "texture": "#0"},
				"east": {"uv": [9, 0, 11.5, 2], "texture": "#0"},
				"south": {"uv": [6.5, 11.5, 6.5, 13.5], "texture": "#0"},
				"west": {"uv": [9, 2.5, 11.5, 4.5], "texture": "#0"},
				"up": {"uv": [7, 14, 7, 11.5], "texture": "#0"},
				"down": {"uv": [7.5, 11.5, 7.5, 14], "texture": "#0"}
			}
		},
		{
			"name": "flat",
			"from": [10.5, 6, 5.5],
			"to": [10.5, 10, 10.5],
			"rotation": {"angle": -22.5, "axis": "z", "origin": [10.5, 6, 8]},
			"faces": {
				"north": {"uv": [8, 11.5, 8, 13.5], "texture": "#0"},
				"east": {"uv": [9, 5, 11.5, 7], "texture": "#0"},
				"south": {"uv": [8.5, 11.5, 8.5, 13.5], "texture": "#0"},
				"west": {"uv": [9, 7.5, 11.5, 9.5], "texture": "#0"},
				"up": {"uv": [9, 14, 9, 11.5], "texture": "#0"},
				"down": {"uv": [9.5, 11.5, 9.5, 14], "texture": "#0"}
			}
		},
		{
			"name": "stick",
			"from": [5.5, 5.5, 8.5],
			"to": [6.5, 11.5, 8.5],
			"rotation": {"angle": 22.5, "axis": "z", "origin": [7.5, 9, 8.5]},
			"faces": {
				"north": {"uv": [2, 9.5, 2.5, 12.5], "texture": "#0"},
				"east": {"uv": [12, 0.5, 12, 3.5], "texture": "#0"},
				"south": {"uv": [3, 9.5, 3.5, 12.5], "texture": "#0"},
				"west": {"uv": [4, 12, 4, 15], "texture": "#0"},
				"up": {"uv": [12.5, 4, 12, 4], "texture": "#0"},
				"down": {"uv": [5, 12, 4.5, 12], "texture": "#0"}
			}
		},
		{
			"name": "stick",
			"from": [8, 6, 9.5],
			"to": [9, 12, 9.5],
			"rotation": {"angle": 22.5, "axis": "x", "origin": [7.5, 9, 8.5]},
			"faces": {
				"north": {"uv": [0, 9.5, 0.5, 12.5], "texture": "#0"},
				"east": {"uv": [10, 11.5, 10, 14.5], "texture": "#0"},
				"south": {"uv": [1, 9.5, 1.5, 12.5], "texture": "#0"},
				"west": {"uv": [10.5, 11.5, 10.5, 14.5], "texture": "#0"},
				"up": {"uv": [11.5, 11.5, 11, 11.5], "texture": "#0"},
				"down": {"uv": [12.5, 0, 12, 0], "texture": "#0"}
			}
		}
	],
	"gui_light": "front",
	"display": {
		"thirdperson_righthand": {
			"rotation": [50.99, -2.96, 10.08],
			"translation": [-4.25, 2.5, 3.75]
		},
		"thirdperson_lefthand": {
			"rotation": [50.99, -2.96, 10.08],
			"translation": [-4.25, 2.5, 3.75]
		},
		"firstperson_righthand": {
			"rotation": [-0.04, 0.75, 3.25],
			"translation": [0, 4.5, 0]
		},
		"firstperson_lefthand": {
			"rotation": [-0.04, 0.75, 3.25],
			"translation": [0, 4.5, 0]
		},
		"ground": {
			"translation": [0, 3.5, 0],
			"scale": [0.7, 0.7, 0.7]
		},
		"gui": {
			"rotation": [-151.25, 33, -180],
			"translation": [0, 2.5, 0],
			"scale": [1.1, 1.1, 1.1]
		},
		"head": {
			"translation": [0, 18.75, 0],
			"scale": [1.6, 1.6, 1.6]
		},
		"fixed": {
			"rotation": [-15.25, 0, 0],
			"translation": [0, 2.5, -3.5]
		}
	},
	"groups": [
		0,
		{
			"name": "flat",
			"origin": [10.5, 6, 8],
			"color": 0,
			"children": [1, 2, 3, 4]
		},
		{
			"name": "stick",
			"origin": [7.5, 9, 8.5],
			"color": 0,
			"children": [5, 6]
		}
	]
}