{
	"credit": "Made with Blockbench",
	"texture_size": [32, 32],
	"textures": {
		"1": "cosmetics/clarinet"
	},
	"elements": [
		{
			"from": [7, 6, 11],
			"to": [9, 8, 18],
			"faces": {
				"north": {"uv": [3.5, 10, 4.5, 11], "texture": "#1"},
				"east": {"uv": [7.5, 8, 11, 9], "texture": "#1"},
				"south": {"uv": [10, 5.5, 11, 6.5], "texture": "#1"},
				"west": {"uv": [8.5, 0, 12, 1], "texture": "#1"},
				"up": {"uv": [1, 12, 0, 8.5], "texture": "#1"},
				"down": {"uv": [8.5, 9.5, 7.5, 13], "texture": "#1"}
			}
		},
		{
			"from": [6.5, 5.5, 6],
			"to": [9.5, 8.5, 11],
			"faces": {
				"north": {"uv": [9, 1.5, 10.5, 3], "texture": "#1"},
				"east": {"uv": [6, 2.5, 8.5, 4], "texture": "#1"},
				"south": {"uv": [9, 9.5, 10.5, 11], "texture": "#1"},
				"west": {"uv": [2.5, 8, 5, 9.5], "texture": "#1"},
				"up": {"uv": [9.5, 7, 8, 4.5], "texture": "#1"},
				"down": {"uv": [7, 8, 5.5, 10.5], "texture": "#1"}
			}
		},
		{
			"from": [6, 5, 1],
			"to": [10, 9, 6],
			"faces": {
				"north": {"uv": [0, 6, 2, 8], "texture": "#1"},
				"east": {"uv": [3, 0, 5.5, 2], "texture": "#1"},
				"south": {"uv": [6, 0, 8, 2], "texture": "#1"},
				"west": {"uv": [3, 2.5, 5.5, 4.5], "texture": "#1"},
				"up": {"uv": [5, 7.5, 3, 5], "texture": "#1"},
				"down": {"uv": [7.5, 5, 5.5, 7.5], "texture": "#1"}
			}
		},
		{
			"from": [5.5, 4.5, 0],
			"to": [10.5, 9.5, 1],
			"faces": {
				"north": {"uv": [0, 0, 2.5, 2.5], "texture": "#1"},
				"east": {"uv": [1.5, 8.5, 2, 11], "texture": "#1"},
				"south": {"uv": [0, 3, 2.5, 5.5], "texture": "#1"},
				"west": {"uv": [2.5, 10, 3, 12.5], "texture": "#1"},
				"up": {"uv": [11.5, 4, 9, 3.5], "texture": "#1"},
				"down": {"uv": [12.5, 4.5, 10, 5], "texture": "#1"}
			}
		}
	],
	"gui_light": "front",
	"display": {
		"thirdperson_righthand": {
			"rotation": [88.5, 0, 0],
			"translation": [0, 1.5, 2.25],
			"scale": [0.85, 0.85, 0.85]
		},
		"thirdperson_lefthand": {
			"rotation": [88.5, 0, 0],
			"translation": [0, 1.5, 2.25],
			"scale": [0.85, 0.85, 0.85]
		},
		"firstperson_righthand": {
			"rotation": [22.12, -7.06, -9.92],
			"translation": [-0.5, 0.5, -3.5]
		},
		"firstperson_lefthand": {
			"rotation": [22.12, -7.06, -9.92],
			"translation": [-0.5, 0.5, -3.5]
		},
		"ground": {
			"scale": [0.5, 0.5, 0.5]
		},
		"gui": {
			"rotation": [39.97, 37.32, -10.88],
			"translation": [0.75, 0, 0]
		},
		"head": {
			"rotation": [4.75, 0, 0],
			"translation": [0, -3, -15.75],
			"scale": [1.2, 1.2, 1.2]
		},
		"fixed": {
			"rotation": [87.96, 51.26, -95.3],
			"translation": [0, 1, -1.25]
		}
	}
}