{
	"credit": "Made with Blockbench",
	"texture_size": [64, 64],
	"textures": {
		"0": "cosmetics/cowboy_hat",
		"particle": "cosmetics/cowboy_hat"
	},
	"elements": [
		{
			"from": [3.5, 5.275, 3.5],
			"to": [12.5, 8.25, 12.5],
			"faces": {
				"north": {"uv": [8.75, 6.25, 11, 7], "texture": "#0"},
				"east": {"uv": [9, 1.25, 11.25, 2], "texture": "#0"},
				"south": {"uv": [2.25, 9, 4.5, 9.75], "texture": "#0"},
				"west": {"uv": [9, 2.25, 11.25, 3], "texture": "#0"},
				"up": {"uv": [8.75, 2.25, 6.5, 0], "texture": "#0"},
				"down": {"uv": [8.75, 2.5, 6.5, 4.75], "texture": "#0"}
			}
		},
		{
			"from": [1.5, 5.25, 1.5],
			"to": [14.5, 6.25, 14.5],
			"faces": {
				"north": {"uv": [7, 9.75, 10.25, 10], "texture": "#0"},
				"east": {"uv": [0, 10, 3.25, 10.25], "texture": "#0"},
				"south": {"uv": [10, 7.25, 13.25, 7.5], "texture": "#0"},
				"west": {"uv": [10, 7.75, 13.25, 8], "texture": "#0"},
				"up": {"uv": [3.25, 3.25, 0, 0], "texture": "#0"},
				"down": {"uv": [3.25, 3.5, 0, 6.75], "texture": "#0"}
			}
		},
		{
			"from": [1.5, 5.25, -2.5],
			"to": [14.5, 5.25, 1.5],
			"faces": {
				"north": {"uv": [10.75, 8.25, 14, 8.25], "texture": "#0"},
				"east": {"uv": [2.25, 8.75, 3.25, 8.75], "texture": "#0"},
				"south": {"uv": [10.75, 8.5, 14, 8.5], "texture": "#0"},
				"west": {"uv": [2.25, 10.5, 3.25, 10.5], "texture": "#0"},
				"up": {"uv": [9.75, 8.25, 6.5, 7.25], "texture": "#0"},
				"down": {"uv": [9.75, 8.5, 6.5, 9.5], "texture": "#0"}
			}
		},
		{
			"from": [1.5, 5.25, 14.5],
			"to": [14.5, 5.25, 18.5],
			"rotation": {"angle": 0, "axis": "y", "origin": [0, 0, 16]},
			"faces": {
				"north": {"uv": [10.75, 8.75, 14, 8.75], "texture": "#0"},
				"east": {"uv": [5.75, 10.5, 6.75, 10.5], "texture": "#0"},
				"south": {"uv": [10.75, 9, 14, 9], "texture": "#0"},
				"west": {"uv": [2.25, 10.75, 3.25, 10.75], "texture": "#0"},
				"up": {"uv": [12, 6, 8.75, 5], "texture": "#0"},
				"down": {"uv": [12.25, 0, 9, 1], "texture": "#0"}
			}
		},
		{
			"from": [14.5, 5.25, -0.5],
			"to": [19.5, 5.25, 16.5],
			"rotation": {"angle": 22.5, "axis": "z", "origin": [14.5, 5, 3]},
			"faces": {
				"north": {"uv": [9, 4.75, 10.25, 4.75], "texture": "#0"},
				"east": {"uv": [10, 9.5, 14.25, 9.5], "texture": "#0"},
				"south": {"uv": [4.75, 9.5, 6, 9.5], "texture": "#0"},
				"west": {"uv": [10.5, 4.75, 14.75, 4.75], "texture": "#0"},
				"up": {"uv": [4.75, 4.25, 3.5, 0], "texture": "#0"},
				"down": {"uv": [4.75, 4.5, 3.5, 8.75], "texture": "#0"}
			}
		},
		{
			"from": [-3.5, 5.25, -0.5],
			"to": [1.5, 5.25, 16.5],
			"rotation": {"angle": -22.5, "axis": "z", "origin": [1.5, 5, 3]},
			"faces": {
				"north": {"uv": [4.25, 10.5, 5.5, 10.5], "texture": "#0"},
				"east": {"uv": [10.5, 9.75, 14.75, 9.75], "texture": "#0"},
				"south": {"uv": [10.5, 10, 11.75, 10], "texture": "#0"},
				"west": {"uv": [7.75, 10.75, 12, 10.75], "texture": "#0"},
				"up": {"uv": [6.25, 4.25, 5, 0], "texture": "#0"},
				"down": {"uv": [6.25, 4.5, 5, 8.75], "texture": "#0"}
			}
		},
		{
			"from": [4, 8.25, 4],
			"to": [12, 10.25, 12],
			"rotation": {"angle": 0, "axis": "z", "origin": [8, 8.75, 8]},
			"faces": {
				"north": {"uv": [9, 3.25, 11, 3.75], "texture": "#0"},
				"east": {"uv": [9, 4, 11, 4.5], "texture": "#0"},
				"south": {"uv": [0, 9.25, 2, 9.75], "texture": "#0"},
				"west": {"uv": [4.75, 9.75, 6.75, 10.25], "texture": "#0"},
				"up": {"uv": [8.5, 7, 6.5, 5], "texture": "#0"},
				"down": {"uv": [2, 7, 0, 9], "texture": "#0"}
			}
		},
		{
			"from": [8.75, 10.25, 6],
			"to": [10.75, 11.25, 10],
			"rotation": {"angle": 0, "axis": "z", "origin": [8, 8.75, 8]},
			"faces": {
				"north": {"uv": [10.25, 10.25, 10.75, 10.5], "texture": "#0"},
				"east": {"uv": [2.25, 8.25, 3.25, 8.5], "texture": "#0"},
				"south": {"uv": [0, 10.5, 0.5, 10.75], "texture": "#0"},
				"west": {"uv": [4.75, 9, 5.75, 9.25], "texture": "#0"},
				"up": {"uv": [2.75, 8, 2.25, 7], "texture": "#0"},
				"down": {"uv": [4, 10, 3.5, 11], "texture": "#0"}
			}
		},
		{
			"from": [5.25, 10.25, 6],
			"to": [7.25, 11.25, 10],
			"rotation": {"angle": 0, "axis": "z", "origin": [8, 8.75, 8]},
			"faces": {
				"north": {"uv": [0.75, 10.5, 1.25, 10.75], "texture": "#0"},
				"east": {"uv": [7.75, 10.25, 8.75, 10.5], "texture": "#0"},
				"south": {"uv": [1.5, 10.5, 2, 10.75], "texture": "#0"},
				"west": {"uv": [9, 10.25, 10, 10.5], "texture": "#0"},
				"up": {"uv": [10.5, 9.25, 10, 8.25], "texture": "#0"},
				"down": {"uv": [7.5, 10.25, 7, 11.25], "texture": "#0"}
			}
		}
	],
	"gui_light": "front",
	"display": {
		"thirdperson_righthand": {
			"translation": [-3.75, -0.5, 0],
			"scale": [0.4, 0.4, 0.4]
		},
		"thirdperson_lefthand": {
			"translation": [-3.75, -0.5, 0],
			"scale": [0.4, 0.4, 0.4]
		},
		"firstperson_righthand": {
			"rotation": [-180, 53.5, -180],
			"translation": [0, 1.25, 0],
			"scale": [0.5, 0.5, 0.5]
		},
		"firstperson_lefthand": {
			"rotation": [-180, 53.5, -180],
			"translation": [0, 1.25, 0],
			"scale": [0.5, 0.5, 0.5]
		},
		"ground": {
			"scale": [0.4, 0.4, 0.4]
		},
		"gui": {
			"rotation": [-161.5, -17.5, -180],
			"scale": [0.65, 0.65, 0.65]
		},
		"head": {
			"translation": [0, 7, 0],
			"scale": [1.61, 1.61, 1.61]
		},
		"fixed": {
			"rotation": [-24, 0, 0],
			"translation": [0, 0, -5],
			"scale": [0.8, 0.8, 0.8]
		}
	}
}