{
	"credit": "Made with Blockbench",
	"texture_size": [64, 64],
	"textures": {
		"0": "cosmetics/crown",
		"particle": "cosmetics/crown"
	},
	"elements": [
		{
			"from": [3.5, 6.5, 3.5],
			"to": [12.5, 8.5, 12.5],
			"faces": {
				"north": {"uv": [0, 6.75, 2.25, 7.25], "texture": "#0"},
				"east": {"uv": [3, 7.5, 5.25, 8], "texture": "#0"},
				"south": {"uv": [3, 8.25, 5.25, 8.75], "texture": "#0"},
				"west": {"uv": [7.5, 8.25, 9.75, 8.75], "texture": "#0"},
				"up": {"uv": [5, 2.25, 2.75, 0], "texture": "#0"},
				"down": {"uv": [5, 2.5, 2.75, 4.75], "texture": "#0"}
			}
		},
		{
			"from": [6.5, 8.5, 6.5],
			"to": [9.5, 9.5, 9.5],
			"faces": {
				"north": {"uv": [11.25, 5.5, 12, 5.75], "texture": "#0"},
				"east": {"uv": [11.25, 8, 12, 8.25], "texture": "#0"},
				"south": {"uv": [11.25, 8.5, 12, 8.75], "texture": "#0"},
				"west": {"uv": [1, 11.5, 1.75, 11.75], "texture": "#0"},
				"up": {"uv": [0.75, 10.25, 0, 9.5], "texture": "#0"},
				"down": {"uv": [1.75, 9.5, 1, 10.25], "texture": "#0"}
			}
		},
		{
			"from": [3, 3.5, 3],
			"to": [13, 6.5, 13],
			"faces": {
				"north": {"uv": [7.5, 7.25, 10, 8], "texture": "#0"},
				"east": {"uv": [8, 0, 10.5, 0.75], "texture": "#0"},
				"south": {"uv": [8, 1, 10.5, 1.75], "texture": "#0"},
				"west": {"uv": [8, 2, 10.5, 2.75], "texture": "#0"},
				"up": {"uv": [2.5, 2.5, 0, 0], "texture": "#0"},
				"down": {"uv": [2.5, 2.75, 0, 5.25], "texture": "#0"}
			}
		},
		{
			"from": [6.5, 4, 2.5],
			"to": [9.5, 6, 13.5],
			"faces": {
				"north": {"uv": [10.75, 0.75, 11.5, 1.25], "texture": "#0"},
				"east": {"uv": [8, 3, 10.75, 3.5], "texture": "#0"},
				"south": {"uv": [1.25, 10.75, 2, 11.25], "texture": "#0"},
				"west": {"uv": [8, 3.75, 10.75, 4.25], "texture": "#0"},
				"up": {"uv": [6.25, 9, 5.5, 6.25], "texture": "#0"},
				"down": {"uv": [7.25, 6.25, 6.5, 9], "texture": "#0"}
			}
		},
		{
			"from": [2.5, 4, 6.5],
			"to": [13.5, 6, 9.5],
			"faces": {
				"north": {"uv": [8.25, 4.5, 11, 5], "texture": "#0"},
				"east": {"uv": [10.75, 1.5, 11.5, 2], "texture": "#0"},
				"south": {"uv": [8.25, 5.25, 11, 5.75], "texture": "#0"},
				"west": {"uv": [2.25, 10.75, 3, 11.25], "texture": "#0"},
				"up": {"uv": [2.75, 8.25, 0, 7.5], "texture": "#0"},
				"down": {"uv": [10.25, 6.25, 7.5, 7], "texture": "#0"}
			}
		},
		{
			"from": [7.5, 14.5, 7.5],
			"to": [8.5, 18.5, 8.5],
			"rotation": {"angle": 0, "axis": "y", "origin": [0, 2, 0]},
			"faces": {
				"north": {"uv": [4, 10.75, 4.25, 11.75], "texture": "#0"},
				"east": {"uv": [8.25, 10.75, 8.5, 11.75], "texture": "#0"},
				"south": {"uv": [11, 9.75, 11.25, 10.75], "texture": "#0"},
				"west": {"uv": [11, 11, 11.25, 12], "texture": "#0"},
				"up": {"uv": [2.75, 8.75, 2.5, 8.5], "texture": "#0"},
				"down": {"uv": [2.25, 9.5, 2, 9.75], "texture": "#0"}
			}
		},
		{
			"from": [7, 12.5, 7],
			"to": [9, 14.5, 9],
			"rotation": {"angle": 0, "axis": "y", "origin": [0, 2, 0]},
			"faces": {
				"north": {"uv": [10.75, 2.25, 11.25, 2.75], "texture": "#0"},
				"east": {"uv": [3.25, 10.75, 3.75, 11.25], "texture": "#0"},
				"south": {"uv": [7.5, 10.75, 8, 11.25], "texture": "#0"},
				"west": {"uv": [10.75, 9, 11.25, 9.5], "texture": "#0"},
				"up": {"uv": [11.5, 3.5, 11, 3], "texture": "#0"},
				"down": {"uv": [11.5, 3.75, 11, 4.25], "texture": "#0"}
			}
		},
		{
			"from": [6.5, 16.5, 7.525],
			"to": [9.5, 17.5, 8.475],
			"rotation": {"angle": 0, "axis": "y", "origin": [0, 2, 0]},
			"faces": {
				"north": {"uv": [10.5, 6.75, 11.25, 7], "texture": "#0"},
				"east": {"uv": [8.75, 11.25, 9, 11.5], "texture": "#0"},
				"south": {"uv": [0, 11.25, 0.75, 11.5], "texture": "#0"},
				"west": {"uv": [2, 11.5, 2.25, 11.75], "texture": "#0"},
				"up": {"uv": [12, 4.75, 11.25, 4.5], "texture": "#0"},
				"down": {"uv": [12, 5, 11.25, 5.25], "texture": "#0"}
			}
		},
		{
			"from": [3, 8.24264, 0.20711],
			"to": [13, 12.24264, 0.20711],
			"rotation": {"angle": -45, "axis": "x", "origin": [16, 10.74264, 3.70711]},
			"faces": {
				"north": {"uv": [5.25, 1.25, 7.75, 2.25], "texture": "#0"},
				"east": {"uv": [5.5, 11.5, 5.5, 12.5], "texture": "#0"},
				"south": {"uv": [5.25, 2.5, 7.75, 3.5], "texture": "#0"},
				"west": {"uv": [5.75, 11.5, 5.75, 12.5], "texture": "#0"},
				"up": {"uv": [14, 6.75, 11.5, 6.75], "texture": "#0"},
				"down": {"uv": [14, 7, 11.5, 7], "texture": "#0"}
			}
		},
		{
			"from": [6, 9.32843, 0.17157],
			"to": [10, 12.32843, 0.17157],
			"rotation": {"angle": 0, "axis": "z", "origin": [16, 10.82843, 3.67157]},
			"faces": {
				"north": {"uv": [2.5, 9, 3.5, 9.75], "texture": "#0"},
				"east": {"uv": [6, 11.5, 6, 12.25], "texture": "#0"},
				"south": {"uv": [3.75, 9, 4.75, 9.75], "texture": "#0"},
				"west": {"uv": [6.25, 11.5, 6.25, 12.25], "texture": "#0"},
				"up": {"uv": [7.5, 11.5, 6.5, 11.5], "texture": "#0"},
				"down": {"uv": [12.5, 7.25, 11.5, 7.25], "texture": "#0"}
			}
		},
		{
			"from": [7, 13.09287, 0.01871],
			"to": [9, 13.09287, 4.01871],
			"rotation": {"angle": -22.5, "axis": "x", "origin": [8, 13.09287, 2.01871]},
			"faces": {
				"north": {"uv": [11.5, 7.5, 12, 7.5], "texture": "#0"},
				"east": {"uv": [11.5, 7.75, 12.5, 7.75], "texture": "#0"},
				"south": {"uv": [11.5, 9, 12, 9], "texture": "#0"},
				"west": {"uv": [11.5, 9.25, 12.5, 9.25], "texture": "#0"},
				"up": {"uv": [9.25, 11, 8.75, 10], "texture": "#0"},
				"down": {"uv": [10.5, 9, 10, 10], "texture": "#0"}
			}
		},
		{
			"from": [7, 13.09287, 3.71423],
			"to": [9, 13.09287, 7.71423],
			"rotation": {"angle": 22.5, "axis": "x", "origin": [8, 13.09287, 5.71423]},
			"faces": {
				"north": {"uv": [9.5, 11.5, 10, 11.5], "texture": "#0"},
				"east": {"uv": [11.5, 9.5, 12.5, 9.5], "texture": "#0"},
				"south": {"uv": [11.5, 9.75, 12, 9.75], "texture": "#0"},
				"west": {"uv": [11.5, 10, 12.5, 10], "texture": "#0"},
				"up": {"uv": [5, 11.25, 4.5, 10.25], "texture": "#0"},
				"down": {"uv": [5.75, 10.25, 5.25, 11.25], "texture": "#0"}
			}
		},
		{
			"from": [3, 8.24264, 15.79289],
			"to": [13, 12.24264, 15.79289],
			"rotation": {"angle": 45, "axis": "x", "origin": [16, 10.74264, 12.29289]},
			"faces": {
				"north": {"uv": [7.75, 2.5, 5.25, 3.5], "texture": "#0"},
				"east": {"uv": [5.5, 11.5, 5.5, 12.5], "texture": "#0"},
				"south": {"uv": [7.75, 1.25, 5.25, 2.25], "texture": "#0"},
				"west": {"uv": [5.75, 11.5, 5.75, 12.5], "texture": "#0"},
				"up": {"uv": [14, 6.75, 11.5, 6.75], "texture": "#0"},
				"down": {"uv": [14, 7, 11.5, 7], "texture": "#0"}
			}
		},
		{
			"from": [6, 9.32843, 15.82843],
			"to": [10, 12.32843, 15.82843],
			"rotation": {"angle": 0, "axis": "z", "origin": [16, 10.82843, 12.32843]},
			"faces": {
				"north": {"uv": [4.75, 9, 3.75, 9.75], "texture": "#0"},
				"east": {"uv": [6, 11.5, 6, 12.25], "texture": "#0"},
				"south": {"uv": [3.5, 9, 2.5, 9.75], "texture": "#0"},
				"west": {"uv": [6.25, 11.5, 6.25, 12.25], "texture": "#0"},
				"up": {"uv": [7.5, 11.5, 6.5, 11.5], "texture": "#0"},
				"down": {"uv": [12.5, 7.25, 11.5, 7.25], "texture": "#0"}
			}
		},
		{
			"from": [7, 13.55063, 10.67995],
			"to": [9, 13.55063, 14.67995],
			"rotation": {"angle": 22.5, "axis": "x", "origin": [16, 10.05063, 12.17995]},
			"faces": {
				"north": {"uv": [12, 9, 11.5, 9], "texture": "#0"},
				"east": {"uv": [12.5, 7.75, 11.5, 7.75], "texture": "#0"},
				"south": {"uv": [12, 7.5, 11.5, 7.5], "texture": "#0"},
				"west": {"uv": [12.5, 9.25, 11.5, 9.25], "texture": "#0"},
				"up": {"uv": [9.25, 10, 8.75, 11], "texture": "#0"},
				"down": {"uv": [10.5, 10, 10, 9], "texture": "#0"}
			}
		},
		{
			"from": [7, 12.86139, 10.12202],
			"to": [9, 12.86139, 14.12202],
			"rotation": {"angle": -22.5, "axis": "x", "origin": [16, 8.36139, 10.62202]},
			"faces": {
				"north": {"uv": [12, 9.75, 11.5, 9.75], "texture": "#0"},
				"east": {"uv": [12.5, 9.5, 11.5, 9.5], "texture": "#0"},
				"south": {"uv": [10, 11.5, 9.5, 11.5], "texture": "#0"},
				"west": {"uv": [12.5, 10, 11.5, 10], "texture": "#0"},
				"up": {"uv": [5, 10.25, 4.5, 11.25], "texture": "#0"},
				"down": {"uv": [5.75, 11.25, 5.25, 10.25], "texture": "#0"}
			}
		},
		{
			"from": [0.20711, 8.24264, 3],
			"to": [0.20711, 12.24264, 13],
			"rotation": {"angle": 45, "axis": "z", "origin": [3.70711, 10.74264, 16]},
			"faces": {
				"north": {"uv": [5.75, 11.5, 5.75, 12.5], "texture": "#0"},
				"east": {"uv": [7.75, 2.5, 5.25, 3.5], "texture": "#0"},
				"south": {"uv": [5.5, 11.5, 5.5, 12.5], "texture": "#0"},
				"west": {"uv": [7.75, 1.25, 5.25, 2.25], "texture": "#0"},
				"up": {"uv": [14, 6.75, 11.5, 6.75], "rotation": 90, "texture": "#0"},
				"down": {"uv": [14, 7, 11.5, 7], "rotation": 270, "texture": "#0"}
			}
		},
		{
			"from": [0.17157, 9.32843, 6],
			"to": [0.17157, 12.32843, 10],
			"rotation": {"angle": 0, "axis": "z", "origin": [3.67157, 10.82843, 16]},
			"faces": {
				"north": {"uv": [6.25, 11.5, 6.25, 12.25], "texture": "#0"},
				"east": {"uv": [4.75, 9, 3.75, 9.75], "texture": "#0"},
				"south": {"uv": [6, 11.5, 6, 12.25], "texture": "#0"},
				"west": {"uv": [3.5, 9, 2.5, 9.75], "texture": "#0"},
				"up": {"uv": [7.5, 11.5, 6.5, 11.5], "rotation": 90, "texture": "#0"},
				"down": {"uv": [12.5, 7.25, 11.5, 7.25], "rotation": 270, "texture": "#0"}
			}
		},
		{
			"from": [1.32005, 13.55063, 7],
			"to": [5.32005, 13.55063, 9],
			"rotation": {"angle": 22.5, "axis": "z", "origin": [3.82005, 10.05063, 16]},
			"faces": {
				"north": {"uv": [12.5, 9.25, 11.5, 9.25], "texture": "#0"},
				"east": {"uv": [12, 9, 11.5, 9], "texture": "#0"},
				"south": {"uv": [12.5, 7.75, 11.5, 7.75], "texture": "#0"},
				"west": {"uv": [12, 7.5, 11.5, 7.5], "texture": "#0"},
				"up": {"uv": [9.25, 10, 8.75, 11], "rotation": 90, "texture": "#0"},
				"down": {"uv": [10.5, 10, 10, 9], "rotation": 270, "texture": "#0"}
			}
		},
		{
			"from": [1.87798, 12.86139, 7],
			"to": [5.87798, 12.86139, 9],
			"rotation": {"angle": -22.5, "axis": "z", "origin": [5.37798, 8.36139, 16]},
			"faces": {
				"north": {"uv": [12.5, 10, 11.5, 10], "texture": "#0"},
				"east": {"uv": [12, 9.75, 11.5, 9.75], "texture": "#0"},
				"south": {"uv": [12.5, 9.5, 11.5, 9.5], "texture": "#0"},
				"west": {"uv": [10, 11.5, 9.5, 11.5], "texture": "#0"},
				"up": {"uv": [5, 10.25, 4.5, 11.25], "rotation": 90, "texture": "#0"},
				"down": {"uv": [5.75, 11.25, 5.25, 10.25], "rotation": 270, "texture": "#0"}
			}
		},
		{
			"from": [15.79289, 8.24264, 3],
			"to": [15.79289, 12.24264, 13],
			"rotation": {"angle": -45, "axis": "z", "origin": [12.29289, 10.74264, 16]},
			"faces": {
				"north": {"uv": [5.75, 11.5, 5.75, 12.5], "texture": "#0"},
				"east": {"uv": [5.25, 1.25, 7.75, 2.25], "texture": "#0"},
				"south": {"uv": [5.5, 11.5, 5.5, 12.5], "texture": "#0"},
				"west": {"uv": [5.25, 2.5, 7.75, 3.5], "texture": "#0"},
				"up": {"uv": [14, 6.75, 11.5, 6.75], "rotation": 90, "texture": "#0"},
				"down": {"uv": [14, 7, 11.5, 7], "rotation": 270, "texture": "#0"}
			}
		},
		{
			"from": [15.82843, 9.32843, 6],
			"to": [15.82843, 12.32843, 10],
			"rotation": {"angle": 0, "axis": "z", "origin": [12.32843, 10.82843, 16]},
			"faces": {
				"north": {"uv": [6.25, 11.5, 6.25, 12.25], "texture": "#0"},
				"east": {"uv": [2.5, 9, 3.5, 9.75], "texture": "#0"},
				"south": {"uv": [6, 11.5, 6, 12.25], "texture": "#0"},
				"west": {"uv": [3.75, 9, 4.75, 9.75], "texture": "#0"},
				"up": {"uv": [7.5, 11.5, 6.5, 11.5], "rotation": 90, "texture": "#0"},
				"down": {"uv": [12.5, 7.25, 11.5, 7.25], "rotation": 270, "texture": "#0"}
			}
		},
		{
			"from": [10.67995, 13.55063, 7],
			"to": [14.67995, 13.55063, 9],
			"rotation": {"angle": -22.5, "axis": "z", "origin": [12.17995, 10.05063, 16]},
			"faces": {
				"north": {"uv": [11.5, 9.25, 12.5, 9.25], "texture": "#0"},
				"east": {"uv": [11.5, 7.5, 12, 7.5], "texture": "#0"},
				"south": {"uv": [11.5, 7.75, 12.5, 7.75], "texture": "#0"},
				"west": {"uv": [11.5, 9, 12, 9], "texture": "#0"},
				"up": {"uv": [9.25, 11, 8.75, 10], "rotation": 90, "texture": "#0"},
				"down": {"uv": [10.5, 9, 10, 10], "rotation": 270, "texture": "#0"}
			}
		},
		{
			"from": [10.12202, 12.86139, 7],
			"to": [14.12202, 12.86139, 9],
			"rotation": {"angle": 22.5, "axis": "z", "origin": [10.62202, 8.36139, 16]},
			"faces": {
				"north": {"uv": [11.5, 10, 12.5, 10], "texture": "#0"},
				"east": {"uv": [9.5, 11.5, 10, 11.5], "texture": "#0"},
				"south": {"uv": [11.5, 9.5, 12.5, 9.5], "texture": "#0"},
				"west": {"uv": [11.5, 9.75, 12, 9.75], "texture": "#0"},
				"up": {"uv": [5, 11.25, 4.5, 10.25], "rotation": 90, "texture": "#0"},
				"down": {"uv": [5.75, 10.25, 5.25, 11.25], "rotation": 270, "texture": "#0"}
			}
		}
	],
	"gui_light": "front",
	"display": {
		"thirdperson_righthand": {
			"translation": [-2.75, 0.5, 0],
			"scale": [0.5, 0.5, 0.5]
		},
		"thirdperson_lefthand": {
			"translation": [-2.75, 0.5, 0],
			"scale": [0.5, 0.5, 0.5]
		},
		"firstperson_righthand": {
			"scale": [0.8, 0.8, 0.8]
		},
		"firstperson_lefthand": {
			"scale": [0.8, 0.8, 0.8]
		},
		"ground": {
			"scale": [0.5, 0.5, 0.5]
		},
		"gui": {
			"rotation": [6.77, 11.63, -0.3],
			"translation": [0, -2.25, 0],
			"scale": [0.9, 0.9, 0.9]
		},
		"head": {
			"translation": [0, 6.75, 0],
			"scale": [1.61, 1.61, 1.61]
		},
		"fixed": {
			"translation": [0, -2.25, -2.75]
		}
	},
	"groups": [
		0,
		1,
		2,
		3,
		4,
		{
			"name": "group",
			"origin": [8, 8, 8],
			"color": 0,
			"children": [
				{
					"name": "top",
					"origin": [0, 2, 0],
					"color": 0,
					"children": [5, 6, 7]
				},
				{
					"name": "group",
					"origin": [7.2751, 7.62525, 0],
					"color": 0,
					"children": [8, 9, 10, 11]
				},
				{
					"name": "group",
					"origin": [7.2751, 7.62525, 0],
					"color": 0,
					"children": [12, 13, 14, 15]
				},
				{
					"name": "group",
					"origin": [7.2751, 7.62525, 0],
					"color": 0,
					"children": [16, 17, 18, 19]
				},
				{
					"name": "group",
					"origin": [7.2751, 7.62525, 0],
					"color": 0,
					"children": [20, 21, 22, 23]
				}
			]
		}
	]
}