{
	"credit": "Made with Blockbench",
	"texture_size": [32, 32],
	"textures": {
		"0": "cosmetics/cupcake",
		"particle": "cosmetics/cupcake"
	},
	"elements": [
		{
			"from": [6, 0, 6],
			"to": [10, 4, 10],
			"faces": {
				"north": {"uv": [3, 0, 5, 2], "texture": "#0"},
				"east": {"uv": [3, 2.5, 5, 4.5], "texture": "#0"},
				"south": {"uv": [3, 5, 5, 7], "texture": "#0"},
				"west": {"uv": [5.5, 0, 7.5, 2], "texture": "#0"},
				"up": {"uv": [7.5, 4.5, 5.5, 2.5], "texture": "#0"},
				"down": {"uv": [7.5, 5, 5.5, 7], "texture": "#0"}
			}
		},
		{
			"from": [5.5, 3, 5.5],
			"to": [10.5, 5, 10.5],
			"faces": {
				"north": {"uv": [8, 0, 10.5, 1], "texture": "#0"},
				"east": {"uv": [8, 1.5, 10.5, 2.5], "texture": "#0"},
				"south": {"uv": [8, 3, 10.5, 4], "texture": "#0"},
				"west": {"uv": [8, 4.5, 10.5, 5.5], "texture": "#0"},
				"up": {"uv": [2.5, 2.5, 0, 0], "texture": "#0"},
				"down": {"uv": [2.5, 3, 0, 5.5], "texture": "#0"}
			}
		},
		{
			"from": [6, 5, 6],
			"to": [10, 6, 10],
			"rotation": {"angle": 22.5, "axis": "y", "origin": [8, 5.5, 8]},
			"faces": {
				"north": {"uv": [8, 6, 10, 6.5], "texture": "#0"},
				"east": {"uv": [0, 8.5, 2, 9], "texture": "#0"},
				"south": {"uv": [0, 9.5, 2, 10], "texture": "#0"},
				"west": {"uv": [2.5, 10, 4.5, 10.5], "texture": "#0"},
				"up": {"uv": [2, 8, 0, 6], "texture": "#0"},
				"down": {"uv": [4.5, 7.5, 2.5, 9.5], "texture": "#0"}
			}
		},
		{
			"from": [7, 6, 7],
			"to": [9, 7, 9],
			"rotation": {"angle": 45, "axis": "y", "origin": [8, 5.5, 8]},
			"faces": {
				"north": {"uv": [10, 7, 11, 7.5], "texture": "#0"},
				"east": {"uv": [8, 10, 9, 10.5], "texture": "#0"},
				"south": {"uv": [10, 8, 11, 8.5], "texture": "#0"},
				"west": {"uv": [10, 9, 11, 9.5], "texture": "#0"},
				"up": {"uv": [6, 11, 5, 10], "texture": "#0"},
				"down": {"uv": [7.5, 10, 6.5, 11], "texture": "#0"}
			}
		},
		{
			"name": "flat",
			"from": [8, 5, 6],
			"to": [8, 9, 10],
			"rotation": {"angle": 45, "axis": "x", "origin": [8, 7, 8]},
			"faces": {
				"north": {"uv": [9.5, 10, 9.5, 12], "texture": "#0"},
				"east": {"uv": [5, 7.5, 7, 9.5], "texture": "#0"},
				"south": {"uv": [10, 10, 10, 12], "texture": "#0"},
				"west": {"uv": [7.5, 7.5, 9.5, 9.5], "texture": "#0"},
				"up": {"uv": [0, 12.5, 0, 10.5], "texture": "#0"},
				"down": {"uv": [0.5, 10.5, 0.5, 12.5], "texture": "#0"}
			}
		}
	],
	"gui_light": "front",
	"display": {
		"thirdperson_righthand": {
			"translation": [-1.75, 5.5, 0]
		},
		"thirdperson_lefthand": {
			"translation": [-1.75, 5.5, 0]
		},
		"firstperson_righthand": {
			"translation": [0, 4.75, 0],
			"scale": [0.8, 0.8, 0.8]
		},
		"firstperson_lefthand": {
			"translation": [0, 4.75, 0],
			"scale": [0.8, 0.8, 0.8]
		},
		"ground": {
			"translation": [0, 3.75, 0],
			"scale": [0.8, 0.8, 0.8]
		},
		"gui": {
			"rotation": [-171.01, 50.67, -176.41],
			"translation": [0.5, 6, 0],
			"scale": [1.5, 1.5, 1.5]
		},
		"head": {
			"translation": [0, 14, 0]
		},
		"fixed": {
			"translation": [0, 7.5, -3],
			"scale": [1.5, 1.5, 1.5]
		}
	}
}