{
	"credit": "Made with Blockbench",
	"texture_size": [128, 128],
	"textures": {
		"0": "cosmetics/devil_wings",
		"particle": "cosmetics/devil_wings"
	},
	"elements": [
		{
			"from": [5.5, 4, 8],
			"to": [7.5, 9, 10],
			"rotation": {"angle": 0, "axis": "y", "origin": [1.14168, 15.20344, 9]},
			"faces": {
				"north": {"uv": [2.5, 3.5, 2.75, 4.125], "texture": "#0"},
				"east": {"uv": [2.875, 3.5, 3.125, 4.125], "texture": "#0"},
				"south": {"uv": [3.25, 3.5, 3.5, 4.125], "texture": "#0"},
				"west": {"uv": [3.625, 3.5, 3.875, 4.125], "texture": "#0"},
				"up": {"uv": [5, 4.5, 4.75, 4.25], "texture": "#0"},
				"down": {"uv": [5, 4.625, 4.75, 4.875], "texture": "#0"}
			}
		},
		{
			"from": [-15.5, -8, 9],
			"to": [7.5, 19, 9],
			"rotation": {"angle": 0, "axis": "y", "origin": [1.14168, 15.20344, 9]},
			"faces": {
				"north": {"uv": [0, 0, 3, 3.375], "texture": "#0"},
				"east": {"uv": [0.875, 5.125, 0.875, 8.5], "texture": "#0"},
				"south": {"uv": [3.25, 0, 6.125, 3.375], "texture": "#0"},
				"west": {"uv": [4.25, 5.125, 4.25, 8.5], "texture": "#0"},
				"up": {"uv": [8.125, 4.25, 5.125, 4.25], "texture": "#0"},
				"down": {"uv": [8.125, 4.375, 5.125, 4.375], "texture": "#0"}
			}
		},
		{
			"from": [4.38995, 9.90543, 8.025],
			"to": [9.38995, 11.90543, 9.975],
			"rotation": {"angle": -22.5, "axis": "z", "origin": [1.14168, 15.20344, 9]},
			"faces": {
				"north": {"uv": [4, 3.5, 4.625, 3.75], "texture": "#0"},
				"east": {"uv": [3.25, 4.875, 3.5, 5.125], "texture": "#0"},
				"south": {"uv": [4, 3.875, 4.625, 4.125], "texture": "#0"},
				"west": {"uv": [3.625, 4.875, 3.875, 5.125], "texture": "#0"},
				"up": {"uv": [3.125, 4.5, 2.5, 4.25], "texture": "#0"},
				"down": {"uv": [3.875, 4.25, 3.25, 4.5], "texture": "#0"}
			}
		},
		{
			"from": [1.28643, 11.98089, 8.525],
			"to": [6.28643, 12.98089, 9.475],
			"rotation": {"angle": -45, "axis": "z", "origin": [1.14168, 15.20344, 9]},
			"faces": {
				"north": {"uv": [3.25, 4.625, 3.875, 4.75], "texture": "#0"},
				"east": {"uv": [1, 4.625, 1.125, 4.75], "texture": "#0"},
				"south": {"uv": [4.75, 3.5, 5.375, 3.625], "texture": "#0"},
				"west": {"uv": [0.625, 5.125, 0.75, 5.25], "texture": "#0"},
				"up": {"uv": [5.375, 3.875, 4.75, 3.75], "texture": "#0"},
				"down": {"uv": [5.375, 4, 4.75, 4.125], "texture": "#0"}
			}
		},
		{
			"from": [-1.03465, 12.8224, 8.5],
			"to": [-0.03465, 18.8224, 9.5],
			"rotation": {"angle": 0, "axis": "y", "origin": [1.14168, 15.20344, 9]},
			"faces": {
				"north": {"uv": [4, 4.25, 4.125, 5], "texture": "#0"},
				"east": {"uv": [4.25, 4.25, 4.375, 5], "texture": "#0"},
				"south": {"uv": [4.5, 4.25, 4.625, 5], "texture": "#0"},
				"west": {"uv": [0, 4.625, 0.125, 5.375], "texture": "#0"},
				"up": {"uv": [2.625, 5.25, 2.5, 5.125], "texture": "#0"},
				"down": {"uv": [2.875, 5.125, 2.75, 5.25], "texture": "#0"}
			}
		},
		{
			"from": [-3.83489, 6.10221, 8.525],
			"to": [-1.83489, 17.10221, 9.475],
			"rotation": {"angle": -45, "axis": "z", "origin": [1.14168, 15.20344, 9]},
			"faces": {
				"north": {"uv": [1.25, 3.5, 1.5, 4.875], "texture": "#0"},
				"east": {"uv": [2, 3.5, 2.125, 4.875], "texture": "#0"},
				"south": {"uv": [1.625, 3.5, 1.875, 4.875], "texture": "#0"},
				"west": {"uv": [2.25, 3.5, 2.375, 4.875], "texture": "#0"},
				"up": {"uv": [5.25, 5.125, 5, 5], "texture": "#0"},
				"down": {"uv": [0.5, 5.125, 0.25, 5.25], "texture": "#0"}
			}
		},
		{
			"from": [-2.75391, 17.71407, 8],
			"to": [-0.75391, 20.71407, 10],
			"rotation": {"angle": -22.5, "axis": "z", "origin": [1.14168, 15.20344, 9]},
			"faces": {
				"north": {"uv": [0.25, 4.625, 0.5, 5], "texture": "#0"},
				"east": {"uv": [0.625, 4.625, 0.875, 5], "texture": "#0"},
				"south": {"uv": [2.5, 4.625, 2.75, 5], "texture": "#0"},
				"west": {"uv": [2.875, 4.625, 3.125, 5], "texture": "#0"},
				"up": {"uv": [1.25, 5.25, 1, 5], "texture": "#0"},
				"down": {"uv": [1.625, 5, 1.375, 5.25], "texture": "#0"}
			}
		},
		{
			"from": [-2.25391, 20.71407, 8.5],
			"to": [-1.25391, 24.71407, 9.5],
			"rotation": {"angle": -22.5, "axis": "z", "origin": [1.14168, 15.20344, 9]},
			"faces": {
				"north": {"uv": [1.75, 5, 1.875, 5.5], "texture": "#0"},
				"east": {"uv": [2, 5, 2.125, 5.5], "texture": "#0"},
				"south": {"uv": [2.25, 5, 2.375, 5.5], "texture": "#0"},
				"west": {"uv": [4.75, 5, 4.875, 5.5], "texture": "#0"},
				"up": {"uv": [3.125, 5.25, 3, 5.125], "texture": "#0"},
				"down": {"uv": [4.125, 5.125, 4, 5.25], "texture": "#0"}
			}
		},
		{
			"name": "flat",
			"from": [-3.25391, 20.71407, 9],
			"to": [0.74609, 28.71407, 9],
			"rotation": {"angle": -22.5, "axis": "z", "origin": [1.14168, 15.20344, 9]},
			"faces": {
				"north": {"uv": [0, 3.5, 0.5, 4.5], "texture": "#0"},
				"east": {"uv": [4.375, 5.125, 4.375, 6.125], "texture": "#0"},
				"south": {"uv": [0.625, 3.5, 1.125, 4.5], "texture": "#0"},
				"west": {"uv": [4.5, 5.125, 4.5, 6.125], "texture": "#0"},
				"up": {"uv": [5.625, 4.5, 5.125, 4.5], "texture": "#0"},
				"down": {"uv": [5.625, 4.625, 5.125, 4.625], "texture": "#0"}
			}
		},
		{
			"from": [8.5, 4, 8],
			"to": [10.5, 9, 10],
			"rotation": {"angle": 0, "axis": "y", "origin": [16.5, 0, 0]},
			"faces": {
				"north": {"uv": [2.75, 3.5, 2.5, 4.125], "texture": "#0"},
				"east": {"uv": [3.875, 3.5, 3.625, 4.125], "texture": "#0"},
				"south": {"uv": [3.5, 3.5, 3.25, 4.125], "texture": "#0"},
				"west": {"uv": [3.125, 3.5, 2.875, 4.125], "texture": "#0"},
				"up": {"uv": [4.75, 4.5, 5, 4.25], "texture": "#0"},
				"down": {"uv": [4.75, 4.625, 5, 4.875], "texture": "#0"}
			}
		},
		{
			"from": [8.5, -8, 9],
			"to": [31.5, 19, 9],
			"rotation": {"angle": 0, "axis": "y", "origin": [16.5, 0, 0]},
			"faces": {
				"north": {"uv": [3, 0, 0, 3.375], "texture": "#0"},
				"east": {"uv": [4.25, 5.125, 4.25, 8.5], "texture": "#0"},
				"south": {"uv": [6.125, 0, 3.25, 3.375], "texture": "#0"},
				"west": {"uv": [0.875, 5.125, 0.875, 8.5], "texture": "#0"},
				"up": {"uv": [5.125, 4.25, 8.125, 4.25], "texture": "#0"},
				"down": {"uv": [5.125, 4.375, 8.125, 4.375], "texture": "#0"}
			}
		},
		{
			"from": [11.33519, 10.74655, 8.025],
			"to": [16.33519, 12.74655, 9.975],
			"rotation": {"angle": 22.5, "axis": "z", "origin": [19.33519, 3.74655, 0]},
			"faces": {
				"north": {"uv": [4.625, 3.5, 4, 3.75], "texture": "#0"},
				"east": {"uv": [3.875, 4.875, 3.625, 5.125], "texture": "#0"},
				"south": {"uv": [4.625, 3.875, 4, 4.125], "texture": "#0"},
				"west": {"uv": [3.5, 4.875, 3.25, 5.125], "texture": "#0"},
				"up": {"uv": [2.5, 4.5, 3.125, 4.25], "texture": "#0"},
				"down": {"uv": [3.25, 4.25, 3.875, 4.5], "texture": "#0"}
			}
		},
		{
			"from": [12.62044, 11.40819, 8.525],
			"to": [17.62044, 12.40819, 9.475],
			"rotation": {"angle": 45, "axis": "z", "origin": [15.62044, 11.40819, 9]},
			"faces": {
				"north": {"uv": [3.875, 4.625, 3.25, 4.75], "texture": "#0"},
				"east": {"uv": [0.75, 5.125, 0.625, 5.25], "texture": "#0"},
				"south": {"uv": [5.375, 3.5, 4.75, 3.625], "texture": "#0"},
				"west": {"uv": [1.125, 4.625, 1, 4.75], "texture": "#0"},
				"up": {"uv": [4.75, 3.875, 5.375, 3.75], "texture": "#0"},
				"down": {"uv": [4.75, 4, 5.375, 4.125], "texture": "#0"}
			}
		},
		{
			"from": [16.03465, 12.8224, 8.5],
			"to": [17.03465, 18.8224, 9.5],
			"rotation": {"angle": 0, "axis": "y", "origin": [17.03465, 15.8224, 9]},
			"faces": {
				"north": {"uv": [4.125, 4.25, 4, 5], "texture": "#0"},
				"east": {"uv": [0.125, 4.625, 0, 5.375], "texture": "#0"},
				"south": {"uv": [4.625, 4.25, 4.5, 5], "texture": "#0"},
				"west": {"uv": [4.375, 4.25, 4.25, 5], "texture": "#0"},
				"up": {"uv": [2.5, 5.25, 2.625, 5.125], "texture": "#0"},
				"down": {"uv": [2.75, 5.125, 2.875, 5.25], "texture": "#0"}
			}
		},
		{
			"from": [18.03465, 7.8224, 8.525],
			"to": [20.03465, 18.8224, 9.475],
			"rotation": {"angle": 45, "axis": "z", "origin": [17.03465, 15.8224, 9]},
			"faces": {
				"north": {"uv": [1.5, 3.5, 1.25, 4.875], "texture": "#0"},
				"east": {"uv": [2.375, 3.5, 2.25, 4.875], "texture": "#0"},
				"south": {"uv": [1.875, 3.5, 1.625, 4.875], "texture": "#0"},
				"west": {"uv": [2.125, 3.5, 2, 4.875], "texture": "#0"},
				"up": {"uv": [5, 5.125, 5.25, 5], "texture": "#0"},
				"down": {"uv": [0.25, 5.125, 0.5, 5.25], "texture": "#0"}
			}
		},
		{
			"from": [14.3866, 18.59404, 8],
			"to": [16.3866, 21.59404, 10],
			"rotation": {"angle": 22.5, "axis": "z", "origin": [15.8866, 21.59404, 9]},
			"faces": {
				"north": {"uv": [0.5, 4.625, 0.25, 5], "texture": "#0"},
				"east": {"uv": [3.125, 4.625, 2.875, 5], "texture": "#0"},
				"south": {"uv": [2.75, 4.625, 2.5, 5], "texture": "#0"},
				"west": {"uv": [0.875, 4.625, 0.625, 5], "texture": "#0"},
				"up": {"uv": [1, 5.25, 1.25, 5], "texture": "#0"},
				"down": {"uv": [1.375, 5, 1.625, 5.25], "texture": "#0"}
			}
		},
		{
			"from": [14.8866, 21.59404, 8.5],
			"to": [15.8866, 25.59404, 9.5],
			"rotation": {"angle": 22.5, "axis": "z", "origin": [15.8866, 21.59404, 9]},
			"faces": {
				"north": {"uv": [1.875, 5, 1.75, 5.5], "texture": "#0"},
				"east": {"uv": [4.875, 5, 4.75, 5.5], "texture": "#0"},
				"south": {"uv": [2.375, 5, 2.25, 5.5], "texture": "#0"},
				"west": {"uv": [2.125, 5, 2, 5.5], "texture": "#0"},
				"up": {"uv": [3, 5.25, 3.125, 5.125], "texture": "#0"},
				"down": {"uv": [4, 5.125, 4.125, 5.25], "texture": "#0"}
			}
		},
		{
			"name": "flat",
			"from": [12.8866, 21.59404, 9],
			"to": [16.8866, 29.59404, 9],
			"rotation": {"angle": 22.5, "axis": "z", "origin": [15.8866, 21.59404, 9]},
			"faces": {
				"north": {"uv": [0.5, 3.5, 0, 4.5], "texture": "#0"},
				"east": {"uv": [4.5, 5.125, 4.5, 6.125], "texture": "#0"},
				"south": {"uv": [1.125, 3.5, 0.625, 4.5], "texture": "#0"},
				"west": {"uv": [4.375, 5.125, 4.375, 6.125], "texture": "#0"},
				"up": {"uv": [5.125, 4.5, 5.625, 4.5], "texture": "#0"},
				"down": {"uv": [5.125, 4.625, 5.625, 4.625], "texture": "#0"}
			}
		}
	],
	"gui_light": "front",
	"display": {
		"thirdperson_righthand": {
			"translation": [0, 0, 1],
			"scale": [0.4, 0.4, 0.4]
		},
		"thirdperson_lefthand": {
			"translation": [0, 0, 1],
			"scale": [0.4, 0.4, 0.4]
		},
		"firstperson_righthand": {
			"scale": [0.4, 0.4, 0.4]
		},
		"firstperson_lefthand": {
			"scale": [0.4, 0.4, 0.4]
		},
		"ground": {
			"translation": [0, 1.75, 0],
			"scale": [0.4, 0.4, 0.4]
		},
		"gui": {
			"rotation": [-4.23, -16.18, -5.2],
			"translation": [0.25, -0.5, 0],
			"scale": [0.35, 0.35, 0.35]
		},
		"head": {
			"translation": [0, -46.75, 3],
			"scale": [1.6, 1.6, 1.6]
		},
		"fixed": {
			"translation": [0, -1.25, -0.75],
			"scale": [0.4, 0.4, 0.4]
		}
	},
	"groups": [
		{
			"name": "group",
			"origin": [0.6134, 21.59404, 9],
			"color": 0,
			"children": [0, 1, 2, 3, 4, 5, 6, 7, 8]
		},
		{
			"name": "group",
			"origin": [0.6134, 21.59404, 9],
			"color": 0,
			"children": [9, 10, 11, 12, 13, 14, 15, 16, 17]
		}
	]
}