{
	"credit": "Made with Blockbench",
	"texture_size": [64, 64],
	"textures": {
		"1": "cosmetics/devil_horns_anim"
	},
	"elements": [
		{
			"from": [-4.22276, 4.25, 5.6339],
			"to": [-0.22276, 6.25, 7.6339],
			"rotation": {"angle": -22.5, "axis": "y", "origin": [1.0184, 10.25, 6.34473]},
			"faces": {
				"north": {"uv": [4.5, 2, 5.5, 2.5], "texture": "#1"},
				"east": {"uv": [5, 8.25, 5.5, 8.75], "texture": "#1"},
				"south": {"uv": [4.5, 4.25, 5.5, 4.75], "texture": "#1"},
				"west": {"uv": [4.25, 8.25, 4.75, 8.75], "texture": "#1"},
				"up": {"uv": [5, 6, 4.5, 5], "rotation": 270, "texture": "#1"},
				"down": {"uv": [2.25, 5.25, 1.75, 6.25], "rotation": 90, "texture": "#1"}
			}
		},
		{
			"from": [1.24691, 1.75, 5.81068],
			"to": [7.24691, 4.75, 8.81068],
			"rotation": {"angle": -22.5, "axis": "y", "origin": [1.0184, 10.25, 6.34473]},
			"faces": {
				"north": {"uv": [0, 0, 1.5, 0.75], "texture": "#1"},
				"east": {"uv": [0.75, 4.5, 1.5, 5.25], "texture": "#1"},
				"south": {"uv": [0, 1, 1.5, 1.75], "texture": "#1"},
				"west": {"uv": [4.5, 0, 5.25, 0.75], "texture": "#1"},
				"up": {"uv": [2.5, 1.5, 1.75, 0], "rotation": 270, "texture": "#1"},
				"down": {"uv": [2.5, 1.75, 1.75, 3.25], "rotation": 90, "texture": "#1"}
			}
		},
		{
			"from": [-3.22276, 3.25, 5.98746],
			"to": [2.77724, 5.25, 7.98746],
			"rotation": {"angle": -22.5, "axis": "y", "origin": [1.0184, 10.25, 6.34473]},
			"faces": {
				"north": {"uv": [0, 3, 1.5, 3.5], "texture": "#1"},
				"east": {"uv": [6.5, 8.25, 7, 8.75], "texture": "#1"},
				"south": {"uv": [0, 3.75, 1.5, 4.25], "texture": "#1"},
				"west": {"uv": [5.75, 8.25, 6.25, 8.75], "texture": "#1"},
				"up": {"uv": [2.25, 5, 1.75, 3.5], "rotation": 270, "texture": "#1"},
				"down": {"uv": [4.25, 1, 3.75, 2.5], "rotation": 90, "texture": "#1"}
			}
		},
		{
			"from": [-1.22276, 2.25, 5.98746],
			"to": [2.77724, 3.25, 7.98746],
			"rotation": {"angle": -22.5, "axis": "y", "origin": [1.0184, 10.25, 6.34473]},
			"faces": {
				"north": {"uv": [8.5, 1.5, 9.5, 1.75], "texture": "#1"},
				"east": {"uv": [9.75, 4, 10.25, 4.25], "texture": "#1"},
				"south": {"uv": [8.5, 2, 9.5, 2.25], "texture": "#1"},
				"west": {"uv": [9.75, 2, 10.25, 2.25], "texture": "#1"},
				"up": {"uv": [5.75, 6, 5.25, 5], "rotation": 270, "texture": "#1"},
				"down": {"uv": [6, 0, 5.5, 1], "rotation": 90, "texture": "#1"}
			}
		},
		{
			"from": [-6.22276, 7.25, 4.9268],
			"to": [-4.22276, 10.25, 6.9268],
			"rotation": {"angle": -22.5, "axis": "y", "origin": [1.0184, 10.25, 6.34473]},
			"faces": {
				"north": {"uv": [0, 6.25, 0.5, 7], "texture": "#1"},
				"east": {"uv": [6.25, 0, 6.75, 0.75], "texture": "#1"},
				"south": {"uv": [6.25, 2, 6.75, 2.75], "texture": "#1"},
				"west": {"uv": [6, 5.25, 6.5, 6], "texture": "#1"},
				"up": {"uv": [2, 9, 1.5, 8.5], "rotation": 270, "texture": "#1"},
				"down": {"uv": [9, 2.5, 8.5, 3], "rotation": 90, "texture": "#1"}
			}
		},
		{
			"from": [-4.22276, 6.25, 5.28035],
			"to": [-3.22276, 9.25, 7.28035],
			"rotation": {"angle": -22.5, "axis": "y", "origin": [1.0184, 10.25, 6.34473]},
			"faces": {
				"north": {"uv": [3.25, 6.25, 3.5, 7], "texture": "#1"},
				"east": {"uv": [6.25, 3, 6.75, 3.75], "texture": "#1"},
				"south": {"uv": [7, 9, 7.25, 9.75], "texture": "#1"},
				"west": {"uv": [2.5, 6.25, 3, 7], "texture": "#1"},
				"up": {"uv": [5.75, 10, 5.25, 9.75], "rotation": 270, "texture": "#1"},
				"down": {"uv": [6.5, 9.75, 6, 10], "rotation": 90, "texture": "#1"}
			}
		},
		{
			"from": [-5.22276, 12.25, 4.57324],
			"to": [-3.22276, 15.25, 6.57324],
			"rotation": {"angle": -22.5, "axis": "y", "origin": [1.0184, 10.25, 6.34473]},
			"faces": {
				"north": {"uv": [5.25, 6.25, 5.75, 7], "texture": "#1"},
				"east": {"uv": [6, 6.25, 6.5, 7], "texture": "#1"},
				"south": {"uv": [1.5, 6.5, 2, 7.25], "texture": "#1"},
				"west": {"uv": [4.5, 6.25, 5, 7], "texture": "#1"},
				"up": {"uv": [9, 3.75, 8.5, 3.25], "rotation": 270, "texture": "#1"},
				"down": {"uv": [9, 6, 8.5, 6.5], "rotation": 90, "texture": "#1"}
			}
		},
		{
			"from": [-4.22276, 14.25, 5.21969],
			"to": [-1.22276, 16.25, 6.21969],
			"rotation": {"angle": -22.5, "axis": "y", "origin": [1.0184, 10.25, 6.34473]},
			"faces": {
				"north": {"uv": [6.75, 1, 7.5, 1.5], "texture": "#1"},
				"east": {"uv": [9.75, 6, 10, 6.5], "texture": "#1"},
				"south": {"uv": [6.75, 4, 7.5, 4.5], "texture": "#1"},
				"west": {"uv": [5.75, 2, 6, 2.5], "texture": "#1"},
				"up": {"uv": [9.5, 6.75, 9.25, 6], "rotation": 270, "texture": "#1"},
				"down": {"uv": [9.5, 7, 9.25, 7.75], "rotation": 90, "texture": "#1"}
			}
		},
		{
			"from": [-3.22276, 6.25, 5.28035],
			"to": [-2.22276, 7.25, 7.28035],
			"rotation": {"angle": -22.5, "axis": "y", "origin": [1.0184, 10.25, 6.34473]},
			"faces": {
				"north": {"uv": [10.5, 3.75, 10.75, 4], "texture": "#1"},
				"east": {"uv": [9.75, 7.25, 10.25, 7.5], "texture": "#1"},
				"south": {"uv": [4, 10.5, 4.25, 10.75], "texture": "#1"},
				"west": {"uv": [9.75, 6.75, 10.25, 7], "texture": "#1"},
				"up": {"uv": [9, 10, 8.5, 9.75], "rotation": 270, "texture": "#1"},
				"down": {"uv": [10.25, 9, 9.75, 9.25], "rotation": 90, "texture": "#1"}
			}
		},
		{
			"from": [-5.22276, 5.25, 5.28035],
			"to": [-4.22276, 7.25, 7.28035],
			"rotation": {"angle": -22.5, "axis": "y", "origin": [1.0184, 10.25, 6.34473]},
			"faces": {
				"north": {"uv": [9.75, 9.5, 10, 10], "texture": "#1"},
				"east": {"uv": [8.5, 7.5, 9, 8], "texture": "#1"},
				"south": {"uv": [10, 0, 10.25, 0.5], "texture": "#1"},
				"west": {"uv": [8.5, 6.75, 9, 7.25], "texture": "#1"},
				"up": {"uv": [1.5, 10.25, 1, 10], "rotation": 270, "texture": "#1"},
				"down": {"uv": [10.5, 2.5, 10, 2.75], "rotation": 90, "texture": "#1"}
			}
		},
		{
			"from": [-2.22276, 15.25, 5.57324],
			"to": [0.77724, 17.25, 6.57324],
			"rotation": {"angle": -22.5, "axis": "y", "origin": [1.0184, 10.25, 6.34473]},
			"faces": {
				"north": {"uv": [6.75, 4.75, 7.5, 5.25], "texture": "#1"},
				"east": {"uv": [10, 4.5, 10.25, 5], "texture": "#1"},
				"south": {"uv": [6.75, 5.5, 7.5, 6], "texture": "#1"},
				"west": {"uv": [10, 3, 10.25, 3.5], "texture": "#1"},
				"up": {"uv": [7.75, 10, 7.5, 9.25], "rotation": 270, "texture": "#1"},
				"down": {"uv": [8.25, 9.25, 8, 10], "rotation": 90, "texture": "#1"}
			}
		},
		{
			"from": [-0.04599, 16.25, 6.10357],
			"to": [4.95401, 17.25, 7.10357],
			"rotation": {"angle": -22.5, "axis": "y", "origin": [1.0184, 10.25, 6.34473]},
			"faces": {
				"north": {"uv": [7.75, 4.5, 9, 4.75], "texture": "#1"},
				"east": {"uv": [4.5, 10.5, 4.75, 10.75], "texture": "#1"},
				"south": {"uv": [7.75, 5, 9, 5.25], "texture": "#1"},
				"west": {"uv": [10.5, 4.25, 10.75, 4.5], "texture": "#1"},
				"up": {"uv": [7.75, 9, 7.5, 7.75], "rotation": 270, "texture": "#1"},
				"down": {"uv": [8.25, 7.75, 8, 9], "rotation": 90, "texture": "#1"}
			}
		},
		{
			"from": [-0.22276, 17.25, 5.9268],
			"to": [2.77724, 18.25, 6.9268],
			"rotation": {"angle": -22.5, "axis": "y", "origin": [1.0184, 10.25, 6.34473]},
			"faces": {
				"north": {"uv": [9.25, 8, 10, 8.25], "texture": "#1"},
				"east": {"uv": [6.5, 10.5, 6.75, 10.75], "texture": "#1"},
				"south": {"uv": [9.25, 8.5, 10, 8.75], "texture": "#1"},
				"west": {"uv": [10.5, 4.75, 10.75, 5], "texture": "#1"},
				"up": {"uv": [9.5, 9.75, 9.25, 9], "rotation": 270, "texture": "#1"},
				"down": {"uv": [9.75, 0, 9.5, 0.75], "rotation": 90, "texture": "#1"}
			}
		},
		{
			"from": [3.77724, 15.25, 6.28035],
			"to": [5.77724, 16.25, 7.28035],
			"rotation": {"angle": -22.5, "axis": "y", "origin": [1.0184, 10.25, 6.34473]},
			"faces": {
				"north": {"uv": [10, 5.25, 10.5, 5.5], "texture": "#1"},
				"east": {"uv": [7, 10.5, 7.25, 10.75], "texture": "#1"},
				"south": {"uv": [6.75, 10, 7.25, 10.25], "texture": "#1"},
				"west": {"uv": [10.5, 6.75, 10.75, 7], "texture": "#1"},
				"up": {"uv": [9.5, 10.5, 9.25, 10], "rotation": 270, "texture": "#1"},
				"down": {"uv": [5.5, 10.25, 5.25, 10.75], "rotation": 90, "texture": "#1"}
			}
		},
		{
			"from": [4.95401, 14.25, 6.45713],
			"to": [5.95401, 15.25, 7.45713],
			"rotation": {"angle": -22.5, "axis": "y", "origin": [1.0184, 10.25, 6.34473]},
			"faces": {
				"north": {"uv": [10.5, 9, 10.75, 9.25], "texture": "#1"},
				"east": {"uv": [10.5, 10, 10.75, 10.25], "texture": "#1"},
				"south": {"uv": [10.5, 10.5, 10.75, 10.75], "texture": "#1"},
				"west": {"uv": [10.5, 7.25, 10.75, 7.5], "texture": "#1"},
				"up": {"uv": [0.25, 11, 0, 10.75], "rotation": 270, "texture": "#1"},
				"down": {"uv": [11, 1.5, 10.75, 1.75], "rotation": 90, "texture": "#1"}
			}
		},
		{
			"from": [-6.24044, 10.25, 4.55556],
			"to": [-4.24044, 13.25, 6.55556],
			"rotation": {"angle": -22.5, "axis": "y", "origin": [1.0184, 10.25, 6.34473]},
			"faces": {
				"north": {"uv": [6.75, 6.25, 7.25, 7], "texture": "#1"},
				"east": {"uv": [7, 0, 7.5, 0.75], "texture": "#1"},
				"south": {"uv": [7, 1.75, 7.5, 2.5], "texture": "#1"},
				"west": {"uv": [0.75, 6.75, 1.25, 7.5], "texture": "#1"},
				"up": {"uv": [9, 8.75, 8.5, 8.25], "rotation": 270, "texture": "#1"},
				"down": {"uv": [9.25, 0, 8.75, 0.5], "rotation": 90, "texture": "#1"}
			}
		},
		{
			"from": [16.22276, 4.25, 5.6339],
			"to": [20.22276, 6.25, 7.6339],
			"rotation": {"angle": 22.5, "axis": "y", "origin": [14.9816, 10.25, 6.34473]},
			"faces": {
				"north": {"uv": [2.5, 5.5, 3.5, 6], "texture": "#1"},
				"east": {"uv": [0.5, 8.75, 1, 9.25], "texture": "#1"},
				"south": {"uv": [5.5, 1.25, 6.5, 1.75], "texture": "#1"},
				"west": {"uv": [8.75, 0.75, 9.25, 1.25], "texture": "#1"},
				"up": {"uv": [1.25, 6.5, 0.75, 5.5], "rotation": 90, "texture": "#1"},
				"down": {"uv": [6, 2.75, 5.5, 3.75], "rotation": 270, "texture": "#1"}
			}
		},
		{
			"from": [8.75309, 1.75, 5.81068],
			"to": [14.75309, 4.75, 8.81068],
			"rotation": {"angle": 22.5, "axis": "y", "origin": [14.9816, 10.25, 6.34473]},
			"faces": {
				"north": {"uv": [2.75, 0, 4.25, 0.75], "texture": "#1"},
				"east": {"uv": [4.5, 1, 5.25, 1.75], "texture": "#1"},
				"south": {"uv": [0, 2, 1.5, 2.75], "texture": "#1"},
				"west": {"uv": [2.5, 4.5, 3.25, 5.25], "texture": "#1"},
				"up": {"uv": [3.5, 2.5, 2.75, 1], "rotation": 90, "texture": "#1"},
				"down": {"uv": [3.5, 2.75, 2.75, 4.25], "rotation": 270, "texture": "#1"}
			}
		},
		{
			"from": [13.37424, 3.25, 5.46356],
			"to": [19.37424, 5.25, 7.46356],
			"rotation": {"angle": 22.5, "axis": "y", "origin": [16.37424, 4.25, 6.46356]},
			"faces": {
				"north": {"uv": [3.75, 3.5, 5.25, 4], "texture": "#1"},
				"east": {"uv": [2.25, 8.75, 2.75, 9.25], "texture": "#1"},
				"south": {"uv": [3.75, 2.75, 5.25, 3.25], "texture": "#1"},
				"west": {"uv": [3, 8.75, 3.5, 9.25], "texture": "#1"},
				"up": {"uv": [4.25, 5.75, 3.75, 4.25], "rotation": 90, "texture": "#1"},
				"down": {"uv": [0.5, 4.5, 0, 6], "rotation": 270, "texture": "#1"}
			}
		},
		{
			"from": [13.22276, 2.25, 5.98746],
			"to": [17.22276, 3.25, 7.98746],
			"rotation": {"angle": 22.5, "axis": "y", "origin": [14.9816, 10.25, 6.34473]},
			"faces": {
				"north": {"uv": [4.25, 9, 5.25, 9.25], "texture": "#1"},
				"east": {"uv": [5.75, 10.25, 6.25, 10.5], "texture": "#1"},
				"south": {"uv": [8.5, 4, 9.5, 4.25], "texture": "#1"},
				"west": {"uv": [10.25, 5.75, 10.75, 6], "texture": "#1"},
				"up": {"uv": [4.25, 7, 3.75, 6], "rotation": 90, "texture": "#1"},
				"down": {"uv": [6.5, 4, 6, 5], "rotation": 270, "texture": "#1"}
			}
		},
		{
			"from": [20.22276, 7.25, 4.9268],
			"to": [22.22276, 10.25, 6.9268],
			"rotation": {"angle": 22.5, "axis": "y", "origin": [14.9816, 10.25, 6.34473]},
			"faces": {
				"north": {"uv": [3, 7.25, 3.5, 8], "texture": "#1"},
				"east": {"uv": [7, 2.75, 7.5, 3.5], "texture": "#1"},
				"south": {"uv": [0, 7.25, 0.5, 8], "texture": "#1"},
				"west": {"uv": [2.25, 7.25, 2.75, 8], "texture": "#1"},
				"up": {"uv": [6, 9.5, 5.5, 9], "rotation": 90, "texture": "#1"},
				"down": {"uv": [6.75, 9, 6.25, 9.5], "rotation": 270, "texture": "#1"}
			}
		},
		{
			"from": [19.22276, 6.25, 5.28035],
			"to": [20.22276, 9.25, 7.28035],
			"rotation": {"angle": 22.5, "axis": "y", "origin": [14.9816, 10.25, 6.34473]},
			"faces": {
				"north": {"uv": [2, 9.5, 2.25, 10.25], "texture": "#1"},
				"east": {"uv": [3.75, 7.25, 4.25, 8], "texture": "#1"},
				"south": {"uv": [0.5, 9.5, 0.75, 10.25], "texture": "#1"},
				"west": {"uv": [4.5, 7.25, 5, 8], "texture": "#1"},
				"up": {"uv": [10.75, 6.5, 10.25, 6.25], "rotation": 90, "texture": "#1"},
				"down": {"uv": [8, 10.25, 7.5, 10.5], "rotation": 270, "texture": "#1"}
			}
		},
		{
			"from": [19.22276, 12.25, 4.57324],
			"to": [21.22276, 15.25, 6.57324],
			"rotation": {"angle": 22.5, "axis": "y", "origin": [14.9816, 10.25, 6.34473]},
			"faces": {
				"north": {"uv": [1.5, 7.5, 2, 8.25], "texture": "#1"},
				"east": {"uv": [5.25, 7.25, 5.75, 8], "texture": "#1"},
				"south": {"uv": [6, 7.25, 6.5, 8], "texture": "#1"},
				"west": {"uv": [6.75, 7.25, 7.25, 8], "texture": "#1"},
				"up": {"uv": [9, 9.5, 8.5, 9], "rotation": 90, "texture": "#1"},
				"down": {"uv": [1.75, 9.25, 1.25, 9.75], "rotation": 270, "texture": "#1"}
			}
		},
		{
			"from": [17.22276, 14.25, 5.21969],
			"to": [20.22276, 16.25, 6.21969],
			"rotation": {"angle": 22.5, "axis": "y", "origin": [14.9816, 10.25, 6.34473]},
			"faces": {
				"north": {"uv": [7.5, 7, 8.25, 7.5], "texture": "#1"},
				"east": {"uv": [10.25, 7.75, 10.5, 8.25], "texture": "#1"},
				"south": {"uv": [7.5, 6.25, 8.25, 6.75], "texture": "#1"},
				"west": {"uv": [8.25, 10.25, 8.5, 10.75], "texture": "#1"},
				"up": {"uv": [2.75, 10.25, 2.5, 9.5], "rotation": 90, "texture": "#1"},
				"down": {"uv": [3.25, 9.5, 3, 10.25], "rotation": 270, "texture": "#1"}
			}
		},
		{
			"from": [18.22276, 6.25, 5.28035],
			"to": [19.22276, 7.25, 7.28035],
			"rotation": {"angle": 22.5, "axis": "y", "origin": [14.9816, 10.25, 6.34473]},
			"faces": {
				"north": {"uv": [3.25, 10.75, 3.5, 11], "texture": "#1"},
				"east": {"uv": [10.25, 8.5, 10.75, 8.75], "texture": "#1"},
				"south": {"uv": [10.75, 2.5, 11, 2.75], "texture": "#1"},
				"west": {"uv": [10.25, 9.5, 10.75, 9.75], "texture": "#1"},
				"up": {"uv": [10.25, 10.5, 9.75, 10.25], "rotation": 90, "texture": "#1"},
				"down": {"uv": [11, 0, 10.5, 0.25], "rotation": 270, "texture": "#1"}
			}
		},
		{
			"from": [20.22276, 5.25, 5.28035],
			"to": [21.22276, 7.25, 7.28035],
			"rotation": {"angle": 22.5, "axis": "y", "origin": [14.9816, 10.25, 6.34473]},
			"faces": {
				"north": {"uv": [0.5, 10.5, 0.75, 11], "texture": "#1"},
				"east": {"uv": [9.25, 2.5, 9.75, 3], "texture": "#1"},
				"south": {"uv": [8.75, 10.25, 9, 10.75], "texture": "#1"},
				"west": {"uv": [9.25, 3.25, 9.75, 3.75], "texture": "#1"},
				"up": {"uv": [11, 0.75, 10.5, 0.5], "rotation": 90, "texture": "#1"},
				"down": {"uv": [1.5, 10.5, 1, 10.75], "rotation": 270, "texture": "#1"}
			}
		},
		{
			"from": [15.22276, 15.25, 5.57324],
			"to": [18.22276, 17.25, 6.57324],
			"rotation": {"angle": 22.5, "axis": "y", "origin": [14.9816, 10.25, 6.34473]},
			"faces": {
				"north": {"uv": [7.75, 0.75, 8.5, 1.25], "texture": "#1"},
				"east": {"uv": [1.75, 10.5, 2, 11], "texture": "#1"},
				"south": {"uv": [7.75, 0, 8.5, 0.5], "texture": "#1"},
				"west": {"uv": [2.25, 10.5, 2.5, 11], "texture": "#1"},
				"up": {"uv": [4.5, 10.25, 4.25, 9.5], "rotation": 90, "texture": "#1"},
				"down": {"uv": [5, 9.5, 4.75, 10.25], "rotation": 270, "texture": "#1"}
			}
		},
		{
			"from": [11.04599, 16.25, 6.10357],
			"to": [16.04599, 17.25, 7.10357],
			"rotation": {"angle": 22.5, "axis": "y", "origin": [14.9816, 10.25, 6.34473]},
			"faces": {
				"north": {"uv": [2.25, 8.25, 3.5, 8.5], "texture": "#1"},
				"east": {"uv": [10.75, 5.25, 11, 5.5], "texture": "#1"},
				"south": {"uv": [7.75, 5.5, 9, 5.75], "texture": "#1"},
				"west": {"uv": [5.75, 10.75, 6, 11], "texture": "#1"},
				"up": {"uv": [0.25, 9.5, 0, 8.25], "rotation": 90, "texture": "#1"},
				"down": {"uv": [4, 8.25, 3.75, 9.5], "rotation": 270, "texture": "#1"}
			}
		},
		{
			"from": [13.22276, 17.25, 5.9268],
			"to": [16.22276, 18.25, 6.9268],
			"rotation": {"angle": 22.5, "axis": "y", "origin": [14.9816, 10.25, 6.34473]},
			"faces": {
				"north": {"uv": [9.75, 1.5, 10.5, 1.75], "texture": "#1"},
				"east": {"uv": [7.5, 10.75, 7.75, 11], "texture": "#1"},
				"south": {"uv": [9.5, 1, 10.25, 1.25], "texture": "#1"},
				"west": {"uv": [10.75, 7.75, 11, 8], "texture": "#1"},
				"up": {"uv": [0.25, 10.5, 0, 9.75], "rotation": 90, "texture": "#1"},
				"down": {"uv": [3.75, 9.75, 3.5, 10.5], "rotation": 270, "texture": "#1"}
			}
		},
		{
			"from": [10.22276, 15.25, 6.28035],
			"to": [12.22276, 16.25, 7.28035],
			"rotation": {"angle": 22.5, "axis": "y", "origin": [14.9816, 10.25, 6.34473]},
			"faces": {
				"north": {"uv": [10.5, 2, 11, 2.25], "texture": "#1"},
				"east": {"uv": [9.25, 10.75, 9.5, 11], "texture": "#1"},
				"south": {"uv": [10.5, 1, 11, 1.25], "texture": "#1"},
				"west": {"uv": [9.75, 10.75, 10, 11], "texture": "#1"},
				"up": {"uv": [3, 11, 2.75, 10.5], "rotation": 90, "texture": "#1"},
				"down": {"uv": [10.75, 3, 10.5, 3.5], "rotation": 270, "texture": "#1"}
			}
		},
		{
			"from": [10.04599, 14.25, 6.45713],
			"to": [11.04599, 15.25, 7.45713],
			"rotation": {"angle": 22.5, "axis": "y", "origin": [14.9816, 10.25, 6.34473]},
			"faces": {
				"north": {"uv": [3.75, 11, 4, 11.25], "texture": "#1"},
				"east": {"uv": [1, 11, 1.25, 11.25], "texture": "#1"},
				"south": {"uv": [11, 3, 11.25, 3.25], "texture": "#1"},
				"west": {"uv": [11, 3.5, 11.25, 3.75], "texture": "#1"},
				"up": {"uv": [11.25, 4.25, 11, 4], "rotation": 90, "texture": "#1"},
				"down": {"uv": [4.5, 11, 4.25, 11.25], "rotation": 270, "texture": "#1"}
			}
		},
		{
			"from": [20.24044, 10.25, 4.55556],
			"to": [22.24044, 13.25, 6.55556],
			"rotation": {"angle": 22.5, "axis": "y", "origin": [14.9816, 10.25, 6.34473]},
			"faces": {
				"north": {"uv": [7.75, 3.5, 8.25, 4.25], "texture": "#1"},
				"east": {"uv": [0.75, 7.75, 1.25, 8.5], "texture": "#1"},
				"south": {"uv": [7.75, 1.5, 8.25, 2.25], "texture": "#1"},
				"west": {"uv": [7.75, 2.5, 8.25, 3.25], "texture": "#1"},
				"up": {"uv": [9.75, 5, 9.25, 4.5], "rotation": 90, "texture": "#1"},
				"down": {"uv": [9.75, 5.25, 9.25, 5.75], "rotation": 270, "texture": "#1"}
			}
		}
	],
	"gui_light": "front",
	"display": {
		"thirdperson_righthand": {
			"translation": [0, 1.75, 0.5],
			"scale": [0.8, 0.8, 0.8]
		},
		"thirdperson_lefthand": {
			"translation": [0, 1.75, 0.5],
			"scale": [0.8, 0.8, 0.8]
		},
		"firstperson_righthand": {
			"scale": [0.8, 0.8, 0.8]
		},
		"firstperson_lefthand": {
			"scale": [0.8, 0.8, 0.8]
		},
		"ground": {
			"scale": [0.5, 0.5, 0.5]
		},
		"gui": {
			"rotation": [10, 155, 0],
			"translation": [1, -0.75, 0],
			"scale": [0.6, 0.6, 0.6]
		},
		"head": {
			"translation": [0, 9.25, -3.5],
			"scale": [1.2, 1.2, 1.2]
		},
		"fixed": {
			"translation": [0, -1.25, -1.25]
		}
	},
	"groups": [
		{
			"name": "group",
			"origin": [7.05025, 26, -3.97475],
			"color": 0,
			"children": [0, 1, 2, 3, 4, 5, 6, 7, 8, 9, 10, 11, 12, 13, 14, 15]
		},
		{
			"name": "group",
			"origin": [7.05025, 26, -3.97475],
			"color": 0,
			"children": [16, 17, 18, 19, 20, 21, 22, 23, 24, 25, 26, 27, 28, 29, 30, 31]
		}
	]
}