{
	"credit": "Made with Blockbench",
	"texture_size": [64, 64],
	"textures": {
		"0": "cosmetics/doublesaber",
		"particle": "cosmetics/doublesaber"
	},
	"elements": [
		{
			"from": [7, -15, 7],
			"to": [9, 31, 9],
			"rotation": {"angle": 0, "axis": "y", "origin": [8, 6.53, 8]},
			"faces": {
				"north": {"uv": [0, 0, 0.5, 11.5], "texture": "#0"},
				"east": {"uv": [0.75, 0, 1.25, 11.5], "texture": "#0"},
				"south": {"uv": [1.5, 0, 2, 11.5], "texture": "#0"},
				"west": {"uv": [2.25, 0, 2.75, 11.5], "texture": "#0"},
				"up": {"uv": [7.5, 4.5, 7, 4], "texture": "#0"},
				"down": {"uv": [7.5, 4.75, 7, 5.25], "texture": "#0"}
			}
		},
		{
			"from": [9.5, 4.5, 9.5],
			"to": [6.5, -15.5, 6.5],
			"rotation": {"angle": 0, "axis": "y", "origin": [8, 6.53, 8]},
			"faces": {
				"north": {"uv": [3, 0, 3.75, 4.25], "texture": "#0"},
				"east": {"uv": [4, 0, 4.75, 4.25], "texture": "#0"},
				"south": {"uv": [3, 4.5, 3.75, 8.75], "texture": "#0"},
				"west": {"uv": [4, 4.5, 4.75, 8.75], "texture": "#0"},
				"up": {"uv": [7.75, 0.75, 7, 0], "texture": "#0"},
				"down": {"uv": [7.75, 1, 7, 1.75], "texture": "#0"}
			}
		},
		{
			"from": [9.5, 31.5, 9.5],
			"to": [6.5, 11.5, 6.5],
			"rotation": {"angle": 0, "axis": "y", "origin": [8, 6.53, 8]},
			"faces": {
				"north": {"uv": [5, 0, 5.75, 4.25], "texture": "#0"},
				"east": {"uv": [5, 4.5, 5.75, 8.75], "texture": "#0"},
				"south": {"uv": [6, 0, 6.75, 4.25], "texture": "#0"},
				"west": {"uv": [6, 4.5, 6.75, 8.75], "texture": "#0"},
				"up": {"uv": [7.75, 2.75, 7, 2], "texture": "#0"},
				"down": {"uv": [7.75, 3, 7, 3.75], "texture": "#0"}
			}
		}
	],
	"gui_light": "front",
	"display": {
		"thirdperson_righthand": {
			"rotation": [0, -180, 0],
			"translation": [0, -2, 1.75],
			"scale": [1, 1.2, 1]
		},
		"thirdperson_lefthand": {
			"rotation": [0, -180, 0],
			"translation": [0, -2, 1.75],
			"scale": [1, 1.2, 1]
		},
		"firstperson_righthand": {
			"rotation": [0, -180, 0],
			"translation": [0, -0.75, 0],
			"scale": [0.6, 0.6918, 0.6]
		},
		"firstperson_lefthand": {
			"rotation": [0, -180, 0],
			"translation": [0, -0.75, 0],
			"scale": [0.6, 0.6918, 0.6]
		},
		"ground": {
			"rotation": [45, 0, 0],
			"translation": [0, 4, 0],
			"scale": [0.4, 0.5, 0.4]
		},
		"gui": {
			"rotation": [116.7, -42.04, 108.57],
			"scale": [0.4, 0.44, 0.4]
		},
		"head": {
			"rotation": [0, 0, -89.75],
			"translation": [1.5, 1.25, 0.5],
			"scale": [1.5, 1.5, 1.5]
		},
		"fixed": {
			"rotation": [89.69, -44.49, 89.81],
			"translation": [0.25, 0, -1],
			"scale": [0.5, 0.5, 0.5]
		}
	},
	"groups": [
		0,
		{
			"name": "group",
			"origin": [8, 3, 7.5],
			"color": 0,
			"children": []
		},
		{
			"name": "outline",
			"origin": [8, 3, 7.5],
			"color": 0,
			"children": [1, 2]
		}
	]
}