{
	"credit": "Made with Blockbench",
	"texture_size": [64, 64],
	"textures": {
		"0": "cosmetics/dragon_wings",
		"particle": "cosmetics/dragon_wings"
	},
	"elements": [
		{
			"from": [5.5, 9.75, 7],
			"to": [7.5, 12.75, 9],
			"rotation": {"angle": 22.5, "axis": "z", "origin": [6.5, 12, 8]},
			"faces": {
				"north": {"uv": [2.5, 7.25, 3, 8], "texture": "#0"},
				"east": {"uv": [3.25, 7.25, 3.75, 8], "texture": "#0"},
				"south": {"uv": [4, 7.25, 4.5, 8], "texture": "#0"},
				"west": {"uv": [4.75, 7.25, 5.25, 8], "texture": "#0"},
				"up": {"uv": [7.5, 8.75, 7, 8.25], "texture": "#0"},
				"down": {"uv": [8.25, 8.25, 7.75, 8.75], "texture": "#0"}
			}
		},
		{
			"from": [-0.59044, 11.41918, 7.025],
			"to": [6.40956, 13.41918, 8.975],
			"rotation": {"angle": -22.5, "axis": "z", "origin": [5.90956, 11.41918, 8]},
			"faces": {
				"north": {"uv": [0, 6.5, 1.75, 7], "texture": "#0"},
				"east": {"uv": [8.5, 7, 9, 7.5], "texture": "#0"},
				"south": {"uv": [2, 6.5, 3.75, 7], "texture": "#0"},
				"west": {"uv": [8.5, 7.75, 9, 8.25], "texture": "#0"},
				"up": {"uv": [5.75, 7, 4, 6.5], "texture": "#0"},
				"down": {"uv": [7.75, 6.5, 6, 7], "texture": "#0"}
			}
		},
		{
			"from": [-0.287, 13.86856, 7.05],
			"to": [0.713, 20.86856, 8.95],
			"rotation": {"angle": 22.5, "axis": "z", "origin": [-0.287, 14.36856, 8]},
			"faces": {
				"north": {"uv": [1.5, 7.25, 1.75, 9], "texture": "#0"},
				"east": {"uv": [0, 7.25, 0.5, 9], "texture": "#0"},
				"south": {"uv": [2, 7.25, 2.25, 9], "texture": "#0"},
				"west": {"uv": [0.75, 7.25, 1.25, 9], "texture": "#0"},
				"up": {"uv": [0.25, 9.75, 0, 9.25], "texture": "#0"},
				"down": {"uv": [0.75, 9.25, 0.5, 9.75], "texture": "#0"}
			}
		},
		{
			"from": [-7.287, 15.86856, 7],
			"to": [-5.287, 18.86856, 9],
			"rotation": {"angle": -45, "axis": "z", "origin": [-0.287, 14.36856, 8]},
			"faces": {
				"north": {"uv": [5.5, 7.25, 6, 8], "texture": "#0"},
				"east": {"uv": [6.25, 7.25, 6.75, 8], "texture": "#0"},
				"south": {"uv": [7, 7.25, 7.5, 8], "texture": "#0"},
				"west": {"uv": [7.75, 7.25, 8.25, 8], "texture": "#0"},
				"up": {"uv": [9, 9, 8.5, 8.5], "texture": "#0"},
				"down": {"uv": [3, 8.75, 2.5, 9.25], "texture": "#0"}
			}
		},
		{
			"from": [0.7382, 21.2091, 7.75],
			"to": [4.7382, 22.2091, 8.75],
			"rotation": {"angle": 22.5, "axis": "z", "origin": [-0.7618, 15.4591, 8]},
			"faces": {
				"north": {"uv": [3.25, 8.75, 4.25, 9], "texture": "#0"},
				"east": {"uv": [1, 9.25, 1.25, 9.5], "texture": "#0"},
				"south": {"uv": [4.5, 8.75, 5.5, 9], "texture": "#0"},
				"west": {"uv": [1.5, 9.25, 1.75, 9.5], "texture": "#0"},
				"up": {"uv": [6.75, 9, 5.75, 8.75], "texture": "#0"},
				"down": {"uv": [8, 9, 7, 9.25], "texture": "#0"}
			}
		},
		{
			"from": [-6.0118, 20.7091, 7.75],
			"to": [-1.0118, 21.7091, 8.75],
			"rotation": {"angle": 22.5, "axis": "z", "origin": [-0.7618, 15.4591, 8]},
			"faces": {
				"north": {"uv": [8, 6.5, 9.25, 6.75], "texture": "#0"},
				"east": {"uv": [2, 9.25, 2.25, 9.5], "texture": "#0"},
				"south": {"uv": [2.5, 8.25, 3.75, 8.5], "texture": "#0"},
				"west": {"uv": [3.25, 9.25, 3.5, 9.5], "texture": "#0"},
				"up": {"uv": [5.25, 8.5, 4, 8.25], "texture": "#0"},
				"down": {"uv": [6.75, 8.25, 5.5, 8.5], "texture": "#0"}
			}
		},
		{
			"from": [-16, -4, 8],
			"to": [8, 21, 8],
			"rotation": {"angle": 0, "axis": "y", "origin": [0, 0, -1]},
			"faces": {
				"north": {"uv": [0, 0, 6, 6.25], "texture": "#0"},
				"east": {"uv": [8.25, 9, 8.25, 15.25], "texture": "#0"},
				"south": {"uv": [6.25, 0, 12.25, 6.25], "texture": "#0"},
				"west": {"uv": [3.75, 9.25, 3.75, 15.5], "texture": "#0"},
				"up": {"uv": [15.25, 7, 9.25, 7], "texture": "#0"},
				"down": {"uv": [15.25, 7.25, 9.25, 7.25], "texture": "#0"}
			}
		},
		{
			"from": [8.5, 9.75, 7],
			"to": [10.5, 12.75, 9],
			"rotation": {"angle": -22.5, "axis": "z", "origin": [9.5, 12, 8]},
			"faces": {
				"north": {"uv": [3, 7.25, 2.5, 8], "texture": "#0"},
				"east": {"uv": [5.25, 7.25, 4.75, 8], "texture": "#0"},
				"south": {"uv": [4.5, 7.25, 4, 8], "texture": "#0"},
				"west": {"uv": [3.75, 7.25, 3.25, 8], "texture": "#0"},
				"up": {"uv": [7, 8.75, 7.5, 8.25], "texture": "#0"},
				"down": {"uv": [7.75, 8.25, 8.25, 8.75], "texture": "#0"}
			}
		},
		{
			"from": [9.59044, 11.41918, 7.025],
			"to": [16.59044, 13.41918, 8.975],
			"rotation": {"angle": 22.5, "axis": "z", "origin": [10.09044, 11.41918, 8]},
			"faces": {
				"north": {"uv": [1.75, 6.5, 0, 7], "texture": "#0"},
				"east": {"uv": [9, 7.75, 8.5, 8.25], "texture": "#0"},
				"south": {"uv": [3.75, 6.5, 2, 7], "texture": "#0"},
				"west": {"uv": [9, 7, 8.5, 7.5], "texture": "#0"},
				"up": {"uv": [4, 7, 5.75, 6.5], "texture": "#0"},
				"down": {"uv": [6, 6.5, 7.75, 7], "texture": "#0"}
			}
		},
		{
			"from": [15.287, 13.86856, 7.05],
			"to": [16.287, 20.86856, 8.95],
			"rotation": {"angle": -22.5, "axis": "z", "origin": [16.287, 14.36856, 8]},
			"faces": {
				"north": {"uv": [1.75, 7.25, 1.5, 9], "texture": "#0"},
				"east": {"uv": [1.25, 7.25, 0.75, 9], "texture": "#0"},
				"south": {"uv": [2.25, 7.25, 2, 9], "texture": "#0"},
				"west": {"uv": [0.5, 7.25, 0, 9], "texture": "#0"},
				"up": {"uv": [0, 9.75, 0.25, 9.25], "texture": "#0"},
				"down": {"uv": [0.5, 9.25, 0.75, 9.75], "texture": "#0"}
			}
		},
		{
			"from": [21.287, 15.86856, 7],
			"to": [23.287, 18.86856, 9],
			"rotation": {"angle": 45, "axis": "z", "origin": [16.287, 14.36856, 8]},
			"faces": {
				"north": {"uv": [6, 7.25, 5.5, 8], "texture": "#0"},
				"east": {"uv": [8.25, 7.25, 7.75, 8], "texture": "#0"},
				"south": {"uv": [7.5, 7.25, 7, 8], "texture": "#0"},
				"west": {"uv": [6.75, 7.25, 6.25, 8], "texture": "#0"},
				"up": {"uv": [8.5, 9, 9, 8.5], "texture": "#0"},
				"down": {"uv": [2.5, 8.75, 3, 9.25], "texture": "#0"}
			}
		},
		{
			"from": [11.2618, 21.2091, 7.75],
			"to": [15.2618, 22.2091, 8.75],
			"rotation": {"angle": -22.5, "axis": "z", "origin": [16.7618, 15.4591, 8]},
			"faces": {
				"north": {"uv": [4.25, 8.75, 3.25, 9], "texture": "#0"},
				"east": {"uv": [1.75, 9.25, 1.5, 9.5], "texture": "#0"},
				"south": {"uv": [5.5, 8.75, 4.5, 9], "texture": "#0"},
				"west": {"uv": [1.25, 9.25, 1, 9.5], "texture": "#0"},
				"up": {"uv": [5.75, 9, 6.75, 8.75], "texture": "#0"},
				"down": {"uv": [7, 9, 8, 9.25], "texture": "#0"}
			}
		},
		{
			"from": [17.0118, 20.7091, 7.75],
			"to": [22.0118, 21.7091, 8.75],
			"rotation": {"angle": -22.5, "axis": "z", "origin": [16.7618, 15.4591, 8]},
			"faces": {
				"north": {"uv": [9.25, 6.5, 8, 6.75], "texture": "#0"},
				"east": {"uv": [3.5, 9.25, 3.25, 9.5], "texture": "#0"},
				"south": {"uv": [3.75, 8.25, 2.5, 8.5], "texture": "#0"},
				"west": {"uv": [2.25, 9.25, 2, 9.5], "texture": "#0"},
				"up": {"uv": [4, 8.5, 5.25, 8.25], "texture": "#0"},
				"down": {"uv": [5.5, 8.25, 6.75, 8.5], "texture": "#0"}
			}
		},
		{
			"from": [8, -4, 8],
			"to": [32, 21, 8],
			"rotation": {"angle": 0, "axis": "y", "origin": [16, 0, -1]},
			"faces": {
				"north": {"uv": [6, 0, 0, 6.25], "texture": "#0"},
				"east": {"uv": [3.75, 9.25, 3.75, 15.5], "texture": "#0"},
				"south": {"uv": [12.25, 0, 6.25, 6.25], "texture": "#0"},
				"west": {"uv": [8.25, 9, 8.25, 15.25], "texture": "#0"},
				"up": {"uv": [9.25, 7, 15.25, 7], "texture": "#0"},
				"down": {"uv": [9.25, 7.25, 15.25, 7.25], "texture": "#0"}
			}
		}
	],
	"gui_light": "front",
	"display": {
		"thirdperson_righthand": {
			"rotation": [90, 0, 19],
			"translation": [0, 0.5, 0],
			"scale": [0.3, 0.3, 0.3]
		},
		"thirdperson_lefthand": {
			"rotation": [90, 0, 19],
			"translation": [0, 0.5, 0],
			"scale": [0.3, 0.3, 0.3]
		},
		"firstperson_righthand": {
			"rotation": [-22.81, -48.23, -31.74],
			"translation": [-1, 2.25, 0],
			"scale": [0.3, 0.3, 0.3]
		},
		"firstperson_lefthand": {
			"rotation": [-22.81, -48.23, -31.74],
			"translation": [-1, 2.25, 0],
			"scale": [0.3, 0.3, 0.3]
		},
		"ground": {
			"scale": [0.3, 0.3, 0.3]
		},
		"gui": {
			"rotation": [7.42, -22.71, -3.5],
			"scale": [0.34, 0.34, 0.34]
		},
		"head": {
			"translation": [0, -49, 4.25],
			"scale": [1.6, 1.6, 1.6]
		},
		"fixed": {
			"translation": [0, 0, 0.5],
			"scale": [0.4, 0.4, 0.4]
		}
	}
}