{
	"credit": "Made with Blockbench",
	"texture_size": [64, 64],
	"textures": {
		"0": "cosmetics/drink_helmet",
		"particle": "cosmetics/drink_helmet"
	},
	"elements": [
		{
			"from": [3.5, 10, 3.5],
			"to": [12.5, 14, 12.5],
			"faces": {
				"north": {"uv": [7, 2.5, 9.25, 3.5], "texture": "#0"},
				"east": {"uv": [7, 3.75, 9.25, 4.75], "texture": "#0"},
				"south": {"uv": [7, 5, 9.25, 6], "texture": "#0"},
				"west": {"uv": [0, 8.5, 2.25, 9.5], "texture": "#0"},
				"up": {"uv": [8.25, 8.5, 6, 6.25], "texture": "#0"},
				"down": {"uv": [9.25, 0, 7, 2.25], "texture": "#0"}
			}
		},
		{
			"from": [2.5, 10, -1.5],
			"to": [13.5, 10, 6.5],
			"faces": {
				"north": {"uv": [9.5, 3, 12.25, 3], "texture": "#0"},
				"east": {"uv": [9.5, 3.25, 11.5, 3.25], "texture": "#0"},
				"south": {"uv": [9.5, 3.5, 12.25, 3.5], "texture": "#0"},
				"west": {"uv": [9.5, 3.75, 11.5, 3.75], "texture": "#0"},
				"up": {"uv": [2.75, 8.25, 0, 6.25], "texture": "#0"},
				"down": {"uv": [5.75, 6.25, 3, 8.25], "texture": "#0"}
			}
		},
		{
			"name": "flat",
			"from": [1.5, 10, 8],
			"to": [14.5, 18, 8],
			"faces": {
				"north": {"uv": [0, 4, 3.25, 6], "texture": "#0"},
				"east": {"uv": [9.5, 4, 9.5, 6], "texture": "#0"},
				"south": {"uv": [3.5, 4, 6.75, 6], "texture": "#0"},
				"west": {"uv": [9.5, 6.25, 9.5, 8.25], "texture": "#0"},
				"up": {"uv": [12.75, 8.5, 9.5, 8.5], "texture": "#0"},
				"down": {"uv": [12.75, 8.75, 9.5, 8.75], "texture": "#0"}
			}
		},
		{
			"name": "flat",
			"from": [1.5, 3, 6.7],
			"to": [14.5, 18, 6.7],
			"rotation": {"angle": 22.5, "axis": "x", "origin": [8, 14, 8]},
			"faces": {
				"north": {"uv": [0, 0, 3.25, 3.75], "texture": "#0"},
				"east": {"uv": [9.5, 9, 9.5, 12.75], "texture": "#0"},
				"south": {"uv": [3.5, 0, 6.75, 3.75], "texture": "#0"},
				"west": {"uv": [0, 9.75, 0, 13.5], "texture": "#0"},
				"up": {"uv": [13, 4, 9.75, 4], "texture": "#0"},
				"down": {"uv": [13, 4.25, 9.75, 4.25], "texture": "#0"}
			}
		},
		{
			"from": [12.5, 7.25, 6.5],
			"to": [15.5, 12.25, 9.5],
			"rotation": {"angle": -45, "axis": "y", "origin": [14, 9.75, 8]},
			"faces": {
				"north": {"uv": [2.5, 8.5, 3.25, 9.75], "texture": "#0"},
				"east": {"uv": [3.5, 8.5, 4.25, 9.75], "texture": "#0"},
				"south": {"uv": [4.5, 8.5, 5.25, 9.75], "texture": "#0"},
				"west": {"uv": [8.5, 6.25, 9.25, 7.5], "texture": "#0"},
				"up": {"uv": [9.25, 10, 8.5, 9.25], "texture": "#0"},
				"down": {"uv": [10.25, 0, 9.5, 0.75], "texture": "#0"}
			}
		},
		{
			"from": [0.5, 7.25, 6.5],
			"to": [3.5, 12.25, 9.5],
			"rotation": {"angle": 45, "axis": "y", "origin": [2, 9.75, 8]},
			"faces": {
				"north": {"uv": [8.5, 7.75, 9.25, 9], "texture": "#0"},
				"east": {"uv": [5.5, 8.75, 6.25, 10], "texture": "#0"},
				"south": {"uv": [6.5, 8.75, 7.25, 10], "texture": "#0"},
				"west": {"uv": [7.5, 8.75, 8.25, 10], "texture": "#0"},
				"up": {"uv": [10.25, 1.75, 9.5, 1], "texture": "#0"},
				"down": {"uv": [10.25, 2, 9.5, 2.75], "texture": "#0"}
			}
		}
	],
	"gui_light": "front",
	"display": {
		"thirdperson_righthand": {
			"rotation": [26.34, 4.86, -7.55],
			"translation": [-2.25, -0.75, 0],
			"scale": [0.5, 0.5, 0.5]
		},
		"thirdperson_lefthand": {
			"rotation": [26.34, 4.86, -7.55],
			"translation": [-2.25, -0.75, 0],
			"scale": [0.5, 0.5, 0.5]
		},
		"firstperson_righthand": {
			"rotation": [0, 8.25, 0],
			"scale": [0.5, 0.5, 0.5]
		},
		"firstperson_lefthand": {
			"rotation": [0, 8.25, 0],
			"scale": [0.5, 0.5, 0.5]
		},
		"ground": {
			"scale": [0.5, 0.5, 0.5]
		},
		"gui": {
			"rotation": [-165.62, 17.02, -177.6],
			"translation": [0, -2, 0],
			"scale": [0.85, 0.85, 0.85]
		},
		"head": {
			"translation": [0, -2.25, 0],
			"scale": [1.61, 1.61, 1.61]
		},
		"fixed": {
			"rotation": [-13, 0, 0],
			"translation": [0, -3.5, -2.25]
		}
	},
	"groups": [
		0,
		1,
		{
			"name": "flat",
			"origin": [8, 14, 8],
			"color": 0,
			"children": [2, 3]
		},
		{
			"name": "drinks",
			"origin": [2, 9.75, 8],
			"color": 0,
			"children": [4, 5]
		}
	]
}