{
	"credit": "Made with Blockbench",
	"texture_size": [32, 32],
	"textures": {
		"0": "cosmetics/dumbbell",
		"particle": "cosmetics/dumbbell"
	},
	"elements": [
		{
			"from": [5, 4, 7],
			"to": [11, 6, 9],
			"faces": {
				"north": {"uv": [10, 7, 13, 8], "texture": "#0"},
				"east": {"uv": [3.5, 10.5, 4.5, 11.5], "texture": "#0"},
				"south": {"uv": [10, 8.5, 13, 9.5], "texture": "#0"},
				"west": {"uv": [5, 10.5, 6, 11.5], "texture": "#0"},
				"up": {"uv": [13, 11, 10, 10], "texture": "#0"},
				"down": {"uv": [3, 10.5, 0, 11.5], "texture": "#0"}
			}
		},
		{
			"from": [11, 2, 5],
			"to": [15, 8, 11],
			"rotation": {"angle": -22.5, "axis": "x", "origin": [14, 5, 8]},
			"faces": {
				"north": {"uv": [0, 7, 2, 10], "texture": "#0"},
				"east": {"uv": [0, 0, 3, 3], "texture": "#0"},
				"south": {"uv": [7, 0, 9, 3], "texture": "#0"},
				"west": {"uv": [0, 3.5, 3, 6.5], "texture": "#0"},
				"up": {"uv": [4.5, 10, 2.5, 7], "texture": "#0"},
				"down": {"uv": [9, 3.5, 7, 6.5], "texture": "#0"}
			}
		},
		{
			"from": [1, 2, 5],
			"to": [5, 8, 11],
			"rotation": {"angle": -22.5, "axis": "x", "origin": [2, 5, 8]},
			"faces": {
				"north": {"uv": [5, 7, 7, 10], "texture": "#0"},
				"east": {"uv": [3.5, 0, 6.5, 3], "texture": "#0"},
				"south": {"uv": [7.5, 7, 9.5, 10], "texture": "#0"},
				"west": {"uv": [3.5, 3.5, 6.5, 6.5], "texture": "#0"},
				"up": {"uv": [11.5, 3, 9.5, 0], "texture": "#0"},
				"down": {"uv": [11.5, 3.5, 9.5, 6.5], "texture": "#0"}
			}
		}
	],
	"gui_light": "front",
	"display": {
		"thirdperson_righthand": {
			"rotation": [0.54, 2.73, -91.29],
			"translation": [3, -2, 1.75]
		},
		"thirdperson_lefthand": {
			"rotation": [0.54, 2.73, -91.29],
			"translation": [3, -2, 1.75]
		},
		"firstperson_righthand": {
			"rotation": [-70.86, 53.68, 101.83],
			"translation": [0, -1, 0]
		},
		"firstperson_lefthand": {
			"rotation": [-70.86, 53.68, 101.83],
			"translation": [0, -1, 0]
		},
		"ground": {
			"translation": [0, 2, 0],
			"scale": [0.55, 0.55, 0.55]
		},
		"gui": {
			"rotation": [6.75, 34.25, 0],
			"translation": [0, 2.5, 0],
			"scale": [0.9, 0.9, 0.9]
		},
		"head": {
			"translation": [0, 4.75, 0],
			"scale": [1.61, 1.61, 1.61]
		},
		"fixed": {
			"translation": [0, 3.25, -2.25]
		}
	}
}