{
	"credit": "Made with Blockbench",
	"texture_size": [64, 64],
	"textures": {
		"0": "cosmetics/fedora",
		"particle": "cosmetics/fedora"
	},
	"elements": [
		{
			"from": [0.5, 4.975, 0.5],
			"to": [15.5, 5, 15.5],
			"faces": {
				"north": {"uv": [0, 8, 3.75, 8], "texture": "#0"},
				"east": {"uv": [8, 5, 11.75, 5], "texture": "#0"},
				"south": {"uv": [8, 5.25, 11.75, 5.25], "texture": "#0"},
				"west": {"uv": [8, 5.5, 11.75, 5.5], "texture": "#0"},
				"up": {"uv": [3.75, 3.75, 0, 0], "texture": "#0"},
				"down": {"uv": [3.75, 4, 0, 7.75], "texture": "#0"}
			}
		},
		{
			"from": [3.5, 5, 3.5],
			"to": [12.5, 9, 12.5],
			"faces": {
				"north": {"uv": [6.5, 0, 8.75, 1], "texture": "#0"},
				"east": {"uv": [6.5, 1.25, 8.75, 2.25], "texture": "#0"},
				"south": {"uv": [6.5, 2.5, 8.75, 3.5], "texture": "#0"},
				"west": {"uv": [6.5, 3.75, 8.75, 4.75], "texture": "#0"},
				"up": {"uv": [6.25, 2.25, 4, 0], "texture": "#0"},
				"down": {"uv": [6.25, 2.5, 4, 4.75], "texture": "#0"}
			}
		},
		{
			"from": [4.5, 9, 4.5],
			"to": [11.5, 11, 11.5],
			"faces": {
				"north": {"uv": [4, 7, 5.75, 7.5], "texture": "#0"},
				"east": {"uv": [6, 7, 7.75, 7.5], "texture": "#0"},
				"south": {"uv": [4, 7.75, 5.75, 8.25], "texture": "#0"},
				"west": {"uv": [6, 7.75, 7.75, 8.25], "texture": "#0"},
				"up": {"uv": [5.75, 6.75, 4, 5], "texture": "#0"},
				"down": {"uv": [7.75, 5, 6, 6.75], "texture": "#0"}
			}
		}
	],
	"gui_light": "front",
	"display": {
		"thirdperson_righthand": {
			"translation": [-2.75, 0.75, 0],
			"scale": [0.5, 0.5, 0.5]
		},
		"thirdperson_lefthand": {
			"translation": [-2.75, 0.75, 0],
			"scale": [0.5, 0.5, 0.5]
		},
		"firstperson_righthand": {
			"rotation": [-180, 55.25, -180],
			"translation": [0, 1.25, 0],
			"scale": [0.9, 0.9, 0.9]
		},
		"firstperson_lefthand": {
			"rotation": [-180, 55.25, -180],
			"translation": [0, 1.25, 0],
			"scale": [0.9, 0.9, 0.9]
		},
		"ground": {
			"scale": [0.6, 0.6, 0.6]
		},
		"gui": {
			"rotation": [-164.25, 15, -180],
			"translation": [0.25, 0, 0],
			"scale": [0.9, 0.9, 0.9]
		},
		"head": {
			"translation": [0, 6, 0],
			"scale": [1.61, 1.61, 1.61]
		},
		"fixed": {
			"rotation": [-30.25, 0, 0],
			"translation": [0, 0, -4.5]
		}
	}
}