{
	"credit": "Made with Blockbench",
	"texture_size": [32, 32],
	"textures": {
		"0": "cosmetics/fez_hat",
		"particle": "cosmetics/fez_hat"
	},
	"elements": [
		{
			"from": [3.5, 9, 3.5],
			"to": [12.5, 16, 12.5],
			"faces": {
				"north": {"uv": [5, 0, 9.5, 3.5], "texture": "#0"},
				"east": {"uv": [5, 4, 9.5, 7.5], "texture": "#0"},
				"south": {"uv": [5, 8, 9.5, 11.5], "texture": "#0"},
				"west": {"uv": [0, 10, 4.5, 13.5], "texture": "#0"},
				"up": {"uv": [4.5, 4.5, 0, 0], "texture": "#0"},
				"down": {"uv": [4.5, 5, 0, 9.5], "texture": "#0"}
			}
		},
		{
			"from": [2.75, 11.5, 7.5],
			"to": [7.75, 16.5, 8.5],
			"faces": {
				"north": {"uv": [10, 0, 12.5, 2.5], "texture": "#0"},
				"east": {"uv": [5, 12, 5.5, 14.5], "texture": "#0"},
				"south": {"uv": [10, 3, 12.5, 5.5], "texture": "#0"},
				"west": {"uv": [6, 12, 6.5, 14.5], "texture": "#0"},
				"up": {"uv": [14.5, 6.5, 12, 6], "texture": "#0"},
				"down": {"uv": [9.5, 12, 7, 12.5], "texture": "#0"}
			}
		},
		{
			"from": [2.25, 4.5, 7.25],
			"to": [3.25, 11.5, 8.25],
			"rotation": {"angle": 0, "axis": "z", "origin": [3, 9.75, 7.75]},
			"faces": {
				"north": {"uv": [10, 6, 10.5, 9.5], "texture": "#0"},
				"east": {"uv": [10, 10, 10.5, 13.5], "texture": "#0"},
				"south": {"uv": [11, 6, 11.5, 9.5], "texture": "#0"},
				"west": {"uv": [11, 10, 11.5, 13.5], "texture": "#0"},
				"up": {"uv": [12.5, 7.5, 12, 7], "texture": "#0"},
				"down": {"uv": [12.5, 8, 12, 8.5], "texture": "#0"}
			}
		}
	],
	"gui_light": "front",
	"display": {
		"thirdperson_righthand": {
			"translation": [-2, -2, 0],
			"scale": [0.5, 0.5, 0.5]
		},
		"thirdperson_lefthand": {
			"translation": [-2, -2, 0],
			"scale": [0.5, 0.5, 0.5]
		},
		"firstperson_righthand": {
			"translation": [0, -1.5, 0],
			"scale": [0.65, 0.65, 0.65]
		},
		"firstperson_lefthand": {
			"translation": [0, -1.5, 0],
			"scale": [0.65, 0.65, 0.65]
		},
		"ground": {
			"scale": [0.65, 0.65, 0.65]
		},
		"gui": {
			"rotation": [-164, -21.25, -180],
			"translation": [0.25, -3.5, 0]
		},
		"head": {
			"translation": [0, -0.75, 0],
			"scale": [1.61, 1.61, 1.61]
		},
		"fixed": {
			"rotation": [-10.25, 0, 0],
			"translation": [0, -4.5, -2.25]
		}
	}
}