{
	"credit": "Made with Blockbench",
	"texture_size": [64, 64],
	"textures": {
		"0": "cosmetics/firefighter_helmet",
		"particle": "cosmetics/firefighter_helmet"
	},
	"elements": [
		{
			"from": [3.5, 8, 3.5],
			"to": [12.5, 13, 13.5],
			"faces": {
				"north": {"uv": [0, 7.75, 2.25, 9], "texture": "#0"},
				"east": {"uv": [5, 5, 7.5, 6.25], "texture": "#0"},
				"south": {"uv": [2.5, 7.75, 4.75, 9], "texture": "#0"},
				"west": {"uv": [5, 6.5, 7.5, 7.75], "texture": "#0"},
				"up": {"uv": [2.25, 7.5, 0, 5], "texture": "#0"},
				"down": {"uv": [4.75, 5, 2.5, 7.5], "texture": "#0"}
			}
		},
		{
			"from": [-0.5, 7.975, 0.5],
			"to": [16.5, 8, 19.5],
			"faces": {
				"north": {"uv": [9, 3.5, 13.25, 3.5], "texture": "#0"},
				"east": {"uv": [9, 3.75, 13.75, 3.75], "texture": "#0"},
				"south": {"uv": [9, 4, 13.25, 4], "texture": "#0"},
				"west": {"uv": [9, 4.25, 13.75, 4.25], "texture": "#0"},
				"up": {"uv": [4.25, 4.75, 0, 0], "texture": "#0"},
				"down": {"uv": [8.75, 0, 4.5, 4.75], "texture": "#0"}
			}
		},
		{
			"from": [6, 8, 2.5],
			"to": [10, 12, 3.5],
			"rotation": {"angle": 0, "axis": "x", "origin": [8, 13, 6.5]},
			"faces": {
				"north": {"uv": [7.75, 7.5, 8.75, 8.5], "texture": "#0"},
				"east": {"uv": [9, 0, 9.25, 1], "texture": "#0"},
				"south": {"uv": [5, 8, 6, 9], "texture": "#0"},
				"west": {"uv": [9, 1.25, 9.25, 2.25], "texture": "#0"},
				"up": {"uv": [10, 2.75, 9, 2.5], "texture": "#0"},
				"down": {"uv": [10, 3, 9, 3.25], "texture": "#0"}
			}
		},
		{
			"from": [7, 12, 2.5],
			"to": [9, 16, 10.5],
			"rotation": {"angle": 0, "axis": "x", "origin": [8, 13, 6.5]},
			"faces": {
				"north": {"uv": [7.75, 8.75, 8.25, 9.75], "texture": "#0"},
				"east": {"uv": [7.75, 5, 9.75, 6], "texture": "#0"},
				"south": {"uv": [8.5, 8.75, 9, 9.75], "texture": "#0"},
				"west": {"uv": [7.75, 6.25, 9.75, 7.25], "texture": "#0"},
				"up": {"uv": [6.75, 10, 6.25, 8], "texture": "#0"},
				"down": {"uv": [7.5, 8, 7, 10], "texture": "#0"}
			}
		}
	],
	"gui_light": "front",
	"display": {
		"thirdperson_righthand": {
			"translation": [-3.25, -1, 0],
			"scale": [0.5, 0.5, 0.5]
		},
		"thirdperson_lefthand": {
			"translation": [-3.25, -1, 0],
			"scale": [0.5, 0.5, 0.5]
		},
		"firstperson_righthand": {
			"rotation": [-180, 73.5, -180],
			"scale": [0.8, 0.8, 0.8]
		},
		"firstperson_lefthand": {
			"rotation": [-180, 73.5, -180],
			"scale": [0.8, 0.8, 0.8]
		},
		"ground": {
			"scale": [0.5, 0.5, 0.5]
		},
		"gui": {
			"rotation": [-159.75, -16.5, -180],
			"translation": [0.5, -2.25, 0],
			"scale": [0.75, 0.75, 0.75]
		},
		"head": {
			"rotation": [11, 0, 0],
			"translation": [0, 0, -1.25],
			"scale": [1.61, 1.61, 1.61]
		},
		"fixed": {
			"rotation": [-27.75, 0, 0],
			"translation": [0, -3.25, -2.25],
			"scale": [0.8, 0.8, 0.8]
		}
	}
}