{
	"credit": "Made with Blockbench",
	"texture_size": [64, 64],
	"textures": {
		"0": "cosmetics/flashlight",
		"particle": "cosmetics/flashlight"
	},
	"elements": [
		{
			"from": [6.5, 3, 4],
			"to": [9.5, 7, 11],
			"faces": {
				"north": {"uv": [6.75, 4.25, 7.5, 5.25], "texture": "#0"},
				"east": {"uv": [4.5, 1.75, 6.25, 2.75], "texture": "#0"},
				"south": {"uv": [7.25, 0, 8, 1], "texture": "#0"},
				"west": {"uv": [5.75, 3, 7.5, 4], "texture": "#0"},
				"up": {"uv": [4.75, 7.5, 4, 5.75], "texture": "#0"},
				"down": {"uv": [6.5, 4.25, 5.75, 6], "texture": "#0"}
			}
		},
		{
			"from": [5, 3.5, 2],
			"to": [11, 9.5, 5],
			"faces": {
				"north": {"uv": [4, 4, 5.5, 5.5], "texture": "#0"},
				"east": {"uv": [6.25, 0, 7, 1.5], "texture": "#0"},
				"south": {"uv": [4.5, 0, 6, 1.5], "texture": "#0"},
				"west": {"uv": [5, 6.25, 5.75, 7.75], "texture": "#0"},
				"up": {"uv": [7.5, 7, 6, 6.25], "texture": "#0"},
				"down": {"uv": [8, 1.75, 6.5, 2.5], "texture": "#0"}
			}
		},
		{
			"from": [7, 9, 3.75],
			"to": [9, 10, 9.75],
			"rotation": {"angle": 0, "axis": "y", "origin": [0, 0, 0.75]},
			"faces": {
				"north": {"uv": [5, 5.75, 5.5, 6], "texture": "#0"},
				"east": {"uv": [6.75, 5.5, 8.25, 5.75], "texture": "#0"},
				"south": {"uv": [3, 8.5, 3.5, 8.75], "texture": "#0"},
				"west": {"uv": [7.25, 1.25, 8.75, 1.5], "texture": "#0"},
				"up": {"uv": [6.5, 8.75, 6, 7.25], "texture": "#0"},
				"down": {"uv": [7.25, 7.25, 6.75, 8.75], "texture": "#0"}
			}
		},
		{
			"from": [7.5, 9.25, 3.25],
			"to": [8.5, 10.25, 5.25],
			"rotation": {"angle": 0, "axis": "y", "origin": [0, 0, 0.75]},
			"faces": {
				"north": {"uv": [8, 8.75, 8.25, 9], "texture": "#0"},
				"east": {"uv": [8.5, 8.5, 9, 8.75], "texture": "#0"},
				"south": {"uv": [0, 9, 0.25, 9.25], "texture": "#0"},
				"west": {"uv": [8.75, 1.75, 9.25, 2], "texture": "#0"},
				"up": {"uv": [8, 6.5, 7.75, 6], "texture": "#0"},
				"down": {"uv": [9, 2.25, 8.75, 2.75], "texture": "#0"}
			}
		},
		{
			"from": [7.025, 6.63478, 9.17074],
			"to": [8.975, 9.88478, 10.17074],
			"rotation": {"angle": -22.5, "axis": "x", "origin": [8, 8.88478, 9.67074]},
			"faces": {
				"north": {"uv": [4.5, 3, 5, 3.75], "texture": "#0"},
				"east": {"uv": [5.25, 3, 5.5, 3.75], "texture": "#0"},
				"south": {"uv": [7.5, 7.25, 8, 8], "texture": "#0"},
				"west": {"uv": [7.75, 4.25, 8, 5], "texture": "#0"},
				"up": {"uv": [9, 5.5, 8.5, 5.25], "texture": "#0"},
				"down": {"uv": [9, 8, 8.5, 8.25], "texture": "#0"}
			}
		},
		{
			"from": [5.5, 4, 1],
			"to": [6.5, 9, 2],
			"faces": {
				"north": {"uv": [7.75, 2.75, 8, 4], "texture": "#0"},
				"east": {"uv": [4, 7.75, 4.25, 9], "texture": "#0"},
				"south": {"uv": [4.5, 7.75, 4.75, 9], "texture": "#0"},
				"west": {"uv": [5, 8, 5.25, 9.25], "texture": "#0"},
				"up": {"uv": [8, 7, 7.75, 6.75], "texture": "#0"},
				"down": {"uv": [9, 3, 8.75, 3.25], "texture": "#0"}
			}
		},
		{
			"from": [6.5, 8, 1],
			"to": [9.5, 9, 2],
			"rotation": {"angle": 0, "axis": "y", "origin": [16, 0, 0]},
			"faces": {
				"north": {"uv": [8.25, 0, 9, 0.25], "texture": "#0"},
				"east": {"uv": [8.75, 5.75, 9, 6], "texture": "#0"},
				"south": {"uv": [8.25, 0.5, 9, 0.75], "texture": "#0"},
				"west": {"uv": [8.75, 6.25, 9, 6.5], "texture": "#0"},
				"up": {"uv": [9, 5, 8.25, 4.75], "texture": "#0"},
				"down": {"uv": [8.25, 8.25, 7.5, 8.5], "texture": "#0"}
			}
		},
		{
			"from": [6.5, 4, 1],
			"to": [9.5, 5, 2],
			"rotation": {"angle": 0, "axis": "y", "origin": [16, 0, 0]},
			"faces": {
				"north": {"uv": [8.25, 7.5, 9, 7.75], "texture": "#0"},
				"east": {"uv": [8.75, 6.75, 9, 7], "texture": "#0"},
				"south": {"uv": [0, 8.5, 0.75, 8.75], "texture": "#0"},
				"west": {"uv": [7.5, 8.75, 7.75, 9], "texture": "#0"},
				"up": {"uv": [1.75, 8.75, 1, 8.5], "texture": "#0"},
				"down": {"uv": [2.75, 8.5, 2, 8.75], "texture": "#0"}
			}
		},
		{
			"from": [9.5, 4, 1],
			"to": [10.5, 9, 2],
			"rotation": {"angle": 0, "axis": "y", "origin": [16, 0, 0]},
			"faces": {
				"north": {"uv": [5.5, 8, 5.75, 9.25], "texture": "#0"},
				"east": {"uv": [8.25, 1.75, 8.5, 3], "texture": "#0"},
				"south": {"uv": [8.25, 3.25, 8.5, 4.5], "texture": "#0"},
				"west": {"uv": [8.25, 6, 8.5, 7.25], "texture": "#0"},
				"up": {"uv": [9, 3.75, 8.75, 3.5], "texture": "#0"},
				"down": {"uv": [9, 4, 8.75, 4.25], "texture": "#0"}
			}
		},
		{
			"from": [6.499, 5, -16],
			"to": [6.499, 8, 1],
			"rotation": {"angle": 0, "axis": "y", "origin": [0.499, 0, -1]},
			"faces": {
				"north": {"uv": [3.75, 8.5, 3.75, 9.25], "texture": "#0"},
				"east": {"uv": [0, 0, 4.25, 0.75], "texture": "#0"},
				"south": {"uv": [0.5, 9, 0.5, 9.75], "texture": "#0"},
				"west": {"uv": [0, 1, 4.25, 1.75], "texture": "#0"},
				"up": {"uv": [0.75, 13.25, 0.75, 9], "texture": "#0"},
				"down": {"uv": [1, 9, 1, 13.25], "texture": "#0"}
			}
		},
		{
			"from": [9.501, 5, -16],
			"to": [9.501, 8, 1],
			"rotation": {"angle": 0, "axis": "y", "origin": [15.501, 0, -1]},
			"faces": {
				"north": {"uv": [3.75, 8.5, 3.75, 9.25], "texture": "#0"},
				"east": {"uv": [4.25, 1, 0, 1.75], "texture": "#0"},
				"south": {"uv": [0.5, 9, 0.5, 9.75], "texture": "#0"},
				"west": {"uv": [4.25, 0, 0, 0.75], "texture": "#0"},
				"up": {"uv": [0.75, 13.25, 0.75, 9], "texture": "#0"},
				"down": {"uv": [1, 9, 1, 13.25], "texture": "#0"}
			}
		},
		{
			"from": [6.501, 7.999, -16],
			"to": [9.501, 7.999, 1],
			"rotation": {"angle": 0, "axis": "z", "origin": [8.001, 7.999, -7.5]},
			"faces": {
				"north": {"uv": [3.75, 8.5, 3.75, 9.25], "rotation": 90, "texture": "#0"},
				"east": {"uv": [1, 9, 1, 13.25], "rotation": 270, "texture": "#0"},
				"south": {"uv": [0.5, 9, 0.5, 9.75], "rotation": 270, "texture": "#0"},
				"west": {"uv": [0.75, 13.25, 0.75, 9], "rotation": 270, "texture": "#0"},
				"up": {"uv": [4.25, 1, 0, 1.75], "rotation": 270, "texture": "#0"},
				"down": {"uv": [4.25, 0, 0, 0.75], "rotation": 270, "texture": "#0"}
			}
		},
		{
			"from": [6.501, 4.999, -16],
			"to": [9.501, 4.999, 1],
			"rotation": {"angle": 0, "axis": "z", "origin": [8.001, 7.999, -7.5]},
			"faces": {
				"north": {"uv": [3.75, 8.5, 3.75, 9.25], "rotation": 90, "texture": "#0"},
				"east": {"uv": [1, 9, 1, 13.25], "rotation": 270, "texture": "#0"},
				"south": {"uv": [0.5, 9, 0.5, 9.75], "rotation": 270, "texture": "#0"},
				"west": {"uv": [0.75, 13.25, 0.75, 9], "rotation": 270, "texture": "#0"},
				"up": {"uv": [4.25, 1, 0, 1.75], "rotation": 270, "texture": "#0"},
				"down": {"uv": [4.25, 0, 0, 0.75], "rotation": 270, "texture": "#0"}
			}
		}
	],
	"gui_light": "front",
	"display": {
		"thirdperson_righthand": {
			"rotation": [90, 0, 0],
			"translation": [0, -2.75, -0.25]
		},
		"thirdperson_lefthand": {
			"rotation": [90, 0, 0],
			"translation": [0, -2.75, -0.25]
		},
		"ground": {
			"translation": [0, 2.5, 0],
			"scale": [0.55, 0.55, 0.55]
		},
		"gui": {
			"rotation": [24.81, 33.25, -9.67],
			"translation": [5, -1.75, 0]
		},
		"head": {
			"translation": [0, 2.5, 1]
		},
		"fixed": {
			"translation": [0, 0, -1]
		}
	},
	"groups": [
		0,
		1,
		2,
		3,
		4,
		{
			"name": "group",
			"origin": [16, 0, 0],
			"color": 0,
			"children": [5, 6, 7, 8]
		},
		{
			"name": "light",
			"origin": [15.501, 0, -1],
			"color": 0,
			"children": [9, 10, 11, 12]
		}
	]
}