{
	"credit": "Made with Blockbench",
	"texture_size": [64, 64],
	"textures": {
		"0": "cosmetics/football_helmet",
		"particle": "cosmetics/football_helmet"
	},
	"elements": [
		{
			"from": [3.5, 4.5, 3.5],
			"to": [12.5, 8.5, 12.5],
			"faces": {
				"north": {"uv": [5.25, 0, 7.5, 1], "texture": "#0"},
				"east": {"uv": [5.25, 1.25, 7.5, 2.25], "texture": "#0"},
				"south": {"uv": [2.5, 5.25, 4.75, 6.25], "texture": "#0"},
				"west": {"uv": [2.5, 6.5, 4.75, 7.5], "texture": "#0"},
				"up": {"uv": [2.25, 2.25, 0, 0], "texture": "#0"},
				"down": {"uv": [2.25, 2.5, 0, 4.75], "texture": "#0"}
			}
		},
		{
			"from": [3.5, -0.5, 6.5],
			"to": [12.5, 4.5, 12.5],
			"faces": {
				"north": {"uv": [5, 3.5, 7.25, 4.75], "texture": "#0"},
				"east": {"uv": [5, 6.5, 6.5, 7.75], "texture": "#0"},
				"south": {"uv": [5, 5, 7.25, 6.25], "texture": "#0"},
				"west": {"uv": [0, 6.75, 1.5, 8], "texture": "#0"},
				"up": {"uv": [4.75, 5, 2.5, 3.5], "texture": "#0"},
				"down": {"uv": [2.25, 5, 0, 6.5], "texture": "#0"}
			}
		},
		{
			"from": [3, -1, 2.5],
			"to": [13, 5, 2.5],
			"rotation": {"angle": 0, "axis": "y", "origin": [16, 0, 0]},
			"faces": {
				"north": {"uv": [2.5, 0, 5, 1.5], "texture": "#0"},
				"east": {"uv": [3.75, 7.75, 3.75, 9.25], "texture": "#0"},
				"south": {"uv": [2.5, 1.75, 5, 3.25], "texture": "#0"},
				"west": {"uv": [4, 7.75, 4, 9.25], "texture": "#0"},
				"up": {"uv": [10, 6, 7.5, 6], "texture": "#0"},
				"down": {"uv": [10, 6.25, 7.5, 6.25], "texture": "#0"}
			}
		},
		{
			"from": [13, -1, 2.5],
			"to": [13, 5, 7.5],
			"faces": {
				"north": {"uv": [1.75, 6.75, 1.75, 8.25], "texture": "#0"},
				"east": {"uv": [6.75, 6.5, 8, 8], "texture": "#0"},
				"south": {"uv": [2, 6.75, 2, 8.25], "texture": "#0"},
				"west": {"uv": [7.5, 2.5, 8.75, 4], "texture": "#0"},
				"up": {"uv": [2.25, 8, 2.25, 6.75], "texture": "#0"},
				"down": {"uv": [2.5, 7.75, 2.5, 9], "texture": "#0"}
			}
		},
		{
			"from": [3, -1, 2.5],
			"to": [3, 5, 7.5],
			"rotation": {"angle": 0, "axis": "y", "origin": [16, 0, 0]},
			"faces": {
				"north": {"uv": [2.75, 7.75, 2.75, 9.25], "texture": "#0"},
				"east": {"uv": [7.5, 4.25, 8.75, 5.75], "texture": "#0"},
				"south": {"uv": [3, 7.75, 3, 9.25], "texture": "#0"},
				"west": {"uv": [7.75, 0, 9, 1.5], "texture": "#0"},
				"up": {"uv": [3.25, 9, 3.25, 7.75], "texture": "#0"},
				"down": {"uv": [3.5, 7.75, 3.5, 9], "texture": "#0"}
			}
		}
	],
	"gui_light": "front",
	"display": {
		"thirdperson_righthand": {
			"translation": [-3.25, 1.5, 0],
			"scale": [0.5, 0.5, 0.5]
		},
		"thirdperson_lefthand": {
			"translation": [-3.25, 1.5, 0],
			"scale": [0.5, 0.5, 0.5]
		},
		"firstperson_righthand": {
			"translation": [0, 4, 0],
			"scale": [0.8, 0.8, 0.8]
		},
		"firstperson_lefthand": {
			"translation": [0, 4, 0],
			"scale": [0.8, 0.8, 0.8]
		},
		"ground": {
			"translation": [0, 1.5, 0],
			"scale": [0.5, 0.5, 0.5]
		},
		"gui": {
			"rotation": [-169.39, 27.72, 177.1],
			"translation": [0.25, 4, 0]
		},
		"head": {
			"translation": [0, 6.5, 0],
			"scale": [1.61, 1.61, 1.61]
		},
		"fixed": {
			"translation": [0, 4.25, -2.75],
			"scale": [1.2, 1.2, 1.2]
		}
	},
	"groups": [
		0,
		1,
		{
			"name": "group",
			"origin": [16, 0, 0],
			"color": 0,
			"children": [2, 3, 4]
		}
	]
}