{
	"credit": "Made with Blockbench",
	"texture_size": [32, 32],
	"textures": {
		"0": "cosmetics/football",
		"particle": "cosmetics/football"
	},
	"elements": [
		{
			"from": [4, -3, 4],
			"to": [12, 4, 12],
			"faces": {
				"north": {"uv": [9, 0, 13, 3.5], "texture": "#0"},
				"east": {"uv": [9, 4, 13, 7.5], "texture": "#0"},
				"south": {"uv": [12, 8, 16, 11.5], "texture": "#0"},
				"west": {"uv": [12, 12, 16, 15.5], "texture": "#0"},
				"up": {"uv": [7, 12, 3, 8], "texture": "#0"},
				"down": {"uv": [11.5, 8, 7.5, 12], "texture": "#0"}
			}
		},
		{
			"from": [5.5, -7, 5.5],
			"to": [10.5, 8, 10.5],
			"faces": {
				"north": {"uv": [0, 0, 2.5, 7.5], "texture": "#0"},
				"east": {"uv": [3, 0, 5.5, 7.5], "texture": "#0"},
				"south": {"uv": [6, 0, 8.5, 7.5], "texture": "#0"},
				"west": {"uv": [0, 8, 2.5, 15.5], "texture": "#0"},
				"up": {"uv": [5.5, 15, 3, 12.5], "texture": "#0"},
				"down": {"uv": [8.5, 12.5, 6, 15], "texture": "#0"}
			}
		}
	],
	"gui_light": "front",
	"display": {
		"thirdperson_righthand": {
			"rotation": [0, -64, 0],
			"translation": [-2.25, 3.75, 0.75],
			"scale": [0.5, 0.5, 0.5]
		},
		"thirdperson_lefthand": {
			"rotation": [0, -64, 0],
			"translation": [-2.25, 3.75, 0.75],
			"scale": [0.5, 0.5, 0.5]
		},
		"firstperson_righthand": {
			"rotation": [166.5, 78.25, -180],
			"translation": [0, 5, -0.5],
			"scale": [0.8, 0.8, 0.8]
		},
		"firstperson_lefthand": {
			"rotation": [166.5, 78.25, -180],
			"translation": [0, 5, -0.5],
			"scale": [0.8, 0.8, 0.8]
		},
		"ground": {
			"rotation": [46, 0, 0],
			"translation": [0, 5.25, 2.5],
			"scale": [0.5, 0.5, 0.5]
		},
		"gui": {
			"rotation": [170.45, 21.94, -122.2],
			"translation": [5.5, 3.75, 0],
			"scale": [0.9, 0.9, 0.9]
		},
		"head": {
			"translation": [0, 21.25, 0]
		},
		"fixed": {
			"rotation": [24, -18, 47],
			"translation": [-5.75, 5.25, 0]
		}
	}
}