{
	"credit": "Made with Blockbench",
	"texture_size": [64, 64],
	"textures": {
		"0": "cosmetics/french_beret",
		"particle": "cosmetics/french_beret"
	},
	"elements": [
		{
			"from": [2.5, 6.275, 3.5],
			"to": [12.5, 9.275, 12.5],
			"rotation": {"angle": -22.5, "axis": "z", "origin": [8, 4, 8]},
			"faces": {
				"north": {"uv": [0, 5, 2.5, 5.75], "texture": "#0"},
				"east": {"uv": [5.5, 0, 7.75, 0.75], "texture": "#0"},
				"south": {"uv": [2.75, 5, 5.25, 5.75], "texture": "#0"},
				"west": {"uv": [5.5, 1, 7.75, 1.75], "texture": "#0"},
				"up": {"uv": [2.5, 2.25, 0, 0], "texture": "#0"},
				"down": {"uv": [2.5, 2.5, 0, 4.75], "texture": "#0"}
			}
		},
		{
			"from": [7, 8.275, 7.5],
			"to": [8, 10.275, 8.5],
			"rotation": {"angle": -22.5, "axis": "z", "origin": [8, 4, 8]},
			"faces": {
				"north": {"uv": [5.5, 2, 5.75, 2.5], "texture": "#0"},
				"east": {"uv": [5.5, 2.75, 5.75, 3.25], "texture": "#0"},
				"south": {"uv": [5.5, 3.5, 5.75, 4], "texture": "#0"},
				"west": {"uv": [5.5, 4.25, 5.75, 4.75], "texture": "#0"},
				"up": {"uv": [5.75, 5.25, 5.5, 5], "texture": "#0"},
				"down": {"uv": [5.75, 5.5, 5.5, 5.75], "texture": "#0"}
			}
		},
		{
			"name": "flat",
			"from": [2.5, 9.775, 3.5],
			"to": [12.5, 9.775, 12.5],
			"rotation": {"angle": -22.5, "axis": "z", "origin": [8, 4, 8]},
			"faces": {
				"north": {"uv": [0, 6, 2.5, 6], "texture": "#0"},
				"east": {"uv": [6, 2, 8.25, 2], "texture": "#0"},
				"south": {"uv": [6, 2.25, 8.5, 2.25], "texture": "#0"},
				"west": {"uv": [6, 2.5, 8.25, 2.5], "texture": "#0"},
				"up": {"uv": [5.25, 2.25, 2.75, 0], "texture": "#0"},
				"down": {"uv": [5.25, 2.5, 2.75, 4.75], "texture": "#0"}
			}
		}
	],
	"gui_light": "front",
	"display": {
		"thirdperson_righthand": {
			"translation": [-3.5, -0.75, 0],
			"scale": [0.5, 0.5, 0.5]
		},
		"thirdperson_lefthand": {
			"translation": [-3.5, -0.75, 0],
			"scale": [0.5, 0.5, 0.5]
		},
		"firstperson_righthand": {
			"rotation": [0, 0, 15]
		},
		"firstperson_lefthand": {
			"rotation": [0, 0, 15]
		},
		"ground": {
			"scale": [0.65, 0.65, 0.65]
		},
		"gui": {
			"rotation": [-172.05, -18.69, -171.59],
			"translation": [1, 0, 0]
		},
		"head": {
			"rotation": [-0.72, 6.97, 6.07],
			"translation": [0, 7, 0.25],
			"scale": [1.62, 1.62, 1.62]
		},
		"fixed": {
			"translation": [-1, 0, -4.25],
			"scale": [1.2, 1.2, 1.2]
		}
	},
	"groups": [
		{
			"name": "group",
			"origin": [8, 4, 8],
			"color": 0,
			"children": [0, 1, 2]
		}
	]
}