{
	"credit": "Made with Blockbench",
	"texture_size": [32, 32],
	"textures": {
		"0": "cosmetics/frog_hat",
		"1": "cosmetics/tongue_anim",
		"particle": "cosmetics/frog_hat"
	},
	"elements": [
		{
			"from": [3.5, 5, 3.5],
			"to": [12.5, 9, 12.5],
			"rotation": {"angle": 0, "axis": "y", "origin": [8, 7, 8]},
			"faces": {
				"north": {"uv": [2.5, 0, 4.75, 1], "texture": "#0"},
				"east": {"uv": [2.5, 1.25, 4.75, 2.25], "texture": "#0"},
				"south": {"uv": [2.5, 2.5, 4.75, 3.5], "texture": "#0"},
				"west": {"uv": [2.5, 3.75, 4.75, 4.75], "texture": "#0"},
				"up": {"uv": [2.25, 2.25, 0, 0], "texture": "#0"},
				"down": {"uv": [2.25, 2.5, 0, 4.75], "texture": "#0"}
			}
		},
		{
			"from": [1, 4.5, 4],
			"to": [4, 5.5, 6],
			"rotation": {"angle": 22.5, "axis": "z", "origin": [2, 6, 4.5]},
			"faces": {
				"north": {"uv": [5, 4.5, 5.75, 4.75], "texture": "#0"},
				"east": {"uv": [8.75, 3, 9.25, 3.25], "texture": "#0"},
				"south": {"uv": [8, 6, 8.75, 6.25], "texture": "#0"},
				"west": {"uv": [8.75, 3.5, 9.25, 3.75], "texture": "#0"},
				"up": {"uv": [8.5, 3.5, 7.75, 3], "texture": "#0"},
				"down": {"uv": [8.5, 3.75, 7.75, 4.25], "texture": "#0"}
			}
		},
		{
			"from": [-1, 4.5, 3],
			"to": [2, 4.5, 7],
			"rotation": {"angle": 22.5, "axis": "z", "origin": [2, 6, 4.5]},
			"faces": {
				"north": {"uv": [9.25, 1.25, 10, 1.25], "texture": "#0"},
				"east": {"uv": [9.25, 1.5, 10.25, 1.5], "texture": "#0"},
				"south": {"uv": [2.5, 9.25, 3.25, 9.25], "texture": "#0"},
				"west": {"uv": [9.25, 5, 10.25, 5], "texture": "#0"},
				"up": {"uv": [3.5, 7.25, 2.75, 6.25], "texture": "#0"},
				"down": {"uv": [7, 4.5, 6.25, 5.5], "texture": "#0"}
			}
		},
		{
			"from": [12, 4.5, 4],
			"to": [15, 5.5, 6],
			"rotation": {"angle": -22.5, "axis": "z", "origin": [14, 6, 4.5]},
			"faces": {
				"north": {"uv": [4.5, 8.25, 5.25, 8.5], "texture": "#0"},
				"east": {"uv": [8.75, 4, 9.25, 4.25], "texture": "#0"},
				"south": {"uv": [8.5, 4.5, 9.25, 4.75], "texture": "#0"},
				"west": {"uv": [4.5, 8.75, 5, 9], "texture": "#0"},
				"up": {"uv": [7, 8.25, 6.25, 7.75], "texture": "#0"},
				"down": {"uv": [0.75, 8, 0, 8.5], "texture": "#0"}
			}
		},
		{
			"from": [14, 4.5, 3],
			"to": [17, 4.5, 7],
			"rotation": {"angle": -22.5, "axis": "z", "origin": [14, 6, 4.5]},
			"faces": {
				"north": {"uv": [9.25, 5.25, 10, 5.25], "texture": "#0"},
				"east": {"uv": [9.25, 5.5, 10.25, 5.5], "texture": "#0"},
				"south": {"uv": [6, 9.25, 6.75, 9.25], "texture": "#0"},
				"west": {"uv": [9.25, 6.5, 10.25, 6.5], "texture": "#0"},
				"up": {"uv": [7, 6.75, 6.25, 5.75], "texture": "#0"},
				"down": {"uv": [4.5, 6.5, 3.75, 7.5], "texture": "#0"}
			}
		},
		{
			"from": [11.5, -1, 5],
			"to": [12.5, 5, 7],
			"rotation": {"angle": 0, "axis": "y", "origin": [8, 7, 8.5]},
			"faces": {
				"north": {"uv": [3.5, 7.75, 3.75, 9.25], "texture": "#0"},
				"east": {"uv": [6.25, 1.25, 6.75, 2.75], "texture": "#0"},
				"south": {"uv": [4, 7.75, 4.25, 9.25], "texture": "#0"},
				"west": {"uv": [2, 6.25, 2.5, 7.75], "texture": "#0"},
				"up": {"uv": [6.75, 9, 6.5, 8.5], "texture": "#0"},
				"down": {"uv": [0.25, 8.75, 0, 9.25], "texture": "#0"}
			}
		},
		{
			"from": [3.5, -1, 5],
			"to": [4.5, 5, 7],
			"rotation": {"angle": 0, "axis": "y", "origin": [8, 7, 8.5]},
			"faces": {
				"north": {"uv": [1, 8, 1.25, 9.5], "texture": "#0"},
				"east": {"uv": [4.75, 6.5, 5.25, 8], "texture": "#0"},
				"south": {"uv": [1.5, 8, 1.75, 9.5], "texture": "#0"},
				"west": {"uv": [5.5, 6.5, 6, 8], "texture": "#0"},
				"up": {"uv": [9, 5.5, 8.75, 5], "texture": "#0"},
				"down": {"uv": [9, 6.5, 8.75, 7], "texture": "#0"}
			}
		},
		{
			"from": [4.5, -1, 5],
			"to": [11.5, 0, 7],
			"rotation": {"angle": 0, "axis": "y", "origin": [8, 7, 8.5]},
			"faces": {
				"north": {"uv": [7.75, 2, 9.5, 2.25], "texture": "#0"},
				"east": {"uv": [7, 8.75, 7.5, 9], "texture": "#0"},
				"south": {"uv": [7.75, 2.5, 9.5, 2.75], "texture": "#0"},
				"west": {"uv": [8.75, 7.25, 9.25, 7.5], "texture": "#0"},
				"up": {"uv": [6, 6.25, 4.25, 5.75], "texture": "#0"},
				"down": {"uv": [1.75, 6.25, 0, 6.75], "texture": "#0"}
			}
		},
		{
			"from": [5, -4.93934, 5],
			"to": [11, -0.93934, 5],
			"rotation": {"angle": 0, "axis": "y", "origin": [8, -1.43934, 5.25]},
			"faces": {
				"north": {"uv": [0, 5, 1.5, 6], "texture": "#0"},
				"east": {"uv": [2, 9.25, 2, 10.25], "texture": "#0"},
				"south": {"uv": [5, 0, 6.5, 1], "texture": "#0"},
				"west": {"uv": [2.25, 9.25, 2.25, 10.25], "texture": "#0"},
				"up": {"uv": [10.5, 8.75, 9, 8.75], "texture": "#0"},
				"down": {"uv": [10.75, 1, 9.25, 1], "texture": "#0"}
			}
		},
		{
			"from": [7, -2.43934, 4.75],
			"to": [9, -0.43934, 5.75],
			"rotation": {"angle": 45, "axis": "z", "origin": [8, -1.43934, 5.25]},
			"faces": {
				"north": {"uv": [7.25, 8, 7.75, 8.5], "texture": "#0"},
				"east": {"uv": [0.5, 8.75, 0.75, 9.25], "texture": "#0"},
				"south": {"uv": [8, 8, 8.5, 8.5], "texture": "#0"},
				"west": {"uv": [8.75, 1, 9, 1.5], "texture": "#0"},
				"up": {"uv": [2.5, 9, 2, 8.75], "texture": "#0"},
				"down": {"uv": [3.25, 8.75, 2.75, 9], "texture": "#0"}
			}
		},
		{
			"from": [4.5, 6.5, 2.46447],
			"to": [11.5, 8.5, 3.46447],
			"rotation": {"angle": 0, "axis": "y", "origin": [8, 7.5, 4.46447]},
			"faces": {
				"north": {"uv": [5, 3.75, 6.75, 4.25], "texture": "#0"},
				"east": {"uv": [5.5, 8.25, 5.75, 8.75], "texture": "#0"},
				"south": {"uv": [4.25, 5, 6, 5.5], "texture": "#0"},
				"west": {"uv": [6, 8.5, 6.25, 9], "texture": "#0"},
				"up": {"uv": [9.5, 0.25, 7.75, 0], "texture": "#0"},
				"down": {"uv": [9.5, 0.5, 7.75, 0.75], "texture": "#0"}
			}
		},
		{
			"from": [2, 8.5, 4.5],
			"to": [6, 12.5, 6.5],
			"rotation": {"angle": 22.5, "axis": "z", "origin": [5.5, 11, 5.5]},
			"faces": {
				"north": {"uv": [5, 1.25, 6, 2.25], "texture": "#0"},
				"east": {"uv": [7, 2, 7.5, 3], "texture": "#0"},
				"south": {"uv": [1.75, 5, 2.75, 6], "texture": "#0"},
				"west": {"uv": [7, 3.25, 7.5, 4.25], "texture": "#0"},
				"up": {"uv": [7.25, 7.5, 6.25, 7], "texture": "#0"},
				"down": {"uv": [8.25, 4.5, 7.25, 5], "texture": "#0"}
			}
		},
		{
			"from": [2.5, 9, 4.45],
			"to": [5.5, 12, 4.45],
			"rotation": {"angle": 22.5, "axis": "z", "origin": [5.5, 11, 5.5]},
			"faces": {
				"north": {"uv": [6.75, 0, 7.5, 0.75], "texture": "#0"},
				"east": {"uv": [5.25, 8.75, 5.25, 9.5], "texture": "#0"},
				"south": {"uv": [0, 7, 0.75, 7.75], "texture": "#0"},
				"west": {"uv": [7.75, 8.75, 7.75, 9.5], "texture": "#0"},
				"up": {"uv": [8.75, 1.75, 8, 1.75], "texture": "#0"},
				"down": {"uv": [9.5, 5.75, 8.75, 5.75], "texture": "#0"}
			}
		},
		{
			"from": [3, 9.5, 4.425],
			"to": [5, 11.5, 4.425],
			"rotation": {"angle": 22.5, "axis": "z", "origin": [5.5, 11, 5.5]},
			"faces": {
				"north": {"uv": [6.25, 3, 6.75, 3.5], "texture": "#0"},
				"east": {"uv": [8.75, 7.75, 8.75, 8.25], "texture": "#0"},
				"south": {"uv": [8, 1, 8.5, 1.5], "texture": "#0"},
				"west": {"uv": [8, 8.75, 8, 9.25], "texture": "#0"},
				"up": {"uv": [8.75, 8.75, 8.25, 8.75], "texture": "#0"},
				"down": {"uv": [9.25, 8.5, 8.75, 8.5], "texture": "#0"}
			}
		},
		{
			"from": [10, 8.5, 4.5],
			"to": [14, 12.5, 6.5],
			"rotation": {"angle": -22.5, "axis": "z", "origin": [10.5, 11, 5.5]},
			"faces": {
				"north": {"uv": [5, 2.5, 6, 3.5], "texture": "#0"},
				"east": {"uv": [7.25, 5.25, 7.75, 6.25], "texture": "#0"},
				"south": {"uv": [3, 5, 4, 6], "texture": "#0"},
				"west": {"uv": [2.75, 7.5, 3.25, 8.5], "texture": "#0"},
				"up": {"uv": [8.5, 7, 7.5, 6.5], "texture": "#0"},
				"down": {"uv": [8.5, 7.25, 7.5, 7.75], "texture": "#0"}
			}
		},
		{
			"from": [10.5, 9, 4.45],
			"to": [13.5, 12, 4.45],
			"rotation": {"angle": -22.5, "axis": "z", "origin": [10.5, 11, 5.5]},
			"faces": {
				"north": {"uv": [1, 7, 1.75, 7.75], "texture": "#0"},
				"east": {"uv": [5.5, 9, 5.5, 9.75], "texture": "#0"},
				"south": {"uv": [7, 1, 7.75, 1.75], "texture": "#0"},
				"west": {"uv": [5.75, 9, 5.75, 9.75], "texture": "#0"},
				"up": {"uv": [9.75, 1.75, 9, 1.75], "texture": "#0"},
				"down": {"uv": [9.75, 6, 9, 6], "texture": "#0"}
			}
		},
		{
			"from": [11, 9.5, 4.425],
			"to": [13, 11.5, 4.425],
			"rotation": {"angle": -22.5, "axis": "z", "origin": [10.5, 11, 5.5]},
			"faces": {
				"north": {"uv": [2, 8, 2.5, 8.5], "texture": "#0"},
				"east": {"uv": [9, 7.75, 9, 8.25], "texture": "#0"},
				"south": {"uv": [8, 5.25, 8.5, 5.75], "texture": "#0"},
				"west": {"uv": [8.25, 9, 8.25, 9.5], "texture": "#0"},
				"up": {"uv": [9.5, 6.25, 9, 6.25], "texture": "#0"},
				"down": {"uv": [9, 9, 8.5, 9], "texture": "#0"}
			}
		},
		{
			"from": [6, 6.475, -1.5],
			"to": [10, 6.475, 3.5],
			"faces": {
				"north": {"uv": [0, 5, 2, 5], "texture": "#1"},
				"east": {"uv": [5, 0, 9.5, 0], "texture": "#1"},
				"south": {"uv": [5, 0.5, 7, 0.5], "texture": "#1"},
				"west": {"uv": [5, 1, 9.5, 1], "texture": "#1"},
				"up": {"uv": [2, 2.5, 0, 0], "texture": "#1"},
				"down": {"uv": [4.5, 0, 2.5, 2.5], "texture": "#1"}
			}
		},
		{
			"from": [6, 5.70971, -5.34738],
			"to": [10, 5.70971, -1.34738],
			"rotation": {"angle": -22.5, "axis": "x", "origin": [8, 5.70971, -3.34738]},
			"faces": {
				"north": {"uv": [0, 5, 2, 5], "texture": "#1"},
				"east": {"uv": [5, 0, 9.5, 0], "texture": "#1"},
				"south": {"uv": [5, 0.5, 7, 0.5], "texture": "#1"},
				"west": {"uv": [5, 1, 9.5, 1], "texture": "#1"},
				"up": {"uv": [2, 4.5, 0, 2.5], "texture": "#1"},
				"down": {"uv": [4.5, 2.5, 2.5, 4.5], "texture": "#1"}
			}
		}
	],
	"gui_light": "front",
	"display": {
		"thirdperson_righthand": {
			"translation": [-2, 1.5, 0.75],
			"scale": [0.5, 0.5, 0.5]
		},
		"thirdperson_lefthand": {
			"translation": [-2, 1.5, 0.75],
			"scale": [0.5, 0.5, 0.5]
		},
		"ground": {
			"translation": [0, 2.75, 0],
			"scale": [0.5, 0.5, 0.5]
		},
		"gui": {
			"rotation": [-170.5, 14.75, -180],
			"translation": [0, 3.75, 0],
			"scale": [0.9, 0.9, 0.9]
		},
		"head": {
			"translation": [0, 7, 0],
			"scale": [1.61, 1.61, 1.61]
		},
		"fixed": {
			"rotation": [-17.25, 0, 0],
			"translation": [0, 3.5, -2.75]
		}
	},
	"groups": [
		0,
		1,
		2,
		3,
		4,
		5,
		6,
		7,
		8,
		9,
		10,
		{
			"name": "group",
			"origin": [5.5, 11, 5.5],
			"color": 0,
			"children": [11, 12, 13]
		},
		{
			"name": "group",
			"origin": [5.5, 11, 5.5],
			"color": 0,
			"children": [14, 15, 16]
		},
		17,
		18
	]
}