{
	"credit": "Made with Blockbench",
	"texture_size": [128, 128],
	"textures": {
		"2": "cosmetics/glider_double"
	},
	"elements": [
		{
			"from": [3, 3.7, -6],
			"to": [13, 5.7, -4],
			"rotation": {"angle": 0, "axis": "y", "origin": [0, -3.3, 0]},
			"faces": {
				"north": {"uv": [5.75, 5.75, 7, 6], "texture": "#2"},
				"east": {"uv": [4.375, 7, 4.625, 7.25], "texture": "#2"},
				"south": {"uv": [5.75, 6.125, 7, 6.375], "texture": "#2"},
				"west": {"uv": [7, 4.625, 7.25, 4.875], "texture": "#2"},
				"up": {"uv": [1.25, 6.75, 0, 6.5], "texture": "#2"},
				"down": {"uv": [7.75, 0, 6.5, 0.25], "texture": "#2"}
			}
		},
		{
			"from": [11, 5.7, -6],
			"to": [13, 9.7, -4],
			"rotation": {"angle": 0, "axis": "y", "origin": [0, -3.3, 0]},
			"faces": {
				"north": {"uv": [6.75, 6.5, 7, 7], "texture": "#2"},
				"east": {"uv": [0, 6.875, 0.25, 7.375], "texture": "#2"},
				"south": {"uv": [0.375, 6.875, 0.625, 7.375], "texture": "#2"},
				"west": {"uv": [0.75, 6.875, 1, 7.375], "texture": "#2"},
				"up": {"uv": [7.375, 6, 7.125, 5.75], "texture": "#2"},
				"down": {"uv": [7.375, 6.125, 7.125, 6.375], "texture": "#2"}
			}
		},
		{
			"from": [3, 5.7, -6],
			"to": [5, 9.7, -4],
			"rotation": {"angle": 0, "axis": "y", "origin": [16, -3.3, 0]},
			"faces": {
				"north": {"uv": [1.125, 6.875, 1.375, 7.375], "texture": "#2"},
				"east": {"uv": [6.875, 1.25, 7.125, 1.75], "texture": "#2"},
				"south": {"uv": [1.5, 6.875, 1.75, 7.375], "texture": "#2"},
				"west": {"uv": [1.875, 6.875, 2.125, 7.375], "texture": "#2"},
				"up": {"uv": [6.75, 7.375, 6.5, 7.125], "texture": "#2"},
				"down": {"uv": [7.375, 6.5, 7.125, 6.75], "texture": "#2"}
			}
		},
		{
			"from": [3, 9.7, -6],
			"to": [13, 11.7, -4],
			"rotation": {"angle": 0, "axis": "y", "origin": [0, -2.75, 0]},
			"faces": {
				"north": {"uv": [6.5, 0.375, 7.75, 0.625], "texture": "#2"},
				"east": {"uv": [5.75, 7, 6, 7.25], "texture": "#2"},
				"south": {"uv": [1.375, 6.5, 2.625, 6.75], "texture": "#2"},
				"west": {"uv": [6.125, 7, 6.375, 7.25], "texture": "#2"},
				"up": {"uv": [4, 6.75, 2.75, 6.5], "texture": "#2"},
				"down": {"uv": [7.75, 4.25, 6.5, 4.5], "texture": "#2"}
			}
		},
		{
			"from": [2, 11, -16],
			"to": [5, 14, -3],
			"faces": {
				"north": {"uv": [4.125, 6.5, 4.5, 6.875], "texture": "#2"},
				"east": {"uv": [4.75, 0, 6.375, 0.375], "texture": "#2"},
				"south": {"uv": [6.5, 4.625, 6.875, 5], "texture": "#2"},
				"west": {"uv": [4.75, 0.5, 6.375, 0.875], "texture": "#2"},
				"up": {"uv": [5.125, 2.625, 4.75, 1], "texture": "#2"},
				"down": {"uv": [5.125, 2.75, 4.75, 4.375], "texture": "#2"}
			}
		},
		{
			"from": [-6, 12, -12],
			"to": [2, 13, -8],
			"faces": {
				"north": {"uv": [6.5, 0.75, 7.5, 0.875], "texture": "#2"},
				"east": {"uv": [5.75, 4.25, 6.25, 4.375], "texture": "#2"},
				"south": {"uv": [6.5, 5.125, 7.5, 5.25], "texture": "#2"},
				"west": {"uv": [6.875, 7.125, 7.375, 7.25], "texture": "#2"},
				"up": {"uv": [6.75, 1.75, 5.75, 1.25], "texture": "#2"},
				"down": {"uv": [6.75, 1.875, 5.75, 2.375], "texture": "#2"}
			}
		},
		{
			"from": [14, 12, -12],
			"to": [22, 13, -8],
			"rotation": {"angle": 0, "axis": "y", "origin": [16, 0, 0]},
			"faces": {
				"north": {"uv": [6.875, 1.875, 7.875, 2], "texture": "#2"},
				"east": {"uv": [7.125, 6.875, 7.625, 7], "texture": "#2"},
				"south": {"uv": [6.875, 2.125, 7.875, 2.25], "texture": "#2"},
				"west": {"uv": [7.25, 1.625, 7.75, 1.75], "texture": "#2"},
				"up": {"uv": [6.75, 3, 5.75, 2.5], "texture": "#2"},
				"down": {"uv": [6.75, 3.125, 5.75, 3.625], "texture": "#2"}
			}
		},
		{
			"from": [3, 12, 0],
			"to": [4, 13, 32],
			"faces": {
				"north": {"uv": [7.375, 2.375, 7.5, 2.5], "texture": "#2"},
				"east": {"uv": [4.75, 5.5, 8.75, 5.625], "texture": "#2"},
				"south": {"uv": [2.625, 7.375, 2.75, 7.5], "texture": "#2"},
				"west": {"uv": [5.75, 1, 9.75, 1.125], "texture": "#2"},
				"up": {"uv": [4.875, 9.75, 4.75, 5.75], "texture": "#2"},
				"down": {"uv": [5.125, 5.75, 5, 9.75], "texture": "#2"}
			}
		},
		{
			"name": "flat",
			"from": [-16, 12.5, -15],
			"to": [2, 12.5, 10],
			"rotation": {"angle": 0, "axis": "y", "origin": [-5.5, 13, -9]},
			"faces": {
				"north": {"uv": [6.5, 5.375, 8.75, 5.375], "texture": "#2"},
				"east": {"uv": [6.875, 3.625, 10, 3.625], "texture": "#2"},
				"south": {"uv": [7, 5, 9.25, 5], "texture": "#2"},
				"west": {"uv": [7.375, 2.625, 10.5, 2.625], "texture": "#2"},
				"up": {"uv": [2.25, 3.125, 0, 0], "texture": "#2"},
				"down": {"uv": [4.625, 0, 2.375, 3.125], "texture": "#2"}
			}
		},
		{
			"name": "flat",
			"from": [14, 12.5, -15],
			"to": [32, 12.5, 10],
			"rotation": {"angle": 0, "axis": "y", "origin": [21.5, 13, -9]},
			"faces": {
				"north": {"uv": [7.375, 3.375, 9.625, 3.375], "texture": "#2"},
				"east": {"uv": [7.375, 3.5, 10.5, 3.5], "texture": "#2"},
				"south": {"uv": [7.375, 4.625, 9.625, 4.625], "texture": "#2"},
				"west": {"uv": [7.375, 4.75, 10.5, 4.75], "texture": "#2"},
				"up": {"uv": [2.25, 6.375, 0, 3.25], "texture": "#2"},
				"down": {"uv": [4.625, 3.25, 2.375, 6.375], "texture": "#2"}
			}
		},
		{
			"from": [2.5, 11.5, -3],
			"to": [4.5, 13.5, 0],
			"faces": {
				"north": {"uv": [7.25, 1.25, 7.5, 1.5], "texture": "#2"},
				"east": {"uv": [2.25, 6.875, 2.625, 7.125], "texture": "#2"},
				"south": {"uv": [2.25, 7.25, 2.5, 7.5], "texture": "#2"},
				"west": {"uv": [6.875, 2.375, 7.25, 2.625], "texture": "#2"},
				"up": {"uv": [3, 7.25, 2.75, 6.875], "texture": "#2"},
				"down": {"uv": [7.125, 2.75, 6.875, 3.125], "texture": "#2"}
			}
		},
		{
			"from": [11, 11, -16],
			"to": [14, 14, -3],
			"faces": {
				"north": {"uv": [5.75, 6.5, 6.125, 6.875], "texture": "#2"},
				"east": {"uv": [4.75, 4.5, 6.375, 4.875], "texture": "#2"},
				"south": {"uv": [6.25, 6.5, 6.625, 6.875], "texture": "#2"},
				"west": {"uv": [4.75, 5, 6.375, 5.375], "texture": "#2"},
				"up": {"uv": [5.625, 2.625, 5.25, 1], "texture": "#2"},
				"down": {"uv": [5.625, 2.75, 5.25, 4.375], "texture": "#2"}
			}
		},
		{
			"from": [11.5, 11.5, -3],
			"to": [13.5, 13.5, 0],
			"faces": {
				"north": {"uv": [7.25, 2.75, 7.5, 3], "texture": "#2"},
				"east": {"uv": [3.125, 6.875, 3.5, 7.125], "texture": "#2"},
				"south": {"uv": [3.125, 7.25, 3.375, 7.5], "texture": "#2"},
				"west": {"uv": [6.875, 3.25, 7.25, 3.5], "texture": "#2"},
				"up": {"uv": [3.875, 7.25, 3.625, 6.875], "texture": "#2"},
				"down": {"uv": [4.25, 7, 4, 7.375], "texture": "#2"}
			}
		},
		{
			"from": [12, 12, 0],
			"to": [13, 13, 32],
			"faces": {
				"north": {"uv": [2.875, 7.375, 3, 7.5], "texture": "#2"},
				"east": {"uv": [5.75, 3.75, 9.75, 3.875], "texture": "#2"},
				"south": {"uv": [7.375, 3.125, 7.5, 3.25], "texture": "#2"},
				"west": {"uv": [5.75, 4, 9.75, 4.125], "texture": "#2"},
				"up": {"uv": [5.375, 9.75, 5.25, 5.75], "texture": "#2"},
				"down": {"uv": [5.625, 5.75, 5.5, 9.75], "texture": "#2"}
			}
		}
	],
	"gui_light": "front",
	"display": {
		"thirdperson_righthand": {
			"rotation": [180, 0, 0],
			"translation": [-6, -3, -11]
		},
		"thirdperson_lefthand": {
			"rotation": [180, 0, 0],
			"translation": [-6, -3, -11]
		},
		"firstperson_righthand": {
			"translation": [0, -1.25, 0],
			"scale": [0, 0, 0]
		},
		"firstperson_lefthand": {
			"translation": [0, -1.25, 0],
			"scale": [0, 0, 0]
		},
		"ground": {
			"scale": [0.3, 0.3, 0.3]
		},
		"gui": {
			"rotation": [52.22, 34.85, -16.8],
			"translation": [1.75, -1.5, 0],
			"scale": [0.3, 0.3, 0.3]
		},
		"head": {
			"rotation": [90, 0, 0],
			"translation": [0, -46.25, 1],
			"scale": [2, 2, 2]
		},
		"fixed": {
			"rotation": [90, 0, -180],
			"translation": [0, 0, 1.5],
			"scale": [0.3, 0.3, 0.3]
		}
	}
}