{
	"credit": "Made with Blockbench",
	"parent": "glider_two_v1",
	"texture_size": [128, 128],
	"textures": {
		"0": "cosmetics/glider_plane",
		"particle": "cosmetics/glider_plane"
	},
	"elements": [
		{
			"from": [4, 5.6, -1],
			"to": [5, 10.6, 0],
			"rotation": {"angle": 0, "axis": "y", "origin": [8, 10.8, 5]},
			"faces": {
				"north": {"uv": [0.75, 9.75, 0.875, 10.375], "texture": "#0"},
				"east": {"uv": [9.75, 0.75, 9.875, 1.375], "texture": "#0"},
				"south": {"uv": [1, 9.75, 1.125, 10.375], "texture": "#0"},
				"west": {"uv": [1.25, 9.75, 1.375, 10.375], "texture": "#0"},
				"up": {"uv": [9.875, 3.125, 9.75, 3], "texture": "#0"},
				"down": {"uv": [3.375, 9.75, 3.25, 9.875], "texture": "#0"}
			}
		},
		{
			"from": [4, 4.6, -1],
			"to": [12, 5.6, 0],
			"rotation": {"angle": 0, "axis": "y", "origin": [8, 10.8, 5]},
			"faces": {
				"north": {"uv": [5.5, 9.25, 6.5, 9.375], "texture": "#0"},
				"east": {"uv": [9.75, 2.75, 9.875, 2.875], "texture": "#0"},
				"south": {"uv": [9, 9.25, 10, 9.375], "texture": "#0"},
				"west": {"uv": [3, 9.75, 3.125, 9.875], "texture": "#0"},
				"up": {"uv": [1, 9.625, 0, 9.5], "texture": "#0"},
				"down": {"uv": [2.125, 9.5, 1.125, 9.625], "texture": "#0"}
			}
		},
		{
			"from": [11, 5.6, -1],
			"to": [12, 10.6, 0],
			"rotation": {"angle": 0, "axis": "y", "origin": [8, 10.8, 5]},
			"faces": {
				"north": {"uv": [0, 9.75, 0.125, 10.375], "texture": "#0"},
				"east": {"uv": [9.75, 0, 9.875, 0.625], "texture": "#0"},
				"south": {"uv": [0.25, 9.75, 0.375, 10.375], "texture": "#0"},
				"west": {"uv": [0.5, 9.75, 0.625, 10.375], "texture": "#0"},
				"up": {"uv": [9.875, 2.625, 9.75, 2.5], "texture": "#0"},
				"down": {"uv": [2.875, 9.75, 2.75, 9.875], "texture": "#0"}
			}
		},
		{
			"from": [11, 5.6, -5],
			"to": [12, 10.6, -4],
			"rotation": {"angle": 0, "axis": "y", "origin": [8, 10.8, 5]},
			"faces": {
				"north": {"uv": [8.75, 9.5, 8.875, 10.125], "texture": "#0"},
				"east": {"uv": [9, 9.5, 9.125, 10.125], "texture": "#0"},
				"south": {"uv": [9.25, 9.5, 9.375, 10.125], "texture": "#0"},
				"west": {"uv": [9.5, 9.5, 9.625, 10.125], "texture": "#0"},
				"up": {"uv": [9.875, 2.375, 9.75, 2.25], "texture": "#0"},
				"down": {"uv": [2.625, 9.75, 2.5, 9.875], "texture": "#0"}
			}
		},
		{
			"from": [11.7706, 6, -14.84672],
			"to": [12.7706, 11, -13.84672],
			"rotation": {"angle": -22.5, "axis": "y", "origin": [8.2706, 8.5, -14.34672]},
			"faces": {
				"north": {"uv": [9, 9.5, 9.125, 10.125], "texture": "#0"},
				"east": {"uv": [9.25, 9.5, 9.375, 10.125], "texture": "#0"},
				"south": {"uv": [9.5, 9.5, 9.625, 10.125], "texture": "#0"},
				"west": {"uv": [8.75, 9.5, 8.875, 10.125], "texture": "#0"},
				"up": {"uv": [9.875, 2.375, 9.75, 2.25], "rotation": 270, "texture": "#0"},
				"down": {"uv": [2.625, 9.75, 2.5, 9.875], "rotation": 90, "texture": "#0"}
			}
		},
		{
			"from": [3.2294, 6, -14.84672],
			"to": [4.2294, 11, -13.84672],
			"rotation": {"angle": 22.5, "axis": "y", "origin": [7.7294, 8.5, -14.34672]},
			"faces": {
				"north": {"uv": [9.125, 9.5, 9, 10.125], "texture": "#0"},
				"east": {"uv": [8.875, 9.5, 8.75, 10.125], "texture": "#0"},
				"south": {"uv": [9.625, 9.5, 9.5, 10.125], "texture": "#0"},
				"west": {"uv": [9.375, 9.5, 9.25, 10.125], "texture": "#0"},
				"up": {"uv": [9.875, 2.25, 9.75, 2.375], "rotation": 270, "texture": "#0"},
				"down": {"uv": [2.625, 9.875, 2.5, 9.75], "rotation": 90, "texture": "#0"}
			}
		},
		{
			"from": [4, 5.6, -5],
			"to": [5, 10.6, -4],
			"rotation": {"angle": 0, "axis": "y", "origin": [8, 10.8, 5]},
			"faces": {
				"north": {"uv": [5.625, 9.5, 5.75, 10.125], "texture": "#0"},
				"east": {"uv": [5.875, 9.5, 6, 10.125], "texture": "#0"},
				"south": {"uv": [6.125, 9.5, 6.25, 10.125], "texture": "#0"},
				"west": {"uv": [6.375, 9.5, 6.5, 10.125], "texture": "#0"},
				"up": {"uv": [6.375, 8.625, 6.25, 8.5], "texture": "#0"},
				"down": {"uv": [2.375, 9.75, 2.25, 9.875], "texture": "#0"}
			}
		},
		{
			"from": [4, 4.6, -5],
			"to": [12, 5.6, -4],
			"rotation": {"angle": 0, "axis": "y", "origin": [8, 10.8, 5]},
			"faces": {
				"north": {"uv": [2.25, 9.5, 3.25, 9.625], "texture": "#0"},
				"east": {"uv": [8.375, 9.75, 8.5, 9.875], "texture": "#0"},
				"south": {"uv": [3.375, 9.5, 4.375, 9.625], "texture": "#0"},
				"west": {"uv": [9.75, 9.5, 9.875, 9.625], "texture": "#0"},
				"up": {"uv": [5.5, 9.625, 4.5, 9.5], "texture": "#0"},
				"down": {"uv": [8.625, 9.5, 7.625, 9.625], "texture": "#0"}
			}
		},
		{
			"from": [4, 10.6, -5],
			"to": [12, 11.6, 0],
			"rotation": {"angle": 0, "axis": "y", "origin": [8, 10.8, 5]},
			"faces": {
				"north": {"uv": [5.5, 8.75, 6.5, 8.875], "texture": "#0"},
				"east": {"uv": [4, 6.75, 4.625, 6.875], "texture": "#0"},
				"south": {"uv": [5.5, 9, 6.5, 9.125], "texture": "#0"},
				"west": {"uv": [1.5, 8.25, 2.125, 8.375], "texture": "#0"},
				"up": {"uv": [8.75, 5.375, 7.75, 4.75], "texture": "#0"},
				"down": {"uv": [6.5, 7.75, 5.5, 8.375], "texture": "#0"}
			}
		},
		{
			"from": [0.30827, 11, -13.66893],
			"to": [10.30827, 12, -12.66893],
			"rotation": {"angle": -22.5, "axis": "y", "origin": [7.5, 10.8, 5]},
			"faces": {
				"north": {"uv": [0, 8.75, 1.25, 8.875], "texture": "#0"},
				"east": {"uv": [2.25, 8.25, 2.375, 8.375], "texture": "#0"},
				"south": {"uv": [1.375, 8.75, 2.625, 8.875], "texture": "#0"},
				"west": {"uv": [6, 8.5, 6.125, 8.625], "texture": "#0"},
				"up": {"uv": [4, 8.875, 2.75, 8.75], "texture": "#0"},
				"down": {"uv": [5.375, 8.75, 4.125, 8.875], "texture": "#0"}
			}
		},
		{
			"from": [16.85611, 11, -11.24929],
			"to": [26.85611, 12, -10.24929],
			"rotation": {"angle": 0, "axis": "y", "origin": [7.5, 10.8, 5]},
			"faces": {
				"north": {"uv": [7.625, 8.75, 8.875, 8.875], "texture": "#0"},
				"east": {"uv": [9.75, 3.25, 9.875, 3.375], "texture": "#0"},
				"south": {"uv": [8.875, 4.75, 10.125, 4.875], "texture": "#0"},
				"west": {"uv": [3.5, 9.75, 3.625, 9.875], "texture": "#0"},
				"up": {"uv": [10.125, 5.125, 8.875, 5], "texture": "#0"},
				"down": {"uv": [10.125, 5.25, 8.875, 5.375], "texture": "#0"}
			}
		},
		{
			"from": [5.69173, 11, -13.66893],
			"to": [15.69173, 12, -12.66893],
			"rotation": {"angle": 22.5, "axis": "y", "origin": [8.5, 10.8, 5]},
			"faces": {
				"north": {"uv": [9, 7, 10.25, 7.125], "texture": "#0"},
				"east": {"uv": [9.75, 3.75, 9.875, 3.875], "texture": "#0"},
				"south": {"uv": [9, 7.25, 10.25, 7.375], "texture": "#0"},
				"west": {"uv": [4, 9.75, 4.125, 9.875], "texture": "#0"},
				"up": {"uv": [10.25, 7.625, 9, 7.5], "texture": "#0"},
				"down": {"uv": [8.875, 9, 7.625, 9.125], "texture": "#0"}
			}
		},
		{
			"from": [-10.85611, 11, -11.24929],
			"to": [-0.85611, 12, -10.24929],
			"rotation": {"angle": 0, "axis": "y", "origin": [8.5, 10.8, 5]},
			"faces": {
				"north": {"uv": [0, 9, 1.25, 9.125], "texture": "#0"},
				"east": {"uv": [9.75, 3.5, 9.875, 3.625], "texture": "#0"},
				"south": {"uv": [1.375, 9, 2.625, 9.125], "texture": "#0"},
				"west": {"uv": [3.75, 9.75, 3.875, 9.875], "texture": "#0"},
				"up": {"uv": [4, 9.125, 2.75, 9], "texture": "#0"},
				"down": {"uv": [5.375, 9, 4.125, 9.125], "texture": "#0"}
			}
		},
		{
			"from": [0.30827, 5, -13.66893],
			"to": [10.30827, 6, -12.66893],
			"rotation": {"angle": -22.5, "axis": "y", "origin": [7.5, 4.8, 5]},
			"faces": {
				"north": {"uv": [0, 8.75, 1.25, 8.875], "texture": "#0"},
				"east": {"uv": [2.25, 8.25, 2.375, 8.375], "texture": "#0"},
				"south": {"uv": [1.375, 8.75, 2.625, 8.875], "texture": "#0"},
				"west": {"uv": [6, 8.5, 6.125, 8.625], "texture": "#0"},
				"up": {"uv": [4, 8.875, 2.75, 8.75], "texture": "#0"},
				"down": {"uv": [5.375, 8.75, 4.125, 8.875], "texture": "#0"}
			}
		},
		{
			"from": [5.69173, 5, -13.66893],
			"to": [15.69173, 6, -12.66893],
			"rotation": {"angle": 22.5, "axis": "y", "origin": [8.5, 4.8, 5]},
			"faces": {
				"north": {"uv": [9, 7, 10.25, 7.125], "texture": "#0"},
				"east": {"uv": [9.75, 3.75, 9.875, 3.875], "texture": "#0"},
				"south": {"uv": [9, 7.25, 10.25, 7.375], "texture": "#0"},
				"west": {"uv": [4, 9.75, 4.125, 9.875], "texture": "#0"},
				"up": {"uv": [10.25, 7.625, 9, 7.5], "texture": "#0"},
				"down": {"uv": [8.875, 9, 7.625, 9.125], "texture": "#0"}
			}
		},
		{
			"from": [-10.85611, 5, -11.24929],
			"to": [-0.85611, 6, -10.24929],
			"rotation": {"angle": 0, "axis": "y", "origin": [8.5, 4.8, 5]},
			"faces": {
				"north": {"uv": [0, 9, 1.25, 9.125], "texture": "#0"},
				"east": {"uv": [9.75, 3.5, 9.875, 3.625], "texture": "#0"},
				"south": {"uv": [1.375, 9, 2.625, 9.125], "texture": "#0"},
				"west": {"uv": [3.75, 9.75, 3.875, 9.875], "texture": "#0"},
				"up": {"uv": [4, 9.125, 2.75, 9], "texture": "#0"},
				"down": {"uv": [5.375, 9, 4.125, 9.125], "texture": "#0"}
			}
		},
		{
			"from": [16.85611, 5, -11.24929],
			"to": [26.85611, 6, -10.24929],
			"rotation": {"angle": 0, "axis": "y", "origin": [7.5, 4.8, 5]},
			"faces": {
				"north": {"uv": [7.625, 8.75, 8.875, 8.875], "texture": "#0"},
				"east": {"uv": [9.75, 3.25, 9.875, 3.375], "texture": "#0"},
				"south": {"uv": [8.875, 4.75, 10.125, 4.875], "texture": "#0"},
				"west": {"uv": [3.5, 9.75, 3.625, 9.875], "texture": "#0"},
				"up": {"uv": [10.125, 5.125, 8.875, 5], "texture": "#0"},
				"down": {"uv": [10.125, 5.25, 8.875, 5.375], "texture": "#0"}
			}
		},
		{
			"name": "flat_wing",
			"from": [-11, 11.75, -15],
			"to": [27, 11.75, 2],
			"rotation": {"angle": 0, "axis": "y", "origin": [8, 10.8, 5]},
			"faces": {
				"north": {"uv": [10, 0.75, 14.75, 0.75], "texture": "#0"},
				"east": {"uv": [10, 0.875, 12.125, 0.875], "texture": "#0"},
				"south": {"uv": [10, 1, 14.75, 1], "texture": "#0"},
				"west": {"uv": [10, 1.125, 12.125, 1.125], "texture": "#0"},
				"up": {"uv": [4.75, 2.125, 0, 0], "texture": "#0"},
				"down": {"uv": [4.75, 2.25, 0, 4.375], "texture": "#0"}
			}
		},
		{
			"name": "flat_wing",
			"from": [-11, 5.75, -15],
			"to": [27, 5.75, 2],
			"rotation": {"angle": 0, "axis": "y", "origin": [8, 10.8, 5]},
			"faces": {
				"north": {"uv": [10, 0.75, 14.75, 0.75], "texture": "#0"},
				"east": {"uv": [10, 0.875, 12.125, 0.875], "texture": "#0"},
				"south": {"uv": [10, 1, 14.75, 1], "texture": "#0"},
				"west": {"uv": [10, 1.125, 12.125, 1.125], "texture": "#0"},
				"up": {"uv": [4.75, 2.125, 0, 0], "texture": "#0"},
				"down": {"uv": [4.75, 2.25, 0, 4.375], "texture": "#0"}
			}
		},
		{
			"name": "flat_mid",
			"from": [-11, 5.75, -10.75],
			"to": [27, 11.75, -10.75],
			"rotation": {"angle": 0, "axis": "y", "origin": [8, 10.8, 5]},
			"faces": {
				"north": {"uv": [4.875, 2.25, 9.625, 3], "texture": "#0"},
				"east": {"uv": [5.5, 9.75, 5.5, 10.5], "texture": "#0"},
				"south": {"uv": [4.875, 3.125, 9.625, 3.875], "texture": "#0"},
				"west": {"uv": [8.625, 9.75, 8.625, 10.5], "texture": "#0"},
				"up": {"uv": [14.75, 2.375, 10, 2.375], "texture": "#0"},
				"down": {"uv": [14.75, 2.5, 10, 2.5], "texture": "#0"}
			}
		},
		{
			"name": "flat_back",
			"from": [5, 6, 0],
			"to": [5, 11, 22],
			"rotation": {"angle": 0, "axis": "y", "origin": [8, 10.8, 5]},
			"faces": {
				"north": {"uv": [8.375, 10, 8.375, 10.625], "texture": "#0"},
				"east": {"uv": [4.875, 4, 7.625, 4.625], "texture": "#0"},
				"south": {"uv": [8.5, 10, 8.5, 10.625], "texture": "#0"},
				"west": {"uv": [4.875, 4.75, 7.625, 5.375], "texture": "#0"},
				"up": {"uv": [4, 12.875, 4, 10.125], "texture": "#0"},
				"down": {"uv": [4.125, 10.125, 4.125, 12.875], "texture": "#0"}
			}
		},
		{
			"name": "flat_back",
			"from": [11, 6, 0],
			"to": [11, 11, 22],
			"rotation": {"angle": 0, "axis": "y", "origin": [8, 10.8, 5]},
			"faces": {
				"north": {"uv": [10.125, 2.75, 10.125, 3.375], "texture": "#0"},
				"east": {"uv": [4.875, 5.5, 7.625, 6.125], "texture": "#0"},
				"south": {"uv": [4.25, 10.125, 4.25, 10.75], "texture": "#0"},
				"west": {"uv": [4.875, 6.25, 7.625, 6.875], "texture": "#0"},
				"up": {"uv": [4.375, 12.875, 4.375, 10.125], "texture": "#0"},
				"down": {"uv": [4.5, 10.125, 4.5, 12.875], "texture": "#0"}
			}
		},
		{
			"from": [4.5, 11, -13],
			"to": [5.5, 12, 22],
			"rotation": {"angle": 0, "axis": "y", "origin": [8, 10.8, 5]},
			"faces": {
				"north": {"uv": [9.75, 9.75, 9.875, 9.875], "texture": "#0"},
				"east": {"uv": [7.75, 5.5, 12.125, 5.625], "texture": "#0"},
				"south": {"uv": [10, 0, 10.125, 0.125], "texture": "#0"},
				"west": {"uv": [7.75, 5.75, 12.125, 5.875], "texture": "#0"},
				"up": {"uv": [6.75, 12.125, 6.625, 7.75], "texture": "#0"},
				"down": {"uv": [7, 7.75, 6.875, 12.125], "texture": "#0"}
			}
		},
		{
			"from": [10.5, 11, -13],
			"to": [11.5, 12, 22],
			"rotation": {"angle": 0, "axis": "y", "origin": [8, 10.8, 5]},
			"faces": {
				"north": {"uv": [10, 0.25, 10.125, 0.375], "texture": "#0"},
				"east": {"uv": [7.75, 6, 12.125, 6.125], "texture": "#0"},
				"south": {"uv": [10, 0.5, 10.125, 0.625], "texture": "#0"},
				"west": {"uv": [7.75, 6.25, 12.125, 6.375], "texture": "#0"},
				"up": {"uv": [7.25, 12.125, 7.125, 7.75], "texture": "#0"},
				"down": {"uv": [7.5, 7.75, 7.375, 12.125], "texture": "#0"}
			}
		},
		{
			"from": [2.5, 16, 20],
			"to": [13.5, 17, 25],
			"rotation": {"angle": 0, "axis": "y", "origin": [8, 10.8, 5]},
			"faces": {
				"north": {"uv": [2.5, 6.75, 3.875, 6.875], "texture": "#0"},
				"east": {"uv": [1.5, 9.75, 2.125, 9.875], "texture": "#0"},
				"south": {"uv": [1.5, 8.5, 2.875, 8.625], "texture": "#0"},
				"west": {"uv": [9.75, 1.5, 10.375, 1.625], "texture": "#0"},
				"up": {"uv": [8.875, 7.625, 7.5, 7], "texture": "#0"},
				"down": {"uv": [3.875, 7.75, 2.5, 8.375], "texture": "#0"}
			}
		},
		{
			"from": [-1.5, 16.5, 20],
			"to": [17.5, 16.5, 25],
			"rotation": {"angle": 0, "axis": "y", "origin": [8, 10.8, 5]},
			"faces": {
				"north": {"uv": [10, 9.5, 12.375, 9.5], "texture": "#0"},
				"east": {"uv": [7.625, 10, 8.25, 10], "texture": "#0"},
				"south": {"uv": [10, 9.625, 12.375, 9.625], "texture": "#0"},
				"west": {"uv": [9.75, 10, 10.375, 10], "texture": "#0"},
				"up": {"uv": [2.375, 7.375, 0, 6.75], "texture": "#0"},
				"down": {"uv": [4.875, 7, 2.5, 7.625], "texture": "#0"}
			}
		},
		{
			"from": [-1.5, 12.5, 20],
			"to": [17.5, 12.5, 25],
			"rotation": {"angle": 0, "axis": "y", "origin": [8, 10.8, 5]},
			"faces": {
				"north": {"uv": [10, 9.75, 12.375, 9.75], "texture": "#0"},
				"east": {"uv": [10, 9.875, 10.625, 9.875], "texture": "#0"},
				"south": {"uv": [1.5, 10.125, 3.875, 10.125], "texture": "#0"},
				"west": {"uv": [10.125, 2.625, 10.75, 2.625], "texture": "#0"},
				"up": {"uv": [7.375, 7.625, 5, 7], "texture": "#0"},
				"down": {"uv": [2.375, 7.5, 0, 8.125], "texture": "#0"}
			}
		},
		{
			"from": [2.5, 12, 20],
			"to": [13.5, 13, 25],
			"rotation": {"angle": 0, "axis": "y", "origin": [8, 10.8, 5]},
			"faces": {
				"north": {"uv": [3, 8.5, 4.375, 8.625], "texture": "#0"},
				"east": {"uv": [9.75, 1.75, 10.375, 1.875], "texture": "#0"},
				"south": {"uv": [4.5, 8.5, 5.875, 8.625], "texture": "#0"},
				"west": {"uv": [9.75, 2, 10.375, 2.125], "texture": "#0"},
				"up": {"uv": [5.375, 8.375, 4, 7.75], "texture": "#0"},
				"down": {"uv": [9.125, 4, 7.75, 4.625], "texture": "#0"}
			}
		},
		{
			"from": [2.5, 13, 20.5],
			"to": [13.5, 16, 20.5],
			"rotation": {"angle": 0, "axis": "y", "origin": [8, 10.8, 5]},
			"faces": {
				"north": {"uv": [7.75, 6.5, 9.125, 6.875], "texture": "#0"},
				"east": {"uv": [10, 2.625, 10, 3], "texture": "#0"},
				"south": {"uv": [7.625, 7.75, 9, 8.125], "texture": "#0"},
				"west": {"uv": [10, 3.125, 10, 3.5], "texture": "#0"},
				"up": {"uv": [11.375, 3.625, 10, 3.625], "texture": "#0"},
				"down": {"uv": [5.125, 10, 3.75, 10], "texture": "#0"}
			}
		},
		{
			"from": [2.5, 13, 24.5],
			"to": [13.5, 16, 24.5],
			"rotation": {"angle": 0, "axis": "y", "origin": [8, 10.8, 5]},
			"faces": {
				"north": {"uv": [0, 8.25, 1.375, 8.625], "texture": "#0"},
				"east": {"uv": [5.25, 10, 5.25, 10.375], "texture": "#0"},
				"south": {"uv": [7.625, 8.25, 9, 8.625], "texture": "#0"},
				"west": {"uv": [5.375, 10, 5.375, 10.375], "texture": "#0"},
				"up": {"uv": [11.375, 3.75, 10, 3.75], "texture": "#0"},
				"down": {"uv": [11.375, 3.875, 10, 3.875], "texture": "#0"}
			}
		}
	],
	"gui_light": "front",
	"display": {
		"thirdperson_righthand": {
			"translation": [0, -1, 8.75],
			"scale": [0.7, 0.7, 0.7]
		},
		"thirdperson_lefthand": {
			"translation": [0, -1, 8.75],
			"scale": [0.7, 0.7, 0.7]
		},
		"firstperson_righthand": {
			"rotation": [0, 9, 0],
			"translation": [0, 1.75, 4.5],
			"scale": [0.5, 0.5, 0.5]
		},
		"firstperson_lefthand": {
			"rotation": [0, 9, 0],
			"translation": [0, 1.75, 4.5],
			"scale": [0.5, 0.5, 0.5]
		},
		"ground": {
			"scale": [0.4, 0.4, 0.4]
		},
		"gui": {
			"rotation": [67.12, 44.76, -8.55],
			"translation": [1.5, -1.5, 0],
			"scale": [0.34, 0.34, 0.34]
		},
		"head": {
			"rotation": [90, 0, 0],
			"translation": [0, -42, 0.75],
			"scale": [2.47, 2.48, 2.48]
		},
		"fixed": {
			"rotation": [88.69, -48.96, 176.97],
			"translation": [-2, -2, 0],
			"scale": [0.4, 0.4, 0.4]
		}
	},
	"groups": [
		0,
		1,
		2,
		3,
		4,
		5,
		6,
		7,
		8,
		9,
		10,
		11,
		12,
		13,
		14,
		15,
		16,
		17,
		18,
		19,
		20,
		21,
		22,
		23,
		{
			"name": "tail",
			"origin": [13.42806, 8.9, 6.93768],
			"color": 0,
			"children": [24, 25, 26, 27, 28, 29]
		}
	]
}