{
	"credit": "Made with Blockbench",
	"texture_size": [128, 128],
	"textures": {
		"2": "cosmetics/glider_red"
	},
	"elements": [
		{
			"from": [3, 4, -4],
			"to": [13, 6, -2],
			"rotation": {"angle": 0, "axis": "y", "origin": [0, -3.25, 2]},
			"faces": {
				"north": {"uv": [6, 4.875, 7.25, 5.125], "texture": "#2"},
				"east": {"uv": [0, 7.625, 0.25, 7.875], "texture": "#2"},
				"south": {"uv": [6, 5.25, 7.25, 5.5], "texture": "#2"},
				"west": {"uv": [0.375, 7.625, 0.625, 7.875], "texture": "#2"},
				"up": {"uv": [1.25, 6.625, 0, 6.375], "texture": "#2"},
				"down": {"uv": [2.625, 6.375, 1.375, 6.625], "texture": "#2"}
			}
		},
		{
			"from": [11, 6, -4],
			"to": [13, 10, -2],
			"rotation": {"angle": 0, "axis": "y", "origin": [0, -3.25, 2]},
			"faces": {
				"north": {"uv": [4.375, 7.125, 4.625, 7.625], "texture": "#2"},
				"east": {"uv": [4.75, 7.125, 5, 7.625], "texture": "#2"},
				"south": {"uv": [3.125, 7.375, 3.375, 7.875], "texture": "#2"},
				"west": {"uv": [3.5, 7.375, 3.75, 7.875], "texture": "#2"},
				"up": {"uv": [7.875, 4.375, 7.625, 4.125], "texture": "#2"},
				"down": {"uv": [7.875, 4.5, 7.625, 4.75], "texture": "#2"}
			}
		},
		{
			"from": [3, 6, -4],
			"to": [5, 10, -2],
			"rotation": {"angle": 0, "axis": "y", "origin": [16, -3.25, 2]},
			"faces": {
				"north": {"uv": [3.875, 7.375, 4.125, 7.875], "texture": "#2"},
				"east": {"uv": [7.375, 4.875, 7.625, 5.375], "texture": "#2"},
				"south": {"uv": [7.375, 6.75, 7.625, 7.25], "texture": "#2"},
				"west": {"uv": [7.375, 7.375, 7.625, 7.875], "texture": "#2"},
				"up": {"uv": [5.375, 7.875, 5.125, 7.625], "texture": "#2"},
				"down": {"uv": [5.75, 7.625, 5.5, 7.875], "texture": "#2"}
			}
		},
		{
			"from": [3, 10, -4],
			"to": [13, 12, -2],
			"rotation": {"angle": 0, "axis": "y", "origin": [0, -2.75, 2]},
			"faces": {
				"north": {"uv": [2.75, 6.375, 4, 6.625], "texture": "#2"},
				"east": {"uv": [0.75, 7.625, 1, 7.875], "texture": "#2"},
				"south": {"uv": [6.625, 6, 7.875, 6.25], "texture": "#2"},
				"west": {"uv": [7.625, 3.75, 7.875, 4], "texture": "#2"},
				"up": {"uv": [7.875, 6.625, 6.625, 6.375], "texture": "#2"},
				"down": {"uv": [1.25, 6.75, 0, 7], "texture": "#2"}
			}
		},
		{
			"from": [-8.30656, 10.025, -11.4588],
			"to": [4.69344, 11.975, -9.4588],
			"rotation": {"angle": -22.5, "axis": "y", "origin": [3.69344, 12, -10.4588]},
			"faces": {
				"north": {"uv": [0, 5.625, 1.625, 5.875], "texture": "#2"},
				"east": {"uv": [5.875, 7.625, 6.125, 7.875], "texture": "#2"},
				"south": {"uv": [1.75, 5.625, 3.375, 5.875], "texture": "#2"},
				"west": {"uv": [6.25, 7.625, 6.5, 7.875], "texture": "#2"},
				"up": {"uv": [5.125, 5.875, 3.5, 5.625], "texture": "#2"},
				"down": {"uv": [6.875, 5.625, 5.25, 5.875], "texture": "#2"}
			}
		},
		{
			"from": [-15, 10.999, -16],
			"to": [8, 10.999, -8],
			"rotation": {"angle": -22.5, "axis": "y", "origin": [-7.7758, 11.999, -14.12713]},
			"faces": {
				"north": {"uv": [7, 5.875, 9.875, 5.875], "texture": "#2"},
				"east": {"uv": [7.75, 6.75, 8.75, 6.75], "texture": "#2"},
				"south": {"uv": [7.75, 6.875, 10.625, 6.875], "texture": "#2"},
				"west": {"uv": [7.75, 7, 8.75, 7], "texture": "#2"},
				"up": {"uv": [2.875, 1, 0, 0], "texture": "#2"},
				"down": {"uv": [2.875, 1.125, 0, 2.125], "texture": "#2"}
			}
		},
		{
			"from": [-15, 10.999, 2],
			"to": [8, 10.999, 10],
			"rotation": {"angle": 22.5, "axis": "y", "origin": [-7.7758, 11.999, 8.12713]},
			"faces": {
				"north": {"uv": [7.75, 7.625, 10.625, 7.625], "texture": "#2"},
				"east": {"uv": [7.75, 7.75, 8.75, 7.75], "texture": "#2"},
				"south": {"uv": [7.75, 7.875, 10.625, 7.875], "texture": "#2"},
				"west": {"uv": [0, 8, 1, 8], "texture": "#2"},
				"up": {"uv": [2.875, 3.25, 0, 2.25], "texture": "#2"},
				"down": {"uv": [5.875, 0, 3, 1], "texture": "#2"}
			}
		},
		{
			"from": [-8.30656, 10.025, 3.4588],
			"to": [4.69344, 11.975, 5.4588],
			"rotation": {"angle": 22.5, "axis": "y", "origin": [3.69344, 12, 4.4588]},
			"faces": {
				"north": {"uv": [0, 6, 1.625, 6.25], "texture": "#2"},
				"east": {"uv": [7.75, 1.5, 8, 1.75], "texture": "#2"},
				"south": {"uv": [6, 0, 7.625, 0.25], "texture": "#2"},
				"west": {"uv": [7.75, 1.875, 8, 2.125], "texture": "#2"},
				"up": {"uv": [7.625, 0.625, 6, 0.375], "texture": "#2"},
				"down": {"uv": [7.625, 0.75, 6, 1], "texture": "#2"}
			}
		},
		{
			"from": [-5.6976, 10.975, -6.97973],
			"to": [5.3024, 11.025, 1.02027],
			"rotation": {"angle": 0, "axis": "y", "origin": [-5.6976, 11.025, 7.02027]},
			"faces": {
				"north": {"uv": [7.75, 7.125, 9.125, 7.125], "texture": "#2"},
				"east": {"uv": [7.75, 7.25, 8.75, 7.25], "texture": "#2"},
				"south": {"uv": [7.75, 7.375, 9.125, 7.375], "texture": "#2"},
				"west": {"uv": [7.75, 7.5, 8.75, 7.5], "texture": "#2"},
				"up": {"uv": [1.375, 5.5, 0, 4.5], "texture": "#2"},
				"down": {"uv": [2.875, 4.5, 1.5, 5.5], "texture": "#2"}
			}
		},
		{
			"from": [3, 10, -2],
			"to": [5, 12, 10],
			"faces": {
				"north": {"uv": [7.75, 0, 8, 0.25], "texture": "#2"},
				"east": {"uv": [3.5, 6, 5, 6.25], "texture": "#2"},
				"south": {"uv": [7.75, 0.375, 8, 0.625], "texture": "#2"},
				"west": {"uv": [6, 3.75, 7.5, 4], "texture": "#2"},
				"up": {"uv": [5.375, 7.5, 5.125, 6], "texture": "#2"},
				"down": {"uv": [5.75, 6, 5.5, 7.5], "texture": "#2"}
			}
		},
		{
			"from": [3, 10, -11],
			"to": [5, 12, -4],
			"faces": {
				"north": {"uv": [7.75, 0.75, 8, 1], "texture": "#2"},
				"east": {"uv": [4.125, 6.375, 5, 6.625], "texture": "#2"},
				"south": {"uv": [7.75, 1.125, 8, 1.375], "texture": "#2"},
				"west": {"uv": [1.375, 6.75, 2.25, 7], "texture": "#2"},
				"up": {"uv": [2.625, 7.625, 2.375, 6.75], "texture": "#2"},
				"down": {"uv": [3, 6.75, 2.75, 7.625], "texture": "#2"}
			}
		},
		{
			"from": [11.30656, 10.025, -11.4588],
			"to": [24.30656, 11.975, -9.4588],
			"rotation": {"angle": 22.5, "axis": "y", "origin": [12.30656, 12, -10.4588]},
			"faces": {
				"north": {"uv": [6, 2.25, 7.625, 2.5], "texture": "#2"},
				"east": {"uv": [4.25, 7.75, 4.5, 8], "texture": "#2"},
				"south": {"uv": [6, 2.625, 7.625, 2.875], "texture": "#2"},
				"west": {"uv": [4.625, 7.75, 4.875, 8], "texture": "#2"},
				"up": {"uv": [7.625, 3.25, 6, 3], "texture": "#2"},
				"down": {"uv": [7.625, 3.375, 6, 3.625], "texture": "#2"}
			}
		},
		{
			"from": [8, 10.999, -16],
			"to": [31, 10.999, -8],
			"rotation": {"angle": 22.5, "axis": "y", "origin": [23.7758, 11.999, -14.12713]},
			"faces": {
				"north": {"uv": [8, 4.625, 10.875, 4.625], "texture": "#2"},
				"east": {"uv": [8, 4.75, 9, 4.75], "texture": "#2"},
				"south": {"uv": [8, 4.875, 10.875, 4.875], "texture": "#2"},
				"west": {"uv": [5, 8, 6, 8], "texture": "#2"},
				"up": {"uv": [2.875, 4.375, 0, 3.375], "texture": "#2"},
				"down": {"uv": [5.875, 3.375, 3, 4.375], "texture": "#2"}
			}
		},
		{
			"from": [10.6976, 10.975, -6.97973],
			"to": [21.6976, 11.025, 1.02027],
			"rotation": {"angle": 0, "axis": "y", "origin": [21.6976, 11.025, 7.02027]},
			"faces": {
				"north": {"uv": [8, 4.125, 9.375, 4.125], "texture": "#2"},
				"east": {"uv": [8, 4.25, 9, 4.25], "texture": "#2"},
				"south": {"uv": [8, 4.375, 9.375, 4.375], "texture": "#2"},
				"west": {"uv": [8, 4.5, 9, 4.5], "texture": "#2"},
				"up": {"uv": [4.375, 5.5, 3, 4.5], "texture": "#2"},
				"down": {"uv": [5.875, 4.5, 4.5, 5.5], "texture": "#2"}
			}
		},
		{
			"from": [11.30656, 10.025, 3.4588],
			"to": [24.30656, 11.975, 5.4588],
			"rotation": {"angle": -22.5, "axis": "y", "origin": [12.30656, 12, 4.4588]},
			"faces": {
				"north": {"uv": [6, 1.125, 7.625, 1.375], "texture": "#2"},
				"east": {"uv": [7.75, 3, 8, 3.25], "texture": "#2"},
				"south": {"uv": [6, 1.5, 7.625, 1.75], "texture": "#2"},
				"west": {"uv": [7.75, 3.375, 8, 3.625], "texture": "#2"},
				"up": {"uv": [3.375, 6.25, 1.75, 6], "texture": "#2"},
				"down": {"uv": [7.625, 1.875, 6, 2.125], "texture": "#2"}
			}
		},
		{
			"from": [8, 10.999, 2],
			"to": [31, 10.999, 10],
			"rotation": {"angle": -22.5, "axis": "y", "origin": [23.7758, 11.999, 8.12713]},
			"faces": {
				"north": {"uv": [8, 3.75, 10.875, 3.75], "texture": "#2"},
				"east": {"uv": [3, 8, 4, 8], "texture": "#2"},
				"south": {"uv": [8, 3.875, 10.875, 3.875], "texture": "#2"},
				"west": {"uv": [8, 4, 9, 4], "texture": "#2"},
				"up": {"uv": [5.875, 2.125, 3, 1.125], "texture": "#2"},
				"down": {"uv": [5.875, 2.25, 3, 3.25], "texture": "#2"}
			}
		},
		{
			"from": [11, 10, -2],
			"to": [13, 12, 10],
			"rotation": {"angle": 0, "axis": "y", "origin": [16, 0, 0]},
			"faces": {
				"north": {"uv": [2.625, 7.75, 2.875, 8], "texture": "#2"},
				"east": {"uv": [6, 4.125, 7.5, 4.375], "texture": "#2"},
				"south": {"uv": [7.75, 2.625, 8, 2.875], "texture": "#2"},
				"west": {"uv": [6, 4.5, 7.5, 4.75], "texture": "#2"},
				"up": {"uv": [6.125, 7.5, 5.875, 6], "texture": "#2"},
				"down": {"uv": [6.5, 6, 6.25, 7.5], "texture": "#2"}
			}
		},
		{
			"from": [3.5, 10.5, 10],
			"to": [4.5, 11.5, 19],
			"rotation": {"angle": 0, "axis": "y", "origin": [0.5, 0.5, 12]},
			"faces": {
				"north": {"uv": [7.75, 5.375, 7.875, 5.5], "texture": "#2"},
				"east": {"uv": [3.125, 7.125, 4.25, 7.25], "texture": "#2"},
				"south": {"uv": [6.625, 7.75, 6.75, 7.875], "texture": "#2"},
				"west": {"uv": [0, 7.375, 1.125, 7.5], "texture": "#2"},
				"up": {"uv": [1.875, 8.25, 1.75, 7.125], "texture": "#2"},
				"down": {"uv": [2.125, 7.125, 2, 8.25], "texture": "#2"}
			}
		},
		{
			"from": [11.5, 10.5, 10],
			"to": [12.5, 11.5, 19],
			"rotation": {"angle": 0, "axis": "y", "origin": [16.5, 0.5, 12]},
			"faces": {
				"north": {"uv": [7.75, 4.875, 7.875, 5], "texture": "#2"},
				"east": {"uv": [7, 5.625, 8.125, 5.75], "texture": "#2"},
				"south": {"uv": [7.75, 5.125, 7.875, 5.25], "texture": "#2"},
				"west": {"uv": [0, 7.125, 1.125, 7.25], "texture": "#2"},
				"up": {"uv": [1.375, 8.25, 1.25, 7.125], "texture": "#2"},
				"down": {"uv": [1.625, 7.125, 1.5, 8.25], "texture": "#2"}
			}
		},
		{
			"from": [11, 10, -11],
			"to": [13, 12, -4],
			"rotation": {"angle": 0, "axis": "y", "origin": [16, 0, 0]},
			"faces": {
				"north": {"uv": [2.25, 7.75, 2.5, 8], "texture": "#2"},
				"east": {"uv": [3.125, 6.75, 4, 7], "texture": "#2"},
				"south": {"uv": [7.75, 2.25, 8, 2.5], "texture": "#2"},
				"west": {"uv": [4.125, 6.75, 5, 7], "texture": "#2"},
				"up": {"uv": [6.875, 7.625, 6.625, 6.75], "texture": "#2"},
				"down": {"uv": [7.25, 6.75, 7, 7.625], "texture": "#2"}
			}
		}
	],
	"gui_light": "front",
	"display": {
		"thirdperson_righthand": {
			"rotation": [180, 0, 0],
			"translation": [-6, -3, -5.25]
		},
		"thirdperson_lefthand": {
			"rotation": [180, 0, 0],
			"translation": [-6, -3, -5.25]
		},
		"firstperson_righthand": {
			"translation": [0, -1.25, 0],
			"scale": [0, 0, 0]
		},
		"firstperson_lefthand": {
			"translation": [0, -1.25, 0],
			"scale": [0, 0, 0]
		},
		"ground": {
			"scale": [0.3, 0.3, 0.3]
		},
		"gui": {
			"rotation": [52.22, 34.85, -16.8],
			"translation": [1.75, -3, 0],
			"scale": [0.3, 0.3, 0.3]
		},
		"head": {
			"rotation": [90, 0, 0],
			"translation": [0, -43.5, 1],
			"scale": [2, 2, 2]
		},
		"fixed": {
			"rotation": [90, 0, -180],
			"translation": [0, 0, 1.5],
			"scale": [0.3, 0.3, 0.3]
		}
	}
}