{
	"credit": "Made with Blockbench",
	"texture_size": [128, 128],
	"textures": {
		"2": "cosmetics/glider_air_bender"
	},
	"elements": [
		{
			"from": [7, 10, -16],
			"to": [9, 12, 32],
			"faces": {
				"north": {"uv": [8.375, 6.125, 8.625, 6.375], "texture": "#2"},
				"east": {"uv": [6.125, 0, 12.125, 0.25], "texture": "#2"},
				"south": {"uv": [6.5, 8.375, 6.75, 8.625], "texture": "#2"},
				"west": {"uv": [6.125, 0.375, 12.125, 0.625], "texture": "#2"},
				"up": {"uv": [6.375, 6.75, 6.125, 0.75], "texture": "#2"},
				"down": {"uv": [6.75, 0.75, 6.5, 6.75], "texture": "#2"}
			}
		},
		{
			"from": [-16, 11, -16],
			"to": [32, 11, 32],
			"faces": {
				"north": {"uv": [8.625, 5.125, 14.625, 5.125], "texture": "#2"},
				"east": {"uv": [8.625, 5.25, 14.625, 5.25], "texture": "#2"},
				"south": {"uv": [8.625, 5.375, 14.625, 5.375], "texture": "#2"},
				"west": {"uv": [8.625, 5.5, 14.625, 5.5], "texture": "#2"},
				"up": {"uv": [6, 6, 0, 0], "texture": "#2"},
				"down": {"uv": [6, 6.125, 0, 12.125], "texture": "#2"}
			}
		},
		{
			"from": [-15.97255, 10.025, -12.83468],
			"to": [8.02745, 11.975, -10.83468],
			"rotation": {"angle": 22.5, "axis": "y", "origin": [-0.44285, 11, -11.83468]},
			"faces": {
				"north": {"uv": [6.875, 2.25, 9.875, 2.5], "texture": "#2"},
				"east": {"uv": [8.25, 5.75, 8.5, 6], "texture": "#2"},
				"south": {"uv": [6.875, 2.625, 9.875, 2.875], "texture": "#2"},
				"west": {"uv": [6.125, 8.375, 6.375, 8.625], "texture": "#2"},
				"up": {"uv": [9.875, 3.25, 6.875, 3], "texture": "#2"},
				"down": {"uv": [9.875, 3.375, 6.875, 3.625], "texture": "#2"}
			}
		},
		{
			"from": [-3.03553, 10.5, 22.24264],
			"to": [7.96447, 11.5, 23.24264],
			"rotation": {"angle": 22.5, "axis": "y", "origin": [2.46447, 11, 22.74264]},
			"faces": {
				"north": {"uv": [6.875, 6.375, 8.25, 6.5], "texture": "#2"},
				"east": {"uv": [8.625, 4.125, 8.75, 4.25], "texture": "#2"},
				"south": {"uv": [6.875, 6.625, 8.25, 6.75], "texture": "#2"},
				"west": {"uv": [8.625, 4.375, 8.75, 4.5], "texture": "#2"},
				"up": {"uv": [7.5, 7.375, 6.125, 7.25], "texture": "#2"},
				"down": {"uv": [7.5, 7.5, 6.125, 7.625], "texture": "#2"}
			}
		},
		{
			"from": [8.03553, 10.5, 22.24264],
			"to": [19.03553, 11.5, 23.24264],
			"rotation": {"angle": -22.5, "axis": "y", "origin": [13.53553, 11, 22.74264]},
			"faces": {
				"north": {"uv": [7.5, 6.875, 8.875, 7], "texture": "#2"},
				"east": {"uv": [8.625, 4.625, 8.75, 4.75], "texture": "#2"},
				"south": {"uv": [7.625, 7.125, 9, 7.25], "texture": "#2"},
				"west": {"uv": [8.625, 4.875, 8.75, 5], "texture": "#2"},
				"up": {"uv": [9, 7.5, 7.625, 7.375], "texture": "#2"},
				"down": {"uv": [9, 7.625, 7.625, 7.75], "texture": "#2"}
			}
		},
		{
			"from": [7.97255, 10.025, -12.83468],
			"to": [31.97255, 11.975, -10.83468],
			"rotation": {"angle": -22.5, "axis": "y", "origin": [16.44285, 11, -11.83468]},
			"faces": {
				"north": {"uv": [6.875, 0.75, 9.875, 1], "texture": "#2"},
				"east": {"uv": [8.25, 5, 8.5, 5.25], "texture": "#2"},
				"south": {"uv": [6.875, 1.125, 9.875, 1.375], "texture": "#2"},
				"west": {"uv": [8.25, 5.375, 8.5, 5.625], "texture": "#2"},
				"up": {"uv": [9.875, 1.75, 6.875, 1.5], "texture": "#2"},
				"down": {"uv": [9.875, 1.875, 6.875, 2.125], "texture": "#2"}
			}
		},
		{
			"from": [3, 3.7, 2],
			"to": [13, 5.7, 4],
			"rotation": {"angle": 0, "axis": "y", "origin": [0, -3.3, 0]},
			"faces": {
				"north": {"uv": [6.875, 3.75, 8.125, 4], "texture": "#2"},
				"east": {"uv": [8.375, 6.5, 8.625, 6.75], "texture": "#2"},
				"south": {"uv": [6.875, 4.125, 8.125, 4.375], "texture": "#2"},
				"west": {"uv": [6.875, 8.375, 7.125, 8.625], "texture": "#2"},
				"up": {"uv": [8.125, 4.75, 6.875, 4.5], "texture": "#2"},
				"down": {"uv": [8.125, 4.875, 6.875, 5.125], "texture": "#2"}
			}
		},
		{
			"from": [11, 5.7, 2],
			"to": [13, 9.7, 4],
			"rotation": {"angle": 0, "axis": "y", "origin": [0, -3.3, 0]},
			"faces": {
				"north": {"uv": [6.125, 7.75, 6.375, 8.25], "texture": "#2"},
				"east": {"uv": [6.5, 7.75, 6.75, 8.25], "texture": "#2"},
				"south": {"uv": [6.875, 7.75, 7.125, 8.25], "texture": "#2"},
				"west": {"uv": [7.25, 7.75, 7.5, 8.25], "texture": "#2"},
				"up": {"uv": [8.625, 8.5, 8.375, 8.25], "texture": "#2"},
				"down": {"uv": [7.875, 8.5, 7.625, 8.75], "texture": "#2"}
			}
		},
		{
			"from": [3, 5.7, 2],
			"to": [5, 9.7, 4],
			"rotation": {"angle": 0, "axis": "y", "origin": [16, -3.3, 0]},
			"faces": {
				"north": {"uv": [7.625, 7.875, 7.875, 8.375], "texture": "#2"},
				"east": {"uv": [8, 7.875, 8.25, 8.375], "texture": "#2"},
				"south": {"uv": [8.25, 3.75, 8.5, 4.25], "texture": "#2"},
				"west": {"uv": [8.25, 4.375, 8.5, 4.875], "texture": "#2"},
				"up": {"uv": [8.25, 8.75, 8, 8.5], "texture": "#2"},
				"down": {"uv": [8.875, 3.75, 8.625, 4], "texture": "#2"}
			}
		},
		{
			"from": [3, 9.7, 2],
			"to": [13, 11.7, 4],
			"rotation": {"angle": 0, "axis": "y", "origin": [0, -2.75, 0]},
			"faces": {
				"north": {"uv": [6.875, 5.25, 8.125, 5.5], "texture": "#2"},
				"east": {"uv": [7.25, 8.375, 7.5, 8.625], "texture": "#2"},
				"south": {"uv": [6.875, 5.625, 8.125, 5.875], "texture": "#2"},
				"west": {"uv": [8.375, 7.875, 8.625, 8.125], "texture": "#2"},
				"up": {"uv": [8.125, 6.25, 6.875, 6], "texture": "#2"},
				"down": {"uv": [7.375, 6.875, 6.125, 7.125], "texture": "#2"}
			}
		}
	],
	"gui_light": "front",
	"display": {
		"thirdperson_righthand": {
			"rotation": [180, 0, 0],
			"translation": [-6, -3.5, 1.75]
		},
		"thirdperson_lefthand": {
			"rotation": [180, 0, 0],
			"translation": [-6, -3.5, 1.75]
		},
		"firstperson_righthand": {
			"translation": [0, -1.25, 0],
			"scale": [0, 0, 0]
		},
		"firstperson_lefthand": {
			"translation": [0, -1.25, 0],
			"scale": [0, 0, 0]
		},
		"ground": {
			"scale": [0.3, 0.3, 0.3]
		},
		"gui": {
			"rotation": [52.22, 34.85, -16.8],
			"translation": [1.25, -1.5, 0],
			"scale": [0.3, 0.3, 0.3]
		},
		"head": {
			"rotation": [90, 0, 0],
			"translation": [0, -31.75, 1.75],
			"scale": [2, 2, 2]
		},
		"fixed": {
			"rotation": [90, 0, -180],
			"translation": [0, 0, 1.5],
			"scale": [0.3, 0.3, 0.3]
		}
	}
}