{
	"credit": "Made with Blockbench",
	"texture_size": [128, 128],
	"textures": {
		"2": "cosmetics/glider_rainbow"
	},
	"elements": [
		{
			"from": [3, 4, -6],
			"to": [13, 6, -4],
			"rotation": {"angle": 0, "axis": "y", "origin": [8, 6.5, -5]},
			"faces": {
				"north": {"uv": [6.125, 0, 7.375, 0.25], "texture": "#2"},
				"east": {"uv": [7.5, 0.5, 7.75, 0.75], "texture": "#2"},
				"south": {"uv": [6.125, 0.375, 7.375, 0.625], "texture": "#2"},
				"west": {"uv": [7.5, 0.875, 7.75, 1.125], "texture": "#2"},
				"up": {"uv": [7.375, 1, 6.125, 0.75], "texture": "#2"},
				"down": {"uv": [7.375, 1.125, 6.125, 1.375], "texture": "#2"}
			}
		},
		{
			"from": [11, 6, -6],
			"to": [13, 10, -4],
			"rotation": {"angle": 0, "axis": "y", "origin": [8, 6.5, -5]},
			"faces": {
				"north": {"uv": [7.125, 3.375, 7.375, 3.875], "texture": "#2"},
				"east": {"uv": [7.125, 4, 7.375, 4.5], "texture": "#2"},
				"south": {"uv": [7.125, 4.625, 7.375, 5.125], "texture": "#2"},
				"west": {"uv": [7.125, 5.25, 7.375, 5.75], "texture": "#2"},
				"up": {"uv": [7.75, 2.25, 7.5, 2], "texture": "#2"},
				"down": {"uv": [7.75, 2.375, 7.5, 2.625], "texture": "#2"}
			}
		},
		{
			"from": [3, 6, -6],
			"to": [5, 10, -4],
			"rotation": {"angle": 0, "axis": "y", "origin": [8, 6.5, -5]},
			"faces": {
				"north": {"uv": [7.125, 5.875, 7.375, 6.375], "texture": "#2"},
				"east": {"uv": [6.125, 7.125, 6.375, 7.625], "texture": "#2"},
				"south": {"uv": [6.5, 7.125, 6.75, 7.625], "texture": "#2"},
				"west": {"uv": [7.125, 6.5, 7.375, 7], "texture": "#2"},
				"up": {"uv": [7.75, 3.625, 7.5, 3.375], "texture": "#2"},
				"down": {"uv": [7.75, 3.75, 7.5, 4], "texture": "#2"}
			}
		},
		{
			"from": [3, 10, -6],
			"to": [13, 12, -4],
			"rotation": {"angle": 0, "axis": "y", "origin": [0, -2.75, 0]},
			"faces": {
				"north": {"uv": [6.125, 1.5, 7.375, 1.75], "texture": "#2"},
				"east": {"uv": [7.5, 1.25, 7.75, 1.5], "texture": "#2"},
				"south": {"uv": [6.125, 1.875, 7.375, 2.125], "texture": "#2"},
				"west": {"uv": [7.5, 1.625, 7.75, 1.875], "texture": "#2"},
				"up": {"uv": [7.375, 2.5, 6.125, 2.25], "texture": "#2"},
				"down": {"uv": [7.375, 2.625, 6.125, 2.875], "texture": "#2"}
			}
		},
		{
			"from": [-4, 10, -6],
			"to": [3, 12, -4],
			"rotation": {"angle": 0, "axis": "y", "origin": [1, 10, -6]},
			"faces": {
				"north": {"uv": [6.125, 3, 7, 3.25], "texture": "#2"},
				"east": {"uv": [7.5, 4.125, 7.75, 4.375], "texture": "#2"},
				"south": {"uv": [6.125, 3.375, 7, 3.625], "texture": "#2"},
				"west": {"uv": [7.5, 4.5, 7.75, 4.75], "texture": "#2"},
				"up": {"uv": [7, 4, 6.125, 3.75], "texture": "#2"},
				"down": {"uv": [7, 4.125, 6.125, 4.375], "texture": "#2"}
			}
		},
		{
			"from": [-10.35089, 10.525, -4.73673],
			"to": [-3.35089, 11.475, -2.73673],
			"rotation": {"angle": 22.5, "axis": "y", "origin": [-6.85089, 11.5, -3.73673]},
			"faces": {
				"north": {"uv": [6.875, 7.125, 7.75, 7.25], "texture": "#2"},
				"east": {"uv": [7.5, 2.75, 7.75, 2.875], "texture": "#2"},
				"south": {"uv": [6.875, 7.375, 7.75, 7.5], "texture": "#2"},
				"west": {"uv": [7.5, 5.625, 7.75, 5.75], "texture": "#2"},
				"up": {"uv": [7, 4.75, 6.125, 4.5], "texture": "#2"},
				"down": {"uv": [7, 4.875, 6.125, 5.125], "texture": "#2"}
			}
		},
		{
			"from": [19.35089, 10.525, -4.73673],
			"to": [26.35089, 11.475, -2.73673],
			"rotation": {"angle": -22.5, "axis": "y", "origin": [22.85089, 11.5, -3.73673]},
			"faces": {
				"north": {"uv": [7.5, 0, 8.375, 0.125], "texture": "#2"},
				"east": {"uv": [7.5, 5.875, 7.75, 6], "texture": "#2"},
				"south": {"uv": [7.5, 0.25, 8.375, 0.375], "texture": "#2"},
				"west": {"uv": [7.5, 6.125, 7.75, 6.25], "texture": "#2"},
				"up": {"uv": [7, 7, 6.125, 6.75], "texture": "#2"},
				"down": {"uv": [8, 3, 7.125, 3.25], "texture": "#2"}
			}
		},
		{
			"from": [13, 10, -6],
			"to": [20, 12, -4],
			"rotation": {"angle": 0, "axis": "y", "origin": [15, 10, -6]},
			"faces": {
				"north": {"uv": [6.125, 5.25, 7, 5.5], "texture": "#2"},
				"east": {"uv": [7.5, 4.875, 7.75, 5.125], "texture": "#2"},
				"south": {"uv": [6.125, 5.625, 7, 5.875], "texture": "#2"},
				"west": {"uv": [7.5, 5.25, 7.75, 5.5], "texture": "#2"},
				"up": {"uv": [7, 6.25, 6.125, 6], "texture": "#2"},
				"down": {"uv": [7, 6.375, 6.125, 6.625], "texture": "#2"}
			}
		},
		{
			"from": [-16, 11, -4],
			"to": [32, 11, 32],
			"rotation": {"angle": 0, "axis": "y", "origin": [1, 10, -6]},
			"faces": {
				"north": {"uv": [7.5, 6.375, 13.5, 6.375], "texture": "#2"},
				"east": {"uv": [7.5, 6.5, 12, 6.5], "texture": "#2"},
				"south": {"uv": [7.5, 6.625, 13.5, 6.625], "texture": "#2"},
				"west": {"uv": [7.5, 6.75, 12, 6.75], "texture": "#2"},
				"up": {"uv": [6, 4.5, 0, 0], "texture": "#2"},
				"down": {"uv": [6, 4.625, 0, 9.125], "texture": "#2"}
			}
		}
	],
	"display": {
		"thirdperson_righthand": {
			"rotation": [180, 0, 0],
			"translation": [-6, -3, -5.25]
		},
		"thirdperson_lefthand": {
			"rotation": [180, 0, 0],
			"translation": [-6, -3, -5.25]
		},
		"firstperson_righthand": {
			"translation": [0, -1.25, 0],
			"scale": [0, 0, 0]
		},
		"firstperson_lefthand": {
			"translation": [0, -1.25, 0],
			"scale": [0, 0, 0]
		},
		"ground": {
			"scale": [0.3, 0.3, 0.3]
		},
		"gui": {
			"rotation": [52.22, 34.85, -16.8],
			"translation": [0, -1.5, 0],
			"scale": [0.34, 0.34, 0.34]
		},
		"head": {
			"rotation": [90, 0, 0],
			"translation": [0, -39.5, 1],
			"scale": [2, 2, 2]
		},
		"fixed": {
			"rotation": [90, 0, -180],
			"translation": [0, 0, 1.5],
			"scale": [0.3, 0.3, 0.3]
		}
	}
}