{
	"credit": "Made with Blockbench",
	"texture_size": [128, 128],
	"textures": {
		"0": "cosmetics/glowing_halo",
		"particle": "cosmetics/glowing_halo"
	},
	"elements": [
		{
			"from": [17.78949, 3.78357, 8],
			"to": [18.78949, 12.78357, 9],
			"rotation": {"angle": 22.5, "axis": "z", "origin": [9.35, 7.73076, 9.5]},
			"faces": {
				"north": {"uv": [6.625, 5.5, 6.5, 6.625], "texture": "#0"},
				"east": {"uv": [6.75, 6.625, 6.625, 7.75], "texture": "#0"},
				"south": {"uv": [6.625, 6.625, 6.5, 7.75], "texture": "#0"},
				"west": {"uv": [6.75, 5.5, 6.625, 6.625], "texture": "#0"},
				"up": {"uv": [6.875, 4.75, 7, 4.625], "texture": "#0"},
				"down": {"uv": [6.875, 4.75, 7, 4.875], "texture": "#0"}
			}
		},
		{
			"from": [17.78343, 2.67544, 8],
			"to": [18.78343, 11.67544, 9],
			"rotation": {"angle": -22.5, "axis": "z", "origin": [9.35, 7.73076, 9.5]},
			"faces": {
				"north": {"uv": [6.875, 2, 6.75, 3.125], "texture": "#0"},
				"east": {"uv": [6.875, 5.375, 6.75, 6.5], "texture": "#0"},
				"south": {"uv": [6.875, 4.25, 6.75, 5.375], "texture": "#0"},
				"west": {"uv": [6.875, 3.125, 6.75, 4.25], "texture": "#0"},
				"up": {"uv": [6.875, 5, 7, 4.875], "texture": "#0"},
				"down": {"uv": [6.875, 5, 7, 5.125], "texture": "#0"}
			}
		},
		{
			"from": [4.05532, 17.51419, 8],
			"to": [13.05532, 18.51419, 9],
			"rotation": {"angle": -22.5, "axis": "z", "origin": [8, 9.08076, 9.5]},
			"faces": {
				"north": {"uv": [7.875, 6.5, 6.75, 6.625], "texture": "#0"},
				"east": {"uv": [7, 5.25, 6.875, 5.375], "texture": "#0"},
				"south": {"uv": [7.875, 6.625, 6.75, 6.75], "texture": "#0"},
				"west": {"uv": [7, 5.125, 6.875, 5.25], "texture": "#0"},
				"up": {"uv": [6.75, 6.875, 7.875, 6.75], "texture": "#0"},
				"down": {"uv": [6.875, 2, 8, 2.125], "texture": "#0"}
			}
		},
		{
			"from": [1.18697, 22.56326, 7.5],
			"to": [15.18697, 24.56326, 9.5],
			"rotation": {"angle": -22.5, "axis": "z", "origin": [8, 8.05, 8.5]},
			"faces": {
				"north": {"uv": [7.75, 0, 6, 0.25], "texture": "#0"},
				"east": {"uv": [7.125, 2.875, 6.875, 3.125], "texture": "#0"},
				"south": {"uv": [7.75, 0.25, 6, 0.5], "texture": "#0"},
				"west": {"uv": [7.125, 2.625, 6.875, 2.875], "texture": "#0"},
				"up": {"uv": [6, 0.75, 7.75, 0.5], "texture": "#0"},
				"down": {"uv": [6, 0.75, 7.75, 1], "texture": "#0"}
			}
		},
		{
			"from": [1.18697, -9.66326, 7.5],
			"to": [15.18697, -7.66326, 9.5],
			"rotation": {"angle": 22.5, "axis": "z", "origin": [8, 6.85, 8.5]},
			"faces": {
				"north": {"uv": [7.75, 1, 6, 1.25], "texture": "#0"},
				"east": {"uv": [7.125, 3.375, 6.875, 3.625], "texture": "#0"},
				"south": {"uv": [7.75, 1.25, 6, 1.5], "texture": "#0"},
				"west": {"uv": [7.125, 3.125, 6.875, 3.375], "texture": "#0"},
				"up": {"uv": [6, 1.75, 7.75, 1.5], "texture": "#0"},
				"down": {"uv": [6, 1.75, 7.75, 2], "texture": "#0"}
			}
		},
		{
			"from": [23.06932, 0.68446, 7.5],
			"to": [25.06932, 14.68446, 9.5],
			"rotation": {"angle": 22.5, "axis": "z", "origin": [8.55, 7.5, 8.5]},
			"faces": {
				"north": {"uv": [6.25, 2, 6, 3.75], "texture": "#0"},
				"east": {"uv": [6.5, 2, 6.25, 3.75], "texture": "#0"},
				"south": {"uv": [6.25, 5.5, 6, 7.25], "texture": "#0"},
				"west": {"uv": [6.25, 3.75, 6, 5.5], "texture": "#0"},
				"up": {"uv": [6.875, 3.875, 7.125, 3.625], "texture": "#0"},
				"down": {"uv": [6.875, 3.875, 7.125, 4.125], "texture": "#0"}
			}
		},
		{
			"from": [-16, -16, 8.5],
			"to": [32, 32, 8.5],
			"rotation": {"angle": 45, "axis": "z", "origin": [8, 8, 8.5]},
			"faces": {
				"north": {"uv": [0, 0, 6, 6], "texture": "#0"},
				"east": {"uv": [0, 10, 0, 16], "texture": "#0"},
				"south": {"uv": [6, 0, 0, 6], "texture": "#0"},
				"west": {"uv": [0, 10, 0, 16], "texture": "#0"},
				"up": {"uv": [4.25, 10, 1.375, 10], "texture": "#0"},
				"down": {"uv": [4.25, 10, 1.375, 10], "texture": "#0"}
			}
		},
		{
			"from": [23.06326, 0.31303, 7.5],
			"to": [25.06326, 14.31303, 9.5],
			"rotation": {"angle": -22.5, "axis": "z", "origin": [8.55, 7.5, 8.5]},
			"faces": {
				"north": {"uv": [6.5, 3.75, 6.25, 5.5], "texture": "#0"},
				"east": {"uv": [6.75, 3.75, 6.5, 5.5], "texture": "#0"},
				"south": {"uv": [6.75, 2, 6.5, 3.75], "texture": "#0"},
				"west": {"uv": [6.5, 5.5, 6.25, 7.25], "texture": "#0"},
				"up": {"uv": [6.875, 4.375, 7.125, 4.125], "texture": "#0"},
				"down": {"uv": [6.875, 4.375, 7.125, 4.625], "texture": "#0"}
			}
		},
		{
			"from": [4.05532, -3.05266, 8],
			"to": [13.05532, -2.05266, 9],
			"rotation": {"angle": 22.5, "axis": "z", "origin": [8, 6.38076, 9.5]},
			"faces": {
				"north": {"uv": [8, 2.125, 6.875, 2.25], "texture": "#0"},
				"east": {"uv": [7, 5.5, 6.875, 5.625], "texture": "#0"},
				"south": {"uv": [8, 2.25, 6.875, 2.375], "texture": "#0"},
				"west": {"uv": [7, 5.375, 6.875, 5.5], "texture": "#0"},
				"up": {"uv": [6.875, 2.5, 8, 2.375], "texture": "#0"},
				"down": {"uv": [6.875, 2.5, 8, 2.625], "texture": "#0"}
			}
		},
		{
			"from": [0.81303, 22.56326, 7.5],
			"to": [14.81303, 24.56326, 9.5],
			"rotation": {"angle": 22.5, "axis": "z", "origin": [8, 8.05, 8.5]},
			"faces": {
				"north": {"uv": [6, 0, 7.75, 0.25], "texture": "#0"},
				"east": {"uv": [6.875, 2.625, 7.125, 2.875], "texture": "#0"},
				"south": {"uv": [6, 0.25, 7.75, 0.5], "texture": "#0"},
				"west": {"uv": [6.875, 2.875, 7.125, 3.125], "texture": "#0"},
				"up": {"uv": [7.75, 0.75, 6, 0.5], "texture": "#0"},
				"down": {"uv": [7.75, 0.75, 6, 1], "texture": "#0"}
			}
		},
		{
			"from": [-9.06932, 0.68446, 7.5],
			"to": [-7.06932, 14.68446, 9.5],
			"rotation": {"angle": -22.5, "axis": "z", "origin": [7.45, 7.5, 8.5]},
			"faces": {
				"north": {"uv": [6, 2, 6.25, 3.75], "texture": "#0"},
				"east": {"uv": [6, 3.75, 6.25, 5.5], "texture": "#0"},
				"south": {"uv": [6, 5.5, 6.25, 7.25], "texture": "#0"},
				"west": {"uv": [6.25, 2, 6.5, 3.75], "texture": "#0"},
				"up": {"uv": [7.125, 3.875, 6.875, 3.625], "texture": "#0"},
				"down": {"uv": [7.125, 3.875, 6.875, 4.125], "texture": "#0"}
			}
		},
		{
			"from": [-9.06326, 0.31303, 7.5],
			"to": [-7.06326, 14.31303, 9.5],
			"rotation": {"angle": 22.5, "axis": "z", "origin": [7.45, 7.5, 8.5]},
			"faces": {
				"north": {"uv": [6.25, 3.75, 6.5, 5.5], "texture": "#0"},
				"east": {"uv": [6.25, 5.5, 6.5, 7.25], "texture": "#0"},
				"south": {"uv": [6.5, 2, 6.75, 3.75], "texture": "#0"},
				"west": {"uv": [6.5, 3.75, 6.75, 5.5], "texture": "#0"},
				"up": {"uv": [7.125, 4.375, 6.875, 4.125], "texture": "#0"},
				"down": {"uv": [7.125, 4.375, 6.875, 4.625], "texture": "#0"}
			}
		},
		{
			"from": [0.81303, -9.66326, 7.5],
			"to": [14.81303, -7.66326, 9.5],
			"rotation": {"angle": -22.5, "axis": "z", "origin": [8, 6.85, 8.5]},
			"faces": {
				"north": {"uv": [6, 1, 7.75, 1.25], "texture": "#0"},
				"east": {"uv": [6.875, 3.125, 7.125, 3.375], "texture": "#0"},
				"south": {"uv": [6, 1.25, 7.75, 1.5], "texture": "#0"},
				"west": {"uv": [6.875, 3.375, 7.125, 3.625], "texture": "#0"},
				"up": {"uv": [7.75, 1.75, 6, 1.5], "texture": "#0"},
				"down": {"uv": [7.75, 1.75, 6, 2], "texture": "#0"}
			}
		},
		{
			"from": [2.94468, -3.05266, 8],
			"to": [11.94468, -2.05266, 9],
			"rotation": {"angle": -22.5, "axis": "z", "origin": [8, 6.38076, 9.5]},
			"faces": {
				"north": {"uv": [6.875, 2.125, 8, 2.25], "texture": "#0"},
				"east": {"uv": [6.875, 5.375, 7, 5.5], "texture": "#0"},
				"south": {"uv": [6.875, 2.25, 8, 2.375], "texture": "#0"},
				"west": {"uv": [6.875, 5.5, 7, 5.625], "texture": "#0"},
				"up": {"uv": [8, 2.5, 6.875, 2.375], "texture": "#0"},
				"down": {"uv": [8, 2.5, 6.875, 2.625], "texture": "#0"}
			}
		},
		{
			"from": [-2.78343, 2.67544, 8],
			"to": [-1.78343, 11.67544, 9],
			"rotation": {"angle": 22.5, "axis": "z", "origin": [6.65, 7.73076, 9.5]},
			"faces": {
				"north": {"uv": [6.75, 2, 6.875, 3.125], "texture": "#0"},
				"east": {"uv": [6.75, 3.125, 6.875, 4.25], "texture": "#0"},
				"south": {"uv": [6.75, 4.25, 6.875, 5.375], "texture": "#0"},
				"west": {"uv": [6.75, 5.375, 6.875, 6.5], "texture": "#0"},
				"up": {"uv": [7, 5, 6.875, 4.875], "texture": "#0"},
				"down": {"uv": [7, 5, 6.875, 5.125], "texture": "#0"}
			}
		},
		{
			"from": [-2.78949, 3.78357, 8],
			"to": [-1.78949, 12.78357, 9],
			"rotation": {"angle": -22.5, "axis": "z", "origin": [6.65, 7.73076, 9.5]},
			"faces": {
				"north": {"uv": [6.5, 5.5, 6.625, 6.625], "texture": "#0"},
				"east": {"uv": [6.625, 5.5, 6.75, 6.625], "texture": "#0"},
				"south": {"uv": [6.5, 6.625, 6.625, 7.75], "texture": "#0"},
				"west": {"uv": [6.625, 6.625, 6.75, 7.75], "texture": "#0"},
				"up": {"uv": [7, 4.75, 6.875, 4.625], "texture": "#0"},
				"down": {"uv": [7, 4.75, 6.875, 4.875], "texture": "#0"}
			}
		},
		{
			"from": [2.94468, 17.51419, 8],
			"to": [11.94468, 18.51419, 9],
			"rotation": {"angle": 22.5, "axis": "z", "origin": [8, 9.08076, 9.5]},
			"faces": {
				"north": {"uv": [6.75, 6.5, 7.875, 6.625], "texture": "#0"},
				"east": {"uv": [6.875, 5.125, 7, 5.25], "texture": "#0"},
				"south": {"uv": [6.75, 6.625, 7.875, 6.75], "texture": "#0"},
				"west": {"uv": [6.875, 5.25, 7, 5.375], "texture": "#0"},
				"up": {"uv": [7.875, 6.875, 6.75, 6.75], "texture": "#0"},
				"down": {"uv": [8, 2, 6.875, 2.125], "texture": "#0"}
			}
		}
	],
	"display": {
		"thirdperson_righthand": {
			"scale": [0.3, 0.3, 0.3]
		},
		"thirdperson_lefthand": {
			"scale": [0.3, 0.3, 0.3]
		},
		"ground": {
			"translation": [0, 11, 0],
			"scale": [0.4, 0.4, 0.4]
		},
		"gui": {
			"scale": [0.22, 0.22, 0.22]
		},
		"head": {
			"translation": [0, 5.25, 11.25]
		},
		"fixed": {
			"translation": [0, 0, -2],
			"scale": [0.53, 0.53, 0.53]
		}
	},
	"groups": [
		{
			"name": "glowing_halo",
			"origin": [8, 8, 8],
			"color": 0,
			"nbt": "{}",
			"armAnimationEnabled": false,
			"children": [0, 1, 2, 3, 4, 5, 6, 7, 8, 9, 10, 11, 12, 13, 14, 15, 16]
		}
	]
}