{
	"credit": "Made with Blockbench",
	"texture_size": [32, 32],
	"textures": {
		"0": "cosmetics/golden_spatula",
		"particle": "cosmetics/golden_spatula"
	},
	"elements": [
		{
			"from": [7, 0, 7],
			"to": [9, 7, 9],
			"rotation": {"angle": 0, "axis": "y", "origin": [8, 3.5, 8]},
			"faces": {
				"north": {"uv": [3, 0, 4, 3.5], "texture": "#0"},
				"east": {"uv": [0, 4, 1, 7.5], "texture": "#0"},
				"south": {"uv": [0, 0, 1, 3.5], "texture": "#0"},
				"west": {"uv": [1.5, 0, 2.5, 3.5], "texture": "#0"},
				"up": {"uv": [8, 12, 7, 11], "rotation": 180, "texture": "#0"},
				"down": {"uv": [12.5, 0, 11.5, 1], "rotation": 180, "texture": "#0"}
			}
		},
		{
			"from": [7.5, 7, 7.5],
			"to": [8.5, 20, 8.5],
			"rotation": {"angle": 0, "axis": "y", "origin": [16, 0, 16]},
			"faces": {
				"north": {"uv": [3.5, 4, 4, 10.5], "texture": "#0"},
				"east": {"uv": [4.5, 0, 5, 6.5], "texture": "#0"},
				"south": {"uv": [1.5, 4, 2, 10.5], "texture": "#0"},
				"west": {"uv": [2.5, 4, 3, 10.5], "texture": "#0"},
				"up": {"uv": [6.5, 12.5, 6, 12], "rotation": 180, "texture": "#0"},
				"down": {"uv": [9, 12, 8.5, 12.5], "rotation": 180, "texture": "#0"}
			}
		},
		{
			"from": [4.95776, 20.30133, 7.5],
			"to": [7.95776, 21.30133, 8.5],
			"rotation": {"angle": -22.5, "axis": "z", "origin": [4.45776, 20.80133, 8]},
			"faces": {
				"north": {"uv": [11.5, 2.5, 13, 3], "texture": "#0"},
				"east": {"uv": [10.5, 12, 11, 12.5], "texture": "#0"},
				"south": {"uv": [11.5, 1.5, 13, 2], "texture": "#0"},
				"west": {"uv": [9.5, 12, 10, 12.5], "texture": "#0"},
				"up": {"uv": [13, 4, 11.5, 3.5], "rotation": 180, "texture": "#0"},
				"down": {"uv": [13, 4.5, 11.5, 5], "rotation": 180, "texture": "#0"}
			}
		},
		{
			"from": [8.04224, 20.30133, 7.5],
			"to": [11.04224, 21.30133, 8.5],
			"rotation": {"angle": 22.5, "axis": "z", "origin": [11.54224, 20.80133, 8]},
			"faces": {
				"north": {"uv": [11.5, 6.5, 13, 7], "texture": "#0"},
				"east": {"uv": [1, 13, 1.5, 13.5], "texture": "#0"},
				"south": {"uv": [11.5, 5.5, 13, 6], "texture": "#0"},
				"west": {"uv": [13, 0, 13.5, 0.5], "texture": "#0"},
				"up": {"uv": [1.5, 12.5, 0, 12], "rotation": 180, "texture": "#0"},
				"down": {"uv": [3.5, 12, 2, 12.5], "rotation": 180, "texture": "#0"}
			}
		},
		{
			"from": [4.72836, 20.14805, 7.55],
			"to": [5.72836, 27.14805, 8.45],
			"rotation": {"angle": 0, "axis": "y", "origin": [6.22836, 0.14805, 16]},
			"faces": {
				"north": {"uv": [4.5, 7, 5, 10.5], "texture": "#0"},
				"east": {"uv": [5.5, 7, 6, 10.5], "texture": "#0"},
				"south": {"uv": [5.5, 3, 6, 6.5], "texture": "#0"},
				"west": {"uv": [6.5, 3, 7, 6.5], "texture": "#0"},
				"up": {"uv": [12, 12.5, 11.5, 12], "rotation": 180, "texture": "#0"},
				"down": {"uv": [7.5, 12.5, 7, 13], "rotation": 180, "texture": "#0"}
			}
		},
		{
			"from": [10.27164, 20.14805, 7.55],
			"to": [11.27164, 27.14805, 8.45],
			"rotation": {"angle": 0, "axis": "y", "origin": [9.77164, 0.14805, 16]},
			"faces": {
				"north": {"uv": [7.5, 7, 8, 10.5], "texture": "#0"},
				"east": {"uv": [0, 8, 0.5, 11.5], "texture": "#0"},
				"south": {"uv": [6.5, 7, 7, 10.5], "texture": "#0"},
				"west": {"uv": [7.5, 3, 8, 6.5], "texture": "#0"},
				"up": {"uv": [13, 12.5, 12.5, 12], "rotation": 180, "texture": "#0"},
				"down": {"uv": [0.5, 13, 0, 13.5], "rotation": 180, "texture": "#0"}
			}
		},
		{
			"from": [5.27164, 25.14805, 7.575],
			"to": [10.27164, 27.14805, 8.425],
			"rotation": {"angle": 0, "axis": "y", "origin": [8.77164, 0.14805, 16]},
			"faces": {
				"north": {"uv": [5.5, 1.5, 8, 2.5], "texture": "#0"},
				"east": {"uv": [5, 12, 5.5, 13], "texture": "#0"},
				"south": {"uv": [5.5, 0, 8, 1], "texture": "#0"},
				"west": {"uv": [4, 12, 4.5, 13], "texture": "#0"},
				"up": {"uv": [13, 8.5, 10.5, 8], "rotation": 180, "texture": "#0"},
				"down": {"uv": [13, 9, 10.5, 9.5], "rotation": 180, "texture": "#0"}
			}
		},
		{
			"from": [5.5, 20, 7.525],
			"to": [10.5, 21, 8.475],
			"rotation": {"angle": 0, "axis": "y", "origin": [9, -6, 16]},
			"faces": {
				"north": {"uv": [1, 11, 3.5, 11.5], "texture": "#0"},
				"east": {"uv": [10, 13, 10.5, 13.5], "texture": "#0"},
				"south": {"uv": [10.5, 10, 13, 10.5], "texture": "#0"},
				"west": {"uv": [9, 13, 9.5, 13.5], "texture": "#0"},
				"up": {"uv": [6.5, 11.5, 4, 11], "rotation": 180, "texture": "#0"},
				"down": {"uv": [13, 11, 10.5, 11.5], "rotation": 180, "texture": "#0"}
			}
		},
		{
			"from": [6.5, 20, 7.6],
			"to": [7.5, 27, 8.4],
			"rotation": {"angle": 0, "axis": "y", "origin": [6, 0, 16]},
			"faces": {
				"north": {"uv": [8.5, 8, 9, 11.5], "texture": "#0"},
				"east": {"uv": [9.5, 0, 10, 3.5], "texture": "#0"},
				"south": {"uv": [8.5, 0, 9, 3.5], "texture": "#0"},
				"west": {"uv": [8.5, 4, 9, 7.5], "texture": "#0"},
				"up": {"uv": [2.5, 13.5, 2, 13], "rotation": 180, "texture": "#0"},
				"down": {"uv": [3.5, 13, 3, 13.5], "rotation": 180, "texture": "#0"}
			}
		},
		{
			"from": [8.5, 20, 7.6],
			"to": [9.5, 27, 8.4],
			"rotation": {"angle": 0, "axis": "y", "origin": [8, 0, 16]},
			"faces": {
				"north": {"uv": [10.5, 0, 11, 3.5], "texture": "#0"},
				"east": {"uv": [10.5, 4, 11, 7.5], "texture": "#0"},
				"south": {"uv": [9.5, 4, 10, 7.5], "texture": "#0"},
				"west": {"uv": [9.5, 8, 10, 11.5], "texture": "#0"},
				"up": {"uv": [6.5, 13.5, 6, 13], "rotation": 180, "texture": "#0"},
				"down": {"uv": [8.5, 13, 8, 13.5], "rotation": 180, "texture": "#0"}
			}
		}
	],
	"gui_light": "front",
	"display": {
		"thirdperson_righthand": {
			"translation": [0, 0.25, 1.5],
			"scale": [0.65, 0.65, 0.65]
		},
		"thirdperson_lefthand": {
			"translation": [0, 0.25, 1.5],
			"scale": [0.65, 0.65, 0.65]
		},
		"firstperson_righthand": {
			"scale": [0.65, 0.65, 0.65]
		},
		"firstperson_lefthand": {
			"scale": [0.65, 0.65, 0.65]
		},
		"ground": {
			"rotation": [0, 0, 45],
			"scale": [0.25, 0.25, 0.25]
		},
		"gui": {
			"rotation": [-27, -24, -49],
			"translation": [-3, -3, 0],
			"scale": [0.65, 0.65, 0.65]
		},
		"head": {
			"rotation": [-46, 0, 0],
			"translation": [0, 1.75, -9]
		},
		"fixed": {
			"rotation": [0, 0, 45],
			"translation": [3.75, -3.75, -0.75],
			"scale": [0.8, 0.8, 0.8]
		}
	}
}