{
	"credit": "Made with Blockbench",
	"texture_size": [64, 64],
	"textures": {
		"1": "cosmetics/graduation_cap"
	},
	"elements": [
		{
			"from": [3.5, 9, 3.5],
			"to": [12.5, 15, 12.5],
			"rotation": {"angle": 0, "axis": "y", "origin": [8, 12, 8]},
			"faces": {
				"north": {"uv": [4.5, 5, 6.75, 6.5], "texture": "#1"},
				"east": {"uv": [4.5, 6.75, 6.75, 8.25], "texture": "#1"},
				"south": {"uv": [7, 0, 9.25, 1.5], "texture": "#1"},
				"west": {"uv": [7, 1.75, 9.25, 3.25], "texture": "#1"},
				"up": {"uv": [6.75, 2.25, 4.5, 0], "texture": "#1"},
				"down": {"uv": [6.75, 2.5, 4.5, 4.75], "texture": "#1"}
			}
		},
		{
			"from": [-0.5, 15.025, -0.5],
			"to": [16.5, 16.025, 16.5],
			"rotation": {"angle": 45, "axis": "y", "origin": [8, 15, 8]},
			"faces": {
				"north": {"uv": [7.75, 3.5, 12, 3.75], "texture": "#1"},
				"east": {"uv": [7.75, 4, 12, 4.25], "texture": "#1"},
				"south": {"uv": [7.75, 4.5, 12, 4.75], "texture": "#1"},
				"west": {"uv": [7.75, 5, 12, 5.25], "texture": "#1"},
				"up": {"uv": [4.25, 4.25, 0, 0], "texture": "#1"},
				"down": {"uv": [4.25, 4.5, 0, 8.75], "texture": "#1"}
			}
		},
		{
			"name": "flat",
			"from": [7.5, 4.025, -0.5],
			"to": [9.5, 15.025, -0.5],
			"rotation": {"angle": 45, "axis": "y", "origin": [8, 15, 8]},
			"faces": {
				"north": {"uv": [7, 3.5, 7.5, 6.25], "texture": "#1"},
				"east": {"uv": [4.5, 8.5, 4.5, 11.25], "texture": "#1"},
				"south": {"uv": [7, 6.5, 7.5, 9.25], "texture": "#1"},
				"west": {"uv": [4.75, 8.5, 4.75, 11.25], "texture": "#1"},
				"up": {"uv": [5.5, 8.5, 5, 8.5], "texture": "#1"},
				"down": {"uv": [6.25, 8.5, 5.75, 8.5], "texture": "#1"}
			}
		},
		{
			"name": "flat",
			"from": [8.5, 4.025, -0.5],
			"to": [8.5, 15.025, 0.5],
			"rotation": {"angle": 45, "axis": "y", "origin": [8, 15, 8]},
			"faces": {
				"north": {"uv": [6.5, 8.5, 6.5, 11.25], "texture": "#1"},
				"east": {"uv": [7.75, 5.5, 8, 8.25], "texture": "#1"},
				"south": {"uv": [6.75, 8.5, 6.75, 11.25], "texture": "#1"},
				"west": {"uv": [8.25, 5.5, 8.5, 8.25], "texture": "#1"},
				"up": {"uv": [7.75, 8.75, 7.75, 8.5], "texture": "#1"},
				"down": {"uv": [8, 8.5, 8, 8.75], "texture": "#1"}
			}
		}
	],
	"gui_light": "front",
	"display": {
		"thirdperson_righthand": {
			"rotation": [14, 0, 0],
			"translation": [-2.75, -2.5, 0],
			"scale": [0.45, 0.45, 0.45]
		},
		"thirdperson_lefthand": {
			"rotation": [14, 0, 0],
			"translation": [-2.75, -2.5, 0],
			"scale": [0.45, 0.45, 0.45]
		},
		"firstperson_righthand": {
			"rotation": [0, 47.5, 0],
			"translation": [0, -0.25, 0],
			"scale": [0.5, 0.5, 0.5]
		},
		"firstperson_lefthand": {
			"rotation": [0, 47.5, 0],
			"translation": [0, -0.25, 0],
			"scale": [0.5, 0.5, 0.5]
		},
		"ground": {
			"scale": [0.5, 0.5, 0.5]
		},
		"gui": {
			"rotation": [-170.46, -21.03, 179.46],
			"translation": [0, -2.25, 0],
			"scale": [0.6, 0.6, 0.6]
		},
		"head": {
			"translation": [0, -0.75, 0],
			"scale": [1.61, 1.61, 1.61]
		},
		"fixed": {
			"translation": [0, -3.5, -3.25],
			"scale": [0.65, 0.65, 0.65]
		}
	}
}