{
	"credit": "Made with Blockbench",
	"texture_size": [32, 32],
	"textures": {
		"2": "cosmetics/hairbrush"
	},
	"elements": [
		{
			"from": [7, 0, 9],
			"to": [9, 1, 14],
			"faces": {
				"north": {"uv": [4.5, 8.5, 5.5, 9], "texture": "#2"},
				"east": {"uv": [7.5, 9, 10, 9.5], "texture": "#2"},
				"south": {"uv": [3, 9.5, 4, 10], "texture": "#2"},
				"west": {"uv": [0, 9.5, 2.5, 10], "texture": "#2"},
				"up": {"uv": [8, 2.5, 7, 0], "texture": "#2"},
				"down": {"uv": [7, 7.5, 6, 10], "texture": "#2"}
			}
		},
		{
			"from": [5, 0, 1],
			"to": [11, 1, 9],
			"faces": {
				"north": {"uv": [8.5, 1, 11.5, 1.5], "texture": "#2"},
				"east": {"uv": [0, 8.5, 4, 9], "texture": "#2"},
				"south": {"uv": [8.5, 2, 11.5, 2.5], "texture": "#2"},
				"west": {"uv": [8.5, 0, 12.5, 0.5], "texture": "#2"},
				"up": {"uv": [3, 4, 0, 0], "texture": "#2"},
				"down": {"uv": [6.5, 0, 3.5, 4], "texture": "#2"}
			}
		},
		{
			"from": [5.5, 1, 1.5],
			"to": [10.5, 3, 8.5],
			"faces": {
				"north": {"uv": [7, 3, 9.5, 4], "texture": "#2"},
				"east": {"uv": [6, 4.5, 9.5, 5.5], "texture": "#2"},
				"south": {"uv": [7.5, 7.5, 10, 8.5], "texture": "#2"},
				"west": {"uv": [6, 6, 9.5, 7], "texture": "#2"},
				"up": {"uv": [2.5, 8, 0, 4.5], "texture": "#2"},
				"down": {"uv": [5.5, 4.5, 3, 8], "texture": "#2"}
			}
		}
	],
	"gui_light": "front",
	"display": {
		"thirdperson_righthand": {
			"rotation": [82.69, -1.54, 79.46],
			"translation": [-6.75, 1.5, 2.75]
		},
		"thirdperson_lefthand": {
			"rotation": [82.69, -1.54, 79.46],
			"translation": [-6.75, 1.5, 2.75]
		},
		"firstperson_righthand": {
			"rotation": [33.52, -18.14, 83.14],
			"translation": [-4.5, 4, 0],
			"scale": [0.8, 0.8, 0.8]
		},
		"firstperson_lefthand": {
			"rotation": [33.52, -18.14, 83.14],
			"translation": [-4.5, 4, 0],
			"scale": [0.8, 0.8, 0.8]
		},
		"ground": {
			"rotation": [56, 0, 0],
			"translation": [0, 5.75, 4.25],
			"scale": [0.8, 0.8, 0.8]
		},
		"gui": {
			"rotation": [61.27, -43.18, 16.54],
			"translation": [-2.25, 3.5, 0]
		},
		"head": {
			"rotation": [-18.6, -69.65, 156.26],
			"translation": [0, 1, 0]
		},
		"fixed": {
			"rotation": [85.38, 45, -176.77],
			"translation": [0.25, -1.5, -8]
		}
	}
}