{
	"credit": "Made with Blockbench",
	"texture_size": [32, 32],
	"textures": {
		"0": "cosmetics/hammer",
		"particle": "cosmetics/hammer"
	},
	"elements": [
		{
			"from": [7, 0, 7],
			"to": [9, 15, 9],
			"faces": {
				"north": {"uv": [0, 0, 1, 7.5], "texture": "#0"},
				"east": {"uv": [1.5, 0, 2.5, 7.5], "texture": "#0"},
				"south": {"uv": [3, 0, 4, 7.5], "texture": "#0"},
				"west": {"uv": [4.5, 0, 5.5, 7.5], "texture": "#0"},
				"up": {"uv": [1, 9, 0, 8], "texture": "#0"},
				"down": {"uv": [2.5, 8, 1.5, 9], "texture": "#0"}
			}
		},
		{
			"from": [6.975, 13.19657, 9.0391],
			"to": [9.025, 14.19657, 13.0391],
			"rotation": {"angle": 22.5, "axis": "x", "origin": [8, 14.69657, 11.0391]},
			"faces": {
				"north": {"uv": [8.5, 8, 9.5, 8.5], "texture": "#0"},
				"east": {"uv": [4.5, 8, 6.5, 8.5], "texture": "#0"},
				"south": {"uv": [9, 0, 10, 0.5], "texture": "#0"},
				"west": {"uv": [8, 5.5, 10, 6], "texture": "#0"},
				"up": {"uv": [7, 2, 6, 0], "texture": "#0"},
				"down": {"uv": [7, 2.5, 6, 4.5], "texture": "#0"}
			}
		},
		{
			"from": [7, 13, 9],
			"to": [9, 14, 11],
			"rotation": {"angle": 0, "axis": "x", "origin": [8, 14.5, 10]},
			"faces": {
				"north": {"uv": [9, 1, 10, 1.5], "texture": "#0"},
				"east": {"uv": [9, 2, 10, 2.5], "texture": "#0"},
				"south": {"uv": [9, 3, 10, 3.5], "texture": "#0"},
				"west": {"uv": [4.5, 9, 5.5, 9.5], "texture": "#0"},
				"up": {"uv": [9, 7.5, 8, 6.5], "texture": "#0"},
				"down": {"uv": [8, 8, 7, 9], "texture": "#0"}
			}
		},
		{
			"from": [7, 13, 4],
			"to": [9, 15, 7],
			"rotation": {"angle": -45, "axis": "z", "origin": [8, 14, 6]},
			"faces": {
				"north": {"uv": [3, 8, 4, 9], "texture": "#0"},
				"east": {"uv": [6, 5, 7.5, 6], "texture": "#0"},
				"south": {"uv": [8, 4, 9, 5], "texture": "#0"},
				"west": {"uv": [6, 6.5, 7.5, 7.5], "texture": "#0"},
				"up": {"uv": [8.5, 1.5, 7.5, 0], "texture": "#0"},
				"down": {"uv": [8.5, 2, 7.5, 3.5], "texture": "#0"}
			}
		}
	],
	"gui_light": "front",
	"display": {
		"thirdperson_righthand": {
			"translation": [0, 2.5, 1.5]
		},
		"thirdperson_lefthand": {
			"translation": [0, 2.5, 1.5]
		},
		"firstperson_righthand": {
			"scale": [0.9, 0.9, 0.9]
		},
		"firstperson_lefthand": {
			"scale": [0.9, 0.9, 0.9]
		},
		"ground": {
			"rotation": [47, 0, 0],
			"scale": [0.7, 0.7, 0.7]
		},
		"gui": {
			"rotation": [47.1, 35.29, -61.82],
			"translation": [0, -0.5, 0]
		},
		"head": {
			"rotation": [-113.75, 20.92, -39.05],
			"translation": [0, 16, 2.5],
			"scale": [1.6, 1.6, 1.6]
		},
		"fixed": {
			"rotation": [-93.02, 48.42, 92.28],
			"translation": [0, 0, -0.75]
		}
	}
}