{
	"credit": "Made with Blockbench",
	"texture_size": [32, 32],
	"textures": {
		"0": "cosmetics/headphones",
		"particle": "cosmetics/headphones"
	},
	"elements": [
		{
			"from": [14, 3, 7],
			"to": [15, 8, 9],
			"rotation": {"angle": 0, "axis": "y", "origin": [1, 0, 0]},
			"faces": {
				"north": {"uv": [3, 8.5, 3.5, 11], "texture": "#0"},
				"east": {"uv": [5.5, 0, 6.5, 2.5], "texture": "#0"},
				"south": {"uv": [10, 7, 10.5, 9.5], "texture": "#0"},
				"west": {"uv": [2.5, 5.5, 3.5, 8], "texture": "#0"},
				"up": {"uv": [1.5, 12, 1, 11], "texture": "#0"},
				"down": {"uv": [2.5, 11, 2, 12], "texture": "#0"}
			}
		},
		{
			"from": [12.73223, 7.06066, 7.025],
			"to": [13.73223, 10.06066, 8.975],
			"rotation": {"angle": 45, "axis": "z", "origin": [13.23223, 9.06066, 8]},
			"faces": {
				"north": {"uv": [0, 10.5, 0.5, 12], "texture": "#0"},
				"east": {"uv": [9.5, 5, 10.5, 6.5], "texture": "#0"},
				"south": {"uv": [10.5, 2, 11, 3.5], "texture": "#0"},
				"west": {"uv": [10, 0, 11, 1.5], "texture": "#0"},
				"up": {"uv": [11.5, 7, 11, 6], "texture": "#0"},
				"down": {"uv": [11.5, 7.5, 11, 8.5], "texture": "#0"}
			}
		},
		{
			"from": [12, 2, 6],
			"to": [14, 6, 10],
			"faces": {
				"north": {"uv": [7.5, 3, 8.5, 5], "texture": "#0"},
				"east": {"uv": [0, 3, 2, 5], "texture": "#0"},
				"south": {"uv": [5.5, 7.5, 6.5, 9.5], "texture": "#0"},
				"west": {"uv": [2.5, 3, 4.5, 5], "texture": "#0"},
				"up": {"uv": [8, 9.5, 7, 7.5], "texture": "#0"},
				"down": {"uv": [1, 8, 0, 10], "texture": "#0"}
			}
		},
		{
			"from": [1, 3, 7],
			"to": [2, 8, 9],
			"rotation": {"angle": 0, "axis": "y", "origin": [15, 0, 0]},
			"faces": {
				"north": {"uv": [8.5, 10, 9, 12.5], "texture": "#0"},
				"east": {"uv": [7, 0, 8, 2.5], "texture": "#0"},
				"south": {"uv": [9.5, 10, 10, 12.5], "texture": "#0"},
				"west": {"uv": [4, 7.5, 5, 10], "texture": "#0"},
				"up": {"uv": [3.5, 12.5, 3, 11.5], "texture": "#0"},
				"down": {"uv": [12, 9, 11.5, 10], "texture": "#0"}
			}
		},
		{
			"from": [2, 2, 6],
			"to": [4, 6, 10],
			"rotation": {"angle": 0, "axis": "y", "origin": [15, 0, 0]},
			"faces": {
				"north": {"uv": [8.5, 0, 9.5, 2], "texture": "#0"},
				"east": {"uv": [5, 3, 7, 5], "texture": "#0"},
				"south": {"uv": [1.5, 8.5, 2.5, 10.5], "texture": "#0"},
				"west": {"uv": [0, 5.5, 2, 7.5], "texture": "#0"},
				"up": {"uv": [9.5, 9.5, 8.5, 7.5], "texture": "#0"},
				"down": {"uv": [10, 2.5, 9, 4.5], "texture": "#0"}
			}
		},
		{
			"from": [2.26777, 7.06066, 7.025],
			"to": [3.26777, 10.06066, 8.975],
			"rotation": {"angle": -45, "axis": "z", "origin": [2.76777, 9.06066, 8]},
			"faces": {
				"north": {"uv": [4, 10.5, 4.5, 12], "texture": "#0"},
				"east": {"uv": [5.5, 10, 6.5, 11.5], "texture": "#0"},
				"south": {"uv": [10.5, 10, 11, 11.5], "texture": "#0"},
				"west": {"uv": [7, 10, 8, 11.5], "texture": "#0"},
				"up": {"uv": [12, 1, 11.5, 0], "texture": "#0"},
				"down": {"uv": [12, 1.5, 11.5, 2.5], "texture": "#0"}
			}
		},
		{
			"from": [3.125, 9.1, 7],
			"to": [12.875, 10.1, 9],
			"rotation": {"angle": 0, "axis": "y", "origin": [16, 1, 0]},
			"faces": {
				"north": {"uv": [4, 5.5, 9, 6], "texture": "#0"},
				"east": {"uv": [10.5, 4, 11.5, 4.5], "texture": "#0"},
				"south": {"uv": [4, 6.5, 9, 7], "texture": "#0"},
				"west": {"uv": [11, 5, 12, 5.5], "texture": "#0"},
				"up": {"uv": [5, 1, 0, 0], "texture": "#0"},
				"down": {"uv": [5, 1.5, 0, 2.5], "texture": "#0"}
			}
		}
	],
	"gui_light": "front",
	"display": {
		"thirdperson_righthand": {
			"rotation": [1.51, -49.88, 26.31],
			"translation": [-3, 0.75, -1.75],
			"scale": [0.65, 0.65, 0.65]
		},
		"thirdperson_lefthand": {
			"rotation": [1.51, -49.88, 26.31],
			"translation": [-3, 0.75, -1.75],
			"scale": [0.65, 0.65, 0.65]
		},
		"firstperson_righthand": {
			"rotation": [-8.67, 15.03, 20.21],
			"translation": [-1, 2.25, 0],
			"scale": [0.8, 0.8, 0.8]
		},
		"firstperson_lefthand": {
			"rotation": [-8.67, 15.03, 20.21],
			"translation": [-1, 2.25, 0],
			"scale": [0.8, 0.8, 0.8]
		},
		"ground": {
			"translation": [0, 2, 0],
			"scale": [0.65, 0.65, 0.65]
		},
		"gui": {
			"rotation": [-164.07, -20.58, -167.63],
			"translation": [0.75, 1.5, 0]
		},
		"head": {
			"translation": [0, 5.75, 0],
			"scale": [1.61, 1.61, 1.61]
		},
		"fixed": {
			"translation": [0, 1.5, -1.25]
		}
	}
}