{
	"credit": "Made with Blockbench",
	"texture_size": [64, 64],
	"textures": {
		"0": "cosmetics/hotdog",
		"particle": "cosmetics/hotdog"
	},
	"elements": [
		{
			"from": [6, 0, 3],
			"to": [10, 3, 12],
			"faces": {
				"north": {"uv": [5, 3.5, 6, 4.25], "texture": "#0"},
				"east": {"uv": [4.25, 0, 6.5, 0.75], "texture": "#0"},
				"south": {"uv": [5, 4.5, 6, 5.25], "texture": "#0"},
				"west": {"uv": [4.25, 1, 6.5, 1.75], "texture": "#0"},
				"up": {"uv": [4, 2.25, 3, 0], "texture": "#0"},
				"down": {"uv": [4, 2.5, 3, 4.75], "texture": "#0"}
			}
		},
		{
			"from": [7, 2, 2],
			"to": [9, 4, 13],
			"faces": {
				"north": {"uv": [5, 5.5, 5.5, 6], "texture": "#0"},
				"east": {"uv": [4.25, 2, 7, 2.5], "texture": "#0"},
				"south": {"uv": [5.75, 5.5, 6.25, 6], "texture": "#0"},
				"west": {"uv": [4.25, 2.75, 7, 3.25], "texture": "#0"},
				"up": {"uv": [4.75, 6.25, 4.25, 3.5], "texture": "#0"},
				"down": {"uv": [3.5, 5, 3, 7.75], "texture": "#0"}
			}
		},
		{
			"name": "flat",
			"from": [2.25, 4.075, 1.75],
			"to": [13.25, 4.075, 12.75],
			"rotation": {"angle": 45, "axis": "y", "origin": [8, 4.075, 7.5]},
			"faces": {
				"north": {"uv": [0, 6, 2.75, 6], "texture": "#0"},
				"east": {"uv": [0, 6.25, 2.75, 6.25], "texture": "#0"},
				"south": {"uv": [6.25, 3.5, 9, 3.5], "texture": "#0"},
				"west": {"uv": [6.25, 3.75, 9, 3.75], "texture": "#0"},
				"up": {"uv": [2.75, 2.75, 0, 0], "texture": "#0"},
				"down": {"uv": [2.75, 3, 0, 5.75], "texture": "#0"}
			}
		}
	],
	"gui_light": "front",
	"display": {
		"thirdperson_righthand": {
			"rotation": [-97.22, -9.85, -179.94],
			"translation": [-2.5, 1.75, 6.5],
			"scale": [0.9, 0.9, 0.9]
		},
		"thirdperson_lefthand": {
			"rotation": [-97.22, -9.85, -179.94],
			"translation": [-2.5, 1.75, 6.5],
			"scale": [0.9, 0.9, 0.9]
		},
		"firstperson_righthand": {
			"rotation": [180, -3.5, 180],
			"translation": [0, 6.25, 0]
		},
		"firstperson_lefthand": {
			"rotation": [180, -3.5, 180],
			"translation": [0, 6.25, 0]
		},
		"ground": {
			"translation": [0, 3.25, 0],
			"scale": [0.65, 0.65, 0.65]
		},
		"gui": {
			"rotation": [24.5, -61.75, 0],
			"translation": [-0.25, 4.5, 0]
		},
		"head": {
			"translation": [0, 19, 1],
			"scale": [1.6, 1.6, 1.6]
		},
		"fixed": {
			"rotation": [-35.5, 90, 0],
			"translation": [0, 4.25, -5]
		}
	}
}