{
	"credit": "Made with Blockbench",
	"texture_size": [32, 32],
	"textures": {
		"0": "cosmetics/ice_cream_cone",
		"particle": "cosmetics/ice_cream_cone"
	},
	"elements": [
		{
			"from": [7, 0, 7],
			"to": [9, 2, 9],
			"faces": {
				"north": {"uv": [10, 11.5, 11, 12.5], "texture": "#0"},
				"east": {"uv": [11.5, 11.5, 12.5, 12.5], "texture": "#0"},
				"south": {"uv": [0, 12, 1, 13], "texture": "#0"},
				"west": {"uv": [12, 0, 13, 1], "texture": "#0"},
				"up": {"uv": [2.5, 13, 1.5, 12], "texture": "#0"},
				"down": {"uv": [4, 12, 3, 13], "texture": "#0"}
			}
		},
		{
			"from": [6.5, 2, 6.5],
			"to": [9.5, 4, 9.5],
			"faces": {
				"north": {"uv": [2.5, 10.5, 4, 11.5], "texture": "#0"},
				"east": {"uv": [11.5, 1.5, 13, 2.5], "texture": "#0"},
				"south": {"uv": [11.5, 3, 13, 4], "texture": "#0"},
				"west": {"uv": [11.5, 4.5, 13, 5.5], "texture": "#0"},
				"up": {"uv": [4.5, 10, 3, 8.5], "texture": "#0"},
				"down": {"uv": [6.5, 10, 5, 11.5], "texture": "#0"}
			}
		},
		{
			"from": [6, 4, 6],
			"to": [10, 6, 10],
			"faces": {
				"north": {"uv": [9, 1.5, 11, 2.5], "texture": "#0"},
				"east": {"uv": [7, 10, 9, 11], "texture": "#0"},
				"south": {"uv": [9.5, 10, 11.5, 11], "texture": "#0"},
				"west": {"uv": [0, 10.5, 2, 11.5], "texture": "#0"},
				"up": {"uv": [5, 8, 3, 6], "texture": "#0"},
				"down": {"uv": [8, 3, 6, 5], "texture": "#0"}
			}
		},
		{
			"from": [5.5, 6, 5.5],
			"to": [10.5, 7, 10.5],
			"faces": {
				"north": {"uv": [11.5, 6, 14, 6.5], "texture": "#0"},
				"east": {"uv": [7, 11.5, 9.5, 12], "texture": "#0"},
				"south": {"uv": [11.5, 7, 14, 7.5], "texture": "#0"},
				"west": {"uv": [11.5, 8, 14, 8.5], "texture": "#0"},
				"up": {"uv": [2.5, 2.5, 0, 0], "texture": "#0"},
				"down": {"uv": [2.5, 3, 0, 5.5], "texture": "#0"}
			}
		},
		{
			"from": [5.5, 7, 5.5],
			"to": [10.5, 10, 10.5],
			"rotation": {"angle": -22.5, "axis": "y", "origin": [8, 8.5, 8]},
			"faces": {
				"north": {"uv": [5.5, 6, 8, 7.5], "texture": "#0"},
				"east": {"uv": [5.5, 8, 8, 9.5], "texture": "#0"},
				"south": {"uv": [8.5, 3, 11, 4.5], "texture": "#0"},
				"west": {"uv": [8.5, 5, 11, 6.5], "texture": "#0"},
				"up": {"uv": [5.5, 2.5, 3, 0], "texture": "#0"},
				"down": {"uv": [5.5, 3, 3, 5.5], "texture": "#0"}
			}
		},
		{
			"name": "flat",
			"from": [5.5, 5, 5.5],
			"to": [10.5, 7, 10.5],
			"rotation": {"angle": -22.5, "axis": "y", "origin": [8, 8.5, 8]},
			"faces": {
				"north": {"uv": [8.5, 7, 11, 8], "texture": "#0"},
				"east": {"uv": [8.5, 8.5, 11, 9.5], "texture": "#0"},
				"south": {"uv": [0, 9, 2.5, 10], "texture": "#0"},
				"west": {"uv": [9, 0, 11.5, 1], "texture": "#0"},
				"up": {"uv": [2.5, 8.5, 0, 6], "texture": "#0"},
				"down": {"uv": [8.5, 0, 6, 2.5], "texture": "#0"}
			}
		}
	],
	"gui_light": "front",
	"display": {
		"thirdperson_righthand": {
			"rotation": [38.86, -9.38, 16.6],
			"translation": [-3.25, 2.25, 3.75],
			"scale": [0.85, 0.85, 0.85]
		},
		"thirdperson_lefthand": {
			"rotation": [38.86, -9.38, 16.6],
			"translation": [-3.25, 2.25, 3.75],
			"scale": [0.85, 0.85, 0.85]
		},
		"firstperson_righthand": {
			"rotation": [175.1, -19.64, 165.64],
			"translation": [-1.25, 4, 0],
			"scale": [0.85, 0.85, 0.85]
		},
		"firstperson_lefthand": {
			"rotation": [175.1, -19.64, 165.64],
			"translation": [-1.25, 4, 0],
			"scale": [0.85, 0.85, 0.85]
		},
		"ground": {
			"translation": [0, 3.75, 0],
			"scale": [0.8, 0.8, 0.8]
		},
		"gui": {
			"rotation": [-163.5, -50, 180],
			"translation": [0.25, 2.75, 0],
			"scale": [1.15, 1.15, 1.15]
		},
		"head": {
			"rotation": [-165.6, 7.08, 13.52],
			"translation": [0, 6.75, 0],
			"scale": [1.5, 1.5, 1.5]
		},
		"fixed": {
			"rotation": [-15.75, 53.25, 0],
			"translation": [0, 1.75, -2]
		}
	}
}