{
	"credit": "Made with Blockbench",
	"texture_size": [64, 64],
	"textures": {
		"2": "cosmetics/jester_hat"
	},
	"elements": [
		{
			"from": [3.5, 4.5, 3.5],
			"to": [12.5, 8.5, 12.5],
			"faces": {
				"north": {"uv": [2.5, 0, 4.75, 1], "texture": "#2"},
				"east": {"uv": [2.5, 1.25, 4.75, 2.25], "texture": "#2"},
				"south": {"uv": [2.5, 2.5, 4.75, 3.5], "texture": "#2"},
				"west": {"uv": [2.5, 3.75, 4.75, 4.75], "texture": "#2"},
				"up": {"uv": [2.25, 2.25, 0, 0], "texture": "#2"},
				"down": {"uv": [2.25, 2.5, 0, 4.75], "texture": "#2"}
			}
		},
		{
			"from": [6, 6.5, 2],
			"to": [10, 12.5, 6],
			"rotation": {"angle": -22.5, "axis": "x", "origin": [8, 10.5, 5.5]},
			"faces": {
				"north": {"uv": [0, 5, 1, 6.5], "texture": "#2"},
				"east": {"uv": [5, 0, 6, 1.5], "texture": "#2"},
				"south": {"uv": [1.25, 5, 2.25, 6.5], "texture": "#2"},
				"west": {"uv": [5, 1.75, 6, 3.25], "texture": "#2"},
				"up": {"uv": [4.5, 9.5, 3.5, 8.5], "texture": "#2"},
				"down": {"uv": [9.75, 7.5, 8.75, 8.5], "texture": "#2"}
			}
		},
		{
			"from": [6.5, 11.10789, -0.69029],
			"to": [9.5, 14.10789, 5.30971],
			"rotation": {"angle": 22.5, "axis": "x", "origin": [8, 13.60789, 1.30971]},
			"faces": {
				"north": {"uv": [10.5, 3, 11.25, 3.75], "texture": "#2"},
				"east": {"uv": [5, 7, 6.5, 7.75], "texture": "#2"},
				"south": {"uv": [10.5, 4, 11.25, 4.75], "texture": "#2"},
				"west": {"uv": [6.75, 7, 8.25, 7.75], "texture": "#2"},
				"up": {"uv": [8.25, 1.5, 7.5, 0], "texture": "#2"},
				"down": {"uv": [8.25, 1.75, 7.5, 3.25], "texture": "#2"}
			}
		},
		{
			"from": [7, 10.15322, -4.82158],
			"to": [9, 12.15322, 1.17842],
			"rotation": {"angle": -45, "axis": "x", "origin": [8, 11.65322, -2.82158]},
			"faces": {
				"north": {"uv": [10.75, 9.25, 11.25, 9.75], "texture": "#2"},
				"east": {"uv": [9.25, 5.5, 10.75, 6], "texture": "#2"},
				"south": {"uv": [11, 5, 11.5, 5.5], "texture": "#2"},
				"west": {"uv": [2.5, 9.75, 4, 10.25], "texture": "#2"},
				"up": {"uv": [4.75, 11.25, 4.25, 9.75], "texture": "#2"},
				"down": {"uv": [5.5, 9.75, 5, 11.25], "texture": "#2"}
			}
		},
		{
			"from": [7.5, 6.59256, -4.08934],
			"to": [8.5, 10.59256, -3.08934],
			"rotation": {"angle": 0, "axis": "x", "origin": [8, 6.59256, -4.08934]},
			"faces": {
				"north": {"uv": [2, 10.75, 2.25, 11.75], "texture": "#2"},
				"east": {"uv": [6.5, 11, 6.75, 12], "texture": "#2"},
				"south": {"uv": [7, 11, 7.25, 12], "texture": "#2"},
				"west": {"uv": [7.5, 11, 7.75, 12], "texture": "#2"},
				"up": {"uv": [7.75, 6.75, 7.5, 6.5], "texture": "#2"},
				"down": {"uv": [8.25, 6.5, 8, 6.75], "texture": "#2"}
			}
		},
		{
			"from": [7, 4.59256, -4.58934],
			"to": [9, 6.59256, -2.58934],
			"rotation": {"angle": -45, "axis": "z", "origin": [8, 5.59256, -3.58934]},
			"faces": {
				"north": {"uv": [2.5, 11.25, 3, 11.75], "texture": "#2"},
				"east": {"uv": [3.25, 11.25, 3.75, 11.75], "texture": "#2"},
				"south": {"uv": [11.25, 10.75, 11.75, 11.25], "texture": "#2"},
				"west": {"uv": [11.5, 3, 12, 3.5], "texture": "#2"},
				"up": {"uv": [12, 4.25, 11.5, 3.75], "texture": "#2"},
				"down": {"uv": [4.5, 11.5, 4, 12], "texture": "#2"}
			}
		},
		{
			"from": [19, 4.59256, 6.98566],
			"to": [21, 6.59256, 8.98566],
			"rotation": {"angle": 45, "axis": "x", "origin": [20, 5.59256, 7.98566]},
			"faces": {
				"north": {"uv": [11.5, 3, 12, 3.5], "texture": "#2"},
				"east": {"uv": [2.5, 11.25, 3, 11.75], "texture": "#2"},
				"south": {"uv": [3.25, 11.25, 3.75, 11.75], "texture": "#2"},
				"west": {"uv": [11.25, 10.75, 11.75, 11.25], "texture": "#2"},
				"up": {"uv": [12, 4.25, 11.5, 3.75], "rotation": 90, "texture": "#2"},
				"down": {"uv": [4.5, 11.5, 4, 12], "rotation": 270, "texture": "#2"}
			}
		},
		{
			"from": [-5, 4.59256, 6.98566],
			"to": [-3, 6.59256, 8.98566],
			"rotation": {"angle": 45, "axis": "x", "origin": [-4, 5.59256, 7.98566]},
			"faces": {
				"north": {"uv": [12, 3, 11.5, 3.5], "texture": "#2"},
				"east": {"uv": [11.75, 10.75, 11.25, 11.25], "texture": "#2"},
				"south": {"uv": [3.75, 11.25, 3.25, 11.75], "texture": "#2"},
				"west": {"uv": [3, 11.25, 2.5, 11.75], "texture": "#2"},
				"up": {"uv": [12, 3.75, 11.5, 4.25], "rotation": 90, "texture": "#2"},
				"down": {"uv": [4.5, 12, 4, 11.5], "rotation": 270, "texture": "#2"}
			}
		},
		{
			"from": [7, 4.59256, 18.58934],
			"to": [9, 6.59256, 20.58934],
			"rotation": {"angle": -45, "axis": "z", "origin": [8, 5.59256, 19.58934]},
			"faces": {
				"north": {"uv": [11.75, 10.75, 11.25, 11.25], "texture": "#2"},
				"east": {"uv": [3.75, 11.25, 3.25, 11.75], "texture": "#2"},
				"south": {"uv": [3, 11.25, 2.5, 11.75], "texture": "#2"},
				"west": {"uv": [12, 3, 11.5, 3.5], "texture": "#2"},
				"up": {"uv": [12, 3.75, 11.5, 4.25], "texture": "#2"},
				"down": {"uv": [4.5, 12, 4, 11.5], "texture": "#2"}
			}
		},
		{
			"from": [6, 6.5, 10],
			"to": [10, 12.5, 14],
			"rotation": {"angle": 22.5, "axis": "x", "origin": [8, 10.5, 10.5]},
			"faces": {
				"north": {"uv": [2.5, 5, 3.5, 6.5], "texture": "#2"},
				"east": {"uv": [5, 3.5, 6, 5], "texture": "#2"},
				"south": {"uv": [3.75, 5, 4.75, 6.5], "texture": "#2"},
				"west": {"uv": [5, 5.25, 6, 6.75], "texture": "#2"},
				"up": {"uv": [9.75, 9.75, 8.75, 8.75], "texture": "#2"},
				"down": {"uv": [8, 9, 7, 10], "texture": "#2"}
			}
		},
		{
			"from": [6.5, 11.10789, 10.69029],
			"to": [9.5, 14.10789, 16.69029],
			"rotation": {"angle": -22.5, "axis": "x", "origin": [8, 13.60789, 14.69029]},
			"faces": {
				"north": {"uv": [0, 10.75, 0.75, 11.5], "texture": "#2"},
				"east": {"uv": [7.5, 3.5, 9, 4.25], "texture": "#2"},
				"south": {"uv": [1, 10.75, 1.75, 11.5], "texture": "#2"},
				"west": {"uv": [7.5, 4.5, 9, 5.25], "texture": "#2"},
				"up": {"uv": [5.75, 9.5, 5, 8], "texture": "#2"},
				"down": {"uv": [6.75, 8, 6, 9.5], "texture": "#2"}
			}
		},
		{
			"from": [7, 10.15322, 14.82158],
			"to": [9, 12.15322, 20.82158],
			"rotation": {"angle": 45, "axis": "x", "origin": [8, 11.65322, 18.82158]},
			"faces": {
				"north": {"uv": [4.75, 11.5, 5.25, 12], "texture": "#2"},
				"east": {"uv": [10, 7.5, 11.5, 8], "texture": "#2"},
				"south": {"uv": [5.5, 11.5, 6, 12], "texture": "#2"},
				"west": {"uv": [8.25, 10, 9.75, 10.5], "texture": "#2"},
				"up": {"uv": [6.25, 11.25, 5.75, 9.75], "texture": "#2"},
				"down": {"uv": [10.5, 8.25, 10, 9.75], "texture": "#2"}
			}
		},
		{
			"from": [7.5, 6.59256, 19.08934],
			"to": [8.5, 10.59256, 20.08934],
			"rotation": {"angle": 0, "axis": "x", "origin": [8, 6.59256, 20.08934]},
			"faces": {
				"north": {"uv": [11.25, 11.5, 11.5, 12.5], "texture": "#2"},
				"east": {"uv": [0, 11.75, 0.25, 12.75], "texture": "#2"},
				"south": {"uv": [0.5, 11.75, 0.75, 12.75], "texture": "#2"},
				"west": {"uv": [1, 11.75, 1.25, 12.75], "texture": "#2"},
				"up": {"uv": [8.75, 3.25, 8.5, 3], "texture": "#2"},
				"down": {"uv": [8.5, 9, 8.25, 9.25], "texture": "#2"}
			}
		},
		{
			"from": [10, 6.5, 6],
			"to": [14, 12.5, 10],
			"rotation": {"angle": -22.5, "axis": "z", "origin": [10.5, 10.5, 8]},
			"faces": {
				"north": {"uv": [6.25, 0, 7.25, 1.5], "texture": "#2"},
				"east": {"uv": [6.25, 1.75, 7.25, 3.25], "texture": "#2"},
				"south": {"uv": [6.25, 3.5, 7.25, 5], "texture": "#2"},
				"west": {"uv": [6.25, 5.25, 7.25, 6.75], "texture": "#2"},
				"up": {"uv": [10.25, 4, 9.25, 3], "texture": "#2"},
				"down": {"uv": [10.25, 4.25, 9.25, 5.25], "texture": "#2"}
			}
		},
		{
			"from": [10.69029, 11.10789, 6.5],
			"to": [16.69029, 14.10789, 9.5],
			"rotation": {"angle": 22.5, "axis": "z", "origin": [14.69029, 13.60789, 8]},
			"faces": {
				"north": {"uv": [7.5, 5.5, 9, 6.25], "texture": "#2"},
				"east": {"uv": [8.25, 10.75, 9, 11.5], "texture": "#2"},
				"south": {"uv": [7, 8, 8.5, 8.75], "texture": "#2"},
				"west": {"uv": [10.75, 8.25, 11.5, 9], "texture": "#2"},
				"up": {"uv": [1.5, 9.25, 0, 8.5], "texture": "#2"},
				"down": {"uv": [10, 0, 8.5, 0.75], "texture": "#2"}
			}
		},
		{
			"from": [14.82158, 10.15322, 7],
			"to": [20.82158, 12.15322, 9],
			"rotation": {"angle": -45, "axis": "z", "origin": [18.82158, 11.65322, 8]},
			"faces": {
				"north": {"uv": [10, 10, 11.5, 10.5], "texture": "#2"},
				"east": {"uv": [11.75, 8.5, 12.25, 9], "texture": "#2"},
				"south": {"uv": [10.25, 0, 11.75, 0.5], "texture": "#2"},
				"west": {"uv": [8.75, 11.75, 9.25, 12.25], "texture": "#2"},
				"up": {"uv": [11.75, 1.25, 10.25, 0.75], "texture": "#2"},
				"down": {"uv": [11.75, 1.5, 10.25, 2], "texture": "#2"}
			}
		},
		{
			"from": [19.08934, 6.59256, 7.5],
			"to": [20.08934, 10.59256, 8.5],
			"rotation": {"angle": 0, "axis": "x", "origin": [20.08934, 6.59256, 8]},
			"faces": {
				"north": {"uv": [1.5, 11.75, 1.75, 12.75], "texture": "#2"},
				"east": {"uv": [9.5, 11.75, 9.75, 12.75], "texture": "#2"},
				"south": {"uv": [10, 11.75, 10.25, 12.75], "texture": "#2"},
				"west": {"uv": [10.5, 11.75, 10.75, 12.75], "texture": "#2"},
				"up": {"uv": [8.5, 9.75, 8.25, 9.5], "texture": "#2"},
				"down": {"uv": [6.75, 9.75, 6.5, 10], "texture": "#2"}
			}
		},
		{
			"from": [2, 6.5, 6],
			"to": [6, 12.5, 10],
			"rotation": {"angle": 22.5, "axis": "z", "origin": [5.5, 10.5, 8]},
			"faces": {
				"north": {"uv": [0, 6.75, 1, 8.25], "texture": "#2"},
				"east": {"uv": [1.25, 6.75, 2.25, 8.25], "texture": "#2"},
				"south": {"uv": [2.5, 6.75, 3.5, 8.25], "texture": "#2"},
				"west": {"uv": [3.75, 6.75, 4.75, 8.25], "texture": "#2"},
				"up": {"uv": [1, 10.5, 0, 9.5], "texture": "#2"},
				"down": {"uv": [2.25, 9.5, 1.25, 10.5], "texture": "#2"}
			}
		},
		{
			"from": [-0.69029, 11.10789, 6.5],
			"to": [5.30971, 14.10789, 9.5],
			"rotation": {"angle": -22.5, "axis": "z", "origin": [1.30971, 13.60789, 8]},
			"faces": {
				"north": {"uv": [8.5, 1, 10, 1.75], "texture": "#2"},
				"east": {"uv": [9.25, 10.75, 10, 11.5], "texture": "#2"},
				"south": {"uv": [1.75, 8.5, 3.25, 9.25], "texture": "#2"},
				"west": {"uv": [10.25, 10.75, 11, 11.5], "texture": "#2"},
				"up": {"uv": [10, 2.75, 8.5, 2], "texture": "#2"},
				"down": {"uv": [10, 6.5, 8.5, 7.25], "texture": "#2"}
			}
		},
		{
			"from": [-4.82158, 10.15322, 7],
			"to": [1.17842, 12.15322, 9],
			"rotation": {"angle": 45, "axis": "z", "origin": [-2.82158, 11.65322, 8]},
			"faces": {
				"north": {"uv": [10.25, 2.25, 11.75, 2.75], "texture": "#2"},
				"east": {"uv": [12, 2.25, 12.5, 2.75], "texture": "#2"},
				"south": {"uv": [10.25, 6.25, 11.75, 6.75], "texture": "#2"},
				"west": {"uv": [2.75, 12, 3.25, 12.5], "texture": "#2"},
				"up": {"uv": [8, 10.75, 6.5, 10.25], "texture": "#2"},
				"down": {"uv": [4, 10.5, 2.5, 11], "texture": "#2"}
			}
		},
		{
			"from": [-4.08934, 6.59256, 7.5],
			"to": [-3.08934, 10.59256, 8.5],
			"rotation": {"angle": 0, "axis": "x", "origin": [-4.08934, 6.59256, 8]},
			"faces": {
				"north": {"uv": [3.5, 12, 3.75, 13], "texture": "#2"},
				"east": {"uv": [12.25, 3, 12.5, 4], "texture": "#2"},
				"south": {"uv": [4, 12.25, 4.25, 13.25], "texture": "#2"},
				"west": {"uv": [4.5, 12.25, 4.75, 13.25], "texture": "#2"},
				"up": {"uv": [10.5, 7.25, 10.25, 7], "texture": "#2"},
				"down": {"uv": [10.75, 5, 10.5, 5.25], "texture": "#2"}
			}
		}
	],
	"gui_light": "front",
	"display": {
		"thirdperson_righthand": {
			"rotation": [1.75, -21.36, 9.33],
			"translation": [-1.75, 0.75, 0],
			"scale": [0.5, 0.5, 0.5]
		},
		"thirdperson_lefthand": {
			"rotation": [1.75, -21.36, 9.33],
			"translation": [-1.75, 0.75, 0],
			"scale": [0.5, 0.5, 0.5]
		},
		"firstperson_righthand": {
			"rotation": [0, 29.75, 0],
			"translation": [0, 0.75, 0],
			"scale": [0.6, 0.6, 0.6]
		},
		"firstperson_lefthand": {
			"rotation": [0, 29.75, 0],
			"translation": [0, 0.75, 0],
			"scale": [0.6, 0.6, 0.6]
		},
		"ground": {
			"scale": [0.5, 0.5, 0.5]
		},
		"gui": {
			"rotation": [13.97, 26.57, -1.18],
			"translation": [0.25, -1, 0],
			"scale": [0.6, 0.6, 0.6]
		},
		"head": {
			"translation": [0, 6.5, 0],
			"scale": [1.61, 1.61, 1.61]
		},
		"fixed": {
			"rotation": [-19, 0, 0],
			"translation": [0, 0, -3.5],
			"scale": [0.8, 0.8, 0.8]
		}
	},
	"groups": [
		0,
		{
			"name": "group",
			"origin": [8, 5.59256, -3.58934],
			"color": 0,
			"children": [1, 2, 3, 4, 5, 6, 7, 8]
		},
		{
			"name": "group",
			"origin": [8, 5.59256, -3.58934],
			"color": 0,
			"children": [9, 10, 11, 12]
		},
		{
			"name": "group",
			"origin": [8, 5.59256, -3.58934],
			"color": 0,
			"children": [13, 14, 15, 16]
		},
		{
			"name": "group",
			"origin": [8, 5.59256, -3.58934],
			"color": 0,
			"children": [17, 18, 19, 20]
		}
	]
}