{
	"credit": "Made with Blockbench",
	"texture_size": [64, 64],
	"textures": {
		"2": "cosmetics/katana"
	},
	"elements": [
		{
			"from": [7.5, -8.75, 7],
			"to": [8.5, 1.25, 9],
			"rotation": {"angle": 0, "axis": "z", "origin": [9.25, 8.5, 8.5]},
			"faces": {
				"north": {"uv": [5.5, 2.75, 5.75, 5.25], "texture": "#2"},
				"east": {"uv": [4, 5, 4.5, 7.5], "texture": "#2"},
				"south": {"uv": [5.5, 5.5, 5.75, 8], "texture": "#2"},
				"west": {"uv": [5.5, 0, 6, 2.5], "texture": "#2"},
				"up": {"uv": [6.25, 5.25, 6, 4.75], "texture": "#2"},
				"down": {"uv": [6.25, 5.5, 6, 6], "texture": "#2"}
			}
		},
		{
			"from": [7, 1.25, 6.5],
			"to": [9, 2.25, 9.5],
			"rotation": {"angle": 0, "axis": "y", "origin": [9.25, 8.5, 8.5]},
			"faces": {
				"north": {"uv": [6.25, 0, 6.75, 0.25], "texture": "#2"},
				"east": {"uv": [6, 3.75, 6.75, 4], "texture": "#2"},
				"south": {"uv": [6.25, 0.5, 6.75, 0.75], "texture": "#2"},
				"west": {"uv": [6, 4.25, 6.75, 4.5], "texture": "#2"},
				"up": {"uv": [5.25, 6.5, 4.75, 5.75], "texture": "#2"},
				"down": {"uv": [6.5, 2.75, 6, 3.5], "texture": "#2"}
			}
		},
		{
			"from": [7.5, 2.25, 8],
			"to": [8.5, 24.25, 9],
			"rotation": {"angle": 0, "axis": "y", "origin": [9.25, 8.5, 8.5]},
			"faces": {
				"north": {"uv": [5, 0, 5.25, 5.5], "texture": "#2"},
				"east": {"uv": [2.5, 5, 2.75, 10.5], "texture": "#2"},
				"south": {"uv": [3, 5, 3.25, 10.5], "texture": "#2"},
				"west": {"uv": [3.5, 5, 3.75, 10.5], "texture": "#2"},
				"up": {"uv": [6.5, 1.25, 6.25, 1], "texture": "#2"},
				"down": {"uv": [6.5, 1.5, 6.25, 1.75], "texture": "#2"}
			}
		},
		{
			"from": [8, 0.25, 7],
			"to": [8, 31.25, 11],
			"rotation": {"angle": 0, "axis": "y", "origin": [9.25, 8.5, 8.5]},
			"faces": {
				"north": {"uv": [6, 6.25, 6, 14], "texture": "#2"},
				"east": {"uv": [0, 0, 1, 7.75], "texture": "#2"},
				"south": {"uv": [6.25, 6.25, 6.25, 14], "texture": "#2"},
				"west": {"uv": [1.25, 0, 2.25, 7.75], "texture": "#2"},
				"up": {"uv": [6.5, 5.75, 6.5, 4.75], "texture": "#2"},
				"down": {"uv": [6.5, 6, 6.5, 7], "texture": "#2"}
			}
		},
		{
			"from": [7.475, -7.5, 4],
			"to": [7.475, 1.5, 13],
			"rotation": {"angle": -45, "axis": "x", "origin": [7.475, -3.5, 8]},
			"faces": {
				"north": {"uv": [6.75, 1, 6.75, 3.25], "texture": "#2"},
				"east": {"uv": [2.5, 0, 4.75, 2.25], "texture": "#2"},
				"south": {"uv": [4.75, 6.75, 4.75, 9], "texture": "#2"},
				"west": {"uv": [2.5, 2.5, 4.75, 4.75], "texture": "#2"},
				"up": {"uv": [6.75, 7, 6.75, 4.75], "texture": "#2"},
				"down": {"uv": [5, 6.75, 5, 9], "texture": "#2"}
			}
		},
		{
			"from": [8.525, -7.5, 4],
			"to": [8.525, 1.5, 13],
			"rotation": {"angle": -45, "axis": "x", "origin": [8.525, -3.5, 8]},
			"faces": {
				"north": {"uv": [6.75, 1, 6.75, 3.25], "texture": "#2"},
				"east": {"uv": [4.75, 2.5, 2.5, 4.75], "texture": "#2"},
				"south": {"uv": [4.75, 6.75, 4.75, 9], "texture": "#2"},
				"west": {"uv": [4.75, 0, 2.5, 2.25], "texture": "#2"},
				"up": {"uv": [6.75, 7, 6.75, 4.75], "texture": "#2"},
				"down": {"uv": [5, 6.75, 5, 9], "texture": "#2"}
			}
		}
	],
	"gui_light": "front",
	"display": {
		"thirdperson_righthand": {
			"translation": [0, 6.75, 1.5],
			"scale": [0.8, 0.8, 0.8]
		},
		"thirdperson_lefthand": {
			"translation": [0, 6.75, 1.5],
			"scale": [0.8, 0.8, 0.8]
		},
		"firstperson_righthand": {
			"rotation": [9.25, 0, 0],
			"translation": [0, 3, 0],
			"scale": [0.5, 0.5, 0.5]
		},
		"firstperson_lefthand": {
			"rotation": [9.25, 0, 0],
			"translation": [0, 3, 0],
			"scale": [0.5, 0.5, 0.5]
		},
		"ground": {
			"rotation": [45, 0, 0],
			"translation": [0, 2.25, 0],
			"scale": [0.44, 0.44, 0.44]
		},
		"gui": {
			"rotation": [45.98, 36.91, -59.88],
			"translation": [-1.5, -0.75, 0],
			"scale": [0.5, 0.5, 0.5]
		},
		"head": {
			"rotation": [-54.01, -0.44, 174.18],
			"translation": [-7, -28.5, 3]
		},
		"fixed": {
			"rotation": [84.28, -49.11, 85.64],
			"translation": [1.5, -1.5, -0.5],
			"scale": [0.5, 0.5, 0.5]
		}
	},
	"groups": [
		{
			"name": "katana",
			"origin": [0, 4.5, 0],
			"color": 0,
			"children": [0, 1, 2, 3]
		},
		4,
		5
	]
}