{
	"credit": "Made with Blockbench",
	"texture_size": [64, 64],
	"textures": {
		"0": "cosmetics/laptop",
		"particle": "cosmetics/laptop"
	},
	"elements": [
		{
			"from": [0, 0, 2],
			"to": [16, 1, 14],
			"faces": {
				"north": {"uv": [0, 6.5, 4, 6.75], "texture": "#0"},
				"east": {"uv": [0, 7.5, 3, 7.75], "texture": "#0"},
				"south": {"uv": [4.25, 6.5, 8.25, 6.75], "texture": "#0"},
				"west": {"uv": [3.25, 7.5, 6.25, 7.75], "texture": "#0"},
				"up": {"uv": [4, 3, 0, 0], "texture": "#0"},
				"down": {"uv": [4, 3.25, 0, 6.25], "texture": "#0"}
			}
		},
		{
			"from": [0.025, 0.45, 13.75],
			"to": [15.975, 12.45, 14.75],
			"rotation": {"angle": 22.5, "axis": "x", "origin": [8, 0.5, 14]},
			"faces": {
				"north": {"uv": [4.25, 0, 8.25, 3], "texture": "#0"},
				"east": {"uv": [6.5, 7.5, 6.75, 10.5], "texture": "#0"},
				"south": {"uv": [4.25, 3.25, 8.25, 6.25], "texture": "#0"},
				"west": {"uv": [7, 7.5, 7.25, 10.5], "texture": "#0"},
				"up": {"uv": [4, 7.25, 0, 7], "texture": "#0"},
				"down": {"uv": [8.25, 7, 4.25, 7.25], "texture": "#0"}
			}
		}
	],
	"gui_light": "front",
	"display": {
		"thirdperson_righthand": {
			"rotation": [-131.61, 39.41, -173.11],
			"translation": [-3.5, 3.75, 3],
			"scale": [0.55, 0.55, 0.55]
		},
		"thirdperson_lefthand": {
			"rotation": [-131.61, 39.41, -173.11],
			"translation": [-3.5, 3.75, 3],
			"scale": [0.55, 0.55, 0.55]
		},
		"firstperson_righthand": {
			"rotation": [-180, 28.25, -180],
			"translation": [0, 4.5, 0],
			"scale": [0.55, 0.55, 0.55]
		},
		"firstperson_lefthand": {
			"rotation": [-180, 28.25, -180],
			"translation": [0, 4.5, 0],
			"scale": [0.55, 0.55, 0.55]
		},
		"ground": {
			"translation": [0, 2, 0],
			"scale": [0.55, 0.55, 0.55]
		},
		"gui": {
			"rotation": [-158.25, 25.5, -180],
			"translation": [-0.75, 0.75, 0],
			"scale": [0.65, 0.65, 0.65]
		},
		"head": {
			"translation": [0, 14.25, 0]
		},
		"fixed": {
			"rotation": [-32.75, 0, 0],
			"translation": [0, 0, -5.75],
			"scale": [0.65, 0.65, 0.65]
		}
	}
}