{
	"credit": "Made with Blockbench",
	"texture_size": [64, 64],
	"textures": {
		"0": "cosmetics/life_ring",
		"particle": "cosmetics/life_ring"
	},
	"elements": [
		{
			"from": [6.5, 0, 4],
			"to": [9.5, 4, 12],
			"faces": {
				"north": {"uv": [8, 6.75, 8.75, 7.75], "texture": "#0"},
				"east": {"uv": [0, 0, 2, 1], "texture": "#0"},
				"south": {"uv": [8, 8, 8.75, 9], "texture": "#0"},
				"west": {"uv": [0, 1.25, 2, 2.25], "texture": "#0"},
				"up": {"uv": [5.75, 7, 5, 5], "texture": "#0"},
				"down": {"uv": [6.75, 5, 6, 7], "texture": "#0"}
			}
		},
		{
			"from": [6.5, 5.65685, -1.65685],
			"to": [9.5, 13.65685, 2.34315],
			"rotation": {"angle": 0, "axis": "x", "origin": [0, 17.65685, -1.65685]},
			"faces": {
				"north": {"uv": [6, 7.25, 6.75, 9.25], "texture": "#0"},
				"east": {"uv": [0, 5, 1, 7], "texture": "#0"},
				"south": {"uv": [7.75, 0, 8.5, 2], "texture": "#0"},
				"west": {"uv": [1.25, 5, 2.25, 7], "texture": "#0"},
				"up": {"uv": [0.75, 10.5, 0, 9.5], "texture": "#0"},
				"down": {"uv": [1.75, 9.5, 1, 10.5], "texture": "#0"}
			}
		},
		{
			"from": [6.5, 5.65685, 13.65685],
			"to": [9.5, 13.65685, 17.65685],
			"rotation": {"angle": 0, "axis": "x", "origin": [0, 17.65685, 17.65685]},
			"faces": {
				"north": {"uv": [7.75, 2.25, 8.5, 4.25], "texture": "#0"},
				"east": {"uv": [2.5, 5, 3.5, 7], "texture": "#0"},
				"south": {"uv": [8, 4.5, 8.75, 6.5], "texture": "#0"},
				"west": {"uv": [3.75, 5, 4.75, 7], "texture": "#0"},
				"up": {"uv": [2.75, 10.5, 2, 9.5], "texture": "#0"},
				"down": {"uv": [3.75, 9.5, 3, 10.5], "texture": "#0"}
			}
		},
		{
			"from": [6.525, 8.48528, -0.48528],
			"to": [9.475, 12.48528, 7.51472],
			"rotation": {"angle": 45, "axis": "x", "origin": [0, 8.48528, -4.48528]},
			"faces": {
				"north": {"uv": [8.75, 0, 9.5, 1], "texture": "#0"},
				"east": {"uv": [2.25, 0, 4.25, 1], "texture": "#0"},
				"south": {"uv": [8.75, 1.25, 9.5, 2.25], "texture": "#0"},
				"west": {"uv": [2.25, 1.25, 4.25, 2.25], "texture": "#0"},
				"up": {"uv": [7.5, 2, 6.75, 0], "texture": "#0"},
				"down": {"uv": [7.5, 2.25, 6.75, 4.25], "texture": "#0"}
			}
		},
		{
			"from": [6.525, 8.48528, 8.48528],
			"to": [9.475, 12.48528, 16.48528],
			"rotation": {"angle": -45, "axis": "x", "origin": [0, 8.48528, 20.48528]},
			"faces": {
				"north": {"uv": [8.75, 2.5, 9.5, 3.5], "texture": "#0"},
				"east": {"uv": [0, 2.5, 2, 3.5], "texture": "#0"},
				"south": {"uv": [9, 3.75, 9.75, 4.75], "texture": "#0"},
				"west": {"uv": [2.25, 2.5, 4.25, 3.5], "texture": "#0"},
				"up": {"uv": [7.75, 6.5, 7, 4.5], "texture": "#0"},
				"down": {"uv": [7.75, 6.75, 7, 8.75], "texture": "#0"}
			}
		},
		{
			"from": [6.5, 15.31371, 4],
			"to": [9.5, 19.31371, 12],
			"rotation": {"angle": 0, "axis": "y", "origin": [0, 19.31371, 0]},
			"faces": {
				"north": {"uv": [9, 8.75, 9.75, 9.75], "texture": "#0"},
				"east": {"uv": [4.5, 2.5, 6.5, 3.5], "texture": "#0"},
				"south": {"uv": [8, 9.25, 8.75, 10.25], "texture": "#0"},
				"west": {"uv": [4.5, 3.75, 6.5, 4.75], "texture": "#0"},
				"up": {"uv": [4.75, 9.25, 4, 7.25], "texture": "#0"},
				"down": {"uv": [5.75, 7.25, 5, 9.25], "texture": "#0"}
			}
		},
		{
			"from": [6.525, 6.82843, -0.48528],
			"to": [9.475, 10.82843, 7.51472],
			"rotation": {"angle": -45, "axis": "x", "origin": [0, 10.82843, -4.48528]},
			"faces": {
				"north": {"uv": [7, 9, 7.75, 10], "texture": "#0"},
				"east": {"uv": [4.5, 0, 6.5, 1], "texture": "#0"},
				"south": {"uv": [9, 7.5, 9.75, 8.5], "texture": "#0"},
				"west": {"uv": [4.5, 1.25, 6.5, 2.25], "texture": "#0"},
				"up": {"uv": [2.75, 9.25, 2, 7.25], "texture": "#0"},
				"down": {"uv": [3.75, 7.25, 3, 9.25], "texture": "#0"}
			}
		},
		{
			"from": [6.525, 6.82843, 8.48528],
			"to": [9.475, 10.82843, 16.48528],
			"rotation": {"angle": 45, "axis": "x", "origin": [0, 10.82843, 20.48528]},
			"faces": {
				"north": {"uv": [9, 5, 9.75, 6], "texture": "#0"},
				"east": {"uv": [0, 3.75, 2, 4.75], "texture": "#0"},
				"south": {"uv": [9, 6.25, 9.75, 7.25], "texture": "#0"},
				"west": {"uv": [2.25, 3.75, 4.25, 4.75], "texture": "#0"},
				"up": {"uv": [0.75, 9.25, 0, 7.25], "texture": "#0"},
				"down": {"uv": [1.75, 7.25, 1, 9.25], "texture": "#0"}
			}
		}
	],
	"gui_light": "front",
	"display": {
		"thirdperson_righthand": {
			"rotation": [10.5, 0, 0],
			"translation": [-1, 0.25, -2.75],
			"scale": [0.7, 0.7, 0.7]
		},
		"thirdperson_lefthand": {
			"rotation": [10.5, 0, 0],
			"translation": [-1, 0.25, -2.75],
			"scale": [0.7, 0.7, 0.7]
		},
		"firstperson_righthand": {
			"rotation": [-13, 0, 0],
			"translation": [0, -0.5, 0],
			"scale": [0.7, 0.7, 0.7]
		},
		"firstperson_lefthand": {
			"rotation": [-13, 0, 0],
			"translation": [0, -0.5, 0],
			"scale": [0.7, 0.7, 0.7]
		},
		"ground": {
			"rotation": [-17.17, -7.1, 44.74],
			"scale": [0.4, 0.4, 0.4]
		},
		"gui": {
			"rotation": [24.5, 55.93, -31.94],
			"translation": [0, -1, 0],
			"scale": [0.7, 0.7, 0.7]
		},
		"head": {
			"rotation": [0, 0, 90],
			"translation": [3, -7.25, -0.5],
			"scale": [1.4, 1.4, 1.4]
		},
		"fixed": {
			"rotation": [-180, 90, -180],
			"translation": [-0.25, -1.75, -0.75],
			"scale": [0.8, 0.8, 0.8]
		}
	}
}