{
	"credit": "Made with Blockbench",
	"texture_size": [32, 32],
	"textures": {
		"0": "cosmetics/meat_cleaver",
		"particle": "cosmetics/meat_cleaver"
	},
	"elements": [
		{
			"from": [7.5, 0, 7],
			"to": [8.5, 6, 9],
			"faces": {
				"north": {"uv": [3, 5, 3.5, 8], "texture": "#0"},
				"east": {"uv": [0, 5, 1, 8], "texture": "#0"},
				"south": {"uv": [4, 5, 4.5, 8], "texture": "#0"},
				"west": {"uv": [1.5, 5, 2.5, 8], "texture": "#0"},
				"up": {"uv": [5.5, 6, 5, 5], "texture": "#0"},
				"down": {"uv": [6.5, 5, 6, 6], "texture": "#0"}
			}
		},
		{
			"from": [8, 6, 4.5],
			"to": [8, 15, 10.5],
			"faces": {
				"north": {"uv": [5, 6.5, 5, 11], "texture": "#0"},
				"east": {"uv": [0, 0, 3, 4.5], "texture": "#0"},
				"south": {"uv": [5.5, 6.5, 5.5, 11], "texture": "#0"},
				"west": {"uv": [3.5, 0, 6.5, 4.5], "texture": "#0"},
				"up": {"uv": [6, 9.5, 6, 6.5], "texture": "#0"},
				"down": {"uv": [6.5, 6.5, 6.5, 9.5], "texture": "#0"}
			}
		}
	],
	"gui_light": "front",
	"display": {
		"thirdperson_righthand": {
			"translation": [0, 2.75, 1.5]
		},
		"thirdperson_lefthand": {
			"translation": [0, 2.75, 1.5]
		},
		"firstperson_righthand": {
			"rotation": [13.25, 0, 0],
			"translation": [0, 1.75, 0]
		},
		"firstperson_lefthand": {
			"rotation": [13.25, 0, 0],
			"translation": [0, 1.75, 0]
		},
		"ground": {
			"rotation": [49, 0, 0],
			"scale": [0.8, 0.8, 0.8]
		},
		"gui": {
			"rotation": [61.4, 42.15, -64.68],
			"translation": [0.5, -0.75, 0],
			"scale": [0.9, 0.9, 0.9]
		},
		"head": {
			"rotation": [-89.72, 27.24, -88.65],
			"translation": [-6.25, 9.75, 0]
		},
		"fixed": {
			"rotation": [-90, 45, 90],
			"translation": [0, 0, -0.25]
		}
	}
}