{
	"credit": "Made with Blockbench",
	"texture_size": [64, 64],
	"textures": {
		"0": "cosmetics/mining_helmet",
		"particle": "cosmetics/mining_helmet"
	},
	"elements": [
		{
			"from": [3.5, 4, 3.5],
			"to": [12.5, 9, 12.5],
			"faces": {
				"north": {"uv": [5, 3.5, 7.25, 4.75], "texture": "#0"},
				"east": {"uv": [5, 5, 7.25, 6.25], "texture": "#0"},
				"south": {"uv": [0, 6, 2.25, 7.25], "texture": "#0"},
				"west": {"uv": [6, 0, 8.25, 1.25], "texture": "#0"},
				"up": {"uv": [2.25, 5.75, 0, 3.5], "texture": "#0"},
				"down": {"uv": [4.75, 3.5, 2.5, 5.75], "texture": "#0"}
			}
		},
		{
			"from": [6.5, 4.5, 0.5],
			"to": [9.5, 7.5, 1.5],
			"faces": {
				"north": {"uv": [6, 1.5, 6.75, 2.25], "texture": "#0"},
				"east": {"uv": [6.75, 2.5, 7, 3.25], "texture": "#0"},
				"south": {"uv": [2.5, 6, 3.25, 6.75], "texture": "#0"},
				"west": {"uv": [3.5, 6.75, 3.75, 7.5], "texture": "#0"},
				"up": {"uv": [4.75, 7, 4, 6.75], "texture": "#0"},
				"down": {"uv": [7.75, 1.5, 7, 1.75], "texture": "#0"}
			}
		},
		{
			"from": [7, 5, 1.5],
			"to": [9, 7, 3.5],
			"faces": {
				"north": {"uv": [6, 2.5, 6.5, 3], "texture": "#0"},
				"east": {"uv": [3.5, 6, 4, 6.5], "texture": "#0"},
				"south": {"uv": [4.25, 6, 4.75, 6.5], "texture": "#0"},
				"west": {"uv": [5, 6.5, 5.5, 7], "texture": "#0"},
				"up": {"uv": [6.25, 7, 5.75, 6.5], "texture": "#0"},
				"down": {"uv": [7, 6.5, 6.5, 7], "texture": "#0"}
			}
		},
		{
			"from": [2.5, 3.975, 0.5],
			"to": [13.5, 4, 13.5],
			"faces": {
				"north": {"uv": [7, 2, 9.75, 2], "texture": "#0"},
				"east": {"uv": [7, 2.25, 10.25, 2.25], "texture": "#0"},
				"south": {"uv": [7.25, 2.5, 10, 2.5], "texture": "#0"},
				"west": {"uv": [7.25, 2.75, 10.5, 2.75], "texture": "#0"},
				"up": {"uv": [2.75, 3.25, 0, 0], "texture": "#0"},
				"down": {"uv": [5.75, 0, 3, 3.25], "texture": "#0"}
			}
		}
	],
	"gui_light": "front",
	"display": {
		"thirdperson_righthand": {
			"rotation": [21.64, 15.17, 7.18],
			"translation": [-2.75, 0.75, 0],
			"scale": [0.5, 0.5, 0.5]
		},
		"thirdperson_lefthand": {
			"rotation": [21.64, 15.17, 7.18],
			"translation": [-2.75, 0.75, 0],
			"scale": [0.5, 0.5, 0.5]
		},
		"firstperson_righthand": {
			"rotation": [5.66, 26.28, 0.64],
			"translation": [0, 2, 0],
			"scale": [0.8, 0.8, 0.8]
		},
		"firstperson_lefthand": {
			"rotation": [5.66, 26.28, 0.64],
			"translation": [0, 2, 0],
			"scale": [0.8, 0.8, 0.8]
		},
		"ground": {
			"scale": [0.65, 0.65, 0.65]
		},
		"gui": {
			"rotation": [-167.39, 21.87, -179.08],
			"translation": [0.25, 1, 0]
		},
		"head": {
			"translation": [0, 5.75, 0],
			"scale": [1.61, 1.61, 1.61]
		},
		"fixed": {
			"rotation": [-20.75, 0, 0],
			"translation": [0, 2.25, -2.75]
		}
	}
}