{
	"credit": "Made with Blockbench",
	"texture_size": [64, 64],
	"textures": {
		"1": "cosmetics/money_glasses"
	},
	"elements": [
		{
			"from": [11.5, 8.5, 3],
			"to": [12.5, 9.5, 9],
			"faces": {
				"north": {"uv": [5.25, 5.5, 5.5, 5.75], "texture": "#1"},
				"east": {"uv": [0, 0, 1.5, 0.25], "texture": "#1"},
				"south": {"uv": [0, 5.75, 0.25, 6], "texture": "#1"},
				"west": {"uv": [0, 0.5, 1.5, 0.75], "texture": "#1"},
				"up": {"uv": [0.25, 2.5, 0, 1], "texture": "#1"},
				"down": {"uv": [0.75, 1, 0.5, 2.5], "texture": "#1"}
			}
		},
		{
			"from": [6, 8.5, 3],
			"to": [10, 9.5, 3],
			"faces": {
				"north": {"uv": [3, 3.5, 4, 3.75], "texture": "#1"},
				"east": {"uv": [0.75, 4.5, 0.75, 4.75], "texture": "#1"},
				"south": {"uv": [3.75, 0, 4.75, 0.25], "texture": "#1"},
				"west": {"uv": [2.5, 5.5, 2.5, 5.75], "texture": "#1"},
				"up": {"uv": [1, 7.25, 0, 7.25], "texture": "#1"},
				"down": {"uv": [8.25, 0, 7.25, 0], "texture": "#1"}
			}
		},
		{
			"from": [11.5, 7, 9],
			"to": [12.5, 9, 10],
			"faces": {
				"north": {"uv": [4, 2.5, 4.25, 3], "texture": "#1"},
				"east": {"uv": [3, 4, 3.25, 4.5], "texture": "#1"},
				"south": {"uv": [3.5, 4, 3.75, 4.5], "texture": "#1"},
				"west": {"uv": [4, 4, 4.25, 4.5], "texture": "#1"},
				"up": {"uv": [6, 0.25, 5.75, 0], "texture": "#1"},
				"down": {"uv": [0.75, 5.75, 0.5, 6], "texture": "#1"}
			}
		},
		{
			"from": [3.5, 7, 9],
			"to": [4.5, 9, 10],
			"rotation": {"angle": 0, "axis": "y", "origin": [16, 0, 0]},
			"faces": {
				"north": {"uv": [1, 4.25, 1.25, 4.75], "texture": "#1"},
				"east": {"uv": [1.5, 4.25, 1.75, 4.75], "texture": "#1"},
				"south": {"uv": [2, 4.25, 2.25, 4.75], "texture": "#1"},
				"west": {"uv": [2.5, 4.25, 2.75, 4.75], "texture": "#1"},
				"up": {"uv": [6, 3, 5.75, 2.75], "texture": "#1"},
				"down": {"uv": [6, 3.25, 5.75, 3.5], "texture": "#1"}
			}
		},
		{
			"from": [3.5, 8.5, 3],
			"to": [4.5, 9.5, 9],
			"rotation": {"angle": 0, "axis": "y", "origin": [16, 0, 0]},
			"faces": {
				"north": {"uv": [1, 5.75, 1.25, 6], "texture": "#1"},
				"east": {"uv": [1, 1, 2.5, 1.25], "texture": "#1"},
				"south": {"uv": [1.5, 5.75, 1.75, 6], "texture": "#1"},
				"west": {"uv": [1, 1.5, 2.5, 1.75], "texture": "#1"},
				"up": {"uv": [1.25, 3.5, 1, 2], "texture": "#1"},
				"down": {"uv": [1.75, 2, 1.5, 3.5], "texture": "#1"}
			}
		},
		{
			"from": [10, 6.25, 2.25],
			"to": [12, 7.25, 3.25],
			"rotation": {"angle": 0, "axis": "y", "origin": [0, 0, 0.25]},
			"faces": {
				"north": {"uv": [4.25, 3.25, 4.75, 3.5], "texture": "#1"},
				"east": {"uv": [5.75, 3.75, 6, 4], "texture": "#1"},
				"south": {"uv": [0, 4.5, 0.5, 4.75], "texture": "#1"},
				"west": {"uv": [5.75, 4.25, 6, 4.5], "texture": "#1"},
				"up": {"uv": [5, 2.75, 4.5, 2.5], "texture": "#1"},
				"down": {"uv": [5, 3.75, 4.5, 4], "texture": "#1"}
			}
		},
		{
			"from": [11.7706, 6.40328, 2.275],
			"to": [12.7706, 7.40328, 3.225],
			"rotation": {"angle": 22.5, "axis": "z", "origin": [12.2706, 6.90328, 2.75]},
			"faces": {
				"north": {"uv": [6.25, 0.5, 6.5, 0.75], "texture": "#1"},
				"east": {"uv": [1, 6.25, 1.25, 6.5], "texture": "#1"},
				"south": {"uv": [6.25, 1, 6.5, 1.25], "texture": "#1"},
				"west": {"uv": [1.5, 6.25, 1.75, 6.5], "texture": "#1"},
				"up": {"uv": [6.5, 1.75, 6.25, 1.5], "texture": "#1"},
				"down": {"uv": [2.25, 6.25, 2, 6.5], "texture": "#1"}
			}
		},
		{
			"from": [9.5, 6.45711, 2.275],
			"to": [10.5, 7.45711, 3.225],
			"rotation": {"angle": -45, "axis": "z", "origin": [10, 6.95711, 2.75]},
			"faces": {
				"north": {"uv": [3.5, 6.25, 3.75, 6.5], "texture": "#1"},
				"east": {"uv": [6.25, 3.5, 6.5, 3.75], "texture": "#1"},
				"south": {"uv": [4, 6.25, 4.25, 6.5], "texture": "#1"},
				"west": {"uv": [6.25, 4, 6.5, 4.25], "texture": "#1"},
				"up": {"uv": [4.75, 6.5, 4.5, 6.25], "texture": "#1"},
				"down": {"uv": [6.5, 5.25, 6.25, 5.5], "texture": "#1"}
			}
		},
		{
			"from": [8.5, 6.45711, 2.25],
			"to": [9.5, 8.45711, 3.25],
			"rotation": {"angle": -45, "axis": "z", "origin": [10, 6.95711, 2.75]},
			"faces": {
				"north": {"uv": [0.5, 5, 0.75, 5.5], "texture": "#1"},
				"east": {"uv": [1, 5, 1.25, 5.5], "texture": "#1"},
				"south": {"uv": [1.5, 5, 1.75, 5.5], "texture": "#1"},
				"west": {"uv": [5, 1.5, 5.25, 2], "texture": "#1"},
				"up": {"uv": [6.5, 6, 6.25, 5.75], "texture": "#1"},
				"down": {"uv": [6.5, 6.25, 6.25, 6.5], "texture": "#1"}
			}
		},
		{
			"from": [10, 8.07843, 2.25],
			"to": [12, 9.07843, 3.25],
			"rotation": {"angle": 0, "axis": "y", "origin": [0, -0.17157, 0.25]},
			"faces": {
				"north": {"uv": [4.5, 4.25, 5, 4.5], "texture": "#1"},
				"east": {"uv": [5.75, 5.5, 6, 5.75], "texture": "#1"},
				"south": {"uv": [4.75, 0.5, 5.25, 0.75], "texture": "#1"},
				"west": {"uv": [6, 2, 6.25, 2.25], "texture": "#1"},
				"up": {"uv": [5.25, 1.25, 4.75, 1], "texture": "#1"},
				"down": {"uv": [3.5, 4.75, 3, 5], "texture": "#1"}
			}
		},
		{
			"from": [11.5, 5.57843, 2.225],
			"to": [12, 11.57843, 2.225],
			"rotation": {"angle": 0, "axis": "y", "origin": [0, -0.17157, 0.25]},
			"faces": {
				"north": {"uv": [2, 2, 2.25, 3.5], "texture": "#1"},
				"east": {"uv": [2.5, 7, 2.5, 8.5], "texture": "#1"},
				"south": {"uv": [2.5, 2, 2.75, 3.5], "texture": "#1"},
				"west": {"uv": [2.75, 7, 2.75, 8.5], "texture": "#1"},
				"up": {"uv": [4.75, 3, 4.5, 3], "texture": "#1"},
				"down": {"uv": [5.5, 2.75, 5.25, 2.75], "texture": "#1"}
			}
		},
		{
			"from": [9.75, 5.57843, 2.225],
			"to": [10.25, 11.57843, 2.225],
			"rotation": {"angle": 0, "axis": "y", "origin": [0, -0.17157, 0.25]},
			"faces": {
				"north": {"uv": [0, 2.75, 0.25, 4.25], "texture": "#1"},
				"east": {"uv": [3, 7, 3, 8.5], "texture": "#1"},
				"south": {"uv": [2.75, 0, 3, 1.5], "texture": "#1"},
				"west": {"uv": [3.25, 7, 3.25, 8.5], "texture": "#1"},
				"up": {"uv": [5.75, 2, 5.5, 2], "texture": "#1"},
				"down": {"uv": [7, 6.5, 6.75, 6.5], "texture": "#1"}
			}
		},
		{
			"from": [11.5, 8.28553, 2.275],
			"to": [12.5, 9.28553, 3.225],
			"rotation": {"angle": 45, "axis": "z", "origin": [12, 8.78553, 2.75]},
			"faces": {
				"north": {"uv": [6, 4.75, 6.25, 5], "texture": "#1"},
				"east": {"uv": [5.25, 6, 5.5, 6.25], "texture": "#1"},
				"south": {"uv": [5.75, 6, 6, 6.25], "texture": "#1"},
				"west": {"uv": [0, 6.25, 0.25, 6.5], "texture": "#1"},
				"up": {"uv": [6.5, 0.25, 6.25, 0], "texture": "#1"},
				"down": {"uv": [0.75, 6.25, 0.5, 6.5], "texture": "#1"}
			}
		},
		{
			"from": [12.25, 8.31053, 2.25],
			"to": [13.25, 10.28553, 3.25],
			"rotation": {"angle": 45, "axis": "z", "origin": [12, 8.78553, 2.75]},
			"faces": {
				"north": {"uv": [3.75, 4.75, 4, 5.25], "texture": "#1"},
				"east": {"uv": [4.25, 4.75, 4.5, 5.25], "texture": "#1"},
				"south": {"uv": [4.75, 4.75, 5, 5.25], "texture": "#1"},
				"west": {"uv": [0, 5, 0.25, 5.5], "texture": "#1"},
				"up": {"uv": [6.5, 2.75, 6.25, 2.5], "texture": "#1"},
				"down": {"uv": [6.5, 3, 6.25, 3.25], "texture": "#1"}
			}
		},
		{
			"from": [8.82322, 9.73008, 2.25],
			"to": [11.82322, 10.73008, 3.25],
			"rotation": {"angle": 0, "axis": "y", "origin": [-0.17678, -0.51992, 0.25]},
			"faces": {
				"north": {"uv": [1.75, 0, 2.5, 0.25], "texture": "#1"},
				"east": {"uv": [2.5, 6, 2.75, 6.25], "texture": "#1"},
				"south": {"uv": [1.75, 0.5, 2.5, 0.75], "texture": "#1"},
				"west": {"uv": [3, 6, 3.25, 6.25], "texture": "#1"},
				"up": {"uv": [4.5, 0.75, 3.75, 0.5], "texture": "#1"},
				"down": {"uv": [1.75, 3.75, 1, 4], "texture": "#1"}
			}
		},
		{
			"from": [5, 6.25, 2.25],
			"to": [7, 7.25, 3.25],
			"rotation": {"angle": 0, "axis": "y", "origin": [-5, 0, 0.25]},
			"faces": {
				"north": {"uv": [4.25, 3.25, 4.75, 3.5], "texture": "#1"},
				"east": {"uv": [5.75, 3.75, 6, 4], "texture": "#1"},
				"south": {"uv": [0, 4.5, 0.5, 4.75], "texture": "#1"},
				"west": {"uv": [5.75, 4.25, 6, 4.5], "texture": "#1"},
				"up": {"uv": [5, 2.75, 4.5, 2.5], "texture": "#1"},
				"down": {"uv": [5, 3.75, 4.5, 4], "texture": "#1"}
			}
		},
		{
			"from": [6.7706, 6.40328, 2.275],
			"to": [7.7706, 7.40328, 3.225],
			"rotation": {"angle": 22.5, "axis": "z", "origin": [7.2706, 6.90328, 2.75]},
			"faces": {
				"north": {"uv": [6.25, 0.5, 6.5, 0.75], "texture": "#1"},
				"east": {"uv": [1, 6.25, 1.25, 6.5], "texture": "#1"},
				"south": {"uv": [6.25, 1, 6.5, 1.25], "texture": "#1"},
				"west": {"uv": [1.5, 6.25, 1.75, 6.5], "texture": "#1"},
				"up": {"uv": [6.5, 1.75, 6.25, 1.5], "texture": "#1"},
				"down": {"uv": [2.25, 6.25, 2, 6.5], "texture": "#1"}
			}
		},
		{
			"from": [4.5, 6.45711, 2.275],
			"to": [5.5, 7.45711, 3.225],
			"rotation": {"angle": -45, "axis": "z", "origin": [5, 6.95711, 2.75]},
			"faces": {
				"north": {"uv": [3.5, 6.25, 3.75, 6.5], "texture": "#1"},
				"east": {"uv": [6.25, 3.5, 6.5, 3.75], "texture": "#1"},
				"south": {"uv": [4, 6.25, 4.25, 6.5], "texture": "#1"},
				"west": {"uv": [6.25, 4, 6.5, 4.25], "texture": "#1"},
				"up": {"uv": [4.75, 6.5, 4.5, 6.25], "texture": "#1"},
				"down": {"uv": [6.5, 5.25, 6.25, 5.5], "texture": "#1"}
			}
		},
		{
			"from": [3.5, 6.45711, 2.25],
			"to": [4.5, 8.45711, 3.25],
			"rotation": {"angle": -45, "axis": "z", "origin": [5, 6.95711, 2.75]},
			"faces": {
				"north": {"uv": [0.5, 5, 0.75, 5.5], "texture": "#1"},
				"east": {"uv": [1, 5, 1.25, 5.5], "texture": "#1"},
				"south": {"uv": [1.5, 5, 1.75, 5.5], "texture": "#1"},
				"west": {"uv": [5, 1.5, 5.25, 2], "texture": "#1"},
				"up": {"uv": [6.5, 6, 6.25, 5.75], "texture": "#1"},
				"down": {"uv": [6.5, 6.25, 6.25, 6.5], "texture": "#1"}
			}
		},
		{
			"from": [5, 8.07843, 2.25],
			"to": [7, 9.07843, 3.25],
			"rotation": {"angle": 0, "axis": "y", "origin": [-5, -0.17157, 0.25]},
			"faces": {
				"north": {"uv": [4.5, 4.25, 5, 4.5], "texture": "#1"},
				"east": {"uv": [5.75, 5.5, 6, 5.75], "texture": "#1"},
				"south": {"uv": [4.75, 0.5, 5.25, 0.75], "texture": "#1"},
				"west": {"uv": [6, 2, 6.25, 2.25], "texture": "#1"},
				"up": {"uv": [5.25, 1.25, 4.75, 1], "texture": "#1"},
				"down": {"uv": [3.5, 4.75, 3, 5], "texture": "#1"}
			}
		},
		{
			"from": [6.5, 5.57843, 2.225],
			"to": [7, 11.57843, 2.225],
			"rotation": {"angle": 0, "axis": "y", "origin": [-5, -0.17157, 0.25]},
			"faces": {
				"north": {"uv": [2, 2, 2.25, 3.5], "texture": "#1"},
				"east": {"uv": [2.5, 7, 2.5, 8.5], "texture": "#1"},
				"south": {"uv": [2.5, 2, 2.75, 3.5], "texture": "#1"},
				"west": {"uv": [2.75, 7, 2.75, 8.5], "texture": "#1"},
				"up": {"uv": [4.75, 3, 4.5, 3], "texture": "#1"},
				"down": {"uv": [5.5, 2.75, 5.25, 2.75], "texture": "#1"}
			}
		},
		{
			"from": [4.75, 5.57843, 2.225],
			"to": [5.25, 11.57843, 2.225],
			"rotation": {"angle": 0, "axis": "y", "origin": [-5, -0.17157, 0.25]},
			"faces": {
				"north": {"uv": [0, 2.75, 0.25, 4.25], "texture": "#1"},
				"east": {"uv": [3, 7, 3, 8.5], "texture": "#1"},
				"south": {"uv": [2.75, 0, 3, 1.5], "texture": "#1"},
				"west": {"uv": [3.25, 7, 3.25, 8.5], "texture": "#1"},
				"up": {"uv": [5.75, 2, 5.5, 2], "texture": "#1"},
				"down": {"uv": [7, 6.5, 6.75, 6.5], "texture": "#1"}
			}
		},
		{
			"from": [6.5, 8.28553, 2.275],
			"to": [7.5, 9.28553, 3.225],
			"rotation": {"angle": 45, "axis": "z", "origin": [7, 8.78553, 2.75]},
			"faces": {
				"north": {"uv": [6, 4.75, 6.25, 5], "texture": "#1"},
				"east": {"uv": [5.25, 6, 5.5, 6.25], "texture": "#1"},
				"south": {"uv": [5.75, 6, 6, 6.25], "texture": "#1"},
				"west": {"uv": [0, 6.25, 0.25, 6.5], "texture": "#1"},
				"up": {"uv": [6.5, 0.25, 6.25, 0], "texture": "#1"},
				"down": {"uv": [0.75, 6.25, 0.5, 6.5], "texture": "#1"}
			}
		},
		{
			"from": [7.25, 8.31053, 2.25],
			"to": [8.25, 10.28553, 3.25],
			"rotation": {"angle": 45, "axis": "z", "origin": [7, 8.78553, 2.75]},
			"faces": {
				"north": {"uv": [3.75, 4.75, 4, 5.25], "texture": "#1"},
				"east": {"uv": [4.25, 4.75, 4.5, 5.25], "texture": "#1"},
				"south": {"uv": [4.75, 4.75, 5, 5.25], "texture": "#1"},
				"west": {"uv": [0, 5, 0.25, 5.5], "texture": "#1"},
				"up": {"uv": [6.5, 2.75, 6.25, 2.5], "texture": "#1"},
				"down": {"uv": [6.5, 3, 6.25, 3.25], "texture": "#1"}
			}
		},
		{
			"from": [3.82322, 9.73008, 2.25],
			"to": [6.82322, 10.73008, 3.25],
			"rotation": {"angle": 0, "axis": "y", "origin": [-5.17678, -0.51992, 0.25]},
			"faces": {
				"north": {"uv": [1.75, 0, 2.5, 0.25], "texture": "#1"},
				"east": {"uv": [2.5, 6, 2.75, 6.25], "texture": "#1"},
				"south": {"uv": [1.75, 0.5, 2.5, 0.75], "texture": "#1"},
				"west": {"uv": [3, 6, 3.25, 6.25], "texture": "#1"},
				"up": {"uv": [4.5, 0.75, 3.75, 0.5], "texture": "#1"},
				"down": {"uv": [1.75, 3.75, 1, 4], "texture": "#1"}
			}
		}
	],
	"gui_light": "front",
	"display": {
		"thirdperson_righthand": {
			"rotation": [18.36, 20.12, -33],
			"translation": [2.25, -3.5, -0.25],
			"scale": [0.8, 0.8, 0.8]
		},
		"thirdperson_lefthand": {
			"rotation": [18.36, 20.12, -33],
			"translation": [2.25, -3.5, -0.25],
			"scale": [0.8, 0.8, 0.8]
		},
		"firstperson_righthand": {
			"rotation": [-4.52, -12.66, -6.25],
			"translation": [2, -0.5, 0]
		},
		"firstperson_lefthand": {
			"rotation": [-4.52, -12.66, -6.25],
			"translation": [2, -0.5, 0]
		},
		"ground": {
			"scale": [0.8, 0.8, 0.8]
		},
		"gui": {
			"rotation": [-160.84, 14.21, -178.72],
			"translation": [1, 1, 0],
			"scale": [1.3, 1.3, 1.3]
		},
		"head": {
			"translation": [0, -3.25, 0.75],
			"scale": [1.61, 1.61, 1.61]
		},
		"fixed": {
			"rotation": [-11, 0, 0],
			"translation": [0, 0, 1.25],
			"scale": [1.2, 1.2, 1.2]
		}
	},
	"groups": [
		0,
		1,
		2,
		3,
		4,
		{
			"name": "group",
			"origin": [0, 0, 0],
			"color": 0,
			"children": [5, 6, 7, 8, 9, 10, 11, 12, 13, 14]
		},
		{
			"name": "group",
			"origin": [0, 0, 0],
			"color": 0,
			"children": [15, 16, 17, 18, 19, 20, 21, 22, 23, 24]
		}
	]
}