{
	"credit": "Made with Blockbench",
	"textures": {
		"0": "cosmetics/monocle",
		"particle": "cosmetics/monocle"
	},
	"elements": [
		{
			"from": [8, 6.5, 2.95],
			"to": [9, 7.5, 3.95],
			"faces": {
				"north": {"uv": [4, 6, 5, 7], "texture": "#0"},
				"east": {"uv": [6, 6, 7, 7], "texture": "#0"},
				"south": {"uv": [7, 0, 8, 1], "texture": "#0"},
				"west": {"uv": [7, 2, 8, 3], "texture": "#0"},
				"up": {"uv": [8, 5, 7, 4], "texture": "#0"},
				"down": {"uv": [1, 8, 0, 9], "texture": "#0"}
			}
		},
		{
			"from": [5.5, 6, 2.975],
			"to": [7.5, 8, 2.975],
			"faces": {
				"north": {"uv": [4, 0, 6, 2], "texture": "#0"},
				"east": {"uv": [2, 8, 2, 10], "texture": "#0"},
				"south": {"uv": [4, 3, 6, 5], "texture": "#0"},
				"west": {"uv": [3, 8, 3, 10], "texture": "#0"},
				"up": {"uv": [6, 8, 4, 8], "texture": "#0"},
				"down": {"uv": [10, 6, 8, 6], "texture": "#0"}
			}
		},
		{
			"from": [5, 5.5, 3],
			"to": [8, 8.5, 3],
			"faces": {
				"north": {"uv": [0, 0, 3, 3], "texture": "#0"},
				"east": {"uv": [7, 8, 7, 11], "texture": "#0"},
				"south": {"uv": [0, 4, 3, 7], "texture": "#0"},
				"west": {"uv": [8, 7, 8, 10], "texture": "#0"},
				"up": {"uv": [12, 0, 9, 0], "texture": "#0"},
				"down": {"uv": [12, 1, 9, 1], "texture": "#0"}
			}
		}
	],
	"gui_light": "front",
	"display": {
		"thirdperson_righthand": {
			"rotation": [60.46, -12.83, 23.39],
			"translation": [-3.25, -4.5, 3.25]
		},
		"thirdperson_lefthand": {
			"rotation": [60.46, -12.83, 23.39],
			"translation": [-3.25, -4.5, 3.25]
		},
		"firstperson_righthand": {
			"rotation": [-173.21, 49.76, 169.59],
			"translation": [5.5, 0, -7]
		},
		"firstperson_lefthand": {
			"rotation": [-173.21, 49.76, 169.59],
			"translation": [5.5, 0, -5.75]
		},
		"ground": {
			"translation": [0.25, 0, 5]
		},
		"gui": {
			"rotation": [-160.84, 14.21, -178.72],
			"translation": [0.5, 5.25, 0],
			"scale": [2, 2, 2]
		},
		"head": {
			"translation": [-0.75, -1, 0.5],
			"scale": [1.61, 1.61, 1.61]
		},
		"fixed": {
			"rotation": [-11, 0, 0],
			"translation": [2, 3, 8.25],
			"scale": [2, 2, 2]
		}
	}
}