{
	"credit": "Made with Blockbench",
	"texture_size": [64, 64],
	"textures": {
		"1": "cosmetics/mushroom_back"
	},
	"elements": [
		{
			"from": [6.025, 16.67671, 5.01219],
			"to": [9.975, 20.67671, 12.01219],
			"rotation": {"angle": -22.5, "axis": "x", "origin": [8, 19.36596, 8.79712]},
			"faces": {
				"north": {"uv": [10.75, 3, 11.75, 4], "texture": "#1"},
				"east": {"uv": [8.5, 8, 10.25, 9], "texture": "#1"},
				"south": {"uv": [4, 10.75, 5, 11.75], "texture": "#1"},
				"west": {"uv": [8.5, 9.25, 10.25, 10.25], "texture": "#1"},
				"up": {"uv": [3.75, 10.25, 2.75, 8.5], "texture": "#1"},
				"down": {"uv": [7.25, 8.5, 6.25, 10.25], "texture": "#1"}
			}
		},
		{
			"from": [6, 18.04232, 0.26341],
			"to": [10, 22.04232, 4.26341],
			"rotation": {"angle": -45, "axis": "x", "origin": [7.5, 21.23157, 8.04833]},
			"faces": {
				"north": {"uv": [10.75, 4.25, 11.75, 5.25], "texture": "#1"},
				"east": {"uv": [11, 0, 12, 1], "texture": "#1"},
				"south": {"uv": [11, 1.25, 12, 2.25], "texture": "#1"},
				"west": {"uv": [11, 10.5, 12, 11.5], "texture": "#1"},
				"up": {"uv": [1, 12.75, 0, 11.75], "texture": "#1"},
				"down": {"uv": [2.25, 11.75, 1.25, 12.75], "texture": "#1"}
			}
		},
		{
			"from": [5.5, 16.17671, 8.01219],
			"to": [10.5, 21.17671, 11.01219],
			"rotation": {"angle": -22.5, "axis": "x", "origin": [8, 19.36596, 8.79712]},
			"faces": {
				"north": {"uv": [9.5, 0, 10.75, 1.25], "texture": "#1"},
				"east": {"uv": [5.25, 10.75, 6, 12], "texture": "#1"},
				"south": {"uv": [9.5, 1.5, 10.75, 2.75], "texture": "#1"},
				"west": {"uv": [9.5, 11.75, 10.25, 13], "texture": "#1"},
				"up": {"uv": [13, 8.75, 11.75, 8], "texture": "#1"},
				"down": {"uv": [11.75, 11.75, 10.5, 12.5], "texture": "#1"}
			}
		},
		{
			"from": [2, 12.67671, 13.01219],
			"to": [14, 24.67671, 16.01219],
			"rotation": {"angle": -22.5, "axis": "x", "origin": [8, 19.36596, 8.79712]},
			"faces": {
				"north": {"uv": [0, 4.25, 3, 7.25], "texture": "#1"},
				"east": {"uv": [0, 7.5, 0.75, 10.5], "texture": "#1"},
				"south": {"uv": [3.25, 4.25, 6.25, 7.25], "texture": "#1"},
				"west": {"uv": [7.5, 0, 8.25, 3], "texture": "#1"},
				"up": {"uv": [4, 8.25, 1, 7.5], "texture": "#1"},
				"down": {"uv": [10.5, 3.25, 7.5, 4], "texture": "#1"}
			}
		},
		{
			"from": [2, 10.67671, 10.01219],
			"to": [14, 26.67671, 13.01219],
			"rotation": {"angle": -22.5, "axis": "x", "origin": [8, 19.36596, 8.79712]},
			"faces": {
				"north": {"uv": [0, 0, 3, 4], "texture": "#1"},
				"east": {"uv": [6.5, 0, 7.25, 4], "texture": "#1"},
				"south": {"uv": [3.25, 0, 6.25, 4], "texture": "#1"},
				"west": {"uv": [6.5, 4.25, 7.25, 8.25], "texture": "#1"},
				"up": {"uv": [10.5, 5, 7.5, 4.25], "texture": "#1"},
				"down": {"uv": [10.5, 5.25, 7.5, 6], "texture": "#1"}
			}
		},
		{
			"from": [0, 12.67671, 10.01219],
			"to": [2, 24.67671, 13.01219],
			"rotation": {"angle": -22.5, "axis": "x", "origin": [8, 19.36596, 8.79712]},
			"faces": {
				"north": {"uv": [7.5, 9.5, 8, 12.5], "texture": "#1"},
				"east": {"uv": [4.25, 7.5, 5, 10.5], "texture": "#1"},
				"south": {"uv": [2.5, 10.5, 3, 13.5], "texture": "#1"},
				"west": {"uv": [5.25, 7.5, 6, 10.5], "texture": "#1"},
				"up": {"uv": [0.5, 11.5, 0, 10.75], "texture": "#1"},
				"down": {"uv": [13.25, 2.25, 12.75, 3], "texture": "#1"}
			}
		},
		{
			"from": [14, 12.67671, 10.01219],
			"to": [16, 24.67671, 13.01219],
			"rotation": {"angle": -22.5, "axis": "x", "origin": [8, 19.36596, 8.79712]},
			"faces": {
				"north": {"uv": [3.25, 10.5, 3.75, 13.5], "texture": "#1"},
				"east": {"uv": [7.5, 6.25, 8.25, 9.25], "texture": "#1"},
				"south": {"uv": [6.25, 10.5, 6.75, 13.5], "texture": "#1"},
				"west": {"uv": [8.5, 0, 9.25, 3], "texture": "#1"},
				"up": {"uv": [13.25, 4, 12.75, 3.25], "texture": "#1"},
				"down": {"uv": [7.5, 12.75, 7, 13.5], "texture": "#1"}
			}
		},
		{
			"from": [13, 21.62742, 13.72792],
			"to": [15, 27.62742, 15.72792],
			"rotation": {"angle": 45, "axis": "x", "origin": [14, 27.12742, 14.72792]},
			"faces": {
				"north": {"uv": [12, 2.5, 12.5, 4], "texture": "#1"},
				"east": {"uv": [4, 12, 4.5, 13.5], "texture": "#1"},
				"south": {"uv": [8.25, 12, 8.75, 13.5], "texture": "#1"},
				"west": {"uv": [12, 11.75, 12.5, 13.25], "texture": "#1"},
				"up": {"uv": [11.25, 6, 10.75, 5.5], "texture": "#1"},
				"down": {"uv": [11, 12.75, 10.5, 13.25], "texture": "#1"}
			}
		},
		{
			"from": [12, 27.62742, 12.72792],
			"to": [16, 29.62742, 16.72792],
			"rotation": {"angle": 45, "axis": "x", "origin": [14, 27.12742, 14.72792]},
			"faces": {
				"north": {"uv": [12.25, 0.75, 13.25, 1.25], "texture": "#1"},
				"east": {"uv": [12.25, 1.5, 13.25, 2], "texture": "#1"},
				"south": {"uv": [4.75, 12.25, 5.75, 12.75], "texture": "#1"},
				"west": {"uv": [12.25, 10.5, 13.25, 11], "texture": "#1"},
				"up": {"uv": [12.75, 6.5, 11.75, 5.5], "texture": "#1"},
				"down": {"uv": [12.75, 6.75, 11.75, 7.75], "texture": "#1"}
			}
		},
		{
			"from": [11, 26.62742, 11.72792],
			"to": [17, 28.62742, 17.72792],
			"rotation": {"angle": 45, "axis": "x", "origin": [14, 27.12742, 14.72792]},
			"faces": {
				"north": {"uv": [12, 4.25, 13.5, 4.75], "texture": "#1"},
				"east": {"uv": [12, 9, 13.5, 9.5], "texture": "#1"},
				"south": {"uv": [12, 9.75, 13.5, 10.25], "texture": "#1"},
				"west": {"uv": [12.25, 0, 13.75, 0.5], "texture": "#1"},
				"up": {"uv": [2.5, 10, 1, 8.5], "texture": "#1"},
				"down": {"uv": [10, 6.25, 8.5, 7.75], "texture": "#1"}
			}
		}
	],
	"gui_light": "front",
	"display": {
		"thirdperson_righthand": {
			"rotation": [-50.25, 0, 0],
			"translation": [0, -2.75, 4.75],
			"scale": [0.5, 0.5, 0.5]
		},
		"thirdperson_lefthand": {
			"rotation": [-50.25, 0, 0],
			"translation": [0, -2.75, 4.75],
			"scale": [0.5, 0.5, 0.5]
		},
		"firstperson_righthand": {
			"rotation": [-73.11, 6.42, 15.19],
			"translation": [0, 0, 3.75],
			"scale": [0.35, 0.35, 0.35]
		},
		"firstperson_lefthand": {
			"rotation": [-73.11, 6.42, 15.19],
			"translation": [0, 0, 3.75],
			"scale": [0.35, 0.35, 0.35]
		},
		"ground": {
			"translation": [0, -2.75, 0],
			"scale": [0.4, 0.4, 0.4]
		},
		"gui": {
			"rotation": [-25, 64.48, 13.73],
			"translation": [-1.25, -9.25, 0],
			"scale": [0.8, 0.8, 0.8]
		},
		"head": {
			"translation": [0, -60.5, 9.75],
			"scale": [1.6, 1.6, 1.6]
		},
		"fixed": {
			"rotation": [-136.25, 0, 0],
			"translation": [0, 7, 7.5]
		}
	},
	"groups": [
		0,
		1,
		2,
		3,
		4,
		5,
		6,
		{
			"name": "group",
			"origin": [0, 0, 0],
			"color": 0,
			"children": [7, 8, 9]
		}
	]
}