{
	"credit": "Made with Blockbench",
	"texture_size": [128, 128],
	"textures": {
		"0": "cosmetics/ogi_fan",
		"particle": "cosmetics/ogi_fan"
	},
	"elements": [
		{
			"name": "flat",
			"from": [-7, 6.38268, 7],
			"to": [23, 20.38268, 7],
			"rotation": {"angle": 0, "axis": "y", "origin": [15.92388, 0.38268, 0]},
			"faces": {
				"north": {"uv": [0, 0, 3.75, 1.75], "texture": "#0"},
				"east": {"uv": [4.625, 5.375, 4.625, 7.125], "texture": "#0"},
				"south": {"uv": [0, 1.875, 3.75, 3.625], "texture": "#0"},
				"west": {"uv": [4.75, 5.375, 4.75, 7.125], "texture": "#0"},
				"up": {"uv": [9.25, 4.625, 5.5, 4.625], "texture": "#0"},
				"down": {"uv": [9.25, 4.75, 5.5, 4.75], "texture": "#0"}
			}
		},
		{
			"from": [7.42388, 2.38268, 6.525],
			"to": [8.42388, 6.38268, 7.45],
			"rotation": {"angle": 0, "axis": "y", "origin": [15.92388, 0.38268, 0]},
			"faces": {
				"north": {"uv": [0, 4.625, 0.125, 5.125], "texture": "#0"},
				"east": {"uv": [1.75, 4.625, 1.875, 5.125], "texture": "#0"},
				"south": {"uv": [0.375, 4.625, 0.5, 5.125], "texture": "#0"},
				"west": {"uv": [2, 4.625, 2.125, 5.125], "texture": "#0"},
				"up": {"uv": [5.375, 3.875, 5.25, 3.75], "texture": "#0"},
				"down": {"uv": [5.375, 4, 5.25, 4.125], "texture": "#0"}
			}
		},
		{
			"from": [6.92388, 5.38268, 6.5],
			"to": [21.92388, 6.38268, 7.5],
			"rotation": {"angle": 22.5, "axis": "z", "origin": [7.92388, 6.38268, 6.75]},
			"faces": {
				"north": {"uv": [3.875, 1.75, 5.75, 1.875], "texture": "#0"},
				"east": {"uv": [1.5, 5.125, 1.625, 5.25], "texture": "#0"},
				"south": {"uv": [3.875, 2, 5.75, 2.125], "texture": "#0"},
				"west": {"uv": [5.25, 4.25, 5.375, 4.375], "texture": "#0"},
				"up": {"uv": [5.75, 2.375, 3.875, 2.25], "texture": "#0"},
				"down": {"uv": [5.75, 2.5, 3.875, 2.625], "texture": "#0"}
			}
		},
		{
			"from": [-7.92388, 0.38268, 6.95],
			"to": [12.07612, 6.38268, 6.95],
			"rotation": {"angle": -22.5, "axis": "z", "origin": [8.07612, 6.38268, 6.975]},
			"faces": {
				"north": {"uv": [2.5, 3.75, 0, 4.5], "texture": "#0"},
				"east": {"uv": [1.625, 5.375, 1.625, 6.125], "texture": "#0"},
				"south": {"uv": [5.125, 3.75, 2.625, 4.5], "texture": "#0"},
				"west": {"uv": [1.5, 5.375, 1.5, 6.125], "texture": "#0"},
				"up": {"uv": [5.25, 4.5, 7.75, 4.5], "texture": "#0"},
				"down": {"uv": [1.75, 5.5, 4.25, 5.5], "texture": "#0"}
			}
		},
		{
			"from": [3.92388, 0.38268, 7.025],
			"to": [23.92388, 6.38268, 7.025],
			"rotation": {"angle": 22.5, "axis": "z", "origin": [7.92388, 6.38268, 7]},
			"faces": {
				"north": {"uv": [0, 3.75, 2.5, 4.5], "texture": "#0"},
				"east": {"uv": [1.5, 5.375, 1.5, 6.125], "texture": "#0"},
				"south": {"uv": [2.625, 3.75, 5.125, 4.5], "texture": "#0"},
				"west": {"uv": [1.625, 5.375, 1.625, 6.125], "texture": "#0"},
				"up": {"uv": [7.75, 4.5, 5.25, 4.5], "texture": "#0"},
				"down": {"uv": [4.25, 5.5, 1.75, 5.5], "texture": "#0"}
			}
		},
		{
			"from": [-5.92388, 5.38268, 6.475],
			"to": [9.07612, 6.38268, 7.475],
			"rotation": {"angle": -22.5, "axis": "z", "origin": [8.07612, 6.38268, 6.75]},
			"faces": {
				"north": {"uv": [3.875, 2.75, 5.75, 2.875], "texture": "#0"},
				"east": {"uv": [5.25, 5, 5.375, 5.125], "texture": "#0"},
				"south": {"uv": [3.875, 3, 5.75, 3.125], "texture": "#0"},
				"west": {"uv": [5.25, 5.25, 5.375, 5.375], "texture": "#0"},
				"up": {"uv": [5.75, 3.375, 3.875, 3.25], "texture": "#0"},
				"down": {"uv": [5.75, 3.5, 3.875, 3.625], "texture": "#0"}
			}
		}
	],
	"gui_light": "front",
	"display": {
		"thirdperson_righthand": {
			"rotation": [0, -90, 0],
			"translation": [-1, 2.25, 1.75],
			"scale": [0.8, 0.8, 0.8]
		},
		"thirdperson_lefthand": {
			"rotation": [0, -90, 0],
			"translation": [-1, 2.25, 1.75],
			"scale": [0.8, 0.8, 0.8]
		},
		"firstperson_righthand": {
			"rotation": [-30, 90, 0],
			"scale": [0.6, 0.6, 0.6]
		},
		"firstperson_lefthand": {
			"rotation": [-30, 90, 0],
			"scale": [0.6, 0.6, 0.6]
		},
		"ground": {
			"translation": [0, 0.5, 0],
			"scale": [0.4, 0.4, 0.4]
		},
		"gui": {
			"rotation": [0, 149, 29],
			"translation": [-0.5, -2.5, 0],
			"scale": [0.7, 0.7, 0.7]
		},
		"fixed": {
			"translation": [0, -0.75, 0],
			"scale": [0.55, 0.55, 0.55]
		}
	}
}