{
	"credit": "Made with Blockbench",
	"texture_size": [64, 64],
	"textures": {
		"1": "cosmetics/park_ranger_hat"
	},
	"elements": [
		{
			"from": [-0.5, 4.975, -0.5],
			"to": [16.5, 5, 16.5],
			"faces": {
				"north": {"uv": [4.5, 7, 8.75, 7.25], "texture": "#1"},
				"east": {"uv": [4.5, 7.5, 8.75, 7.75], "texture": "#1"},
				"south": {"uv": [4.5, 8, 8.75, 8.25], "texture": "#1"},
				"west": {"uv": [4.5, 8.5, 8.75, 8.75], "texture": "#1"},
				"up": {"uv": [4.25, 4.25, 0, 0], "texture": "#1"},
				"down": {"uv": [4.25, 4.5, 0, 8.75], "texture": "#1"}
			}
		},
		{
			"from": [3.5, 5, 3.5],
			"to": [12.5, 9, 12.5],
			"faces": {
				"north": {"uv": [7, 0, 9.25, 1], "texture": "#1"},
				"east": {"uv": [7, 1.25, 9.25, 2.25], "texture": "#1"},
				"south": {"uv": [7, 2.5, 9.25, 3.5], "texture": "#1"},
				"west": {"uv": [7, 3.75, 9.25, 4.75], "texture": "#1"},
				"up": {"uv": [6.75, 2.25, 4.5, 0], "texture": "#1"},
				"down": {"uv": [6.75, 2.5, 4.5, 4.75], "texture": "#1"}
			}
		},
		{
			"from": [4.5, 9, 4.5],
			"to": [11.5, 11, 11.5],
			"faces": {
				"north": {"uv": [8.5, 5, 10.25, 5.5], "texture": "#1"},
				"east": {"uv": [8.5, 5.75, 10.25, 6.25], "texture": "#1"},
				"south": {"uv": [0, 9, 1.75, 9.5], "texture": "#1"},
				"west": {"uv": [2, 9, 3.75, 9.5], "texture": "#1"},
				"up": {"uv": [6.25, 6.75, 4.5, 5], "texture": "#1"},
				"down": {"uv": [8.25, 5, 6.5, 6.75], "texture": "#1"}
			}
		}
	],
	"gui_light": "front",
	"display": {
		"thirdperson_righthand": {
			"rotation": [7.21, 6, 10.4],
			"translation": [-2.75, 0.75, 0],
			"scale": [0.5, 0.5, 0.5]
		},
		"thirdperson_lefthand": {
			"rotation": [7.21, 6, 10.4],
			"translation": [-2.75, 0.75, 0],
			"scale": [0.5, 0.5, 0.5]
		},
		"firstperson_righthand": {
			"rotation": [-169, 44.02, -178.03],
			"translation": [0, 1.25, 0],
			"scale": [0.9, 0.9, 0.9]
		},
		"firstperson_lefthand": {
			"rotation": [-169, 44.02, -178.03],
			"translation": [0, 1.25, 0],
			"scale": [0.9, 0.9, 0.9]
		},
		"ground": {
			"scale": [0.55, 0.55, 0.55]
		},
		"gui": {
			"rotation": [-152.87, 25.59, 176.74],
			"translation": [0, 0.5, 0],
			"scale": [0.8, 0.8, 0.8]
		},
		"head": {
			"translation": [0, 5.75, 0],
			"scale": [1.61, 1.61, 1.61]
		},
		"fixed": {
			"rotation": [-73.5, 0, 0],
			"translation": [0, 0, -5],
			"scale": [0.9, 0.9, 0.9]
		}
	}
}