{
	"credit": "Made with Blockbench",
	"texture_size": [64, 64],
	"textures": {
		"0": "cosmetics/pilgrim_hat",
		"particle": "cosmetics/pilgrim_hat"
	},
	"elements": [
		{
			"from": [3.5, 9, 3.5],
			"to": [12.5, 14, 12.5],
			"faces": {
				"north": {"uv": [7, 0, 9.25, 1.25], "texture": "#0"},
				"east": {"uv": [7, 1.5, 9.25, 2.75], "texture": "#0"},
				"south": {"uv": [7, 3, 9.25, 4.25], "texture": "#0"},
				"west": {"uv": [4.5, 7, 6.75, 8.25], "texture": "#0"},
				"up": {"uv": [6.75, 2.25, 4.5, 0], "texture": "#0"},
				"down": {"uv": [6.75, 2.5, 4.5, 4.75], "texture": "#0"}
			}
		},
		{
			"from": [6, 9.025, 3],
			"to": [10, 12.025, 4],
			"faces": {
				"north": {"uv": [8.5, 6, 9.5, 6.75], "texture": "#0"},
				"east": {"uv": [1.25, 9, 1.5, 9.75], "texture": "#0"},
				"south": {"uv": [8.5, 8.5, 9.5, 9.25], "texture": "#0"},
				"west": {"uv": [1.75, 9, 2, 9.75], "texture": "#0"},
				"up": {"uv": [8, 4.75, 7, 4.5], "texture": "#0"},
				"down": {"uv": [1, 9, 0, 9.25], "texture": "#0"}
			}
		},
		{
			"from": [-0.5, 9, -0.5],
			"to": [16.5, 9, 16.5],
			"faces": {
				"north": {"uv": [9, 7, 13.25, 7], "texture": "#0"},
				"east": {"uv": [9, 7.25, 13.25, 7.25], "texture": "#0"},
				"south": {"uv": [9, 7.5, 13.25, 7.5], "texture": "#0"},
				"west": {"uv": [9, 7.75, 13.25, 7.75], "texture": "#0"},
				"up": {"uv": [4.25, 4.25, 0, 0], "texture": "#0"},
				"down": {"uv": [4.25, 4.5, 0, 8.75], "texture": "#0"}
			}
		},
		{
			"from": [4.5, 14, 4.5],
			"to": [11.5, 19, 11.5],
			"faces": {
				"north": {"uv": [7, 7, 8.75, 8.25], "texture": "#0"},
				"east": {"uv": [4.5, 8.5, 6.25, 9.75], "texture": "#0"},
				"south": {"uv": [8.5, 4.5, 10.25, 5.75], "texture": "#0"},
				"west": {"uv": [6.5, 8.5, 8.25, 9.75], "texture": "#0"},
				"up": {"uv": [6.25, 6.75, 4.5, 5], "texture": "#0"},
				"down": {"uv": [8.25, 5, 6.5, 6.75], "texture": "#0"}
			}
		}
	],
	"gui_light": "front",
	"display": {
		"thirdperson_righthand": {
			"rotation": [29.96, 6.97, 17.18],
			"translation": [-3, -0.75, 0],
			"scale": [0.5, 0.5, 0.5]
		},
		"thirdperson_lefthand": {
			"rotation": [29.96, 6.97, 17.18],
			"translation": [-3, -0.75, 0],
			"scale": [0.5, 0.5, 0.5]
		},
		"firstperson_righthand": {
			"rotation": [-180, 65, -180],
			"scale": [0.5, 0.5, 0.5]
		},
		"firstperson_lefthand": {
			"rotation": [-180, 65, -180],
			"scale": [0.5, 0.5, 0.5]
		},
		"ground": {
			"scale": [0.5, 0.5, 0.5]
		},
		"gui": {
			"rotation": [-163.5, 15.75, -180],
			"translation": [0, -4, 0],
			"scale": [0.84, 0.84, 0.84]
		},
		"head": {
			"translation": [0, -0.5, 0],
			"scale": [1.61, 1.61, 1.61]
		},
		"fixed": {
			"rotation": [-14, 0, 0],
			"translation": [0, -6.5, -4.25]
		}
	}
}