{
	"credit": "Made with Blockbench",
	"textures": {
		"0": "cosmetics/pirate_hook",
		"particle": "cosmetics/pirate_hook"
	},
	"elements": [
		{
			"from": [5.5, 0, 5.5],
			"to": [10.5, 5, 7.5],
			"rotation": {"angle": 0, "axis": "y", "origin": [8, 2.5, 5.25]},
			"faces": {
				"north": {"uv": [0, 0, 5, 5], "texture": "#0"},
				"east": {"uv": [5, 8, 7, 13], "texture": "#0"},
				"south": {"uv": [0, 5, 5, 10], "texture": "#0"},
				"west": {"uv": [7, 8, 9, 13], "texture": "#0"},
				"up": {"uv": [14, 2, 9, 0], "texture": "#0"},
				"down": {"uv": [14, 2, 9, 4], "texture": "#0"}
			}
		},
		{
			"from": [6, 0.5, 4.5],
			"to": [10, 4.5, 5.5],
			"rotation": {"angle": 0, "axis": "y", "origin": [8, 2.5, 5.25]},
			"faces": {
				"north": {"uv": [5, 0, 9, 4], "texture": "#0"},
				"east": {"uv": [9, 4, 10, 8], "texture": "#0"},
				"south": {"uv": [5, 4, 9, 8], "texture": "#0"},
				"west": {"uv": [9, 8, 10, 12], "texture": "#0"},
				"up": {"uv": [4, 11, 0, 10], "texture": "#0"},
				"down": {"uv": [14, 4, 10, 5], "texture": "#0"}
			}
		},
		{
			"from": [7.5, 2, 3.5],
			"to": [8.5, 3, 4.5],
			"rotation": {"angle": 0, "axis": "y", "origin": [8, 2.5, 5.25]},
			"faces": {
				"north": {"uv": [11, 7, 12, 8], "texture": "#0"},
				"east": {"uv": [11, 8, 12, 9], "texture": "#0"},
				"south": {"uv": [10, 11, 11, 12], "texture": "#0"},
				"west": {"uv": [11, 11, 12, 12], "texture": "#0"},
				"up": {"uv": [1, 13, 0, 12], "texture": "#0"},
				"down": {"uv": [2, 12, 1, 13], "texture": "#0"}
			}
		},
		{
			"from": [9.5, 2, 0.5],
			"to": [10.5, 3, 2.5],
			"rotation": {"angle": 0, "axis": "y", "origin": [8, 2.5, 5.25]},
			"faces": {
				"north": {"uv": [2, 12, 3, 13], "texture": "#0"},
				"east": {"uv": [10, 5, 12, 6], "texture": "#0"},
				"south": {"uv": [3, 12, 4, 13], "texture": "#0"},
				"west": {"uv": [10, 6, 12, 7], "texture": "#0"},
				"up": {"uv": [5, 12, 4, 10], "texture": "#0"},
				"down": {"uv": [11, 7, 10, 9], "texture": "#0"}
			}
		},
		{
			"from": [8.5, 2, 2.5],
			"to": [9.5, 3, 3.5],
			"rotation": {"angle": 0, "axis": "y", "origin": [8, 2.5, 5.25]},
			"faces": {
				"north": {"uv": [4, 12, 5, 13], "texture": "#0"},
				"east": {"uv": [12, 5, 13, 6], "texture": "#0"},
				"south": {"uv": [12, 6, 13, 7], "texture": "#0"},
				"west": {"uv": [12, 7, 13, 8], "texture": "#0"},
				"up": {"uv": [13, 9, 12, 8], "texture": "#0"},
				"down": {"uv": [10, 12, 9, 13], "texture": "#0"}
			}
		},
		{
			"from": [6.5, 2, 0.5],
			"to": [7.5, 3, 1.5],
			"rotation": {"angle": 0, "axis": "y", "origin": [8, 2.5, 5.25]},
			"faces": {
				"north": {"uv": [12, 9, 13, 10], "texture": "#0"},
				"east": {"uv": [10, 12, 11, 13], "texture": "#0"},
				"south": {"uv": [12, 10, 13, 11], "texture": "#0"},
				"west": {"uv": [11, 12, 12, 13], "texture": "#0"},
				"up": {"uv": [13, 12, 12, 11], "texture": "#0"},
				"down": {"uv": [13, 12, 12, 13], "texture": "#0"}
			}
		},
		{
			"from": [7.5, 2, -0.5],
			"to": [9.5, 3, 0.5],
			"rotation": {"angle": 0, "axis": "y", "origin": [8, 2.5, 5.25]},
			"faces": {
				"north": {"uv": [10, 9, 12, 10], "texture": "#0"},
				"east": {"uv": [0, 13, 1, 14], "texture": "#0"},
				"south": {"uv": [10, 10, 12, 11], "texture": "#0"},
				"west": {"uv": [1, 13, 2, 14], "texture": "#0"},
				"up": {"uv": [2, 12, 0, 11], "texture": "#0"},
				"down": {"uv": [4, 11, 2, 12], "texture": "#0"}
			}
		}
	],
	"display": {
		"thirdperson_righthand": {
			"translation": [0, 3.5, 2]
		},
		"thirdperson_lefthand": {
			"rotation": [0, 0, 180],
			"translation": [0, -7.5, 2]
		},
		"firstperson_righthand": {
			"rotation": [32, 0, 0],
			"translation": [0, 4.75, 5.25]
		},
		"firstperson_lefthand": {
			"rotation": [32, 0, 180],
			"translation": [0, -4.25, 0]
		},
		"ground": {
			"translation": [0, 5.75, 0]
		},
		"gui": {
			"rotation": [116.93, -41.24, 171.49],
			"translation": [-4, 0.75, 0],
			"scale": [1.4, 1.4, 1.4]
		},
		"head": {
			"rotation": [-67, 0, 0],
			"translation": [9.5, -18.5, -14],
			"scale": [1.65, 1.65, 1.65]
		},
		"fixed": {
			"rotation": [-145.75, 0, -90],
			"translation": [8, 4.75, -10],
			"scale": [1.5, 1.5, 1.5]
		}
	},
	"groups": [
		{
			"name": "pirate_hook",
			"origin": [8, 8, 8],
			"color": 0,
			"nbt": "{}",
			"armAnimationEnabled": false,
			"children": [0, 1, 2, 3, 4, 5, 6]
		}
	]
}