{
	"credit": "Made with Blockbench",
	"texture_size": [64, 64],
	"textures": {
		"0": "cosmetics/pirate_hat",
		"particle": "cosmetics/pirate_hat"
	},
	"elements": [
		{
			"from": [3.5, 4, 3.5],
			"to": [12.5, 9, 12.5],
			"rotation": {"angle": 0, "axis": "x", "origin": [8, 6.5, 8]},
			"faces": {
				"north": {"uv": [7, 1.75, 9.25, 3], "texture": "#0"},
				"east": {"uv": [7, 3.25, 9.25, 4.5], "texture": "#0"},
				"south": {"uv": [0, 8.25, 2.25, 9.5], "texture": "#0"},
				"west": {"uv": [2.5, 8.5, 4.75, 9.75], "texture": "#0"},
				"up": {"uv": [5.75, 8.25, 3.5, 6], "texture": "#0"},
				"down": {"uv": [8.25, 6, 6, 8.25], "texture": "#0"}
			}
		},
		{
			"from": [6.5, 5, 1.5],
			"to": [9.5, 8, 3.5],
			"rotation": {"angle": 0, "axis": "x", "origin": [8, 6.5, 8]},
			"faces": {
				"north": {"uv": [7, 4.75, 7.75, 5.5], "texture": "#0"},
				"east": {"uv": [5, 8.5, 5.5, 9.25], "texture": "#0"},
				"south": {"uv": [8, 4.75, 8.75, 5.5], "texture": "#0"},
				"west": {"uv": [5.75, 8.5, 6.25, 9.25], "texture": "#0"},
				"up": {"uv": [9.25, 6.25, 8.5, 5.75], "texture": "#0"},
				"down": {"uv": [7.25, 8.5, 6.5, 9], "texture": "#0"}
			}
		},
		{
			"from": [7, 4, 1.5],
			"to": [9, 5, 1.5],
			"rotation": {"angle": 0, "axis": "x", "origin": [8, 6.5, 8]},
			"faces": {
				"north": {"uv": [8.5, 6.5, 9, 6.75], "texture": "#0"},
				"east": {"uv": [9, 5.25, 9, 5.5], "texture": "#0"},
				"south": {"uv": [8.5, 7, 9, 7.25], "texture": "#0"},
				"west": {"uv": [9.25, 5.25, 9.25, 5.5], "texture": "#0"},
				"up": {"uv": [7.5, 5.75, 7, 5.75], "texture": "#0"},
				"down": {"uv": [8.25, 5.75, 7.75, 5.75], "texture": "#0"}
			}
		},
		{
			"from": [1.5, 3.73358, 2.16061],
			"to": [14.5, 11.73358, 2.16061],
			"rotation": {"angle": -22.5, "axis": "x", "origin": [7.5, 7.23358, 2.16061]},
			"faces": {
				"north": {"uv": [0, 0, 3.25, 2], "texture": "#0"},
				"east": {"uv": [7.5, 8.5, 7.5, 10.5], "texture": "#0"},
				"south": {"uv": [0, 2.25, 3.25, 4.25], "texture": "#0"},
				"west": {"uv": [8.5, 7.5, 8.5, 9.5], "texture": "#0"},
				"up": {"uv": [12, 7.5, 8.75, 7.5], "texture": "#0"},
				"down": {"uv": [12, 7.75, 8.75, 7.75], "texture": "#0"}
			}
		},
		{
			"from": [1.5, 3.73358, 13.83939],
			"to": [14.5, 9.73358, 13.83939],
			"rotation": {"angle": 22.5, "axis": "x", "origin": [7.5, 7.23358, 13.83939]},
			"faces": {
				"north": {"uv": [0, 6.5, 3.25, 8], "texture": "#0"},
				"east": {"uv": [9, 8, 9, 9.5], "texture": "#0"},
				"south": {"uv": [7, 0, 10.25, 1.5], "texture": "#0"},
				"west": {"uv": [6.5, 9.25, 6.5, 10.75], "texture": "#0"},
				"up": {"uv": [12.25, 4.75, 9, 4.75], "texture": "#0"},
				"down": {"uv": [12.25, 5, 9, 5], "texture": "#0"}
			}
		},
		{
			"from": [15.32843, 2.82843, 1.5],
			"to": [15.32843, 9.82843, 14.5],
			"rotation": {"angle": -45, "axis": "z", "origin": [15.32843, 6.82843, 12]},
			"faces": {
				"north": {"uv": [7.75, 8.5, 7.75, 10.25], "texture": "#0"},
				"east": {"uv": [3.5, 0, 6.75, 1.75], "texture": "#0"},
				"south": {"uv": [8, 8.5, 8, 10.25], "texture": "#0"},
				"west": {"uv": [3.5, 2, 6.75, 3.75], "texture": "#0"},
				"up": {"uv": [8.25, 11.75, 8.25, 8.5], "texture": "#0"},
				"down": {"uv": [8.75, 8, 8.75, 11.25], "texture": "#0"}
			}
		},
		{
			"from": [0.67157, 2.82843, 1.5],
			"to": [0.67157, 9.82843, 14.5],
			"rotation": {"angle": 45, "axis": "z", "origin": [0.67157, 6.82843, 12]},
			"faces": {
				"north": {"uv": [7.75, 8.5, 7.75, 10.25], "texture": "#0"},
				"east": {"uv": [6.75, 2, 3.5, 3.75], "texture": "#0"},
				"south": {"uv": [8, 8.5, 8, 10.25], "texture": "#0"},
				"west": {"uv": [6.75, 0, 3.5, 1.75], "texture": "#0"},
				"up": {"uv": [8.25, 11.75, 8.25, 8.5], "texture": "#0"},
				"down": {"uv": [8.75, 8, 8.75, 11.25], "texture": "#0"}
			}
		}
	],
	"gui_light": "front",
	"display": {
		"thirdperson_righthand": {
			"translation": [-1.5, 0, 0],
			"scale": [0.5, 0.5, 0.5]
		},
		"thirdperson_lefthand": {
			"translation": [-1.5, 0, 0],
			"scale": [0.5, 0.5, 0.5]
		},
		"firstperson_righthand": {
			"scale": [0.8, 0.8, 0.8]
		},
		"firstperson_lefthand": {
			"scale": [0.8, 0.8, 0.8]
		},
		"ground": {
			"scale": [0.5, 0.5, 0.5]
		},
		"gui": {
			"rotation": [174.69, -14.72, 179.93],
			"translation": [0.5, 0, 0],
			"scale": [0.8, 0.8, 0.8]
		},
		"head": {
			"translation": [0, 6, 0],
			"scale": [1.61, 1.61, 1.61]
		},
		"fixed": {
			"rotation": [-33, 0, 0],
			"translation": [0, 0, -5.5]
		}
	}
}