{
	"credit": "Made with Blockbench",
	"texture_size": [64, 64],
	"textures": {
		"1": "cosmetics/pizza_box"
	},
	"elements": [
		{
			"from": [0.5, 0, 0.5],
			"to": [15.5, 0, 15.5],
			"rotation": {"angle": 0, "axis": "y", "origin": [1.5, 0, 1.5]},
			"faces": {
				"north": {"uv": [8, 7.75, 11.75, 7.75], "texture": "#1"},
				"east": {"uv": [6.25, 10.5, 10, 10.5], "texture": "#1"},
				"south": {"uv": [10.25, 10.5, 14, 10.5], "texture": "#1"},
				"west": {"uv": [6.25, 10.75, 10, 10.75], "texture": "#1"},
				"up": {"uv": [3.75, 3.75, 0, 0], "texture": "#1"},
				"down": {"uv": [3.75, 4, 0, 7.75], "texture": "#1"}
			}
		},
		{
			"from": [0.5, 2, 15.5],
			"to": [15.5, 17, 15.5],
			"rotation": {"angle": -22.5, "axis": "x", "origin": [8.5, 2, 15.5]},
			"faces": {
				"north": {"uv": [4, 0, 7.75, 3.75], "texture": "#1"},
				"east": {"uv": [1.75, 11.25, 1.75, 15], "texture": "#1"},
				"south": {"uv": [4, 4, 7.75, 7.75], "texture": "#1"},
				"west": {"uv": [2, 11.25, 2, 15], "texture": "#1"},
				"up": {"uv": [15, 1.25, 11.25, 1.25], "texture": "#1"},
				"down": {"uv": [15, 1.5, 11.25, 1.5], "texture": "#1"}
			}
		},
		{
			"from": [0.5, 16, 13.5],
			"to": [15.5, 16, 15.5],
			"rotation": {"angle": -22.5, "axis": "x", "origin": [8.5, 2, 15.5]},
			"faces": {
				"north": {"uv": [11.25, 1.75, 15, 1.75], "texture": "#1"},
				"east": {"uv": [11.25, 2, 11.75, 2], "texture": "#1"},
				"south": {"uv": [11.25, 2.25, 15, 2.25], "texture": "#1"},
				"west": {"uv": [2.25, 11.25, 2.75, 11.25], "texture": "#1"},
				"up": {"uv": [7, 9.25, 3.25, 8.75], "texture": "#1"},
				"down": {"uv": [11, 8.75, 7.25, 9.25], "texture": "#1"}
			}
		},
		{
			"from": [0.525, 2, 13.5],
			"to": [0.525, 16, 15.5],
			"rotation": {"angle": -22.5, "axis": "x", "origin": [8.5, 2, 15.5]},
			"faces": {
				"north": {"uv": [3, 11.25, 3, 14.75], "texture": "#1"},
				"east": {"uv": [3.25, 9.5, 3.75, 13], "texture": "#1"},
				"south": {"uv": [6.25, 11.25, 6.25, 14.75], "texture": "#1"},
				"west": {"uv": [4, 9.5, 4.5, 13], "texture": "#1"},
				"up": {"uv": [11.25, 3, 11.25, 2.5], "texture": "#1"},
				"down": {"uv": [6.5, 11.25, 6.5, 11.75], "texture": "#1"}
			}
		},
		{
			"from": [15.475, 2, 13.5],
			"to": [15.475, 16, 15.5],
			"rotation": {"angle": -22.5, "axis": "x", "origin": [8.5, 2, 15.5]},
			"faces": {
				"north": {"uv": [6.75, 11.25, 6.75, 14.75], "texture": "#1"},
				"east": {"uv": [4.75, 9.5, 5.25, 13], "texture": "#1"},
				"south": {"uv": [7, 11.25, 7, 14.75], "texture": "#1"},
				"west": {"uv": [5.5, 9.5, 6, 13], "texture": "#1"},
				"up": {"uv": [7.25, 11.75, 7.25, 11.25], "texture": "#1"},
				"down": {"uv": [7.5, 11.25, 7.5, 11.75], "texture": "#1"}
			}
		},
		{
			"from": [0.5, 0, 0.5],
			"to": [15.5, 2, 0.5],
			"rotation": {"angle": 0, "axis": "y", "origin": [1.5, 0, 1.5]},
			"faces": {
				"north": {"uv": [3.25, 8, 7, 8.5], "texture": "#1"},
				"east": {"uv": [10.25, 10.75, 10.25, 11.25], "texture": "#1"},
				"south": {"uv": [8, 3.25, 11.75, 3.75], "texture": "#1"},
				"west": {"uv": [10.5, 10.75, 10.5, 11.25], "texture": "#1"},
				"up": {"uv": [14.5, 10.75, 10.75, 10.75], "texture": "#1"},
				"down": {"uv": [10, 11, 6.25, 11], "texture": "#1"}
			}
		},
		{
			"from": [0.5, 0, 15.5],
			"to": [15.5, 2, 15.5],
			"rotation": {"angle": 0, "axis": "y", "origin": [1.5, 0, 15.5]},
			"faces": {
				"north": {"uv": [8, 4, 11.75, 4.5], "texture": "#1"},
				"east": {"uv": [10.75, 11, 10.75, 11.5], "texture": "#1"},
				"south": {"uv": [8, 4.75, 11.75, 5.25], "texture": "#1"},
				"west": {"uv": [11, 11, 11, 11.5], "texture": "#1"},
				"up": {"uv": [15, 0, 11.25, 0], "texture": "#1"},
				"down": {"uv": [15, 0.25, 11.25, 0.25], "texture": "#1"}
			}
		},
		{
			"from": [0.5, 0, 0.5],
			"to": [0.5, 2, 15.5],
			"rotation": {"angle": 0, "axis": "y", "origin": [1.5, 0, 15.5]},
			"faces": {
				"north": {"uv": [0, 11.25, 0, 11.75], "texture": "#1"},
				"east": {"uv": [8, 5.5, 11.75, 6], "texture": "#1"},
				"south": {"uv": [0.25, 11.25, 0.25, 11.75], "texture": "#1"},
				"west": {"uv": [8, 6.25, 11.75, 6.75], "texture": "#1"},
				"up": {"uv": [0.5, 15, 0.5, 11.25], "texture": "#1"},
				"down": {"uv": [0.75, 11.25, 0.75, 15], "texture": "#1"}
			}
		},
		{
			"from": [15.5, 0, 0.5],
			"to": [15.5, 2, 15.5],
			"rotation": {"angle": 0, "axis": "y", "origin": [15.5, 0, 15.5]},
			"faces": {
				"north": {"uv": [11.25, 0.5, 11.25, 1], "texture": "#1"},
				"east": {"uv": [8, 7, 11.75, 7.5], "texture": "#1"},
				"south": {"uv": [1, 11.25, 1, 11.75], "texture": "#1"},
				"west": {"uv": [7.25, 8, 11, 8.5], "texture": "#1"},
				"up": {"uv": [1.25, 15, 1.25, 11.25], "texture": "#1"},
				"down": {"uv": [1.5, 11.25, 1.5, 15], "texture": "#1"}
			}
		},
		{
			"from": [2, 0.025, 2],
			"to": [14, 1.025, 14],
			"rotation": {"angle": 0, "axis": "y", "origin": [0.5, 0, 0.5]},
			"faces": {
				"north": {"uv": [6.25, 9.5, 9.25, 9.75], "texture": "#1"},
				"east": {"uv": [9.5, 9.5, 12.5, 9.75], "texture": "#1"},
				"south": {"uv": [6.25, 10, 9.25, 10.25], "texture": "#1"},
				"west": {"uv": [9.5, 10, 12.5, 10.25], "texture": "#1"},
				"up": {"uv": [3, 11, 0, 8], "texture": "#1"},
				"down": {"uv": [11, 0, 8, 3], "texture": "#1"}
			}
		}
	],
	"gui_light": "front",
	"display": {
		"thirdperson_righthand": {
			"rotation": [44.68, 6.09, 1.51],
			"translation": [-4, 5, 1.5],
			"scale": [0.7, 0.7, 0.7]
		},
		"thirdperson_lefthand": {
			"rotation": [44.68, 6.09, 1.51],
			"translation": [-4, 5, 1.5],
			"scale": [0.7, 0.7, 0.7]
		},
		"firstperson_righthand": {
			"rotation": [0, 27.5, 0],
			"translation": [0, 3.25, 0],
			"scale": [0.5, 0.5, 0.5]
		},
		"firstperson_lefthand": {
			"rotation": [0, 27.5, 0],
			"translation": [0, 3.25, 0],
			"scale": [0.5, 0.5, 0.5]
		},
		"ground": {
			"translation": [0, 1.75, 0],
			"scale": [0.5, 0.5, 0.5]
		},
		"gui": {
			"rotation": [-156.8, 37.32, 178.8],
			"scale": [0.6, 0.6, 0.6]
		},
		"head": {
			"translation": [0, 5.25, -1.25],
			"scale": [1.6, 1.6, 1.6]
		},
		"fixed": {
			"rotation": [0.75, 0, 0],
			"translation": [0, 0, -5],
			"scale": [0.7, 0.7, 0.7]
		}
	}
}