{
	"credit": "Made with Blockbench",
	"texture_size": [64, 64],
	"textures": {
		"0": "cosmetics/police_hat",
		"particle": "cosmetics/police_hat"
	},
	"elements": [
		{
			"from": [7.175, 3.75, 4.525],
			"to": [13.175, 6.75, 13.475],
			"rotation": {"angle": -22.5, "axis": "z", "origin": [8, 4.75, 8.5]},
			"faces": {
				"north": {"uv": [2.5, 5.5, 4, 6.25], "texture": "#0"},
				"east": {"uv": [0, 5, 2.25, 5.75], "texture": "#0"},
				"south": {"uv": [4.25, 5.5, 5.75, 6.25], "texture": "#0"},
				"west": {"uv": [5.25, 0, 7.5, 0.75], "texture": "#0"},
				"up": {"uv": [1.5, 4.75, 0, 2.5], "texture": "#0"},
				"down": {"uv": [3.25, 2.5, 1.75, 4.75], "texture": "#0"}
			}
		},
		{
			"from": [2.825, 3.75, 4.5],
			"to": [8.825, 6.75, 13.5],
			"rotation": {"angle": 22.5, "axis": "z", "origin": [8, 4.75, 8.5]},
			"faces": {
				"north": {"uv": [5.25, 1, 6.75, 1.75], "texture": "#0"},
				"east": {"uv": [3.5, 3.5, 5.75, 4.25], "texture": "#0"},
				"south": {"uv": [5.25, 2, 6.75, 2.75], "texture": "#0"},
				"west": {"uv": [3.5, 4.5, 5.75, 5.25], "texture": "#0"},
				"up": {"uv": [1.5, 2.25, 0, 0], "texture": "#0"},
				"down": {"uv": [3.25, 0, 1.75, 2.25], "texture": "#0"}
			}
		},
		{
			"from": [4, 1.5, 1.25],
			"to": [10, 2.5, 7.25],
			"rotation": {"angle": 45, "axis": "y", "origin": [8, 3, 3.25]},
			"faces": {
				"north": {"uv": [7, 2, 8.5, 2.25], "texture": "#0"},
				"east": {"uv": [2.25, 7, 3.75, 7.25], "texture": "#0"},
				"south": {"uv": [7, 2.5, 8.5, 2.75], "texture": "#0"},
				"west": {"uv": [4, 7, 5.5, 7.25], "texture": "#0"},
				"up": {"uv": [5, 1.5, 3.5, 0], "texture": "#0"},
				"down": {"uv": [5, 1.75, 3.5, 3.25], "texture": "#0"}
			}
		},
		{
			"from": [4, 2, 12.45],
			"to": [12, 4, 13.45],
			"rotation": {"angle": 0, "axis": "y", "origin": [8, -26, 8.475]},
			"faces": {
				"north": {"uv": [6, 3.75, 8, 4.25], "texture": "#0"},
				"east": {"uv": [1, 7.25, 1.25, 7.75], "texture": "#0"},
				"south": {"uv": [6, 4.5, 8, 5], "texture": "#0"},
				"west": {"uv": [1.5, 7.25, 1.75, 7.75], "texture": "#0"},
				"up": {"uv": [9, 1.25, 7, 1], "texture": "#0"},
				"down": {"uv": [9, 1.5, 7, 1.75], "texture": "#0"}
			}
		},
		{
			"from": [4, 2, 4.55],
			"to": [12, 4, 5.55],
			"rotation": {"angle": 0, "axis": "y", "origin": [8, -26, 9.525]},
			"faces": {
				"north": {"uv": [0, 6, 2, 6.5], "texture": "#0"},
				"east": {"uv": [0, 7.25, 0.25, 7.75], "texture": "#0"},
				"south": {"uv": [6, 3, 8, 3.5], "texture": "#0"},
				"west": {"uv": [0.5, 7.25, 0.75, 7.75], "texture": "#0"},
				"up": {"uv": [4.25, 6.75, 2.25, 6.5], "texture": "#0"},
				"down": {"uv": [2, 6.75, 0, 7], "texture": "#0"}
			}
		},
		{
			"from": [6.5, 2.25, 4],
			"to": [9.5, 5.25, 5],
			"rotation": {"angle": -45, "axis": "z", "origin": [8, 3.75, 4.5]},
			"faces": {
				"north": {"uv": [6, 5.25, 6.75, 6], "texture": "#0"},
				"east": {"uv": [7, 5.25, 7.25, 6], "texture": "#0"},
				"south": {"uv": [6, 6.25, 6.75, 7], "texture": "#0"},
				"west": {"uv": [7, 6.25, 7.25, 7], "texture": "#0"},
				"up": {"uv": [3.25, 5.25, 2.5, 5], "texture": "#0"},
				"down": {"uv": [5.25, 6.5, 4.5, 6.75], "texture": "#0"}
			}
		}
	],
	"gui_light": "front",
	"display": {
		"thirdperson_righthand": {
			"translation": [-2.75, 3.5, 0],
			"scale": [0.8, 0.8, 0.8]
		},
		"thirdperson_lefthand": {
			"translation": [-2.75, 3.5, 0],
			"scale": [0.8, 0.8, 0.8]
		},
		"firstperson_righthand": {
			"rotation": [11, 105, 11],
			"translation": [0, 5.5, 0],
			"scale": [0.9, 0.9, 0.9]
		},
		"firstperson_lefthand": {
			"rotation": [11, 105, 11],
			"translation": [0, 5.5, 0],
			"scale": [0.9, 0.9, 0.9]
		},
		"ground": {
			"translation": [0, 2.5, 0],
			"scale": [0.5, 0.5, 0.5]
		},
		"gui": {
			"rotation": [-160.77, 20.63, -178.34],
			"translation": [0, 2.75, 0]
		},
		"head": {
			"translation": [0, 12.25, -2],
			"scale": [1.7, 1.7, 1.7]
		},
		"fixed": {
			"rotation": [-34, 0, 0],
			"translation": [0, 4.75, -5.75],
			"scale": [1.4, 1.4, 1.4]
		}
	}
}