{
	"credit": "Made with Blockbench",
	"texture_size": [32, 32],
	"textures": {
		"0": "cosmetics/police_baton",
		"particle": "cosmetics/police_baton"
	},
	"elements": [
		{
			"from": [7, 1, 7],
			"to": [9, 8, 9],
			"faces": {
				"north": {"uv": [4, 0, 5, 3.5], "texture": "#0"},
				"east": {"uv": [4, 4, 5, 7.5], "texture": "#0"},
				"south": {"uv": [5.5, 0, 6.5, 3.5], "texture": "#0"},
				"west": {"uv": [5.5, 4, 6.5, 7.5], "texture": "#0"},
				"up": {"uv": [6, 9, 5, 8], "texture": "#0"},
				"down": {"uv": [9, 7.5, 8, 8.5], "texture": "#0"}
			}
		},
		{
			"from": [7.5, 0, 7.5],
			"to": [8.5, 22, 8.5],
			"rotation": {"angle": 0, "axis": "y", "origin": [8, 9, 8]},
			"faces": {
				"north": {"uv": [0, 0, 0.5, 11], "texture": "#0"},
				"east": {"uv": [1, 0, 1.5, 11], "texture": "#0"},
				"south": {"uv": [2, 0, 2.5, 11], "texture": "#0"},
				"west": {"uv": [3, 0, 3.5, 11], "texture": "#0"},
				"up": {"uv": [9.5, 6.5, 9, 6], "texture": "#0"},
				"down": {"uv": [8.5, 9, 8, 9.5], "texture": "#0"}
			}
		},
		{
			"from": [7.5, 0, 7.5],
			"to": [8.5, 14, 8.5],
			"rotation": {"angle": -45, "axis": "y", "origin": [8, 6, 8]},
			"faces": {
				"north": {"uv": [7, 0, 7.5, 7], "texture": "#0"},
				"east": {"uv": [7, 7.5, 7.5, 14.5], "texture": "#0"},
				"south": {"uv": [8, 0, 8.5, 7], "texture": "#0"},
				"west": {"uv": [4, 8, 4.5, 15], "texture": "#0"},
				"up": {"uv": [9.5, 9.5, 9, 9], "texture": "#0"},
				"down": {"uv": [5.5, 9.5, 5, 10], "texture": "#0"}
			}
		},
		{
			"from": [7.5, 21, 7.5],
			"to": [8.5, 23, 8.5],
			"rotation": {"angle": -45, "axis": "y", "origin": [8, 6, 8]},
			"faces": {
				"north": {"uv": [9, 0, 9.5, 1], "texture": "#0"},
				"east": {"uv": [9, 1.5, 9.5, 2.5], "texture": "#0"},
				"south": {"uv": [9, 3, 9.5, 4], "texture": "#0"},
				"west": {"uv": [9, 4.5, 9.5, 5.5], "texture": "#0"},
				"up": {"uv": [6.5, 10, 6, 9.5], "texture": "#0"},
				"down": {"uv": [10, 7, 9.5, 7.5], "texture": "#0"}
			}
		}
	],
	"gui_light": "front",
	"display": {
		"thirdperson_righthand": {
			"translation": [0, 1.5, 1.5]
		},
		"thirdperson_lefthand": {
			"translation": [0, 1.5, 1.5]
		},
		"firstperson_righthand": {
			"scale": [0.9, 0.9, 0.9]
		},
		"firstperson_lefthand": {
			"scale": [0.9, 0.9, 0.9]
		},
		"ground": {
			"rotation": [-45, 0, 0],
			"scale": [0.5, 0.5, 0.5]
		},
		"gui": {
			"rotation": [-163.4, -15.82, -132.44],
			"translation": [-2, -2, 0],
			"scale": [0.85, 0.85, 0.85]
		},
		"head": {
			"translation": [0, 13.5, 0]
		},
		"fixed": {
			"rotation": [0, 0, 45],
			"translation": [2.5, -2.5, -0.75]
		}
	}
}