{
	"credit": "Made with Blockbench",
	"texture_size": [32, 32],
	"textures": {
		"1": "cosmetics/pool_noodle"
	},
	"elements": [
		{
			"from": [7, 0, 7],
			"to": [9, 14, 9],
			"faces": {
				"north": {"uv": [0, 0, 1, 7], "texture": "#1"},
				"east": {"uv": [1.5, 0, 2.5, 7], "texture": "#1"},
				"south": {"uv": [3, 0, 4, 7], "texture": "#1"},
				"west": {"uv": [4.5, 0, 5.5, 7], "texture": "#1"},
				"up": {"uv": [2.5, 8.5, 1.5, 7.5], "texture": "#1"},
				"down": {"uv": [4, 7.5, 3, 8.5], "texture": "#1"}
			}
		},
		{
			"from": [7, 13.16059, 4.78002],
			"to": [9, 24.16059, 6.78002],
			"rotation": {"angle": -22.5, "axis": "x", "origin": [8, 19.16059, 5.78002]},
			"faces": {
				"north": {"uv": [6, 0, 7, 5.5], "texture": "#1"},
				"east": {"uv": [6, 6, 7, 11.5], "texture": "#1"},
				"south": {"uv": [0, 7.5, 1, 13], "texture": "#1"},
				"west": {"uv": [7.5, 0, 8.5, 5.5], "texture": "#1"},
				"up": {"uv": [5.5, 8.5, 4.5, 7.5], "texture": "#1"},
				"down": {"uv": [8.5, 6, 7.5, 7], "texture": "#1"}
			}
		}
	],
	"gui_light": "front",
	"display": {
		"thirdperson_righthand": {
			"rotation": [4, 0, 0],
			"translation": [-0.25, 0.5, 1.75],
			"scale": [0.9, 0.9, 0.9]
		},
		"thirdperson_lefthand": {
			"rotation": [4, 0, 0],
			"translation": [-0.25, 0.5, 1.75],
			"scale": [0.9, 0.9, 0.9]
		},
		"firstperson_righthand": {
			"rotation": [-31.25, 0, 0],
			"translation": [0, -0.75, 0],
			"scale": [0.6, 0.6, 0.6]
		},
		"firstperson_lefthand": {
			"rotation": [-31.25, 0, 0],
			"translation": [0, -0.75, 0],
			"scale": [0.6, 0.6, 0.6]
		},
		"ground": {
			"rotation": [-50, 0, 0],
			"scale": [0.5, 0.5, 0.5]
		},
		"gui": {
			"rotation": [-51.38, -48.81, -51.86],
			"translation": [-2.5, -2, 0],
			"scale": [0.7, 0.7, 0.7]
		},
		"fixed": {
			"rotation": [0, 0, 41.5],
			"translation": [1.75, -2.75, -0.75],
			"scale": [0.7, 0.7, 0.7]
		}
	}
}