{
	"credit": "Made with Blockbench",
	"texture_size": [32, 32],
	"textures": {
		"0": "cosmetics/purple_beanie",
		"particle": "cosmetics/purple_beanie"
	},
	"elements": [
		{
			"from": [3.5, 4.5, 3.5],
			"to": [12.5, 8.5, 12.5],
			"rotation": {"angle": 0, "axis": "y", "origin": [8, 6.5, 8]},
			"faces": {
				"north": {"uv": [5, 8, 9.5, 10], "texture": "#0"},
				"east": {"uv": [9, 0, 13.5, 2], "texture": "#0"},
				"south": {"uv": [9, 2.5, 13.5, 4.5], "texture": "#0"},
				"west": {"uv": [9, 5, 13.5, 7], "texture": "#0"},
				"up": {"uv": [4.5, 4.5, 0, 0], "texture": "#0"},
				"down": {"uv": [4.5, 5, 0, 9.5], "texture": "#0"}
			}
		},
		{
			"from": [4.5, 6.5, 5.5],
			"to": [11.5, 11.5, 12.5],
			"rotation": {"angle": 22.5, "axis": "x", "origin": [8, 10, 8]},
			"faces": {
				"north": {"uv": [0, 10, 3.5, 12.5], "texture": "#0"},
				"east": {"uv": [10, 7.5, 13.5, 10], "texture": "#0"},
				"south": {"uv": [4, 10.5, 7.5, 13], "texture": "#0"},
				"west": {"uv": [8, 10.5, 11.5, 13], "texture": "#0"},
				"up": {"uv": [8.5, 3.5, 5, 0], "texture": "#0"},
				"down": {"uv": [8.5, 4, 5, 7.5], "texture": "#0"}
			}
		},
		{
			"from": [5.5, 11.5, 6.5],
			"to": [10.5, 13.5, 11.5],
			"rotation": {"angle": 22.5, "axis": "x", "origin": [8, 10, 8]},
			"faces": {
				"north": {"uv": [3, 13.5, 5.5, 14.5], "texture": "#0"},
				"east": {"uv": [6, 13.5, 8.5, 14.5], "texture": "#0"},
				"south": {"uv": [9, 13.5, 11.5, 14.5], "texture": "#0"},
				"west": {"uv": [12, 13.5, 14.5, 14.5], "texture": "#0"},
				"up": {"uv": [14.5, 13, 12, 10.5], "texture": "#0"},
				"down": {"uv": [2.5, 13, 0, 15.5], "texture": "#0"}
			}
		},
		{
			"from": [7, 12.77477, 9.64595],
			"to": [9, 14.77477, 11.64595],
			"rotation": {"angle": -22.5, "axis": "x", "origin": [8, 13.77477, 10.64595]},
			"faces": {
				"north": {"uv": [14, 0, 15, 1], "texture": "#0"},
				"east": {"uv": [14, 1.5, 15, 2.5], "texture": "#0"},
				"south": {"uv": [14, 3, 15, 4], "texture": "#0"},
				"west": {"uv": [14, 4.5, 15, 5.5], "texture": "#0"},
				"up": {"uv": [15, 7, 14, 6], "texture": "#0"},
				"down": {"uv": [15, 7.5, 14, 8.5], "texture": "#0"}
			}
		}
	],
	"gui_light": "front",
	"display": {
		"thirdperson_righthand": {
			"translation": [-2.25, 0, 0],
			"scale": [0.7, 0.7, 0.7]
		},
		"thirdperson_lefthand": {
			"translation": [-2.25, 0, 0],
			"scale": [0.7, 0.7, 0.7]
		},
		"firstperson_righthand": {
			"scale": [0.7, 0.7, 0.7]
		},
		"firstperson_lefthand": {
			"scale": [0.7, 0.7, 0.7]
		},
		"ground": {
			"scale": [0.5, 0.5, 0.5]
		},
		"gui": {
			"rotation": [-149, 36.25, -180],
			"translation": [0, -0.75, 0]
		},
		"head": {
			"translation": [0, 6.5, 0],
			"scale": [1.61, 1.61, 1.61]
		}
	}
}