{
	"credit": "Made with Blockbench",
	"texture_size": [32, 32],
	"textures": {
		"0": "cosmetics/purse",
		"particle": "cosmetics/purse"
	},
	"elements": [
		{
			"from": [7, 0, 4],
			"to": [9, 5, 12],
			"rotation": {"angle": 0, "axis": "y", "origin": [7, 0, 8]},
			"faces": {
				"north": {"uv": [0, 6, 1, 8.5], "texture": "#0"},
				"east": {"uv": [0, 0, 4, 2.5], "texture": "#0"},
				"south": {"uv": [6, 0, 7, 2.5], "texture": "#0"},
				"west": {"uv": [0, 3, 4, 5.5], "texture": "#0"},
				"up": {"uv": [5.5, 4, 4.5, 0], "texture": "#0"},
				"down": {"uv": [5.5, 4.5, 4.5, 8.5], "texture": "#0"}
			}
		},
		{
			"from": [6.5, 1.5, 7.5],
			"to": [7.5, 5.5, 8.5],
			"rotation": {"angle": 0, "axis": "y", "origin": [6.5, 0.5, 8.5]},
			"faces": {
				"north": {"uv": [8, 3, 8.5, 5], "texture": "#0"},
				"east": {"uv": [8, 5.5, 8.5, 7.5], "texture": "#0"},
				"south": {"uv": [8, 8, 8.5, 10], "texture": "#0"},
				"west": {"uv": [8.5, 0, 9, 2], "texture": "#0"},
				"up": {"uv": [9.5, 9.5, 9, 9], "texture": "#0"},
				"down": {"uv": [10, 0, 9.5, 0.5], "texture": "#0"}
			}
		},
		{
			"from": [7.5, 5, 4],
			"to": [8.5, 10, 5],
			"rotation": {"angle": 0, "axis": "x", "origin": [7.5, 7.5, 4.5]},
			"faces": {
				"north": {"uv": [1.5, 6, 2, 8.5], "texture": "#0"},
				"east": {"uv": [2.5, 6, 3, 8.5], "texture": "#0"},
				"south": {"uv": [6, 3, 6.5, 5.5], "texture": "#0"},
				"west": {"uv": [3.5, 6, 4, 8.5], "texture": "#0"},
				"up": {"uv": [9.5, 7.5, 9, 7], "texture": "#0"},
				"down": {"uv": [9.5, 8, 9, 8.5], "texture": "#0"}
			}
		},
		{
			"from": [7.55, 9.61209, 4.07716],
			"to": [8.45, 10.61209, 8.40216],
			"rotation": {"angle": -22.5, "axis": "x", "origin": [8, 10.11209, 5.57716]},
			"faces": {
				"north": {"uv": [9.5, 1, 10, 1.5], "texture": "#0"},
				"east": {"uv": [0, 9, 2, 9.5], "texture": "#0"},
				"south": {"uv": [0, 10, 0.5, 10.5], "texture": "#0"},
				"west": {"uv": [2.5, 9, 4.5, 9.5], "texture": "#0"},
				"up": {"uv": [9.5, 4.5, 9, 2.5], "texture": "#0"},
				"down": {"uv": [5.5, 9, 5, 11], "texture": "#0"}
			}
		},
		{
			"from": [7.5, 5, 11],
			"to": [8.5, 10, 12],
			"rotation": {"angle": 0, "axis": "x", "origin": [7.5, 7.5, 11.5]},
			"faces": {
				"north": {"uv": [6, 6, 6.5, 8.5], "texture": "#0"},
				"east": {"uv": [7, 3, 7.5, 5.5], "texture": "#0"},
				"south": {"uv": [7, 6, 7.5, 8.5], "texture": "#0"},
				"west": {"uv": [7.5, 0, 8, 2.5], "texture": "#0"},
				"up": {"uv": [10.5, 2.5, 10, 2], "texture": "#0"},
				"down": {"uv": [3.5, 10, 3, 10.5], "texture": "#0"}
			}
		},
		{
			"from": [7.525, 9.61209, 7.59784],
			"to": [8.475, 10.61209, 11.92284],
			"rotation": {"angle": 22.5, "axis": "x", "origin": [8, 10.11209, 10.42284]},
			"faces": {
				"north": {"uv": [1, 10, 1.5, 10.5], "texture": "#0"},
				"east": {"uv": [9, 5, 11, 5.5], "texture": "#0"},
				"south": {"uv": [2, 10, 2.5, 10.5], "texture": "#0"},
				"west": {"uv": [9, 6, 11, 6.5], "texture": "#0"},
				"up": {"uv": [6.5, 11, 6, 9], "texture": "#0"},
				"down": {"uv": [7.5, 9, 7, 11], "texture": "#0"}
			}
		}
	],
	"gui_light": "front",
	"display": {
		"thirdperson_righthand": {
			"rotation": [-90.85, 0.03, 146.5],
			"translation": [0, -1.75, 10]
		},
		"thirdperson_lefthand": {
			"rotation": [-90.85, 0.03, 146.5],
			"translation": [0, -1.75, 10]
		},
		"firstperson_righthand": {
			"rotation": [10.8, 2.1, 10.82],
			"translation": [0, 1.5, 0]
		},
		"firstperson_lefthand": {
			"rotation": [10.8, 2.1, 10.82],
			"translation": [0, 1.5, 0]
		},
		"ground": {
			"translation": [0, 2, 0],
			"scale": [0.65, 0.65, 0.65]
		},
		"gui": {
			"rotation": [-145.67, 51.53, 164.18],
			"translation": [-0.25, 2.5, 0]
		},
		"head": {
			"rotation": [0, -90, 0],
			"translation": [0, 14.5, 0]
		},
		"fixed": {
			"rotation": [4.75, -90, 0],
			"translation": [0, 2.25, -0.5],
			"scale": [1.2, 1.2, 1.2]
		}
	}
}