{
	"credit": "Made with Blockbench",
	"texture_size": [64, 64],
	"textures": {
		"0": "cosmetics/quiver",
		"particle": "cosmetics/quiver"
	},
	"elements": [
		{
			"from": [6, 0, 7],
			"to": [10, 16, 9],
			"faces": {
				"north": {"uv": [0, 0, 1, 4], "texture": "#0"},
				"east": {"uv": [0, 4.25, 0.5, 8.25], "texture": "#0"},
				"south": {"uv": [1.25, 0, 2.25, 4], "texture": "#0"},
				"west": {"uv": [0.75, 4.25, 1.25, 8.25], "texture": "#0"},
				"up": {"uv": [5.5, 1.5, 4.5, 1], "texture": "#0"},
				"down": {"uv": [5.5, 1.75, 4.5, 2.25], "texture": "#0"}
			}
		},
		{
			"name": "flat",
			"from": [6.5, 0.5, 6.75],
			"to": [9.5, 15.5, 9.25],
			"faces": {
				"north": {"uv": [2.5, 0, 3.25, 3.75], "texture": "#0"},
				"east": {"uv": [3.5, 0, 4.25, 3.75], "texture": "#0"},
				"south": {"uv": [2.5, 4, 3.25, 7.75], "texture": "#0"},
				"west": {"uv": [3.5, 4, 4.25, 7.75], "texture": "#0"},
				"up": {"uv": [2.25, 5, 1.5, 4.25], "texture": "#0"},
				"down": {"uv": [5.25, 0, 4.5, 0.75], "texture": "#0"}
			}
		},
		{
			"from": [7, 16, 7.5],
			"to": [9, 20, 7.5],
			"rotation": {"angle": 22.5, "axis": "y", "origin": [8, 18.5, 7.5]},
			"faces": {
				"north": {"uv": [4.5, 5, 5, 6], "texture": "#0"},
				"east": {"uv": [5.25, 5.25, 5.25, 6.25], "texture": "#0"},
				"south": {"uv": [1.5, 5.25, 2, 6.25], "texture": "#0"},
				"west": {"uv": [5.5, 2.5, 5.5, 3.5], "texture": "#0"},
				"up": {"uv": [6, 0, 5.5, 0], "texture": "#0"},
				"down": {"uv": [6, 0.25, 5.5, 0.25], "texture": "#0"}
			}
		},
		{
			"from": [8, 18, 6.5],
			"to": [8, 22, 8.5],
			"rotation": {"angle": 22.5, "axis": "y", "origin": [8, 18.5, 7.5]},
			"faces": {
				"north": {"uv": [5.5, 2.5, 5.5, 3.5], "texture": "#0"},
				"east": {"uv": [4.5, 5, 5, 6], "texture": "#0"},
				"south": {"uv": [5.25, 5.25, 5.25, 6.25], "texture": "#0"},
				"west": {"uv": [1.5, 5.25, 2, 6.25], "texture": "#0"},
				"up": {"uv": [6, 0, 5.5, 0], "rotation": 90, "texture": "#0"},
				"down": {"uv": [6, 0.25, 5.5, 0.25], "rotation": 270, "texture": "#0"}
			}
		},
		{
			"from": [8.75, 15.5, 8],
			"to": [10.75, 19.5, 8],
			"rotation": {"angle": -22.5, "axis": "y", "origin": [9, 19, 8]},
			"faces": {
				"north": {"uv": [4.5, 5, 5, 6], "texture": "#0"},
				"east": {"uv": [5.25, 5.25, 5.25, 6.25], "texture": "#0"},
				"south": {"uv": [1.5, 5.25, 2, 6.25], "texture": "#0"},
				"west": {"uv": [5.5, 2.5, 5.5, 3.5], "texture": "#0"},
				"up": {"uv": [6, 0, 5.5, 0], "texture": "#0"},
				"down": {"uv": [6, 0.25, 5.5, 0.25], "texture": "#0"}
			}
		},
		{
			"from": [9.75, 16, 7],
			"to": [9.75, 20, 9],
			"rotation": {"angle": -22.5, "axis": "y", "origin": [9, 19, 8]},
			"faces": {
				"north": {"uv": [5.5, 2.5, 5.5, 3.5], "texture": "#0"},
				"east": {"uv": [4.5, 5, 5, 6], "texture": "#0"},
				"south": {"uv": [5.25, 5.25, 5.25, 6.25], "texture": "#0"},
				"west": {"uv": [1.5, 5.25, 2, 6.25], "texture": "#0"},
				"up": {"uv": [6, 0, 5.5, 0], "rotation": 90, "texture": "#0"},
				"down": {"uv": [6, 0.25, 5.5, 0.25], "rotation": 270, "texture": "#0"}
			}
		},
		{
			"from": [6.32769, 16.25, 7.13373],
			"to": [6.32769, 20.25, 9.13373],
			"rotation": {"angle": -22.5, "axis": "y", "origin": [6.57769, 19, 7.63373]},
			"faces": {
				"north": {"uv": [5.25, 5.25, 5.25, 6.25], "texture": "#0"},
				"east": {"uv": [5, 5, 4.5, 6], "texture": "#0"},
				"south": {"uv": [5.5, 2.5, 5.5, 3.5], "texture": "#0"},
				"west": {"uv": [2, 5.25, 1.5, 6.25], "texture": "#0"},
				"up": {"uv": [5.5, 0, 6, 0], "rotation": 90, "texture": "#0"},
				"down": {"uv": [5.5, 0.25, 6, 0.25], "rotation": 270, "texture": "#0"}
			}
		},
		{
			"from": [5.32769, 15.75, 8.13373],
			"to": [7.32769, 19.75, 8.13373],
			"rotation": {"angle": -22.5, "axis": "y", "origin": [6.57769, 19, 7.63373]},
			"faces": {
				"north": {"uv": [5, 5, 4.5, 6], "texture": "#0"},
				"east": {"uv": [5.5, 2.5, 5.5, 3.5], "texture": "#0"},
				"south": {"uv": [2, 5.25, 1.5, 6.25], "texture": "#0"},
				"west": {"uv": [5.25, 5.25, 5.25, 6.25], "texture": "#0"},
				"up": {"uv": [6, 0, 5.5, 0], "rotation": 180, "texture": "#0"},
				"down": {"uv": [6, 0.25, 5.5, 0.25], "rotation": 180, "texture": "#0"}
			}
		}
	],
	"gui_light": "front",
	"display": {
		"thirdperson_righthand": {
			"translation": [-1.5, -1.25, 2.25]
		},
		"thirdperson_lefthand": {
			"translation": [-1.5, -1.25, 2.25]
		},
		"firstperson_righthand": {
			"rotation": [0, -69.75, 0],
			"scale": [0.8, 0.8, 0.8]
		},
		"firstperson_lefthand": {
			"rotation": [0, -69.75, 0],
			"scale": [0.8, 0.8, 0.8]
		},
		"ground": {
			"rotation": [45, 0, 0],
			"scale": [0.5, 0.5, 0.5]
		},
		"gui": {
			"rotation": [0, -28.5, -44.25],
			"translation": [-0.5, -1, 0],
			"scale": [0.8, 0.8, 0.8]
		},
		"head": {
			"rotation": [-179, 1.25, -131.04],
			"translation": [1.25, -50.75, 5],
			"scale": [1.6, 1.6, 1.6]
		},
		"fixed": {
			"rotation": [0, 0, 43.75],
			"translation": [0.75, -1, -1]
		}
	},
	"groups": [
		0,
		1,
		{
			"name": "arrow",
			"origin": [9, 16, 8.25],
			"color": 0,
			"children": [2, 3]
		},
		{
			"name": "arrow",
			"origin": [9, 16, 8.25],
			"color": 0,
			"children": [4, 5]
		},
		{
			"name": "arrow",
			"origin": [9, 16, 8.25],
			"color": 0,
			"children": [6, 7]
		}
	]
}