{
	"credit": "Made with Blockbench",
	"texture_size": [64, 64],
	"textures": {
		"0": "cosmetics/rastacap",
		"particle": "cosmetics/rastacap"
	},
	"elements": [
		{
			"from": [2.5, 9, 4],
			"to": [13.5, 17, 15],
			"rotation": {"angle": 22.5, "axis": "x", "origin": [8, 12.5, 7.5]},
			"faces": {
				"north": {"uv": [3, 0, 5.75, 2], "texture": "#0"},
				"east": {"uv": [3, 2.25, 5.75, 4.25], "texture": "#0"},
				"south": {"uv": [3, 4.5, 5.75, 6.5], "texture": "#0"},
				"west": {"uv": [0, 6, 2.75, 8], "texture": "#0"},
				"up": {"uv": [2.75, 2.75, 0, 0], "texture": "#0"},
				"down": {"uv": [2.75, 3, 0, 5.75], "texture": "#0"}
			}
		},
		{
			"from": [13.5, 9, 4],
			"to": [14.5, 9, 8],
			"rotation": {"angle": 22.5, "axis": "x", "origin": [8, 12.5, 7.5]},
			"faces": {
				"north": {"uv": [6.5, 5.25, 6.75, 5.25], "texture": "#0"},
				"east": {"uv": [6.5, 5.5, 7.5, 5.5], "texture": "#0"},
				"south": {"uv": [6.5, 5.75, 6.75, 5.75], "texture": "#0"},
				"west": {"uv": [6.5, 6, 7.5, 6], "texture": "#0"},
				"up": {"uv": [6.25, 4, 6, 3], "texture": "#0"},
				"down": {"uv": [6.25, 4.25, 6, 5.25], "texture": "#0"}
			}
		},
		{
			"from": [1.5, 9, 4],
			"to": [2.5, 9, 8],
			"rotation": {"angle": 22.5, "axis": "x", "origin": [8, 12.5, 7.5]},
			"faces": {
				"north": {"uv": [6.5, 6.25, 6.75, 6.25], "texture": "#0"},
				"east": {"uv": [6.5, 6.5, 7.5, 6.5], "texture": "#0"},
				"south": {"uv": [3, 6.75, 3.25, 6.75], "texture": "#0"},
				"west": {"uv": [3.5, 6.75, 4.5, 6.75], "texture": "#0"},
				"up": {"uv": [6.25, 6.5, 6, 5.5], "texture": "#0"},
				"down": {"uv": [6.75, 3, 6.5, 4], "texture": "#0"}
			}
		},
		{
			"from": [1.5, 10.60481, -2.07297],
			"to": [14.5, 10.60481, 2.92703],
			"rotation": {"angle": 0, "axis": "x", "origin": [7, 16.10481, 9.42703]},
			"faces": {
				"north": {"uv": [6.5, 4.25, 9.75, 4.25], "texture": "#0"},
				"east": {"uv": [6.5, 4.5, 7.75, 4.5], "texture": "#0"},
				"south": {"uv": [6.5, 4.75, 9.75, 4.75], "texture": "#0"},
				"west": {"uv": [6.5, 5, 7.75, 5], "texture": "#0"},
				"up": {"uv": [9.25, 1.25, 6, 0], "texture": "#0"},
				"down": {"uv": [9.25, 1.5, 6, 2.75], "texture": "#0"}
			}
		}
	],
	"gui_light": "front",
	"display": {
		"thirdperson_righthand": {
			"translation": [-2.5, -0.75, 0],
			"scale": [0.5, 0.5, 0.5]
		},
		"thirdperson_lefthand": {
			"translation": [-2.5, -0.75, 0],
			"scale": [0.5, 0.5, 0.5]
		},
		"firstperson_righthand": {
			"rotation": [0, 14.25, 0],
			"scale": [0.6, 0.6, 0.6]
		},
		"firstperson_lefthand": {
			"rotation": [0, 14.25, 0],
			"scale": [0.6, 0.6, 0.6]
		},
		"ground": {
			"scale": [0.5, 0.5, 0.5]
		},
		"gui": {
			"rotation": [-136.58, -31.96, -170],
			"translation": [-0.25, -2.5, 0],
			"scale": [0.8, 0.8, 0.8]
		},
		"head": {
			"translation": [0, -0.5, -0.5],
			"scale": [1.61, 1.61, 1.61]
		},
		"fixed": {
			"rotation": [-46, 0, 0],
			"translation": [0, -5.25, -1.75]
		}
	}
}