{
	"credit": "Made with Blockbench",
	"texture_size": [64, 64],
	"textures": {
		"0": "cosmetics/reaper_scythe",
		"particle": "cosmetics/reaper_scythe"
	},
	"elements": [
		{
			"from": [8, 16.5, -10],
			"to": [8, 25.5, 15],
			"faces": {
				"north": {"uv": [6.5, 1.5, 6.5, 3.75], "texture": "#0"},
				"east": {"uv": [0, 0, 6.25, 2.25], "texture": "#0"},
				"south": {"uv": [6, 6.5, 6, 8.75], "texture": "#0"},
				"west": {"uv": [0, 2.5, 6.25, 4.75], "texture": "#0"},
				"up": {"uv": [6.25, 12.75, 6.25, 6.5], "texture": "#0"},
				"down": {"uv": [6.5, 6.5, 6.5, 12.75], "texture": "#0"}
			}
		},
		{
			"from": [7, -11.3806, 8.91342],
			"to": [9, 2.6194, 10.91342],
			"rotation": {"angle": 22.5, "axis": "x", "origin": [8, -5.3806, 9.91342]},
			"faces": {
				"north": {"uv": [3, 5, 3.5, 8.5], "texture": "#0"},
				"east": {"uv": [3.75, 5, 4.25, 8.5], "texture": "#0"},
				"south": {"uv": [4.5, 5, 5, 8.5], "texture": "#0"},
				"west": {"uv": [5.25, 5, 5.75, 8.5], "texture": "#0"},
				"up": {"uv": [6.5, 5.5, 6, 5], "texture": "#0"},
				"down": {"uv": [6.5, 5.75, 6, 6.25], "texture": "#0"}
			}
		},
		{
			"from": [7, 1.62775, 11.89876],
			"to": [9, 25, 13.89876],
			"rotation": {"angle": 0, "axis": "x", "origin": [8, 6.62775, 12.89876]},
			"faces": {
				"north": {"uv": [0, 5, 0.5, 10.75], "texture": "#0"},
				"east": {"uv": [0.75, 5, 1.25, 10.75], "texture": "#0"},
				"south": {"uv": [1.5, 5, 2, 10.75], "texture": "#0"},
				"west": {"uv": [2.25, 5, 2.75, 10.75], "texture": "#0"},
				"up": {"uv": [7, 0.5, 6.5, 0], "texture": "#0"},
				"down": {"uv": [7, 0.75, 6.5, 1.25], "texture": "#0"}
			}
		}
	],
	"gui_light": "front",
	"display": {
		"thirdperson_righthand": {
			"rotation": [-10, 0, 0],
			"translation": [0, 8.5, -2.25],
			"scale": [0.85, 0.85, 0.85]
		},
		"thirdperson_lefthand": {
			"rotation": [-10, 0, 0],
			"translation": [0, 8.5, -2.25],
			"scale": [0.85, 0.85, 0.85]
		},
		"firstperson_righthand": {
			"rotation": [15.43, 14.55, -21.43],
			"translation": [0, 2.75, -2],
			"scale": [0.58, 0.58, 0.58]
		},
		"firstperson_lefthand": {
			"rotation": [15.43, 14.55, -21.43],
			"translation": [0, 2.75, -2],
			"scale": [0.58, 0.58, 0.58]
		},
		"ground": {
			"rotation": [45, 0, 0],
			"translation": [0, 2.5, 0],
			"scale": [0.3, 0.3, 0.3]
		},
		"gui": {
			"rotation": [51.79, 42.58, -64.09],
			"translation": [0, -0.75, 0],
			"scale": [0.45, 0.45, 0.45]
		},
		"fixed": {
			"rotation": [90, -46, 90],
			"translation": [0, -0.75, 0.5],
			"scale": [0.45, 0.45, 0.45]
		}
	}
}