{
	"credit": "Made with Blockbench",
	"texture_size": [64, 64],
	"textures": {
		"0": "cosmetics/rice_hat",
		"particle": "cosmetics/rice_hat"
	},
	"elements": [
		{
			"from": [7, 8, 7],
			"to": [9, 9, 9],
			"rotation": {"angle": 0, "axis": "y", "origin": [7, 8, 8]},
			"faces": {
				"north": {"uv": [7, 10.75, 7.5, 11], "texture": "#0"},
				"east": {"uv": [7.75, 10.75, 8.25, 11], "texture": "#0"},
				"south": {"uv": [9.75, 11, 10.25, 11.25], "texture": "#0"},
				"west": {"uv": [10.5, 11, 11, 11.25], "texture": "#0"},
				"up": {"uv": [2.75, 9, 2.25, 8.5], "texture": "#0"},
				"down": {"uv": [2.25, 10.75, 1.75, 11.25], "texture": "#0"}
			}
		},
		{
			"from": [5, 7, 5],
			"to": [11, 8, 11],
			"rotation": {"angle": 0, "axis": "y", "origin": [7, 7, 8]},
			"faces": {
				"north": {"uv": [10.25, 8.5, 11.75, 8.75], "texture": "#0"},
				"east": {"uv": [10.25, 9, 11.75, 9.25], "texture": "#0"},
				"south": {"uv": [9.75, 10.5, 11.25, 10.75], "texture": "#0"},
				"west": {"uv": [0, 10.75, 1.5, 11], "texture": "#0"},
				"up": {"uv": [4.75, 1.5, 3.25, 0], "texture": "#0"},
				"down": {"uv": [4.75, 1.75, 3.25, 3.25], "texture": "#0"}
			}
		},
		{
			"from": [2, 5, 2],
			"to": [14, 7, 14],
			"rotation": {"angle": 0, "axis": "y", "origin": [7, 6, 8]},
			"faces": {
				"north": {"uv": [7, 6.5, 10, 7], "texture": "#0"},
				"east": {"uv": [7, 7.25, 10, 7.75], "texture": "#0"},
				"south": {"uv": [7.5, 3, 10.5, 3.5], "texture": "#0"},
				"west": {"uv": [7.5, 3.75, 10.5, 4.25], "texture": "#0"},
				"up": {"uv": [3, 3, 0, 0], "texture": "#0"},
				"down": {"uv": [3, 3.25, 0, 6.25], "texture": "#0"}
			}
		},
		{
			"from": [0, 2, -2],
			"to": [16, 3, 0],
			"rotation": {"angle": 0, "axis": "y", "origin": [10, 2, 6]},
			"faces": {
				"north": {"uv": [10.25, 6.5, 14.25, 6.75], "texture": "#0"},
				"east": {"uv": [11.25, 6, 11.75, 6.25], "texture": "#0"},
				"south": {"uv": [10.25, 7, 14.25, 7.25], "texture": "#0"},
				"west": {"uv": [7, 11.25, 7.5, 11.5], "texture": "#0"},
				"up": {"uv": [9, 2, 5, 1.5], "texture": "#0"},
				"down": {"uv": [9, 2.25, 5, 2.75], "texture": "#0"}
			}
		},
		{
			"from": [16, 2, 0],
			"to": [18, 3, 16],
			"rotation": {"angle": 0, "axis": "y", "origin": [9, 2, 8]},
			"faces": {
				"north": {"uv": [0, 11.25, 0.5, 11.5], "texture": "#0"},
				"east": {"uv": [7.5, 4.5, 11.5, 4.75], "texture": "#0"},
				"south": {"uv": [0.75, 11.25, 1.25, 11.5], "texture": "#0"},
				"west": {"uv": [8.75, 9.5, 12.75, 9.75], "texture": "#0"},
				"up": {"uv": [6.75, 9, 6.25, 5], "texture": "#0"},
				"down": {"uv": [0.5, 6.5, 0, 10.5], "texture": "#0"}
			}
		},
		{
			"from": [0, 2, 16],
			"to": [16, 3, 18],
			"rotation": {"angle": 0, "axis": "y", "origin": [10, 2, 10]},
			"faces": {
				"north": {"uv": [10.25, 7.5, 14.25, 7.75], "texture": "#0"},
				"east": {"uv": [7.75, 11.25, 8.25, 11.5], "texture": "#0"},
				"south": {"uv": [10.25, 8, 14.25, 8.25], "texture": "#0"},
				"west": {"uv": [11.25, 11, 11.75, 11.25], "texture": "#0"},
				"up": {"uv": [11, 5.5, 7, 5], "texture": "#0"},
				"down": {"uv": [11, 5.75, 7, 6.25], "texture": "#0"}
			}
		},
		{
			"from": [-2, 2, 0],
			"to": [0, 3, 16],
			"rotation": {"angle": 0, "axis": "y", "origin": [7, 2, 8]},
			"faces": {
				"north": {"uv": [11.25, 5, 11.75, 5.25], "texture": "#0"},
				"east": {"uv": [8.75, 10, 12.75, 10.25], "texture": "#0"},
				"south": {"uv": [11.25, 5.5, 11.75, 5.75], "texture": "#0"},
				"west": {"uv": [2.25, 10.25, 6.25, 10.5], "texture": "#0"},
				"up": {"uv": [1.25, 10.5, 0.75, 6.5], "texture": "#0"},
				"down": {"uv": [2, 6.5, 1.5, 10.5], "texture": "#0"}
			}
		},
		{
			"from": [2, 3, 0],
			"to": [14, 5, 2],
			"rotation": {"angle": 0, "axis": "y", "origin": [12, 4, 8]},
			"faces": {
				"north": {"uv": [9.25, 1.5, 12.25, 2], "texture": "#0"},
				"east": {"uv": [5.5, 10.75, 6, 11.25], "texture": "#0"},
				"south": {"uv": [2.25, 9.25, 5.25, 9.75], "texture": "#0"},
				"west": {"uv": [6.25, 10.75, 6.75, 11.25], "texture": "#0"},
				"up": {"uv": [12.25, 2.75, 9.25, 2.25], "texture": "#0"},
				"down": {"uv": [8.5, 9.5, 5.5, 10], "texture": "#0"}
			}
		},
		{
			"from": [0, 3, 0],
			"to": [2, 5, 16],
			"rotation": {"angle": 0, "axis": "y", "origin": [9, 4, 8]},
			"faces": {
				"north": {"uv": [3.25, 10.75, 3.75, 11.25], "texture": "#0"},
				"east": {"uv": [5, 0, 9, 0.5], "texture": "#0"},
				"south": {"uv": [10.75, 3.75, 11.25, 4.25], "texture": "#0"},
				"west": {"uv": [5, 0.75, 9, 1.25], "texture": "#0"},
				"up": {"uv": [5.25, 9, 4.75, 5], "texture": "#0"},
				"down": {"uv": [6, 5, 5.5, 9], "texture": "#0"}
			}
		},
		{
			"from": [14, 3, 0],
			"to": [16, 5, 16],
			"rotation": {"angle": 0, "axis": "y", "origin": [7, 4, 8]},
			"faces": {
				"north": {"uv": [2.5, 10.75, 3, 11.25], "texture": "#0"},
				"east": {"uv": [3.25, 3.5, 7.25, 4], "texture": "#0"},
				"south": {"uv": [10.75, 3, 11.25, 3.5], "texture": "#0"},
				"west": {"uv": [3.25, 4.25, 7.25, 4.75], "texture": "#0"},
				"up": {"uv": [3.75, 9, 3.25, 5], "texture": "#0"},
				"down": {"uv": [4.5, 5, 4, 9], "texture": "#0"}
			}
		},
		{
			"from": [2, 3, 14],
			"to": [14, 5, 16],
			"rotation": {"angle": 0, "axis": "y", "origin": [12, 4, 23]},
			"faces": {
				"north": {"uv": [7, 8, 10, 8.5], "texture": "#0"},
				"east": {"uv": [4, 10.75, 4.5, 11.25], "texture": "#0"},
				"south": {"uv": [7, 8.75, 10, 9.25], "texture": "#0"},
				"west": {"uv": [4.75, 10.75, 5.25, 11.25], "texture": "#0"},
				"up": {"uv": [12.25, 0.5, 9.25, 0], "texture": "#0"},
				"down": {"uv": [12.25, 0.75, 9.25, 1.25], "texture": "#0"}
			}
		},
		{
			"from": [17.46376, 3.1941, 5.5],
			"to": [17.46376, 10.1941, 6.5],
			"rotation": {"angle": -45, "axis": "z", "origin": [8.46376, 7.1941, 5.5]},
			"faces": {
				"north": {"uv": [8.5, 10.75, 8.5, 12.5], "texture": "#0"},
				"east": {"uv": [2.25, 6.5, 2.5, 8.25], "texture": "#0"},
				"south": {"uv": [1.5, 11.25, 1.5, 13], "texture": "#0"},
				"west": {"uv": [2.75, 6.5, 3, 8.25], "texture": "#0"},
				"up": {"uv": [7.25, 3.25, 7.25, 3], "texture": "#0"},
				"down": {"uv": [3, 8.5, 3, 8.75], "texture": "#0"}
			}
		},
		{
			"from": [-1.46376, 3.1941, 5.5],
			"to": [-1.46376, 10.1941, 6.5],
			"rotation": {"angle": 45, "axis": "z", "origin": [7.53624, 7.1941, 5.5]},
			"faces": {
				"north": {"uv": [4, 11.5, 4, 13.25], "texture": "#0"},
				"east": {"uv": [8.75, 10.5, 9, 12.25], "texture": "#0"},
				"south": {"uv": [4.25, 11.5, 4.25, 13.25], "texture": "#0"},
				"west": {"uv": [9.25, 10.5, 9.5, 12.25], "texture": "#0"},
				"up": {"uv": [11.5, 3.25, 11.5, 3], "texture": "#0"},
				"down": {"uv": [11.5, 3.5, 11.5, 3.75], "texture": "#0"}
			}
		},
		{
			"from": [4, -2, 5.5],
			"to": [12, -2, 6.5],
			"rotation": {"angle": 0, "axis": "y", "origin": [7, -2, 6.5]},
			"faces": {
				"north": {"uv": [2.25, 10, 4.25, 10], "texture": "#0"},
				"east": {"uv": [5.5, 9.25, 5.75, 9.25], "texture": "#0"},
				"south": {"uv": [1.75, 11.5, 3.75, 11.5], "texture": "#0"},
				"west": {"uv": [6, 9.25, 6.25, 9.25], "texture": "#0"},
				"up": {"uv": [7, 3.25, 5, 3], "texture": "#0"},
				"down": {"uv": [8.5, 10.25, 6.5, 10.5], "texture": "#0"}
			}
		}
	],
	"gui_light": "front",
	"display": {
		"thirdperson_righthand": {
			"translation": [-3, 0.25, 0],
			"scale": [0.4, 0.4, 0.4]
		},
		"thirdperson_lefthand": {
			"translation": [-3, 0.25, 0],
			"scale": [0.4, 0.4, 0.4]
		},
		"firstperson_righthand": {
			"rotation": [-180, 78.75, -180],
			"translation": [0, 0.75, 0],
			"scale": [0.5, 0.5, 0.5]
		},
		"firstperson_lefthand": {
			"rotation": [-180, 78.75, -180],
			"translation": [0, 0.75, 0],
			"scale": [0.5, 0.5, 0.5]
		},
		"ground": {
			"scale": [0.4, 0.4, 0.4]
		},
		"gui": {
			"rotation": [-168.5, 18.25, -180],
			"translation": [0, 2, 0],
			"scale": [0.6, 0.6, 0.6]
		},
		"head": {
			"translation": [0, 9.25, 0],
			"scale": [1.6, 1.6, 1.6]
		},
		"fixed": {
			"rotation": [-30.5, 0, 0],
			"translation": [0, 4.75, -6.5],
			"scale": [0.9, 0.9, 0.9]
		}
	},
	"groups": [
		{
			"name": "hat",
			"origin": [1, 30, 27],
			"color": 0,
			"children": []
		},
		0,
		1,
		2,
		{
			"name": "group",
			"origin": [7, 3, 8],
			"color": 0,
			"children": [3, 4, 5, 6]
		},
		{
			"name": "group",
			"origin": [12, 4, 23],
			"color": 0,
			"children": [7, 8, 9, 10]
		},
		{
			"name": "group",
			"origin": [7, -2, 8],
			"color": 0,
			"children": [11, 12, 13]
		}
	]
}