{
	"credit": "Made with Blockbench",
	"texture_size": [64, 64],
	"textures": {
		"0": "cosmetics/roman_helmet",
		"particle": "cosmetics/roman_helmet"
	},
	"elements": [
		{
			"from": [3.5, 8, 3.5],
			"to": [12.5, 13, 12.5],
			"rotation": {"angle": 0, "axis": "y", "origin": [0, 1, 0]},
			"faces": {
				"north": {"uv": [7, 2.25, 9.25, 3.5], "texture": "#0"},
				"east": {"uv": [7, 3.75, 9.25, 5], "texture": "#0"},
				"south": {"uv": [7.25, 5.25, 9.5, 6.5], "texture": "#0"},
				"west": {"uv": [7.25, 6.75, 9.5, 8], "texture": "#0"},
				"up": {"uv": [2.25, 2.25, 0, 0], "texture": "#0"},
				"down": {"uv": [2.25, 2.5, 0, 4.75], "texture": "#0"}
			}
		},
		{
			"from": [7.525, 13, 7],
			"to": [8.475, 18, 9],
			"rotation": {"angle": 0, "axis": "y", "origin": [0, 1, 0]},
			"faces": {
				"north": {"uv": [8.5, 9.75, 8.75, 11], "texture": "#0"},
				"east": {"uv": [0, 8.75, 0.5, 10], "texture": "#0"},
				"south": {"uv": [9, 9.75, 9.25, 11], "texture": "#0"},
				"west": {"uv": [0.75, 8.75, 1.25, 10], "texture": "#0"},
				"up": {"uv": [5.25, 10.5, 5, 10], "texture": "#0"},
				"down": {"uv": [5.75, 10, 5.5, 10.5], "texture": "#0"}
			}
		},
		{
			"from": [7.55, 17.975, 5.625],
			"to": [8.45, 20.75, 10.375],
			"rotation": {"angle": 0, "axis": "y", "origin": [0, 1, 0]},
			"faces": {
				"north": {"uv": [4, 10, 4.25, 10.75], "texture": "#0"},
				"east": {"uv": [5.5, 2.25, 6.75, 3], "texture": "#0"},
				"south": {"uv": [4.5, 10, 4.75, 10.75], "texture": "#0"},
				"west": {"uv": [7, 8.25, 8.25, 9], "texture": "#0"},
				"up": {"uv": [10.25, 4.25, 10, 3], "texture": "#0"},
				"down": {"uv": [3.75, 10, 3.5, 11.25], "texture": "#0"}
			}
		},
		{
			"from": [7.5, 15.31075, 8.46508],
			"to": [8.5, 20.31075, 14.46508],
			"rotation": {"angle": 22.5, "axis": "x", "origin": [8, 16.31075, 10.46508]},
			"faces": {
				"north": {"uv": [1.5, 10, 1.75, 11.25], "texture": "#0"},
				"east": {"uv": [0, 7.25, 1.5, 8.5], "texture": "#0"},
				"south": {"uv": [2, 10, 2.25, 11.25], "texture": "#0"},
				"west": {"uv": [1.75, 7.5, 3.25, 8.75], "texture": "#0"},
				"up": {"uv": [9.75, 4.5, 9.5, 3], "texture": "#0"},
				"down": {"uv": [9.75, 8.75, 9.5, 10.25], "texture": "#0"}
			}
		},
		{
			"from": [8.5, 17.31075, 14.46508],
			"to": [8.5, 20.31075, 17.46508],
			"rotation": {"angle": 22.5, "axis": "x", "origin": [8, 16.31075, 10.46508]},
			"faces": {
				"north": {"uv": [6.5, 10.25, 6.5, 11], "texture": "#0"},
				"east": {"uv": [8.5, 8.75, 9.25, 9.5], "texture": "#0"},
				"south": {"uv": [10.25, 6.5, 10.25, 7.25], "texture": "#0"},
				"west": {"uv": [1.5, 9, 2.25, 9.75], "texture": "#0"},
				"up": {"uv": [6.75, 11, 6.75, 10.25], "texture": "#0"},
				"down": {"uv": [7, 10.25, 7, 11], "texture": "#0"}
			}
		},
		{
			"from": [7.5, 17.31075, 14.46508],
			"to": [7.5, 20.31075, 17.46508],
			"rotation": {"angle": 22.5, "axis": "x", "origin": [8, 16.31075, 10.46508]},
			"faces": {
				"north": {"uv": [7.25, 10.25, 7.25, 11], "texture": "#0"},
				"east": {"uv": [2.5, 9, 3.25, 9.75], "texture": "#0"},
				"south": {"uv": [7.5, 10.25, 7.5, 11], "texture": "#0"},
				"west": {"uv": [3.5, 9, 4.25, 9.75], "texture": "#0"},
				"up": {"uv": [7.75, 11, 7.75, 10.25], "texture": "#0"},
				"down": {"uv": [8, 10.25, 8, 11], "texture": "#0"}
			}
		},
		{
			"from": [7.5, 17.31075, -1.46508],
			"to": [7.5, 20.31075, 1.53492],
			"rotation": {"angle": -22.5, "axis": "x", "origin": [8, 16.31075, 5.53492]},
			"faces": {
				"north": {"uv": [10.5, 4.75, 10.5, 5.5], "texture": "#0"},
				"east": {"uv": [6.5, 9.25, 7.25, 10], "texture": "#0"},
				"south": {"uv": [10.5, 5.75, 10.5, 6.5], "texture": "#0"},
				"west": {"uv": [7.5, 9.25, 8.25, 10], "texture": "#0"},
				"up": {"uv": [10.5, 7.5, 10.5, 6.75], "texture": "#0"},
				"down": {"uv": [10.5, 8.75, 10.5, 9.5], "texture": "#0"}
			}
		},
		{
			"from": [8.5, 17.31075, -1.46508],
			"to": [8.5, 20.31075, 1.53492],
			"rotation": {"angle": -22.5, "axis": "x", "origin": [8, 16.31075, 5.53492]},
			"faces": {
				"north": {"uv": [8.25, 10.25, 8.25, 11], "texture": "#0"},
				"east": {"uv": [4.5, 9, 5.25, 9.75], "texture": "#0"},
				"south": {"uv": [10.25, 8.75, 10.25, 9.5], "texture": "#0"},
				"west": {"uv": [5.5, 9, 6.25, 9.75], "texture": "#0"},
				"up": {"uv": [10.25, 10.5, 10.25, 9.75], "texture": "#0"},
				"down": {"uv": [10.5, 3, 10.5, 3.75], "texture": "#0"}
			}
		},
		{
			"from": [7.5, 15.31075, 1.53492],
			"to": [8.5, 20.31075, 7.53492],
			"rotation": {"angle": -22.5, "axis": "x", "origin": [8, 16.31075, 5.53492]},
			"faces": {
				"north": {"uv": [2.5, 10, 2.75, 11.25], "texture": "#0"},
				"east": {"uv": [3.5, 7.5, 5, 8.75], "texture": "#0"},
				"south": {"uv": [3, 10, 3.25, 11.25], "texture": "#0"},
				"west": {"uv": [5.25, 7.5, 6.75, 8.75], "texture": "#0"},
				"up": {"uv": [10, 6.25, 9.75, 4.75], "texture": "#0"},
				"down": {"uv": [10, 6.5, 9.75, 8], "texture": "#0"}
			}
		},
		{
			"from": [2.5, 9.5, 3.05],
			"to": [13.5, 10.5, 9.05],
			"rotation": {"angle": 45, "axis": "x", "origin": [8, 11.5, 7]},
			"faces": {
				"north": {"uv": [7.75, 1.5, 10.5, 1.75], "texture": "#0"},
				"east": {"uv": [9.5, 2, 11, 2.25], "texture": "#0"},
				"south": {"uv": [8.5, 8.25, 11.25, 8.5], "texture": "#0"},
				"west": {"uv": [9.5, 2.5, 11, 2.75], "texture": "#0"},
				"up": {"uv": [5.25, 1.5, 2.5, 0], "texture": "#0"},
				"down": {"uv": [5.25, 1.75, 2.5, 3.25], "texture": "#0"}
			}
		},
		{
			"from": [3.5, 6, 12.5],
			"to": [12.5, 8, 12.5],
			"rotation": {"angle": 0, "axis": "y", "origin": [0, 1, 0]},
			"faces": {
				"north": {"uv": [7.75, 0, 10, 0.5], "texture": "#0"},
				"east": {"uv": [2.25, 5, 2.25, 5.5], "texture": "#0"},
				"south": {"uv": [7.75, 0.75, 10, 1.25], "texture": "#0"},
				"west": {"uv": [7, 7.5, 7, 8], "texture": "#0"},
				"up": {"uv": [12.25, 4.5, 10, 4.5], "texture": "#0"},
				"down": {"uv": [12.5, 0, 10.25, 0], "texture": "#0"}
			}
		},
		{
			"from": [3.5, 0.87797, 14.62161],
			"to": [12.5, 6.87797, 14.62161],
			"rotation": {"angle": -45, "axis": "x", "origin": [8, 3.87797, 14.62161]},
			"faces": {
				"north": {"uv": [2.25, 5.75, 4.5, 7.25], "texture": "#0"},
				"east": {"uv": [1.25, 10.25, 1.25, 11.75], "texture": "#0"},
				"south": {"uv": [4.75, 5.75, 7, 7.25], "texture": "#0"},
				"west": {"uv": [10.25, 4.75, 10.25, 6.25], "texture": "#0"},
				"up": {"uv": [12.5, 0.25, 10.25, 0.25], "texture": "#0"},
				"down": {"uv": [12.5, 0.5, 10.25, 0.5], "texture": "#0"}
			}
		},
		{
			"from": [3.5, 0, 2.5],
			"to": [3.5, 8, 10.5],
			"rotation": {"angle": -22.5, "axis": "z", "origin": [3.5, 8, 5]},
			"faces": {
				"north": {"uv": [6, 10, 6, 12], "texture": "#0"},
				"east": {"uv": [2.5, 3.5, 4.5, 5.5], "texture": "#0"},
				"south": {"uv": [6.25, 10, 6.25, 12], "texture": "#0"},
				"west": {"uv": [4.75, 3.5, 6.75, 5.5], "texture": "#0"},
				"up": {"uv": [10, 10.75, 10, 8.75], "texture": "#0"},
				"down": {"uv": [0, 10.25, 0, 12.25], "texture": "#0"}
			}
		},
		{
			"from": [12.5, 0, 2.5],
			"to": [12.5, 8, 10.5],
			"rotation": {"angle": 22.5, "axis": "z", "origin": [12.5, 8, 5]},
			"faces": {
				"north": {"uv": [0.25, 10.25, 0.25, 12.25], "texture": "#0"},
				"east": {"uv": [0, 5, 2, 7], "texture": "#0"},
				"south": {"uv": [0.5, 10.25, 0.5, 12.25], "texture": "#0"},
				"west": {"uv": [5.5, 0, 7.5, 2], "texture": "#0"},
				"up": {"uv": [0.75, 12.25, 0.75, 10.25], "texture": "#0"},
				"down": {"uv": [1, 10.25, 1, 12.25], "texture": "#0"}
			}
		}
	],
	"gui_light": "front",
	"display": {
		"thirdperson_righthand": {
			"rotation": [32, 0, 0],
			"translation": [-2.25, 0, 0],
			"scale": [0.5, 0.5, 0.5]
		},
		"thirdperson_lefthand": {
			"rotation": [32, 0, 0],
			"translation": [-2.25, 0, 0],
			"scale": [0.5, 0.5, 0.5]
		},
		"firstperson_righthand": {
			"scale": [0.5, 0.5, 0.5]
		},
		"firstperson_lefthand": {
			"scale": [0.5, 0.5, 0.5]
		},
		"ground": {
			"scale": [0.4, 0.4, 0.4]
		},
		"gui": {
			"rotation": [-164.26, 54.72, 173.23],
			"translation": [0.5, -1.5, 0],
			"scale": [0.66, 0.66, 0.66]
		},
		"head": {
			"scale": [1.61, 1.61, 1.61]
		},
		"fixed": {
			"rotation": [-16.75, 0, 0],
			"translation": [0, -2, -4.5],
			"scale": [0.75, 0.75, 0.75]
		}
	}
}