{
	"credit": "Made with Blockbench",
	"texture_size": [64, 64],
	"textures": {
		"1": "cosmetics/sailor_cap"
	},
	"elements": [
		{
			"from": [3.5, 10, 3.5],
			"to": [12.5, 12.975, 12.5],
			"faces": {
				"north": {"uv": [4.25, 5, 6.5, 5.75], "texture": "#1"},
				"east": {"uv": [1.75, 6, 4, 6.75], "texture": "#1"},
				"south": {"uv": [4.25, 6, 6.5, 6.75], "texture": "#1"},
				"west": {"uv": [6.75, 0, 9, 0.75], "texture": "#1"},
				"up": {"uv": [4.75, 2.25, 2.5, 0], "texture": "#1"},
				"down": {"uv": [4.75, 2.5, 2.5, 4.75], "texture": "#1"}
			}
		},
		{
			"from": [6.5, 10.025, 3.5],
			"to": [12.5, 13, 12.5],
			"rotation": {"angle": -45, "axis": "y", "origin": [8, 11.5, 8]},
			"faces": {
				"north": {"uv": [1.75, 5, 3.25, 5.74375], "texture": "#1"},
				"east": {"uv": [5, 1.75, 7.25, 2.5], "texture": "#1"},
				"south": {"uv": [5.75, 2.75, 7.25, 3.49375], "texture": "#1"},
				"west": {"uv": [5, 3.75, 7.25, 4.5], "texture": "#1"},
				"up": {"uv": [1.5, 2.25, 0, 0], "texture": "#1"},
				"down": {"uv": [1.5, 2.5, 0, 4.75], "texture": "#1"}
			}
		},
		{
			"from": [3.5, 10.025, 6.5],
			"to": [7.5, 13, 12.5],
			"rotation": {"angle": -45, "axis": "y", "origin": [8, 11.5, 8]},
			"faces": {
				"north": {"uv": [1.75, 5, 2.75, 5.74375], "texture": "#1"},
				"east": {"uv": [5, 1.75, 7.25, 2.5], "texture": "#1"},
				"south": {"uv": [5, 2.75, 6, 3.49375], "texture": "#1"},
				"west": {"uv": [5.75, 3.75, 7.25, 4.49375], "texture": "#1"},
				"up": {"uv": [2.25, 1.5, 1.25, 0], "texture": "#1"},
				"down": {"uv": [2.25, 2.5, 1.25, 4], "texture": "#1"}
			}
		},
		{
			"from": [5, 12.5, 5],
			"to": [11, 14.475, 11],
			"faces": {
				"north": {"uv": [0, 6.75, 1.5, 7.25], "texture": "#1"},
				"east": {"uv": [6.75, 1, 8.25, 1.5], "texture": "#1"},
				"south": {"uv": [6.75, 4.75, 8.25, 5.25], "texture": "#1"},
				"west": {"uv": [6.75, 5.5, 8.25, 6], "texture": "#1"},
				"up": {"uv": [1.5, 6.5, 0, 5], "texture": "#1"},
				"down": {"uv": [6.5, 0, 5, 1.5], "texture": "#1"}
			}
		}
	],
	"gui_light": "front",
	"display": {
		"thirdperson_righthand": {
			"rotation": [11.75, 0, 0],
			"translation": [-2.75, -1.5, 0],
			"scale": [0.5, 0.5, 0.5]
		},
		"thirdperson_lefthand": {
			"rotation": [11.75, 0, 0],
			"translation": [-2.75, -1.5, 0],
			"scale": [0.5, 0.5, 0.5]
		},
		"firstperson_righthand": {
			"rotation": [0, 8.75, 0],
			"translation": [0, -1, 0],
			"scale": [0.75, 0.75, 0.75]
		},
		"firstperson_lefthand": {
			"rotation": [0, 8.75, 0],
			"translation": [0, -1, 0],
			"scale": [0.75, 0.75, 0.75]
		},
		"ground": {
			"scale": [0.65, 0.65, 0.65]
		},
		"gui": {
			"rotation": [-166.75, -15.25, -180],
			"translation": [0.25, -3.5, 0]
		},
		"head": {
			"translation": [0, -0.75, 0],
			"scale": [1.61, 1.61, 1.61]
		},
		"fixed": {
			"rotation": [-27.25, 0, 0],
			"translation": [0, -4.5, -0.25],
			"scale": [1.2, 1.2, 1.2]
		}
	}
}