{
	"credit": "Made with Blockbench",
	"texture_size": [64, 64],
	"textures": {
		"0": "cosmetics/scepter",
		"particle": "cosmetics/scepter"
	},
	"elements": [
		{
			"from": [7, 1, 7],
			"to": [9, 16, 9],
			"faces": {
				"north": {"uv": [2.75, 0, 3.25, 3.75], "texture": "#0"},
				"east": {"uv": [3.5, 0, 4, 3.75], "texture": "#0"},
				"south": {"uv": [2.75, 4, 3.25, 7.75], "texture": "#0"},
				"west": {"uv": [3.5, 4, 4, 7.75], "texture": "#0"},
				"up": {"uv": [6, 5.25, 5.5, 4.75], "texture": "#0"},
				"down": {"uv": [6, 5.5, 5.5, 6], "texture": "#0"}
			}
		},
		{
			"from": [6, 16, 6],
			"to": [10, 20, 10],
			"faces": {
				"north": {"uv": [4.25, 0, 5.25, 1], "texture": "#0"},
				"east": {"uv": [4.25, 1.25, 5.25, 2.25], "texture": "#0"},
				"south": {"uv": [4.25, 2.5, 5.25, 3.5], "texture": "#0"},
				"west": {"uv": [4.25, 3.75, 5.25, 4.75], "texture": "#0"},
				"up": {"uv": [5.25, 6, 4.25, 5], "texture": "#0"},
				"down": {"uv": [1, 5.5, 0, 6.5], "texture": "#0"}
			}
		},
		{
			"from": [7, 0, 7.025],
			"to": [9, 2, 8.975],
			"rotation": {"angle": 45, "axis": "z", "origin": [8, 1, 8]},
			"faces": {
				"north": {"uv": [6, 1.5, 6.5, 2], "texture": "#0"},
				"east": {"uv": [6, 2.25, 6.5, 2.75], "texture": "#0"},
				"south": {"uv": [6, 3, 6.5, 3.5], "texture": "#0"},
				"west": {"uv": [4.25, 6.25, 4.75, 6.75], "texture": "#0"},
				"up": {"uv": [6.75, 5.25, 6.25, 4.75], "texture": "#0"},
				"down": {"uv": [5.5, 6.25, 5, 6.75], "texture": "#0"}
			}
		},
		{
			"from": [7.025, 0, 7],
			"to": [8.975, 2, 9],
			"rotation": {"angle": 45, "axis": "x", "origin": [8, 1, 8]},
			"faces": {
				"north": {"uv": [6.25, 5.5, 6.75, 6], "texture": "#0"},
				"east": {"uv": [5.75, 6.25, 6.25, 6.75], "texture": "#0"},
				"south": {"uv": [1.75, 6.5, 2.25, 7], "texture": "#0"},
				"west": {"uv": [6.5, 3.75, 7, 4.25], "texture": "#0"},
				"up": {"uv": [7, 6.75, 6.5, 6.25], "texture": "#0"},
				"down": {"uv": [0.5, 6.75, 0, 7.25], "texture": "#0"}
			}
		},
		{
			"from": [6.5, 13, 6.5],
			"to": [9.5, 14, 9.5],
			"rotation": {"angle": 0, "axis": "y", "origin": [0, -3, 0]},
			"faces": {
				"north": {"uv": [6.75, 0, 7.5, 0.25], "texture": "#0"},
				"east": {"uv": [6.75, 0.5, 7.5, 0.75], "texture": "#0"},
				"south": {"uv": [6.75, 1, 7.5, 1.25], "texture": "#0"},
				"west": {"uv": [6.75, 1.5, 7.5, 1.75], "texture": "#0"},
				"up": {"uv": [2.5, 6.25, 1.75, 5.5], "texture": "#0"},
				"down": {"uv": [6.25, 3.75, 5.5, 4.5], "texture": "#0"}
			}
		},
		{
			"from": [7, 12, 7],
			"to": [9, 13, 9],
			"rotation": {"angle": -45, "axis": "y", "origin": [8, 12.5, 8]},
			"faces": {
				"north": {"uv": [6.75, 2, 7.25, 2.25], "texture": "#0"},
				"east": {"uv": [6.75, 2.5, 7.25, 2.75], "texture": "#0"},
				"south": {"uv": [6.75, 3, 7.25, 3.25], "texture": "#0"},
				"west": {"uv": [4.25, 7, 4.75, 7.25], "texture": "#0"},
				"up": {"uv": [6.5, 0.5, 6, 0], "texture": "#0"},
				"down": {"uv": [6.5, 0.75, 6, 1.25], "texture": "#0"}
			}
		},
		{
			"name": "flat",
			"from": [8, 12, 3],
			"to": [8, 22, 13],
			"rotation": {"angle": -45, "axis": "x", "origin": [8, 17, 8]},
			"faces": {
				"north": {"uv": [0.75, 6.75, 0.75, 9.25], "texture": "#0"},
				"east": {"uv": [0, 0, 2.5, 2.5], "texture": "#0"},
				"south": {"uv": [2.5, 6.5, 2.5, 9], "texture": "#0"},
				"west": {"uv": [0, 2.75, 2.5, 5.25], "texture": "#0"},
				"up": {"uv": [9, 4.5, 6.5, 4.5], "rotation": 90, "texture": "#0"},
				"down": {"uv": [9.25, 3.5, 6.75, 3.5], "rotation": 270, "texture": "#0"}
			}
		},
		{
			"name": "flat",
			"from": [3, 12, 8],
			"to": [13, 22, 8],
			"rotation": {"angle": -45, "axis": "z", "origin": [8, 17, 8]},
			"faces": {
				"north": {"uv": [0, 2.75, 2.5, 5.25], "texture": "#0"},
				"east": {"uv": [0.75, 6.75, 0.75, 9.25], "texture": "#0"},
				"south": {"uv": [0, 0, 2.5, 2.5], "texture": "#0"},
				"west": {"uv": [2.5, 6.5, 2.5, 9], "texture": "#0"},
				"up": {"uv": [9, 4.5, 6.5, 4.5], "rotation": 180, "texture": "#0"},
				"down": {"uv": [9.25, 3.5, 6.75, 3.5], "rotation": 180, "texture": "#0"}
			}
		},
		{
			"name": "flat",
			"from": [7.5, 1.5, 6.95],
			"to": [8.5, 15.5, 6.95],
			"faces": {
				"north": {"uv": [5.5, 0, 5.75, 3.5], "texture": "#0"},
				"east": {"uv": [1, 6.75, 1, 10.25], "texture": "#0"},
				"south": {"uv": [1.25, 5.5, 1.5, 9], "texture": "#0"},
				"west": {"uv": [5, 7, 5, 10.5], "texture": "#0"},
				"up": {"uv": [7.25, 4.75, 7, 4.75], "texture": "#0"},
				"down": {"uv": [7.25, 5, 7, 5], "texture": "#0"}
			}
		},
		{
			"name": "flat",
			"from": [7.5, 1.5, 9.05],
			"to": [8.5, 15.5, 9.05],
			"rotation": {"angle": 0, "axis": "y", "origin": [0, 0, 16]},
			"faces": {
				"north": {"uv": [1.5, 5.5, 1.25, 9], "texture": "#0"},
				"east": {"uv": [1, 6.75, 1, 10.25], "texture": "#0"},
				"south": {"uv": [5.75, 0, 5.5, 3.5], "texture": "#0"},
				"west": {"uv": [5, 7, 5, 10.5], "texture": "#0"},
				"up": {"uv": [7.25, 4.75, 7, 4.75], "texture": "#0"},
				"down": {"uv": [7.25, 5, 7, 5], "texture": "#0"}
			}
		}
	],
	"gui_light": "front",
	"display": {
		"thirdperson_righthand": {
			"translation": [0, 0, 2]
		},
		"thirdperson_lefthand": {
			"translation": [0, 0, 2]
		},
		"firstperson_righthand": {
			"scale": [0.8, 0.8, 0.8]
		},
		"firstperson_lefthand": {
			"scale": [0.8, 0.8, 0.8]
		},
		"ground": {
			"rotation": [45, 0, 0],
			"translation": [0, 1.25, 0],
			"scale": [0.5, 0.5, 0.5]
		},
		"gui": {
			"rotation": [160.66, -18.84, 132.41],
			"translation": [1.75, -1.75, 0],
			"scale": [0.85, 0.85, 0.85]
		},
		"head": {
			"translation": [0, 4.5, 0]
		},
		"fixed": {
			"rotation": [0, 0, 50.75],
			"translation": [2, -2.5, -1]
		}
	},
	"groups": [
		0,
		1,
		2,
		3,
		4,
		5,
		6,
		7,
		{
			"name": "group",
			"origin": [8, 17, 8],
			"color": 0,
			"children": [8, 9]
		}
	]
}