{
	"credit": "Made with Blockbench",
	"texture_size": [32, 32],
	"textures": {
		"0": "cosmetics/sea_sponge",
		"particle": "cosmetics/sea_sponge"
	},
	"elements": [
		{
			"from": [6, 0, 4],
			"to": [10, 10, 12],
			"rotation": {"angle": 0, "axis": "y", "origin": [8, 5, 8]},
			"faces": {
				"north": {"uv": [0, 5.5, 2, 10.5], "texture": "#0"},
				"east": {"uv": [0, 0, 4, 5], "texture": "#0"},
				"south": {"uv": [2.5, 5.5, 4.5, 10.5], "texture": "#0"},
				"west": {"uv": [4.5, 0, 8.5, 5], "texture": "#0"},
				"up": {"uv": [7, 9.5, 5, 5.5], "texture": "#0"},
				"down": {"uv": [9.5, 5.5, 7.5, 9.5], "texture": "#0"}
			}
		}
	],
	"gui_light": "front",
	"display": {
		"thirdperson_righthand": {
			"rotation": [5.75, 0, 0],
			"translation": [-1.5, 3, 0],
			"scale": [0.8, 0.8, 0.8]
		},
		"thirdperson_lefthand": {
			"rotation": [5.75, 0, 0],
			"translation": [-1.5, 3, 0],
			"scale": [0.8, 0.8, 0.8]
		},
		"firstperson_righthand": {
			"rotation": [-6.25, 0, 0],
			"translation": [0, 3.75, 0],
			"scale": [0.7, 0.7, 0.7]
		},
		"firstperson_lefthand": {
			"rotation": [-6.25, 0, 0],
			"translation": [0, 3.75, 0],
			"scale": [0.7, 0.7, 0.7]
		},
		"ground": {
			"translation": [0, 3, 0],
			"scale": [0.6, 0.6, 0.6]
		},
		"gui": {
			"rotation": [26.75, 57, 0],
			"translation": [0, 2.5, 0]
		},
		"head": {
			"translation": [0, 14, 0]
		},
		"fixed": {
			"rotation": [0, -90, 0],
			"translation": [0, 2.75, -1.75]
		}
	}
}