{
	"credit": "Made with Blockbench",
	"texture_size": [32, 32],
	"textures": {
		"0": "cosmetics/snorkel_mask",
		"particle": "cosmetics/snorkel_mask"
	},
	"elements": [
		{
			"from": [11.5, 8.5, 3],
			"to": [12.5, 9.5, 12],
			"faces": {
				"north": {"uv": [10.5, 3, 11, 3.5], "texture": "#0"},
				"east": {"uv": [3.5, 4, 8, 4.5], "texture": "#0"},
				"south": {"uv": [10, 13, 10.5, 13.5], "texture": "#0"},
				"west": {"uv": [3.5, 5, 8, 5.5], "texture": "#0"},
				"up": {"uv": [0.5, 10.5, 0, 6], "texture": "#0"},
				"down": {"uv": [1.5, 6, 1, 10.5], "texture": "#0"}
			}
		},
		{
			"from": [3.5, 8.5, 12],
			"to": [12.5, 9.5, 13],
			"faces": {
				"north": {"uv": [5.5, 0, 10, 0.5], "texture": "#0"},
				"east": {"uv": [11, 13, 11.5, 13.5], "texture": "#0"},
				"south": {"uv": [5.5, 1, 10, 1.5], "texture": "#0"},
				"west": {"uv": [12, 13, 12.5, 13.5], "texture": "#0"},
				"up": {"uv": [10, 2.5, 5.5, 2], "texture": "#0"},
				"down": {"uv": [10, 3, 5.5, 3.5], "texture": "#0"}
			}
		},
		{
			"from": [8.75, 7.75, 2.5],
			"to": [11.75, 10.75, 4.5],
			"faces": {
				"north": {"uv": [3.5, 0, 5, 1.5], "texture": "#0"},
				"east": {"uv": [4, 10, 5, 11.5], "texture": "#0"},
				"south": {"uv": [3.5, 2, 5, 3.5], "texture": "#0"},
				"west": {"uv": [10, 4, 11, 5.5], "texture": "#0"},
				"up": {"uv": [11.5, 7, 10, 6], "texture": "#0"},
				"down": {"uv": [11.5, 7.5, 10, 8.5], "texture": "#0"}
			}
		},
		{
			"from": [7, 6.975, 1.5],
			"to": [9, 10, 3.5],
			"faces": {
				"north": {"uv": [0, 11, 1, 12.5], "texture": "#0"},
				"east": {"uv": [7, 11, 8, 12.5], "texture": "#0"},
				"south": {"uv": [10, 11, 11, 12.5], "texture": "#0"},
				"west": {"uv": [11.5, 3, 12.5, 4.5], "texture": "#0"},
				"up": {"uv": [13.5, 11, 12.5, 10], "texture": "#0"},
				"down": {"uv": [13.5, 11.5, 12.5, 12.5], "texture": "#0"}
			}
		},
		{
			"from": [7.5, 6, 2.5],
			"to": [8.5, 8, 3.5],
			"faces": {
				"north": {"uv": [7, 13, 7.5, 14], "texture": "#0"},
				"east": {"uv": [13, 7, 13.5, 8], "texture": "#0"},
				"south": {"uv": [8, 13, 8.5, 14], "texture": "#0"},
				"west": {"uv": [9, 13, 9.5, 14], "texture": "#0"},
				"up": {"uv": [14, 1.5, 13.5, 1], "texture": "#0"},
				"down": {"uv": [14, 2, 13.5, 2.5], "texture": "#0"}
			}
		},
		{
			"from": [3.5, 5.5, 2.75],
			"to": [7.5, 6.5, 3.75],
			"rotation": {"angle": 0, "axis": "y", "origin": [0, 0, 0.25]},
			"faces": {
				"north": {"uv": [0, 13, 2, 13.5], "texture": "#0"},
				"east": {"uv": [0, 14, 0.5, 14.5], "texture": "#0"},
				"south": {"uv": [13, 3, 15, 3.5], "texture": "#0"},
				"west": {"uv": [1, 14, 1.5, 14.5], "texture": "#0"},
				"up": {"uv": [15, 4.5, 13, 4], "texture": "#0"},
				"down": {"uv": [15, 6, 13, 6.5], "texture": "#0"}
			}
		},
		{
			"from": [2.5, 6, 3.25],
			"to": [3.5, 14, 4.25],
			"rotation": {"angle": 0, "axis": "y", "origin": [0, 0, 0.25]},
			"faces": {
				"north": {"uv": [8, 6, 8.5, 10], "texture": "#0"},
				"east": {"uv": [9, 4, 9.5, 8], "texture": "#0"},
				"south": {"uv": [9, 8.5, 9.5, 12.5], "texture": "#0"},
				"west": {"uv": [3, 10, 3.5, 14], "texture": "#0"},
				"up": {"uv": [2.5, 14.5, 2, 14], "texture": "#0"},
				"down": {"uv": [14.5, 7, 14, 7.5], "texture": "#0"}
			}
		},
		{
			"from": [3.99267, 13.50418, 3.5],
			"to": [4.99267, 18.50418, 4.5],
			"rotation": {"angle": -22.5, "axis": "z", "origin": [4.49267, 17.50418, 3.75]},
			"faces": {
				"north": {"uv": [5, 12, 5.5, 14.5], "texture": "#0"},
				"east": {"uv": [6, 12, 6.5, 14.5], "texture": "#0"},
				"south": {"uv": [12, 6, 12.5, 8.5], "texture": "#0"},
				"west": {"uv": [12.5, 0, 13, 2.5], "texture": "#0"},
				"up": {"uv": [14.5, 8.5, 14, 8], "texture": "#0"},
				"down": {"uv": [10.5, 14, 10, 14.5], "texture": "#0"}
			}
		},
		{
			"from": [5, 7, 3],
			"to": [11, 12, 4],
			"faces": {
				"north": {"uv": [0, 0, 3, 2.5], "texture": "#0"},
				"east": {"uv": [11.5, 10, 12, 12.5], "texture": "#0"},
				"south": {"uv": [0, 3, 3, 5.5], "texture": "#0"},
				"west": {"uv": [4, 12, 4.5, 14.5], "texture": "#0"},
				"up": {"uv": [14.5, 5.5, 11.5, 5], "texture": "#0"},
				"down": {"uv": [14.5, 9, 11.5, 9.5], "texture": "#0"}
			}
		},
		{
			"from": [3.5, 8.5, 3],
			"to": [4.5, 9.5, 12],
			"rotation": {"angle": 0, "axis": "y", "origin": [16, 0, 0]},
			"faces": {
				"north": {"uv": [13, 13, 13.5, 13.5], "texture": "#0"},
				"east": {"uv": [2, 6, 6.5, 6.5], "texture": "#0"},
				"south": {"uv": [13.5, 0, 14, 0.5], "texture": "#0"},
				"west": {"uv": [2, 7, 6.5, 7.5], "texture": "#0"},
				"up": {"uv": [7.5, 10.5, 7, 6], "texture": "#0"},
				"down": {"uv": [2.5, 8, 2, 12.5], "texture": "#0"}
			}
		},
		{
			"from": [4.25, 7.75, 2.5],
			"to": [7.25, 10.75, 4.5],
			"rotation": {"angle": 0, "axis": "y", "origin": [16, 0, 0]},
			"faces": {
				"north": {"uv": [3, 8, 4.5, 9.5], "texture": "#0"},
				"east": {"uv": [5.5, 10, 6.5, 11.5], "texture": "#0"},
				"south": {"uv": [5, 8, 6.5, 9.5], "texture": "#0"},
				"west": {"uv": [10, 9, 11, 10.5], "texture": "#0"},
				"up": {"uv": [12, 1, 10.5, 0], "texture": "#0"},
				"down": {"uv": [12, 1.5, 10.5, 2.5], "texture": "#0"}
			}
		}
	],
	"gui_light": "front",
	"display": {
		"thirdperson_righthand": {
			"rotation": [18.36, 20.12, -33],
			"translation": [2.25, -3.5, -0.25],
			"scale": [0.8, 0.8, 0.8]
		},
		"thirdperson_lefthand": {
			"rotation": [18.36, 20.12, -33],
			"translation": [2.25, -3.5, -0.25],
			"scale": [0.8, 0.8, 0.8]
		},
		"firstperson_righthand": {
			"rotation": [-4.52, -12.66, -6.25],
			"translation": [2, -0.5, 0]
		},
		"firstperson_lefthand": {
			"rotation": [-4.52, -12.66, -6.25],
			"translation": [2, -0.5, 0]
		},
		"ground": {
			"scale": [0.8, 0.8, 0.8]
		},
		"gui": {
			"rotation": [-160.84, 14.21, -178.72],
			"translation": [0.25, -2, 0],
			"scale": [1.1, 1.1, 1.1]
		},
		"head": {
			"translation": [0, -3.5, 0],
			"scale": [1.61, 1.61, 1.61]
		},
		"fixed": {
			"rotation": [-11, 0, 0],
			"translation": [0, -2.5, 1.25],
			"scale": [1.2, 1.2, 1.2]
		}
	}
}