{
	"credit": "Made with Blockbench",
	"texture_size": [64, 64],
	"textures": {
		"0": "cosmetics/soccer_ball",
		"particle": "cosmetics/soccer_ball"
	},
	"elements": [
		{
			"from": [4, 1, 5],
			"to": [12, 7, 11],
			"faces": {
				"north": {"uv": [0, 0, 2, 1.5], "texture": "#0"},
				"east": {"uv": [6.25, 2.25, 7.75, 3.75], "texture": "#0"},
				"south": {"uv": [0, 1.75, 2, 3.25], "texture": "#0"},
				"west": {"uv": [6.25, 4, 7.75, 5.5], "texture": "#0"},
				"up": {"uv": [4.25, 1.5, 2.25, 0], "texture": "#0"},
				"down": {"uv": [4.25, 1.75, 2.25, 3.25], "texture": "#0"}
			}
		},
		{
			"from": [5, 1, 4],
			"to": [11, 7, 12],
			"faces": {
				"north": {"uv": [6.25, 5.75, 7.75, 7.25], "texture": "#0"},
				"east": {"uv": [0, 3.5, 2, 5], "texture": "#0"},
				"south": {"uv": [3.5, 6.75, 5, 8.25], "texture": "#0"},
				"west": {"uv": [2.25, 3.5, 4.25, 5], "texture": "#0"},
				"up": {"uv": [6, 2, 4.5, 0], "texture": "#0"},
				"down": {"uv": [6, 2.25, 4.5, 4.25], "texture": "#0"}
			}
		},
		{
			"from": [5, 0, 5],
			"to": [11, 8, 11],
			"faces": {
				"north": {"uv": [4.5, 4.5, 6, 6.5], "texture": "#0"},
				"east": {"uv": [0, 5.25, 1.5, 7.25], "texture": "#0"},
				"south": {"uv": [1.75, 5.25, 3.25, 7.25], "texture": "#0"},
				"west": {"uv": [6.25, 0, 7.75, 2], "texture": "#0"},
				"up": {"uv": [1.5, 9, 0, 7.5], "texture": "#0"},
				"down": {"uv": [3.25, 7.5, 1.75, 9], "texture": "#0"}
			}
		}
	],
	"gui_light": "front",
	"display": {
		"thirdperson_righthand": {
			"rotation": [6.54, 6.69, 16.5],
			"translation": [-4.25, 2.5, 0],
			"scale": [0.8, 0.8, 0.8]
		},
		"thirdperson_lefthand": {
			"rotation": [6.54, 6.69, 16.5],
			"translation": [-4.25, 2.5, 0],
			"scale": [0.8, 0.8, 0.8]
		},
		"firstperson_righthand": {
			"rotation": [128.22, 65.87, -130.71],
			"translation": [0, 3, 0],
			"scale": [0.9, 0.9, 0.9]
		},
		"firstperson_lefthand": {
			"rotation": [128.22, 65.87, -130.71],
			"translation": [0, 3, 0],
			"scale": [0.9, 0.9, 0.9]
		},
		"ground": {
			"translation": [0, 5.25, 0],
			"scale": [0.8, 0.8, 0.8]
		},
		"gui": {
			"rotation": [-167.4, 24.5, 170.33],
			"translation": [-0.75, 4, 0],
			"scale": [1.2, 1.2, 1.2]
		},
		"head": {
			"translation": [0, 17, 0],
			"scale": [1.4, 1.4, 1.4]
		},
		"fixed": {
			"rotation": [-23.75, 20, 0],
			"translation": [0, 4.25, -5],
			"scale": [1.4, 1.4, 1.4]
		}
	}
}