{
	"credit": "Made with Blockbench",
	"texture_size": [128, 128],
	"textures": {
		"0": "cosmetics/sombrero",
		"particle": "cosmetics/sombrero"
	},
	"elements": [
		{
			"from": [3.5, 5.275, 3.5],
			"to": [12.5, 8.275, 12.5],
			"rotation": {"angle": 0, "axis": "y", "origin": [0, 0.025, 0]},
			"faces": {
				"north": {"uv": [2.75, 4.5, 3.875, 4.875], "texture": "#0"},
				"east": {"uv": [4.5, 2.75, 5.625, 3.125], "texture": "#0"},
				"south": {"uv": [4.5, 3.25, 5.625, 3.625], "texture": "#0"},
				"west": {"uv": [4, 4.5, 5.125, 4.875], "texture": "#0"},
				"up": {"uv": [1.125, 5.125, 0, 4], "texture": "#0"},
				"down": {"uv": [5.125, 0, 4, 1.125], "texture": "#0"}
			}
		},
		{
			"from": [11.5, -0.75, 5.5],
			"to": [12.5, 5.25, 6.5],
			"rotation": {"angle": 0, "axis": "y", "origin": [0, -3, 0]},
			"faces": {
				"north": {"uv": [4.25, 5.375, 4.375, 6.125], "texture": "#0"},
				"east": {"uv": [4.5, 5.375, 4.625, 6.125], "texture": "#0"},
				"south": {"uv": [4.75, 5.375, 4.875, 6.125], "texture": "#0"},
				"west": {"uv": [5, 5.375, 5.125, 6.125], "texture": "#0"},
				"up": {"uv": [5.375, 4.375, 5.25, 4.25], "texture": "#0"},
				"down": {"uv": [5.375, 4.5, 5.25, 4.625], "texture": "#0"}
			}
		},
		{
			"from": [3.5, -0.75, 5.5],
			"to": [4.5, 5.25, 6.5],
			"rotation": {"angle": 0, "axis": "y", "origin": [16, -3, 0]},
			"faces": {
				"north": {"uv": [5.25, 5.375, 5.375, 6.125], "texture": "#0"},
				"east": {"uv": [5.5, 5.375, 5.625, 6.125], "texture": "#0"},
				"south": {"uv": [0, 5.625, 0.125, 6.375], "texture": "#0"},
				"west": {"uv": [0.25, 5.625, 0.375, 6.375], "texture": "#0"},
				"up": {"uv": [5.375, 4.875, 5.25, 4.75], "texture": "#0"},
				"down": {"uv": [5.625, 4.25, 5.5, 4.375], "texture": "#0"}
			}
		},
		{
			"from": [4.5, -0.75, 5.5],
			"to": [11.5, 0.25, 6.5],
			"rotation": {"angle": 0, "axis": "y", "origin": [17, -3, 0]},
			"faces": {
				"north": {"uv": [4, 3.75, 4.875, 3.875], "texture": "#0"},
				"east": {"uv": [5.5, 4.5, 5.625, 4.625], "texture": "#0"},
				"south": {"uv": [5, 3.75, 5.875, 3.875], "texture": "#0"},
				"west": {"uv": [5.5, 4.75, 5.625, 4.875], "texture": "#0"},
				"up": {"uv": [6.125, 1, 5.25, 0.875], "texture": "#0"},
				"down": {"uv": [6.125, 4, 5.25, 4.125], "texture": "#0"}
			}
		},
		{
			"from": [6.5, -3.75, 5.5],
			"to": [9.5, -0.75, 5.5],
			"rotation": {"angle": -45, "axis": "z", "origin": [8, -2.25, 5.5]},
			"faces": {
				"north": {"uv": [5.25, 0.375, 5.625, 0.75], "texture": "#0"},
				"east": {"uv": [1, 5.75, 1, 6.125], "texture": "#0"},
				"south": {"uv": [0.75, 5.25, 1.125, 5.625], "texture": "#0"},
				"west": {"uv": [1.125, 5.75, 1.125, 6.125], "texture": "#0"},
				"up": {"uv": [6.125, 5.125, 5.75, 5.125], "texture": "#0"},
				"down": {"uv": [6.125, 5.25, 5.75, 5.25], "texture": "#0"}
			}
		},
		{
			"from": [0.5, 5.25, 0.5],
			"to": [15.5, 5.25, 15.5],
			"faces": {
				"north": {"uv": [5.25, 1.125, 7.125, 1.125], "texture": "#0"},
				"east": {"uv": [5.75, 0.375, 7.625, 0.375], "texture": "#0"},
				"south": {"uv": [5.75, 0.5, 7.625, 0.5], "texture": "#0"},
				"west": {"uv": [5.75, 0.625, 7.625, 0.625], "texture": "#0"},
				"up": {"uv": [1.875, 1.875, 0, 0], "texture": "#0"},
				"down": {"uv": [1.875, 2, 0, 3.875], "texture": "#0"}
			}
		},
		{
			"from": [15.475, 5.25, -1.5],
			"to": [18.475, 5.275, 17.5],
			"rotation": {"angle": 45, "axis": "z", "origin": [15.5, 5.25, 8]},
			"faces": {
				"north": {"uv": [0.5, 5.75, 0.875, 5.75], "texture": "#0"},
				"east": {"uv": [5.75, 3.125, 8.125, 3.125], "texture": "#0"},
				"south": {"uv": [2.75, 5.75, 3.125, 5.75], "texture": "#0"},
				"west": {"uv": [5.75, 3.25, 8.125, 3.25], "texture": "#0"},
				"up": {"uv": [1.625, 6.375, 1.25, 4], "texture": "#0"},
				"down": {"uv": [4.375, 1.25, 4, 3.625], "texture": "#0"}
			}
		},
		{
			"from": [-2.475, 5.25, -1.5],
			"to": [0.525, 5.275, 17.5],
			"rotation": {"angle": -45, "axis": "z", "origin": [0.5, 5.25, 8]},
			"faces": {
				"north": {"uv": [3.25, 5.75, 3.625, 5.75], "texture": "#0"},
				"east": {"uv": [5.75, 3.375, 8.125, 3.375], "texture": "#0"},
				"south": {"uv": [5.75, 3.5, 6.125, 3.5], "texture": "#0"},
				"west": {"uv": [5.75, 3.625, 8.125, 3.625], "texture": "#0"},
				"up": {"uv": [2.125, 6.375, 1.75, 4], "texture": "#0"},
				"down": {"uv": [2.625, 4, 2.25, 6.375], "texture": "#0"}
			}
		},
		{
			"from": [-1.5, 5.25, -2.475],
			"to": [17.5, 5.275, 0.525],
			"rotation": {"angle": 45, "axis": "x", "origin": [-2, 5.25, 0.5]},
			"faces": {
				"north": {"uv": [5.75, 4.25, 8.125, 4.25], "texture": "#0"},
				"east": {"uv": [3.75, 5.75, 4.125, 5.75], "texture": "#0"},
				"south": {"uv": [5.75, 4.375, 8.125, 4.375], "texture": "#0"},
				"west": {"uv": [5.75, 4.5, 6.125, 4.5], "texture": "#0"},
				"up": {"uv": [5.125, 4.375, 2.75, 4], "texture": "#0"},
				"down": {"uv": [6.875, 1.25, 4.5, 1.625], "texture": "#0"}
			}
		},
		{
			"from": [-1.5, 5.25, 15.475],
			"to": [17.5, 5.275, 18.475],
			"rotation": {"angle": -45, "axis": "x", "origin": [-2, 5.25, 15.5]},
			"faces": {
				"north": {"uv": [5.75, 4.625, 8.125, 4.625], "texture": "#0"},
				"east": {"uv": [5.75, 4.75, 6.125, 4.75], "texture": "#0"},
				"south": {"uv": [5.75, 4.875, 8.125, 4.875], "texture": "#0"},
				"west": {"uv": [5.75, 5, 6.125, 5], "texture": "#0"},
				"up": {"uv": [6.875, 2.125, 4.5, 1.75], "texture": "#0"},
				"down": {"uv": [6.875, 2.25, 4.5, 2.625], "texture": "#0"}
			}
		},
		{
			"from": [5.5, 8.025, 5.5],
			"to": [10.5, 10.025, 10.5],
			"rotation": {"angle": 0, "axis": "y", "origin": [0, 0.025, 0]},
			"faces": {
				"north": {"uv": [4.25, 5, 4.875, 5.25], "texture": "#0"},
				"east": {"uv": [5, 5, 5.625, 5.25], "texture": "#0"},
				"south": {"uv": [0, 5.25, 0.625, 5.5], "texture": "#0"},
				"west": {"uv": [5.25, 0, 5.875, 0.25], "texture": "#0"},
				"up": {"uv": [3.375, 5.625, 2.75, 5], "texture": "#0"},
				"down": {"uv": [4.125, 5, 3.5, 5.625], "texture": "#0"}
			}
		}
	],
	"gui_light": "front",
	"display": {
		"thirdperson_righthand": {
			"rotation": [0.18, -6.93, 2.96],
			"translation": [-3.25, -1.25, 0],
			"scale": [0.4, 0.4, 0.4]
		},
		"thirdperson_lefthand": {
			"rotation": [0.18, -6.93, 2.96],
			"translation": [-3.25, -1.25, 0],
			"scale": [0.4, 0.4, 0.4]
		},
		"firstperson_righthand": {
			"rotation": [0, -53.75, 0],
			"scale": [0.8, 0.8, 0.8]
		},
		"firstperson_lefthand": {
			"rotation": [0, -53.75, 0],
			"scale": [0.8, 0.8, 0.8]
		},
		"ground": {
			"scale": [0.5, 0.5, 0.5]
		},
		"gui": {
			"rotation": [-166, 16.96, 177.13],
			"translation": [0, 1.25, 0],
			"scale": [0.65, 0.65, 0.65]
		},
		"head": {
			"translation": [0, 7, 0],
			"scale": [1.61, 1.61, 1.61]
		},
		"fixed": {
			"rotation": [-27.75, 0, 0],
			"translation": [0, 1.75, -4.75],
			"scale": [0.9, 0.9, 0.9]
		}
	}
}