{
	"credit": "Made with Blockbench",
	"texture_size": [32, 32],
	"textures": {
		"0": "cosmetics/square_glasses",
		"particle": "cosmetics/square_glasses"
	},
	"elements": [
		{
			"from": [8.5, 8.5, 3],
			"to": [12.5, 9.5, 4],
			"faces": {
				"north": {"uv": [3, 1, 5, 1.5], "texture": "#0"},
				"east": {"uv": [6, 9, 6.5, 9.5], "texture": "#0"},
				"south": {"uv": [4, 3, 6, 3.5], "texture": "#0"},
				"west": {"uv": [7, 9, 7.5, 9.5], "texture": "#0"},
				"up": {"uv": [6, 4.5, 4, 4], "texture": "#0"},
				"down": {"uv": [7, 2, 5, 2.5], "texture": "#0"}
			}
		},
		{
			"from": [11.5, 7.5, 4],
			"to": [12.5, 8.5, 9],
			"faces": {
				"north": {"uv": [9, 8, 9.5, 8.5], "texture": "#0"},
				"east": {"uv": [0, 0, 2.5, 0.5], "texture": "#0"},
				"south": {"uv": [9, 9, 9.5, 9.5], "texture": "#0"},
				"west": {"uv": [0, 1, 2.5, 1.5], "texture": "#0"},
				"up": {"uv": [0.5, 4.5, 0, 2], "texture": "#0"},
				"down": {"uv": [1.5, 2, 1, 4.5], "texture": "#0"}
			}
		},
		{
			"from": [3.5, 7.5, 4],
			"to": [4.5, 8.5, 9],
			"rotation": {"angle": 0, "axis": "y", "origin": [16, 0, 0]},
			"faces": {
				"north": {"uv": [0, 10, 0.5, 10.5], "texture": "#0"},
				"east": {"uv": [2, 2, 4.5, 2.5], "texture": "#0"},
				"south": {"uv": [10, 1, 10.5, 1.5], "texture": "#0"},
				"west": {"uv": [3, 0, 5.5, 0.5], "texture": "#0"},
				"up": {"uv": [2.5, 5.5, 2, 3], "texture": "#0"},
				"down": {"uv": [3.5, 3, 3, 5.5], "texture": "#0"}
			}
		},
		{
			"from": [11.5, 6.5, 9],
			"to": [12.5, 8.5, 10],
			"faces": {
				"north": {"uv": [6.5, 3, 7, 4], "texture": "#0"},
				"east": {"uv": [6.5, 4.5, 7, 5.5], "texture": "#0"},
				"south": {"uv": [6.5, 6, 7, 7], "texture": "#0"},
				"west": {"uv": [0, 7, 0.5, 8], "texture": "#0"},
				"up": {"uv": [10, 0.5, 9.5, 0], "texture": "#0"},
				"down": {"uv": [1.5, 9.5, 1, 10], "texture": "#0"}
			}
		},
		{
			"from": [3.5, 6.5, 9],
			"to": [4.5, 8.5, 10],
			"rotation": {"angle": 0, "axis": "y", "origin": [16, 0, 0]},
			"faces": {
				"north": {"uv": [6, 7.5, 6.5, 8.5], "texture": "#0"},
				"east": {"uv": [7.5, 6, 8, 7], "texture": "#0"},
				"south": {"uv": [7, 7.5, 7.5, 8.5], "texture": "#0"},
				"west": {"uv": [1, 8, 1.5, 9], "texture": "#0"},
				"up": {"uv": [8.5, 10.5, 8, 10], "texture": "#0"},
				"down": {"uv": [10.5, 8, 10, 8.5], "texture": "#0"}
			}
		},
		{
			"from": [11.5, 6.5, 3],
			"to": [12.5, 8.5, 4],
			"faces": {
				"north": {"uv": [2.5, 6, 3, 7], "texture": "#0"},
				"east": {"uv": [3.5, 6, 4, 7], "texture": "#0"},
				"south": {"uv": [4.5, 6, 5, 7], "texture": "#0"},
				"west": {"uv": [5.5, 6, 6, 7], "texture": "#0"},
				"up": {"uv": [9.5, 7.5, 9, 7], "texture": "#0"},
				"down": {"uv": [8.5, 9, 8, 9.5], "texture": "#0"}
			}
		},
		{
			"from": [9.5, 6, 3],
			"to": [11.5, 7, 4],
			"faces": {
				"north": {"uv": [0, 5, 1, 5.5], "texture": "#0"},
				"east": {"uv": [2, 10, 2.5, 10.5], "texture": "#0"},
				"south": {"uv": [1, 7, 2, 7.5], "texture": "#0"},
				"west": {"uv": [10, 2, 10.5, 2.5], "texture": "#0"},
				"up": {"uv": [8.5, 2.5, 7.5, 2], "texture": "#0"},
				"down": {"uv": [3.5, 7.5, 2.5, 8], "texture": "#0"}
			}
		},
		{
			"from": [8.5, 6.5, 3],
			"to": [9.5, 8.5, 4],
			"faces": {
				"north": {"uv": [7.5, 3, 8, 4], "texture": "#0"},
				"east": {"uv": [4, 7.5, 4.5, 8.5], "texture": "#0"},
				"south": {"uv": [7.5, 4.5, 8, 5.5], "texture": "#0"},
				"west": {"uv": [5, 7.5, 5.5, 8.5], "texture": "#0"},
				"up": {"uv": [3.5, 10.5, 3, 10], "texture": "#0"},
				"down": {"uv": [10.5, 3, 10, 3.5], "texture": "#0"}
			}
		},
		{
			"from": [7.5, 7.5, 3],
			"to": [8.5, 8.5, 4],
			"faces": {
				"north": {"uv": [10, 4, 10.5, 4.5], "texture": "#0"},
				"east": {"uv": [10, 5, 10.5, 5.5], "texture": "#0"},
				"south": {"uv": [6, 10, 6.5, 10.5], "texture": "#0"},
				"west": {"uv": [10, 6, 10.5, 6.5], "texture": "#0"},
				"up": {"uv": [7.5, 10.5, 7, 10], "texture": "#0"},
				"down": {"uv": [10.5, 7, 10, 7.5], "texture": "#0"}
			}
		},
		{
			"from": [6.5, 6.5, 3],
			"to": [7.5, 8.5, 4],
			"rotation": {"angle": 0, "axis": "y", "origin": [16, 0, 0]},
			"faces": {
				"north": {"uv": [3, 8.5, 3.5, 9.5], "texture": "#0"},
				"east": {"uv": [9, 1.5, 9.5, 2.5], "texture": "#0"},
				"south": {"uv": [4, 9, 4.5, 10], "texture": "#0"},
				"west": {"uv": [5, 9, 5.5, 10], "texture": "#0"},
				"up": {"uv": [5.5, 11, 5, 10.5], "texture": "#0"},
				"down": {"uv": [0.5, 11, 0, 11.5], "texture": "#0"}
			}
		},
		{
			"from": [4.5, 6, 3],
			"to": [6.5, 7, 4],
			"rotation": {"angle": 0, "axis": "y", "origin": [16, 0, 0]},
			"faces": {
				"north": {"uv": [8.5, 3, 9.5, 3.5], "texture": "#0"},
				"east": {"uv": [1, 10.5, 1.5, 11], "texture": "#0"},
				"south": {"uv": [8.5, 4, 9.5, 4.5], "texture": "#0"},
				"west": {"uv": [4, 10.5, 4.5, 11], "texture": "#0"},
				"up": {"uv": [9.5, 5.5, 8.5, 5], "texture": "#0"},
				"down": {"uv": [9.5, 6, 8.5, 6.5], "texture": "#0"}
			}
		},
		{
			"from": [3.5, 6.5, 3],
			"to": [4.5, 8.5, 4],
			"rotation": {"angle": 0, "axis": "y", "origin": [16, 0, 0]},
			"faces": {
				"north": {"uv": [8, 7.5, 8.5, 8.5], "texture": "#0"},
				"east": {"uv": [0, 8.5, 0.5, 9.5], "texture": "#0"},
				"south": {"uv": [8.5, 0, 9, 1], "texture": "#0"},
				"west": {"uv": [2, 8.5, 2.5, 9.5], "texture": "#0"},
				"up": {"uv": [9.5, 10.5, 9, 10], "texture": "#0"},
				"down": {"uv": [10.5, 9, 10, 9.5], "texture": "#0"}
			}
		},
		{
			"from": [3.5, 8.5, 3],
			"to": [7.5, 9.5, 4],
			"rotation": {"angle": 0, "axis": "y", "origin": [16, 0, 0]},
			"faces": {
				"north": {"uv": [4, 5, 6, 5.5], "texture": "#0"},
				"east": {"uv": [10, 10, 10.5, 10.5], "texture": "#0"},
				"south": {"uv": [5.5, 1, 7.5, 1.5], "texture": "#0"},
				"west": {"uv": [10.5, 0, 11, 0.5], "texture": "#0"},
				"up": {"uv": [2, 6.5, 0, 6], "texture": "#0"},
				"down": {"uv": [8, 0, 6, 0.5], "texture": "#0"}
			}
		}
	],
	"gui_light": "front",
	"display": {
		"thirdperson_righthand": {
			"rotation": [18.36, 20.12, -33],
			"translation": [2.25, -3.5, -0.25],
			"scale": [0.8, 0.8, 0.8]
		},
		"thirdperson_lefthand": {
			"rotation": [18.36, 20.12, -33],
			"translation": [2.25, -3.5, -0.25],
			"scale": [0.8, 0.8, 0.8]
		},
		"firstperson_righthand": {
			"rotation": [-4.52, -12.66, -6.25],
			"translation": [2, -0.5, 0]
		},
		"firstperson_lefthand": {
			"rotation": [-4.52, -12.66, -6.25],
			"translation": [2, -0.5, 0]
		},
		"ground": {
			"scale": [0.8, 0.8, 0.8]
		},
		"gui": {
			"rotation": [-160.84, 14.21, -178.72],
			"translation": [0.5, 1, 0],
			"scale": [1.3, 1.3, 1.3]
		},
		"head": {
			"translation": [0, -2.5, 0],
			"scale": [1.61, 1.61, 1.61]
		},
		"fixed": {
			"rotation": [-11, 0, 0],
			"translation": [0, 0, 1.25],
			"scale": [1.2, 1.2, 1.2]
		}
	}
}