{
	"credit": "Made with Blockbench",
	"texture_size": [32, 32],
	"textures": {
		"0": "cosmetics/starfish",
		"particle": "cosmetics/starfish"
	},
	"elements": [
		{
			"from": [6.5, 8, 6],
			"to": [9.5, 12, 10],
			"faces": {
				"north": {"uv": [2.5, 0, 4, 2], "texture": "#0"},
				"east": {"uv": [0, 0, 2, 2], "texture": "#0"},
				"south": {"uv": [2.5, 2.5, 4, 4.5], "texture": "#0"},
				"west": {"uv": [0, 2.5, 2, 4.5], "texture": "#0"},
				"up": {"uv": [6, 2, 4.5, 0], "texture": "#0"},
				"down": {"uv": [6, 2.5, 4.5, 4.5], "texture": "#0"}
			}
		},
		{
			"from": [7, 8.5, 3],
			"to": [9, 11.5, 7],
			"rotation": {"angle": -45, "axis": "x", "origin": [8, 10, 8]},
			"faces": {
				"north": {"uv": [11, 4, 12, 5.5], "texture": "#0"},
				"east": {"uv": [0, 5, 2, 6.5], "texture": "#0"},
				"south": {"uv": [0, 11.5, 1, 13], "texture": "#0"},
				"west": {"uv": [2.5, 5, 4.5, 6.5], "texture": "#0"},
				"up": {"uv": [8.5, 10, 7.5, 8], "texture": "#0"},
				"down": {"uv": [1, 9, 0, 11], "texture": "#0"}
			}
		},
		{
			"from": [7.025, 8.5, 3],
			"to": [8.975, 11.5, 7],
			"rotation": {"angle": 22.5, "axis": "x", "origin": [8, 10, 8]},
			"faces": {
				"north": {"uv": [4.5, 11.5, 5.5, 13], "texture": "#0"},
				"east": {"uv": [6.5, 2, 8.5, 3.5], "texture": "#0"},
				"south": {"uv": [6, 11.5, 7, 13], "texture": "#0"},
				"west": {"uv": [0, 7, 2, 8.5], "texture": "#0"},
				"up": {"uv": [10.5, 4.5, 9.5, 2.5], "texture": "#0"},
				"down": {"uv": [10.5, 5, 9.5, 7], "texture": "#0"}
			}
		},
		{
			"from": [7.025, 8.5, 9],
			"to": [8.975, 11.5, 13],
			"rotation": {"angle": -22.5, "axis": "x", "origin": [8, 10, 8]},
			"faces": {
				"north": {"uv": [11.5, 10.5, 12.5, 12], "texture": "#0"},
				"east": {"uv": [2.5, 7, 4.5, 8.5], "texture": "#0"},
				"south": {"uv": [12, 0, 13, 1.5], "texture": "#0"},
				"west": {"uv": [5, 7, 7, 8.5], "texture": "#0"},
				"up": {"uv": [11.5, 2, 10.5, 0], "texture": "#0"},
				"down": {"uv": [8.5, 10.5, 7.5, 12.5], "texture": "#0"}
			}
		},
		{
			"from": [7, 12, 6.5],
			"to": [9, 15, 9.5],
			"rotation": {"angle": 0, "axis": "y", "origin": [8, 10, 8]},
			"faces": {
				"north": {"uv": [9, 12, 10, 13.5], "texture": "#0"},
				"east": {"uv": [7.5, 4, 9, 5.5], "texture": "#0"},
				"south": {"uv": [12.5, 4, 13.5, 5.5], "texture": "#0"},
				"west": {"uv": [7.5, 6, 9, 7.5], "texture": "#0"},
				"up": {"uv": [11.5, 14, 10.5, 12.5], "texture": "#0"},
				"down": {"uv": [13, 12.5, 12, 14], "texture": "#0"}
			}
		},
		{
			"from": [7.5, 15, 7],
			"to": [8.5, 18, 9],
			"rotation": {"angle": 0, "axis": "y", "origin": [8, 10, 8]},
			"faces": {
				"north": {"uv": [13, 10.5, 13.5, 12], "texture": "#0"},
				"east": {"uv": [13, 6, 14, 7.5], "texture": "#0"},
				"south": {"uv": [6, 13.5, 6.5, 15], "texture": "#0"},
				"west": {"uv": [7.5, 13, 8.5, 14.5], "texture": "#0"},
				"up": {"uv": [14.5, 12, 14, 11], "texture": "#0"},
				"down": {"uv": [14, 14, 13.5, 15], "texture": "#0"}
			}
		},
		{
			"from": [7.5, 3.10334, 3.02426],
			"to": [8.5, 7.10334, 5.02426],
			"rotation": {"angle": 22.5, "axis": "x", "origin": [7.5, 5.10334, 4.02426]},
			"faces": {
				"north": {"uv": [13, 8, 13.5, 10], "texture": "#0"},
				"east": {"uv": [9, 0, 10, 2], "texture": "#0"},
				"south": {"uv": [0, 13.5, 0.5, 15.5], "texture": "#0"},
				"west": {"uv": [1.5, 9, 2.5, 11], "texture": "#0"},
				"up": {"uv": [11.5, 7, 11, 6], "texture": "#0"},
				"down": {"uv": [12.5, 6, 12, 7], "texture": "#0"}
			}
		},
		{
			"from": [7.5, 10.60999, 0.48955],
			"to": [8.5, 12.60999, 4.48955],
			"rotation": {"angle": -22.5, "axis": "x", "origin": [7.5, 11.60999, 2.48955]},
			"faces": {
				"north": {"uv": [14, 4, 14.5, 5], "texture": "#0"},
				"east": {"uv": [10.5, 7.5, 12.5, 8.5], "texture": "#0"},
				"south": {"uv": [14, 8, 14.5, 9], "texture": "#0"},
				"west": {"uv": [9, 10.5, 11, 11.5], "texture": "#0"},
				"up": {"uv": [2.5, 15.5, 2, 13.5], "texture": "#0"},
				"down": {"uv": [3.5, 13.5, 3, 15.5], "texture": "#0"}
			}
		},
		{
			"from": [7.5, 10.60999, 11.51045],
			"to": [8.5, 12.60999, 15.51045],
			"rotation": {"angle": 22.5, "axis": "x", "origin": [7.5, 11.60999, 13.51045]},
			"faces": {
				"north": {"uv": [9, 14, 9.5, 15], "texture": "#0"},
				"east": {"uv": [10.5, 9, 12.5, 10], "texture": "#0"},
				"south": {"uv": [14, 9.5, 14.5, 10.5], "texture": "#0"},
				"west": {"uv": [11, 2.5, 13, 3.5], "texture": "#0"},
				"up": {"uv": [4.5, 15.5, 4, 13.5], "texture": "#0"},
				"down": {"uv": [5.5, 13.5, 5, 15.5], "texture": "#0"}
			}
		},
		{
			"from": [7, 8.5, 9],
			"to": [9, 11.5, 13],
			"rotation": {"angle": 45, "axis": "x", "origin": [8, 10, 8]},
			"faces": {
				"north": {"uv": [1.5, 11.5, 2.5, 13], "texture": "#0"},
				"east": {"uv": [5, 5, 7, 6.5], "texture": "#0"},
				"south": {"uv": [3, 11.5, 4, 13], "texture": "#0"},
				"west": {"uv": [6.5, 0, 8.5, 1.5], "texture": "#0"},
				"up": {"uv": [7, 11, 6, 9], "texture": "#0"},
				"down": {"uv": [10, 8, 9, 10], "texture": "#0"}
			}
		},
		{
			"from": [7.5, 3.10334, 10.97574],
			"to": [8.5, 7.10334, 12.97574],
			"rotation": {"angle": -22.5, "axis": "x", "origin": [7.5, 5.10334, 11.97574]},
			"faces": {
				"north": {"uv": [13.5, 0, 14, 2], "texture": "#0"},
				"east": {"uv": [3, 9, 4, 11], "texture": "#0"},
				"south": {"uv": [1, 13.5, 1.5, 15.5], "texture": "#0"},
				"west": {"uv": [4.5, 9, 5.5, 11], "texture": "#0"},
				"up": {"uv": [14, 3.5, 13.5, 2.5], "texture": "#0"},
				"down": {"uv": [14, 12.5, 13.5, 13.5], "texture": "#0"}
			}
		}
	],
	"gui_light": "front",
	"display": {
		"thirdperson_righthand": {
			"scale": [0.66, 0.66, 0.66]
		},
		"thirdperson_lefthand": {
			"scale": [0.66, 0.66, 0.66]
		},
		"firstperson_righthand": {
			"rotation": [0, 8.75, 0],
			"translation": [0, 0.5, 0],
			"scale": [0.66, 0.66, 0.66]
		},
		"firstperson_lefthand": {
			"rotation": [0, 8.75, 0],
			"translation": [0, 0.5, 0],
			"scale": [0.66, 0.66, 0.66]
		},
		"ground": {
			"translation": [0, 2.75, 0],
			"scale": [0.46, 0.46, 0.46]
		},
		"gui": {
			"rotation": [14, 66.25, 0],
			"translation": [0, -2.25, 0]
		},
		"head": {
			"rotation": [180, -90, 180],
			"translation": [0, 9, 0]
		},
		"fixed": {
			"rotation": [0, -90, 0],
			"translation": [0, -2.25, -0.75]
		}
	}
}