{
	"credit": "Made with Blockbench",
	"texture_size": [64, 64],
	"textures": {
		"2": "cosmetics/sting",
		"particle": "cosmetics/sting"
	},
	"elements": [
		{
			"from": [7, -0.025, 7],
			"to": [9, 1.975, 9],
			"rotation": {"angle": -45, "axis": "y", "origin": [8, 1, 8]},
			"faces": {
				"north": {"uv": [5.5, 0, 6, 0.5], "texture": "#2"},
				"east": {"uv": [0.75, 5.5, 1.25, 6], "texture": "#2"},
				"south": {"uv": [5.5, 0.75, 6, 1.25], "texture": "#2"},
				"west": {"uv": [1.5, 5.5, 2, 6], "texture": "#2"},
				"up": {"uv": [6, 2, 5.5, 1.5], "texture": "#2"},
				"down": {"uv": [2.75, 5.5, 2.25, 6], "texture": "#2"}
			}
		},
		{
			"from": [7, 0, 7],
			"to": [9, 6, 9],
			"rotation": {"angle": 0, "axis": "y", "origin": [8, 1, 8]},
			"faces": {
				"north": {"uv": [3.5, 2.5, 4, 4], "texture": "#2"},
				"east": {"uv": [0, 3.75, 0.5, 5.25], "texture": "#2"},
				"south": {"uv": [0.75, 3.75, 1.25, 5.25], "texture": "#2"},
				"west": {"uv": [1.5, 3.75, 2, 5.25], "texture": "#2"},
				"up": {"uv": [6.25, 4, 5.75, 3.5], "texture": "#2"},
				"down": {"uv": [6.25, 4.25, 5.75, 4.75], "texture": "#2"}
			}
		},
		{
			"from": [7, 6, 6],
			"to": [9, 7, 10],
			"rotation": {"angle": 0, "axis": "y", "origin": [8, 1, 8]},
			"faces": {
				"north": {"uv": [6.25, 1, 6.75, 1.25], "texture": "#2"},
				"east": {"uv": [4.75, 5.75, 5.75, 6], "texture": "#2"},
				"south": {"uv": [1.25, 6.25, 1.75, 6.5], "texture": "#2"},
				"west": {"uv": [5.75, 5, 6.75, 5.25], "texture": "#2"},
				"up": {"uv": [5.25, 1, 4.75, 0], "texture": "#2"},
				"down": {"uv": [5.25, 1.25, 4.75, 2.25], "texture": "#2"}
			}
		},
		{
			"from": [7.5, 7, 6.5],
			"to": [8.5, 17, 9.5],
			"rotation": {"angle": 0, "axis": "y", "origin": [8, 1, 8]},
			"faces": {
				"north": {"uv": [4.25, 2.5, 4.5, 5], "texture": "#2"},
				"east": {"uv": [2.5, 0, 3.25, 2.5], "texture": "#2"},
				"south": {"uv": [3.5, 4.25, 3.75, 6.75], "texture": "#2"},
				"west": {"uv": [2.5, 2.75, 3.25, 5.25], "texture": "#2"},
				"up": {"uv": [3.25, 6.25, 3, 5.5], "texture": "#2"},
				"down": {"uv": [6.25, 5.5, 6, 6.25], "texture": "#2"}
			}
		},
		{
			"from": [7.5, 17, 7],
			"to": [8.5, 20, 9],
			"rotation": {"angle": 0, "axis": "y", "origin": [8, 1, 8]},
			"faces": {
				"north": {"uv": [6.25, 0, 6.5, 0.75], "texture": "#2"},
				"east": {"uv": [4, 5.25, 4.5, 6], "texture": "#2"},
				"south": {"uv": [0.75, 6.25, 1, 7], "texture": "#2"},
				"west": {"uv": [0, 5.5, 0.5, 6.25], "texture": "#2"},
				"up": {"uv": [6.5, 2, 6.25, 1.5], "texture": "#2"},
				"down": {"uv": [2.25, 6.25, 2, 6.75], "texture": "#2"}
			}
		},
		{
			"from": [8, 7, 6],
			"to": [8, 21, 10],
			"rotation": {"angle": 0, "axis": "y", "origin": [8, 1, 8]},
			"faces": {
				"north": {"uv": [4.5, 6.25, 4.5, 9.75], "texture": "#2"},
				"east": {"uv": [0, 0, 1, 3.5], "texture": "#2"},
				"south": {"uv": [4.75, 6.25, 4.75, 9.75], "texture": "#2"},
				"west": {"uv": [1.25, 0, 2.25, 3.5], "texture": "#2"},
				"up": {"uv": [2.25, 4.75, 2.25, 3.75], "texture": "#2"},
				"down": {"uv": [5, 6.25, 5, 7.25], "texture": "#2"}
			}
		},
		{
			"from": [8, 21, 5.5],
			"to": [8, 25, 9.5],
			"rotation": {"angle": 0, "axis": "y", "origin": [8, 1, 8]},
			"faces": {
				"north": {"uv": [5.25, 6.25, 5.25, 7.25], "texture": "#2"},
				"east": {"uv": [3.5, 0, 4.5, 1], "texture": "#2"},
				"south": {"uv": [5.5, 6.25, 5.5, 7.25], "texture": "#2"},
				"west": {"uv": [3.5, 1.25, 4.5, 2.25], "texture": "#2"},
				"up": {"uv": [5.75, 7.25, 5.75, 6.25], "texture": "#2"},
				"down": {"uv": [0, 6.5, 0, 7.5], "texture": "#2"}
			}
		},
		{
			"from": [7.5, 6.025, 4],
			"to": [8.5, 6.975, 12],
			"rotation": {"angle": 0, "axis": "y", "origin": [8, 1, 8]},
			"faces": {
				"north": {"uv": [2.5, 6.25, 2.75, 6.5], "texture": "#2"},
				"east": {"uv": [4.75, 2.5, 6.75, 2.75], "texture": "#2"},
				"south": {"uv": [4, 6.25, 4.25, 6.5], "texture": "#2"},
				"west": {"uv": [4.75, 3, 6.75, 3.25], "texture": "#2"},
				"up": {"uv": [5, 5.5, 4.75, 3.5], "texture": "#2"},
				"down": {"uv": [5.5, 3.5, 5.25, 5.5], "texture": "#2"}
			}
		}
	],
	"gui_light": "front",
	"display": {
		"thirdperson_righthand": {
			"translation": [0, 2.25, 1.5]
		},
		"thirdperson_lefthand": {
			"translation": [0, 2.25, 1.5]
		},
		"firstperson_righthand": {
			"rotation": [9, 0, 0],
			"translation": [0, 0.5, 0],
			"scale": [0.85, 0.85, 0.85]
		},
		"firstperson_lefthand": {
			"rotation": [9, 0, 0],
			"translation": [0, 0.5, 0],
			"scale": [0.85, 0.85, 0.85]
		},
		"ground": {
			"rotation": [45, 0, 0],
			"translation": [0, 1.25, 0],
			"scale": [0.4, 0.4, 0.4]
		},
		"gui": {
			"rotation": [68.79, 46.27, -74.36],
			"translation": [-1.5, -2.25, 0],
			"scale": [0.7, 0.7, 0.7]
		},
		"head": {
			"rotation": [-49.25, 0, 0],
			"translation": [0, 2.75, -7.25]
		},
		"fixed": {
			"rotation": [90, -47.25, 90],
			"translation": [1.75, -2.5, 0],
			"scale": [0.8, 0.8, 0.8]
		}
	}
}