{
	"credit": "Made with Blockbench",
	"texture_size": [64, 64],
	"textures": {
		"2": "cosmetics/straw_hat",
		"particle": "cosmetics/straw_hat"
	},
	"elements": [
		{
			"from": [-2.5, 4.975, -2.5],
			"to": [18.5, 5, 18.5],
			"faces": {
				"north": {"uv": [8, 4, 13.25, 4.25], "texture": "#2"},
				"east": {"uv": [8, 4.5, 13.25, 4.75], "texture": "#2"},
				"south": {"uv": [8, 5, 13.25, 5.25], "texture": "#2"},
				"west": {"uv": [8, 5.5, 13.25, 5.75], "texture": "#2"},
				"up": {"uv": [5.25, 5.25, 0, 0], "texture": "#2"},
				"down": {"uv": [5.25, 5.5, 0, 10.75], "texture": "#2"}
			}
		},
		{
			"from": [3.5, 5, 3.5],
			"to": [12.5, 12, 12.5],
			"faces": {
				"north": {"uv": [5.5, 5, 7.75, 6.75], "texture": "#2"},
				"east": {"uv": [5.5, 7, 7.75, 8.75], "texture": "#2"},
				"south": {"uv": [8, 0, 10.25, 1.75], "texture": "#2"},
				"west": {"uv": [8, 2, 10.25, 3.75], "texture": "#2"},
				"up": {"uv": [7.75, 2.25, 5.5, 0], "texture": "#2"},
				"down": {"uv": [7.75, 2.5, 5.5, 4.75], "texture": "#2"}
			}
		}
	],
	"gui_light": "front",
	"display": {
		"thirdperson_righthand": {
			"rotation": [7.21, 6, 10.4],
			"translation": [-2.75, 0.75, 0],
			"scale": [0.5, 0.5, 0.5]
		},
		"thirdperson_lefthand": {
			"rotation": [7.21, 6, 10.4],
			"translation": [-2.75, 0.75, 0],
			"scale": [0.5, 0.5, 0.5]
		},
		"firstperson_righthand": {
			"rotation": [-169, 44.02, -178.03],
			"translation": [0, 1.25, 0],
			"scale": [0.9, 0.9, 0.9]
		},
		"firstperson_lefthand": {
			"rotation": [-169, 44.02, -178.03],
			"translation": [0, 1.25, 0],
			"scale": [0.9, 0.9, 0.9]
		},
		"ground": {
			"scale": [0.55, 0.55, 0.55]
		},
		"gui": {
			"rotation": [-152.87, 25.59, 176.74],
			"translation": [0, 0.5, 0],
			"scale": [0.66, 0.66, 0.66]
		},
		"head": {
			"translation": [0, 5.25, 0],
			"scale": [1.61, 1.61, 1.61]
		},
		"fixed": {
			"rotation": [-73.5, 0, 0],
			"translation": [0, 0, -4.5],
			"scale": [0.8, 0.8, 0.8]
		}
	}
}