{
	"credit": "Made with Blockbench",
	"texture_size": [128, 128],
	"textures": {
		"0": "cosmetics/sun_hat",
		"particle": "cosmetics/sun_hat"
	},
	"elements": [
		{
			"from": [3.5, 8, 3.5],
			"to": [12.5, 13, 12.5],
			"faces": {
				"north": {"uv": [4.25, 2.5, 5.375, 3.125], "texture": "#0"},
				"east": {"uv": [5.25, 4.5, 6.375, 5.125], "texture": "#0"},
				"south": {"uv": [5.25, 5.25, 6.375, 5.875], "texture": "#0"},
				"west": {"uv": [0, 5.5, 1.125, 6.125], "texture": "#0"},
				"up": {"uv": [5.375, 2.375, 4.25, 1.25], "texture": "#0"},
				"down": {"uv": [5.125, 4.5, 4, 5.625], "texture": "#0"}
			}
		},
		{
			"from": [1.5, 8, 4.5],
			"to": [3.5, 10, 6.5],
			"faces": {
				"north": {"uv": [2, 2.75, 2.25, 3], "texture": "#0"},
				"east": {"uv": [1.25, 5.5, 1.5, 5.75], "texture": "#0"},
				"south": {"uv": [5.5, 1.25, 5.75, 1.5], "texture": "#0"},
				"west": {"uv": [1.625, 5.5, 1.875, 5.75], "texture": "#0"},
				"up": {"uv": [5.75, 1.875, 5.5, 1.625], "texture": "#0"},
				"down": {"uv": [5.75, 2, 5.5, 2.25], "texture": "#0"}
			}
		},
		{
			"from": [12.5, 8, -2.5],
			"to": [19.5, 8, 18.5],
			"rotation": {"angle": 22.5, "axis": "z", "origin": [12.5, 8, 8]},
			"faces": {
				"north": {"uv": [5.5, 2.375, 6.375, 2.375], "texture": "#0"},
				"east": {"uv": [5.5, 2.5, 8.125, 2.5], "texture": "#0"},
				"south": {"uv": [5.5, 2.625, 6.375, 2.625], "texture": "#0"},
				"west": {"uv": [5.5, 2.75, 8.125, 2.75], "texture": "#0"},
				"up": {"uv": [0.875, 5.375, 0, 2.75], "texture": "#0"},
				"down": {"uv": [1.875, 2.75, 1, 5.375], "texture": "#0"}
			}
		},
		{
			"from": [3.5, 8, -2.5],
			"to": [12.5, 8, 18.5],
			"rotation": {"angle": 0, "axis": "y", "origin": [12.5, 8, 8]},
			"faces": {
				"north": {"uv": [5.5, 3.375, 6.625, 3.375], "texture": "#0"},
				"east": {"uv": [5.5, 3.5, 8.125, 3.5], "texture": "#0"},
				"south": {"uv": [5.5, 3.625, 6.625, 3.625], "texture": "#0"},
				"west": {"uv": [5.5, 3.75, 8.125, 3.75], "texture": "#0"},
				"up": {"uv": [1.125, 2.625, 0, 0], "texture": "#0"},
				"down": {"uv": [2.375, 0, 1.25, 2.625], "texture": "#0"}
			}
		},
		{
			"from": [-3.5, 8, -2.5],
			"to": [3.5, 8, 18.5],
			"rotation": {"angle": 22.5, "axis": "z", "origin": [3.5, 8, 8]},
			"faces": {
				"north": {"uv": [5.5, 2.875, 6.375, 2.875], "texture": "#0"},
				"east": {"uv": [5.5, 3, 8.125, 3], "texture": "#0"},
				"south": {"uv": [5.5, 3.125, 6.375, 3.125], "texture": "#0"},
				"west": {"uv": [5.5, 3.25, 8.125, 3.25], "texture": "#0"},
				"up": {"uv": [2.875, 5.875, 2, 3.25], "texture": "#0"},
				"down": {"uv": [3.875, 3.25, 3, 5.875], "texture": "#0"}
			}
		},
		{
			"from": [-9.5, 1, 5.5],
			"to": [3.5, 13, 5.5],
			"rotation": {"angle": -22.5, "axis": "y", "origin": [2, 8.5, 5.5]},
			"faces": {
				"north": {"uv": [2.5, 0, 4.125, 1.5], "texture": "#0"},
				"east": {"uv": [4, 5.75, 4, 7.25], "texture": "#0"},
				"south": {"uv": [2.5, 1.625, 4.125, 3.125], "texture": "#0"},
				"west": {"uv": [4.125, 5.75, 4.125, 7.25], "texture": "#0"},
				"up": {"uv": [7.125, 3.875, 5.5, 3.875], "texture": "#0"},
				"down": {"uv": [7.125, 4, 5.5, 4], "texture": "#0"}
			}
		},
		{
			"from": [-7.5, 4, 5.5],
			"to": [3.5, 13, 5.5],
			"rotation": {"angle": 45, "axis": "y", "origin": [2, 8.5, 5.5]},
			"faces": {
				"north": {"uv": [4, 3.25, 5.375, 4.375], "texture": "#0"},
				"east": {"uv": [5.75, 0, 5.75, 1.125], "texture": "#0"},
				"south": {"uv": [4.25, 0, 5.625, 1.125], "texture": "#0"},
				"west": {"uv": [4.25, 5.75, 4.25, 6.875], "texture": "#0"},
				"up": {"uv": [6.875, 4.125, 5.5, 4.125], "texture": "#0"},
				"down": {"uv": [6.875, 4.25, 5.5, 4.25], "texture": "#0"}
			}
		}
	],
	"gui_light": "front",
	"display": {
		"thirdperson_righthand": {
			"rotation": [-6.68, 6.62, 16.23],
			"translation": [-2.25, -0.25, 0],
			"scale": [0.5, 0.5, 0.5]
		},
		"thirdperson_lefthand": {
			"rotation": [-6.68, 6.62, 16.23],
			"translation": [-2.25, -0.25, 0],
			"scale": [0.5, 0.5, 0.5]
		},
		"firstperson_righthand": {
			"scale": [0.5, 0.5, 0.5]
		},
		"firstperson_lefthand": {
			"scale": [0.5, 0.5, 0.5]
		},
		"ground": {
			"scale": [0.5, 0.5, 0.5]
		},
		"gui": {
			"rotation": [-161, -13, -180],
			"translation": [-0.5, 0, 0],
			"scale": [0.6, 0.6, 0.6]
		},
		"head": {
			"scale": [1.61, 1.61, 1.61]
		},
		"fixed": {
			"rotation": [-22.5, 0, 0],
			"translation": [0, -1.25, -2],
			"scale": [0.8, 0.8, 0.8]
		}
	},
	"groups": [
		0,
		1,
		2,
		3,
		4,
		{
			"name": "flat",
			"origin": [2, 8.5, 5.5],
			"color": 0,
			"children": [5, 6]
		}
	]
}