{
	"credit": "Made with Blockbench",
	"texture_size": [32, 32],
	"textures": {
		"0": "cosmetics/teacup",
		"particle": "cosmetics/teacup"
	},
	"elements": [
		{
			"from": [6.5, 0, 6.5],
			"to": [9.5, 1, 9.5],
			"faces": {
				"north": {"uv": [5, 4, 6.5, 4.5], "texture": "#0"},
				"east": {"uv": [5, 5, 6.5, 5.5], "texture": "#0"},
				"south": {"uv": [2.5, 6, 4, 6.5], "texture": "#0"},
				"west": {"uv": [4.5, 6, 6, 6.5], "texture": "#0"},
				"up": {"uv": [6.5, 1.5, 5, 0], "texture": "#0"},
				"down": {"uv": [6.5, 2, 5, 3.5], "texture": "#0"}
			}
		},
		{
			"from": [6, 1, 6],
			"to": [10, 4, 10],
			"faces": {
				"north": {"uv": [2.5, 0, 4.5, 1.5], "texture": "#0"},
				"east": {"uv": [2.5, 2, 4.5, 3.5], "texture": "#0"},
				"south": {"uv": [2.5, 4, 4.5, 5.5], "texture": "#0"},
				"west": {"uv": [0, 5, 2, 6.5], "texture": "#0"},
				"up": {"uv": [2, 2, 0, 0], "texture": "#0"},
				"down": {"uv": [2, 2.5, 0, 4.5], "texture": "#0"}
			}
		},
		{
			"from": [7.525, 1.5, 10],
			"to": [8.475, 2.5, 12],
			"rotation": {"angle": -22.5, "axis": "x", "origin": [8, 1.5, 12]},
			"faces": {
				"north": {"uv": [7, 4.5, 7.5, 5], "texture": "#0"},
				"east": {"uv": [7, 2, 8, 2.5], "texture": "#0"},
				"south": {"uv": [5.5, 7, 6, 7.5], "texture": "#0"},
				"west": {"uv": [3, 7, 4, 7.5], "texture": "#0"},
				"up": {"uv": [7.5, 4, 7, 3], "texture": "#0"},
				"down": {"uv": [5, 7, 4.5, 8], "texture": "#0"}
			}
		},
		{
			"from": [7.5, 2.5, 9],
			"to": [8.5, 3.5, 12],
			"rotation": {"angle": 0, "axis": "x", "origin": [8, 1.5, 12]},
			"faces": {
				"north": {"uv": [6.5, 7, 7, 7.5], "texture": "#0"},
				"east": {"uv": [6.5, 6, 8, 6.5], "texture": "#0"},
				"south": {"uv": [7.5, 7, 8, 7.5], "texture": "#0"},
				"west": {"uv": [0, 7, 1.5, 7.5], "texture": "#0"},
				"up": {"uv": [7.5, 1.5, 7, 0], "texture": "#0"},
				"down": {"uv": [2.5, 7, 2, 8.5], "texture": "#0"}
			}
		},
		{
			"from": [7.5, 1.5, 11],
			"to": [8.5, 2.5, 12],
			"rotation": {"angle": 0, "axis": "x", "origin": [8, -0.5, 10]},
			"faces": {
				"north": {"uv": [0, 8, 0.5, 8.5], "texture": "#0"},
				"east": {"uv": [8, 0, 8.5, 0.5], "texture": "#0"},
				"south": {"uv": [1, 8, 1.5, 8.5], "texture": "#0"},
				"west": {"uv": [8, 1, 8.5, 1.5], "texture": "#0"},
				"up": {"uv": [3.5, 8.5, 3, 8], "texture": "#0"},
				"down": {"uv": [8.5, 3, 8, 3.5], "texture": "#0"}
			}
		}
	],
	"gui_light": "front",
	"display": {
		"thirdperson_righthand": {
			"rotation": [77.26, 26.37, -4.37],
			"translation": [-1.75, 3.75, 5.5]
		},
		"thirdperson_lefthand": {
			"rotation": [77.26, 26.37, -4.37],
			"translation": [-1.75, 3.75, 5.5]
		},
		"firstperson_righthand": {
			"rotation": [0, 17.75, 0],
			"translation": [-0.25, 7.25, 0]
		},
		"firstperson_lefthand": {
			"rotation": [0, 17.75, 0],
			"translation": [-0.25, 7.25, 0]
		},
		"ground": {
			"translation": [0, 6.75, 0]
		},
		"gui": {
			"rotation": [-159.75, 62.25, -180],
			"translation": [-0.25, 6.5, 0],
			"scale": [1.4, 1.4, 1.4]
		},
		"head": {
			"rotation": [0, -67.5, 0],
			"translation": [0, 19, 0],
			"scale": [1.6, 1.6, 1.6]
		},
		"fixed": {
			"rotation": [180, -88, 180],
			"translation": [0, 11.5, -2],
			"scale": [2, 2, 2]
		}
	}
}