{
	"credit": "Made with Blockbench",
	"texture_size": [32, 32],
	"textures": {
		"0": "cosmetics/teapot",
		"particle": "cosmetics/teapot"
	},
	"elements": [
		{
			"from": [6, 0, 6],
			"to": [10, 7, 10],
			"faces": {
				"north": {"uv": [3.5, 0, 5.5, 3.5], "texture": "#0"},
				"east": {"uv": [3.5, 4, 5.5, 7.5], "texture": "#0"},
				"south": {"uv": [6, 0, 8, 3.5], "texture": "#0"},
				"west": {"uv": [6, 4, 8, 7.5], "texture": "#0"},
				"up": {"uv": [11.5, 8, 9.5, 6], "texture": "#0"},
				"down": {"uv": [11.5, 8.5, 9.5, 10.5], "texture": "#0"}
			}
		},
		{
			"from": [6.5, 8, 6.5],
			"to": [9.5, 9, 9.5],
			"faces": {
				"north": {"uv": [9, 12, 10.5, 12.5], "texture": "#0"},
				"east": {"uv": [12, 9.5, 13.5, 10], "texture": "#0"},
				"south": {"uv": [11, 12, 12.5, 12.5], "texture": "#0"},
				"west": {"uv": [0, 13, 1.5, 13.5], "texture": "#0"},
				"up": {"uv": [1.5, 11.5, 0, 10], "texture": "#0"},
				"down": {"uv": [7.5, 10, 6, 11.5], "texture": "#0"}
			}
		},
		{
			"from": [7.5, 9, 7.5],
			"to": [8.5, 10, 8.5],
			"faces": {
				"north": {"uv": [2, 10, 2.5, 10.5], "texture": "#0"},
				"east": {"uv": [8, 10, 8.5, 10.5], "texture": "#0"},
				"south": {"uv": [0, 14, 0.5, 14.5], "texture": "#0"},
				"west": {"uv": [1, 14, 1.5, 14.5], "texture": "#0"},
				"up": {"uv": [14.5, 2.5, 14, 2], "texture": "#0"},
				"down": {"uv": [14.5, 3, 14, 3.5], "texture": "#0"}
			}
		},
		{
			"from": [5.5, 7, 5.5],
			"to": [10.5, 8, 10.5],
			"faces": {
				"north": {"uv": [2, 11, 4.5, 11.5], "texture": "#0"},
				"east": {"uv": [8, 11, 10.5, 11.5], "texture": "#0"},
				"south": {"uv": [11, 11, 13.5, 11.5], "texture": "#0"},
				"west": {"uv": [0, 12, 2.5, 12.5], "texture": "#0"},
				"up": {"uv": [2.5, 9.5, 0, 7], "texture": "#0"},
				"down": {"uv": [5.5, 8, 3, 10.5], "texture": "#0"}
			}
		},
		{
			"from": [5, 1, 5],
			"to": [11, 4, 11],
			"faces": {
				"north": {"uv": [6, 8, 9, 9.5], "texture": "#0"},
				"east": {"uv": [8.5, 0, 11.5, 1.5], "texture": "#0"},
				"south": {"uv": [8.5, 2, 11.5, 3.5], "texture": "#0"},
				"west": {"uv": [8.5, 4, 11.5, 5.5], "texture": "#0"},
				"up": {"uv": [3, 3, 0, 0], "texture": "#0"},
				"down": {"uv": [3, 3.5, 0, 6.5], "texture": "#0"}
			}
		},
		{
			"from": [7, 2, 3.75],
			"to": [9, 4, 5.75],
			"rotation": {"angle": -22.5, "axis": "x", "origin": [8, 3, 3.25]},
			"faces": {
				"north": {"uv": [3, 12, 4, 13], "texture": "#0"},
				"east": {"uv": [12, 5, 13, 6], "texture": "#0"},
				"south": {"uv": [6, 12, 7, 13], "texture": "#0"},
				"west": {"uv": [12, 6.5, 13, 7.5], "texture": "#0"},
				"up": {"uv": [8.5, 13, 7.5, 12], "texture": "#0"},
				"down": {"uv": [13, 8, 12, 9], "texture": "#0"}
			}
		},
		{
			"from": [7.5, 4.11522, 3.32926],
			"to": [8.5, 6.11522, 4.32926],
			"rotation": {"angle": 0, "axis": "x", "origin": [8, 5.11522, 2.82926]},
			"faces": {
				"north": {"uv": [3, 13.5, 3.5, 14.5], "texture": "#0"},
				"east": {"uv": [4, 13.5, 4.5, 14.5], "texture": "#0"},
				"south": {"uv": [13.5, 5, 14, 6], "texture": "#0"},
				"west": {"uv": [6, 13.5, 6.5, 14.5], "texture": "#0"},
				"up": {"uv": [14.5, 13, 14, 12.5], "texture": "#0"},
				"down": {"uv": [13.5, 14, 13, 14.5], "texture": "#0"}
			}
		},
		{
			"from": [7.525, 4.76167, 3.06149],
			"to": [8.475, 6.76167, 4.06149],
			"rotation": {"angle": -45, "axis": "x", "origin": [8, 5.76167, 2.56149]},
			"faces": {
				"north": {"uv": [13.5, 6.5, 14, 7.5], "texture": "#0"},
				"east": {"uv": [7, 13.5, 7.5, 14.5], "texture": "#0"},
				"south": {"uv": [8, 13.5, 8.5, 14.5], "texture": "#0"},
				"west": {"uv": [13.5, 8, 14, 9], "texture": "#0"},
				"up": {"uv": [14.5, 14, 14, 13.5], "texture": "#0"},
				"down": {"uv": [15, 5, 14.5, 5.5], "texture": "#0"}
			}
		},
		{
			"from": [7.525, 2, 10],
			"to": [8.475, 3, 15],
			"rotation": {"angle": -45, "axis": "x", "origin": [8, 2.5, 11]},
			"faces": {
				"north": {"uv": [5, 14, 5.5, 14.5], "texture": "#0"},
				"east": {"uv": [12, 0, 14.5, 0.5], "texture": "#0"},
				"south": {"uv": [14, 9.5, 14.5, 10], "texture": "#0"},
				"west": {"uv": [12, 1, 14.5, 1.5], "texture": "#0"},
				"up": {"uv": [5.5, 13.5, 5, 11], "texture": "#0"},
				"down": {"uv": [12.5, 2, 12, 4.5], "texture": "#0"}
			}
		},
		{
			"from": [7.5, 4.70741, 12.83736],
			"to": [8.5, 7.70741, 13.83736],
			"rotation": {"angle": -22.5, "axis": "x", "origin": [8, 5.70741, 13.33736]},
			"faces": {
				"north": {"uv": [8.5, 6, 9, 7.5], "texture": "#0"},
				"east": {"uv": [2, 13, 2.5, 14.5], "texture": "#0"},
				"south": {"uv": [13, 2, 13.5, 3.5], "texture": "#0"},
				"west": {"uv": [9, 13, 9.5, 14.5], "texture": "#0"},
				"up": {"uv": [10.5, 14.5, 10, 14], "texture": "#0"},
				"down": {"uv": [14.5, 10.5, 14, 11], "texture": "#0"}
			}
		},
		{
			"from": [7.5, 6.70741, 9.83736],
			"to": [8.5, 7.70741, 12.83736],
			"rotation": {"angle": -22.5, "axis": "x", "origin": [8, 5.70741, 13.33736]},
			"faces": {
				"north": {"uv": [11, 14, 11.5, 14.5], "texture": "#0"},
				"east": {"uv": [13, 4, 14.5, 4.5], "texture": "#0"},
				"south": {"uv": [14, 11.5, 14.5, 12], "texture": "#0"},
				"west": {"uv": [10, 13, 11.5, 13.5], "texture": "#0"},
				"up": {"uv": [12.5, 14.5, 12, 13], "texture": "#0"},
				"down": {"uv": [13.5, 12, 13, 13.5], "texture": "#0"}
			}
		}
	],
	"gui_light": "front",
	"display": {
		"thirdperson_righthand": {
			"rotation": [62.25, 0, 0],
			"translation": [-1, 3.25, 2]
		},
		"thirdperson_lefthand": {
			"rotation": [62.25, 0, 0],
			"translation": [-1, 3.25, 2]
		},
		"firstperson_righthand": {
			"rotation": [-5.6, 32.26, -0.29],
			"translation": [0, 4.5, 0],
			"scale": [0.8, 0.8, 0.8]
		},
		"firstperson_lefthand": {
			"rotation": [-5.6, 32.26, -0.29],
			"translation": [0, 4.5, 0],
			"scale": [0.8, 0.8, 0.8]
		},
		"ground": {
			"translation": [0, 3.5, 0],
			"scale": [0.8, 0.8, 0.8]
		},
		"gui": {
			"rotation": [-163.75, 57.39, 179.71],
			"translation": [0, 3.75, 0],
			"scale": [1.2, 1.2, 1.2]
		},
		"head": {
			"translation": [0, 18.5, 0],
			"scale": [1.6, 1.6, 1.6]
		},
		"fixed": {
			"rotation": [-31.25, 0, 0],
			"translation": [0, 3, -6.75],
			"scale": [1.2, 1.2, 1.2]
		}
	}
}