{
	"credit": "Made with Blockbench",
	"texture_size": [64, 64],
	"textures": {
		"0": "cosmetics/teddy_bear",
		"particle": "cosmetics/teddy_bear"
	},
	"elements": [
		{
			"from": [5, 0, 7],
			"to": [11, 7, 12],
			"faces": {
				"north": {"uv": [4, 4, 5.5, 5.75], "texture": "#0"},
				"east": {"uv": [4.5, 2, 5.75, 3.75], "texture": "#0"},
				"south": {"uv": [4.5, 0, 6, 1.75], "texture": "#0"},
				"west": {"uv": [5.75, 4, 7, 5.75], "texture": "#0"},
				"up": {"uv": [1.5, 7.25, 0, 6], "texture": "#0"},
				"down": {"uv": [3.25, 6, 1.75, 7.25], "texture": "#0"}
			}
		},
		{
			"from": [4, 7, 6],
			"to": [12, 14, 13],
			"faces": {
				"north": {"uv": [0, 0, 2, 1.75], "texture": "#0"},
				"east": {"uv": [0, 4, 1.75, 5.75], "texture": "#0"},
				"south": {"uv": [0, 2, 2, 3.75], "texture": "#0"},
				"west": {"uv": [2, 4, 3.75, 5.75], "texture": "#0"},
				"up": {"uv": [4.25, 1.75, 2.25, 0], "texture": "#0"},
				"down": {"uv": [4.25, 2, 2.25, 3.75], "texture": "#0"}
			}
		},
		{
			"from": [6, 7, 4],
			"to": [10, 10, 6],
			"faces": {
				"north": {"uv": [0, 8.75, 1, 9.5], "texture": "#0"},
				"east": {"uv": [9.5, 9.25, 10, 10], "texture": "#0"},
				"south": {"uv": [1.25, 8.75, 2.25, 9.5], "texture": "#0"},
				"west": {"uv": [0, 9.75, 0.5, 10.5], "texture": "#0"},
				"up": {"uv": [10.5, 8.25, 9.5, 7.75], "texture": "#0"},
				"down": {"uv": [10.5, 8.5, 9.5, 9], "texture": "#0"}
			}
		},
		{
			"name": "legs",
			"from": [9, 0, 3],
			"to": [13, 3, 7],
			"rotation": {"angle": -22.5, "axis": "y", "origin": [9, 1.5, 5]},
			"faces": {
				"north": {"uv": [5, 7.75, 6, 8.5], "texture": "#0"},
				"east": {"uv": [6.25, 7.75, 7.25, 8.5], "texture": "#0"},
				"south": {"uv": [8, 1.75, 9, 2.5], "texture": "#0"},
				"west": {"uv": [8.25, 0, 9.25, 0.75], "texture": "#0"},
				"up": {"uv": [8.25, 4.5, 7.25, 3.5], "texture": "#0"},
				"down": {"uv": [8.25, 4.75, 7.25, 5.75], "texture": "#0"}
			}
		},
		{
			"name": "legs",
			"from": [3, 0, 3],
			"to": [7, 3, 7],
			"rotation": {"angle": 22.5, "axis": "y", "origin": [7, 1.5, 5]},
			"faces": {
				"north": {"uv": [8.5, 2.75, 9.5, 3.5], "texture": "#0"},
				"east": {"uv": [8.5, 3.75, 9.5, 4.5], "texture": "#0"},
				"south": {"uv": [8.5, 4.75, 9.5, 5.5], "texture": "#0"},
				"west": {"uv": [7.5, 8.5, 8.5, 9.25], "texture": "#0"},
				"up": {"uv": [1, 8.5, 0, 7.5], "texture": "#0"},
				"down": {"uv": [2.25, 7.5, 1.25, 8.5], "texture": "#0"}
			}
		},
		{
			"name": "arms",
			"from": [1, 0, 8],
			"to": [4, 6, 11],
			"rotation": {"angle": -45, "axis": "z", "origin": [4.5, 3, 9.5]},
			"faces": {
				"north": {"uv": [6.25, 0, 7, 1.5], "texture": "#0"},
				"east": {"uv": [6.5, 6, 7.25, 7.5], "texture": "#0"},
				"south": {"uv": [7, 1.75, 7.75, 3.25], "texture": "#0"},
				"west": {"uv": [7.25, 0, 8, 1.5], "texture": "#0"},
				"up": {"uv": [6.75, 9.5, 6, 8.75], "texture": "#0"},
				"down": {"uv": [9.5, 6.75, 8.75, 7.5], "texture": "#0"}
			}
		},
		{
			"name": "arms",
			"from": [12, 0, 8],
			"to": [15, 6, 11],
			"rotation": {"angle": 45, "axis": "z", "origin": [11.5, 3, 9.5]},
			"faces": {
				"north": {"uv": [6, 2, 6.75, 3.5], "texture": "#0"},
				"east": {"uv": [3.5, 6, 4.25, 7.5], "texture": "#0"},
				"south": {"uv": [4.5, 6, 5.25, 7.5], "texture": "#0"},
				"west": {"uv": [5.5, 6, 6.25, 7.5], "texture": "#0"},
				"up": {"uv": [5.75, 9.5, 5, 8.75], "texture": "#0"},
				"down": {"uv": [9.5, 5.75, 8.75, 6.5], "texture": "#0"}
			}
		},
		{
			"name": "ears",
			"from": [2, 12, 9],
			"to": [6, 16, 11],
			"rotation": {"angle": -22.5, "axis": "z", "origin": [4, 14, 10]},
			"faces": {
				"north": {"uv": [2.5, 7.75, 3.5, 8.75], "texture": "#0"},
				"east": {"uv": [8.75, 9, 9.25, 10], "texture": "#0"},
				"south": {"uv": [3.75, 7.75, 4.75, 8.75], "texture": "#0"},
				"west": {"uv": [9.5, 0, 10, 1], "texture": "#0"},
				"up": {"uv": [10.25, 2.25, 9.25, 1.75], "texture": "#0"},
				"down": {"uv": [8, 9.5, 7, 10], "texture": "#0"}
			}
		},
		{
			"name": "ears",
			"from": [10, 12, 9],
			"to": [14, 16, 11],
			"rotation": {"angle": 22.5, "axis": "z", "origin": [12, 14, 10]},
			"faces": {
				"north": {"uv": [7.5, 6, 8.5, 7], "texture": "#0"},
				"east": {"uv": [8.75, 7.75, 9.25, 8.75], "texture": "#0"},
				"south": {"uv": [7.5, 7.25, 8.5, 8.25], "texture": "#0"},
				"west": {"uv": [2.5, 9, 3, 10], "texture": "#0"},
				"up": {"uv": [9.25, 1.5, 8.25, 1], "texture": "#0"},
				"down": {"uv": [4.25, 9, 3.25, 9.5], "texture": "#0"}
			}
		}
	],
	"gui_light": "front",
	"display": {
		"thirdperson_righthand": {
			"rotation": [60.28, 2.88, -21.89],
			"translation": [4.5, 0, 1],
			"scale": [0.5, 0.5, 0.5]
		},
		"thirdperson_lefthand": {
			"rotation": [60.28, 2.88, -21.89],
			"translation": [4.5, 0, 1],
			"scale": [0.5, 0.5, 0.5]
		},
		"firstperson_righthand": {
			"rotation": [151.71, 63.16, -134.73],
			"translation": [0, 2, 0],
			"scale": [0.5, 0.5, 0.5]
		},
		"firstperson_lefthand": {
			"rotation": [151.71, 63.16, -134.73],
			"translation": [0, 2, 0],
			"scale": [0.5, 0.5, 0.5]
		},
		"ground": {
			"scale": [0.5, 0.5, 0.5]
		},
		"gui": {
			"rotation": [-170.9, 14.37, -178.73],
			"scale": [0.8, 0.8, 0.8]
		},
		"head": {
			"translation": [0, 14, 0]
		},
		"fixed": {
			"translation": [0, 0, -2]
		}
	},
	"groups": [
		0,
		1,
		2,
		{
			"name": "group",
			"origin": [7, 1.5, 5],
			"color": 0,
			"children": [3, 4]
		},
		{
			"name": "group",
			"origin": [11.5, 3, 9.5],
			"color": 0,
			"children": [5, 6]
		},
		{
			"name": "group",
			"origin": [12, 14, 10],
			"color": 0,
			"children": [7, 8]
		}
	]
}