{
	"credit": "Made with Blockbench",
	"texture_size": [64, 64],
	"textures": {
		"1": "cosmetics/top_hat"
	},
	"elements": [
		{
			"from": [3.5, 6, 2.5],
			"to": [12.5, 11, 11.5],
			"rotation": {"angle": 0, "axis": "y", "origin": [16, 0, 0]},
			"faces": {
				"north": {"uv": [9.25, 8, 7, 9.25], "texture": "#1"},
				"east": {"uv": [11.5, 6, 9.25, 7.25], "texture": "#1"},
				"south": {"uv": [11.5, 4.5, 9.25, 5.75], "texture": "#1"},
				"west": {"uv": [2.25, 8.5, 0, 9.75], "texture": "#1"},
				"up": {"uv": [4.25, 7.75, 6.5, 5.5], "texture": "#1"},
				"down": {"uv": [6.75, 5.5, 9, 7.75], "texture": "#1"}
			}
		},
		{
			"from": [0, 5, -1],
			"to": [16, 6, 15],
			"rotation": {"angle": 0, "axis": "y", "origin": [16, 0, 0]},
			"faces": {
				"north": {"uv": [13.25, 7.5, 9.25, 7.75], "texture": "#1"},
				"east": {"uv": [13.5, 8.5, 9.5, 8.75], "texture": "#1"},
				"south": {"uv": [13.5, 8, 9.5, 8.25], "texture": "#1"},
				"west": {"uv": [10.5, 9.5, 6.5, 9.75], "texture": "#1"},
				"up": {"uv": [0, 4, 4, 0], "texture": "#1"},
				"down": {"uv": [0, 4.25, 4, 8.25], "texture": "#1"}
			}
		},
		{
			"from": [3, 11, 2],
			"to": [13, 16, 12],
			"rotation": {"angle": 0, "axis": "y", "origin": [16, 0, 0]},
			"faces": {
				"north": {"uv": [9.5, 0, 7, 1.25], "texture": "#1"},
				"east": {"uv": [6.75, 8, 4.25, 9.25], "texture": "#1"},
				"south": {"uv": [9.5, 3, 7, 4.25], "texture": "#1"},
				"west": {"uv": [9.5, 1.5, 7, 2.75], "texture": "#1"},
				"up": {"uv": [4.25, 2.5, 6.75, 0], "texture": "#1"},
				"down": {"uv": [4.25, 2.75, 6.75, 5.25], "texture": "#1"}
			}
		},
		{
			"from": [11.5, 6, 8],
			"to": [11.5, 12, 11],
			"rotation": {"angle": -22.5, "axis": "z", "origin": [11.5, 6.5, 9.5]},
			"faces": {
				"north": {"uv": [9.5, 10, 9.5, 11.5], "texture": "#1"},
				"east": {"uv": [4.25, 9.5, 3.5, 11], "texture": "#1"},
				"south": {"uv": [9.75, 10, 9.75, 11.5], "texture": "#1"},
				"west": {"uv": [3.25, 8.5, 2.5, 10], "texture": "#1"},
				"up": {"uv": [4, 9.25, 4, 8.5], "texture": "#1"},
				"down": {"uv": [10, 10, 10, 10.75], "texture": "#1"}
			}
		},
		{
			"from": [16.85131, 12.30446, 10],
			"to": [20.85131, 12.30446, 13],
			"rotation": {"angle": 22.5, "axis": "z", "origin": [11.35131, 12.30446, 9.5]},
			"faces": {
				"north": {"uv": [11.25, 10, 10.25, 10], "texture": "#1"},
				"east": {"uv": [9.25, 10.5, 8.5, 10.5], "texture": "#1"},
				"south": {"uv": [11.5, 9, 10.5, 9], "texture": "#1"},
				"west": {"uv": [11, 10.25, 10.25, 10.25], "texture": "#1"},
				"up": {"uv": [7, 5.25, 8, 4.5], "texture": "#1"},
				"down": {"uv": [9.75, 2.5, 10.75, 3.25], "texture": "#1"}
			}
		},
		{
			"from": [9.71545, 13.19193, 9],
			"to": [9.71545, 17.19193, 12],
			"rotation": {"angle": -45, "axis": "z", "origin": [9.71545, 7.69193, 9.5]},
			"faces": {
				"north": {"uv": [2.5, 10.25, 2.5, 11.25], "texture": "#1"},
				"east": {"uv": [10.5, 1.25, 9.75, 2.25], "texture": "#1"},
				"south": {"uv": [2.75, 10.25, 2.75, 11.25], "texture": "#1"},
				"west": {"uv": [10.5, 0, 9.75, 1], "texture": "#1"},
				"up": {"uv": [3, 11, 3, 10.25], "texture": "#1"},
				"down": {"uv": [3.25, 10.25, 3.25, 11], "texture": "#1"}
			}
		},
		{
			"from": [10.5, 6, 10.5],
			"to": [13.5, 12, 10.5],
			"rotation": {"angle": 22.5, "axis": "x", "origin": [12, 6.5, 10.5]},
			"faces": {
				"north": {"uv": [5.25, 9.5, 4.5, 11], "texture": "#1"},
				"east": {"uv": [10.5, 10.5, 10.5, 12], "texture": "#1"},
				"south": {"uv": [6.25, 9.5, 5.5, 11], "texture": "#1"},
				"west": {"uv": [10.25, 10.5, 10.25, 12], "texture": "#1"},
				"up": {"uv": [10.5, 9.25, 11.25, 9.25], "texture": "#1"},
				"down": {"uv": [10.75, 0, 11.5, 0], "texture": "#1"}
			}
		},
		{
			"from": [12.5, 12.30446, 15.85131],
			"to": [15.5, 12.30446, 19.85131],
			"rotation": {"angle": -22.5, "axis": "x", "origin": [12, 12.30446, 10.35131]},
			"faces": {
				"north": {"uv": [11.5, 0.25, 10.75, 0.25], "texture": "#1"},
				"east": {"uv": [11.75, 1, 10.75, 1], "texture": "#1"},
				"south": {"uv": [11.5, 0.75, 10.75, 0.75], "texture": "#1"},
				"west": {"uv": [11.75, 0.5, 10.75, 0.5], "texture": "#1"},
				"up": {"uv": [0, 11, 0.75, 10], "texture": "#1"},
				"down": {"uv": [1, 10, 1.75, 11], "texture": "#1"}
			}
		},
		{
			"from": [11.5, 13.19193, 8.71545],
			"to": [14.5, 17.19193, 8.71545],
			"rotation": {"angle": 45, "axis": "x", "origin": [12, 7.69193, 8.71545]},
			"faces": {
				"north": {"uv": [7.25, 10, 6.5, 11], "texture": "#1"},
				"east": {"uv": [8.5, 10.75, 8.5, 11.75], "texture": "#1"},
				"south": {"uv": [8.25, 10, 7.5, 11], "texture": "#1"},
				"west": {"uv": [10.75, 1.25, 10.75, 2.25], "texture": "#1"},
				"up": {"uv": [10.75, 3.5, 11.5, 3.5], "texture": "#1"},
				"down": {"uv": [10.75, 3.75, 11.5, 3.75], "texture": "#1"}
			}
		}
	],
	"gui_light": "front",
	"display": {
		"thirdperson_righthand": {
			"translation": [-3.75, 0, 0],
			"scale": [0.5, 0.5, 0.5]
		},
		"thirdperson_lefthand": {
			"translation": [-3.75, 0, 0],
			"scale": [0.5, 0.5, 0.5]
		},
		"firstperson_righthand": {
			"scale": [0.5, 0.5, 0.5]
		},
		"firstperson_lefthand": {
			"scale": [0.5, 0.5, 0.5]
		},
		"ground": {
			"scale": [0.5, 0.5, 0.5]
		},
		"gui": {
			"rotation": [-167.44, -13.72, 178.68],
			"translation": [0.25, -1.5, 0],
			"scale": [0.68, 0.68, 0.68]
		},
		"head": {
			"translation": [0, 5.25, 1.5],
			"scale": [1.61, 1.61, 1.61]
		},
		"fixed": {
			"translation": [0, -3.25, -4]
		}
	},
	"groups": [
		0,
		1,
		2,
		{
			"name": "group",
			"origin": [5.28455, 7.69193, 9.5],
			"color": 0,
			"children": [3, 4, 5]
		},
		{
			"name": "group",
			"origin": [5.28455, 7.69193, 9.5],
			"color": 0,
			"children": [6, 7, 8]
		}
	]
}