{
	"credit": "Made with Blockbench",
	"texture_size": [64, 64],
	"textures": {
		"0": "cosmetics/trapper_hat",
		"particle": "cosmetics/trapper_hat"
	},
	"elements": [
		{
			"from": [3.5, 10, 3.5],
			"to": [12.5, 14, 12.5],
			"faces": {
				"north": {"uv": [0, 5, 2.25, 6], "texture": "#0"},
				"east": {"uv": [5, 0, 7.25, 1], "texture": "#0"},
				"south": {"uv": [5, 1.25, 7.25, 2.25], "texture": "#0"},
				"west": {"uv": [5.5, 2.5, 7.75, 3.5], "texture": "#0"},
				"up": {"uv": [2.25, 2.25, 0, 0], "texture": "#0"},
				"down": {"uv": [2.25, 2.5, 0, 4.75], "texture": "#0"}
			}
		},
		{
			"from": [2.5, 8.5, 5.5],
			"to": [13.5, 11.5, 9.5],
			"faces": {
				"north": {"uv": [5.5, 3.75, 8.25, 4.5], "texture": "#0"},
				"east": {"uv": [7.75, 5.75, 8.75, 6.5], "texture": "#0"},
				"south": {"uv": [5.5, 4.75, 8.25, 5.5], "texture": "#0"},
				"west": {"uv": [8, 2.5, 9, 3.25], "texture": "#0"},
				"up": {"uv": [5.25, 4.5, 2.5, 3.5], "texture": "#0"},
				"down": {"uv": [5.25, 4.75, 2.5, 5.75], "texture": "#0"}
			}
		},
		{
			"from": [3.5, 2, 3.5],
			"to": [4.5, 10, 6.5],
			"faces": {
				"north": {"uv": [5.5, 8, 5.75, 10], "texture": "#0"},
				"east": {"uv": [0, 7.25, 0.75, 9.25], "texture": "#0"},
				"south": {"uv": [6, 8, 6.25, 10], "texture": "#0"},
				"west": {"uv": [1, 7.25, 1.75, 9.25], "texture": "#0"},
				"up": {"uv": [5.25, 3.25, 5, 2.5], "texture": "#0"},
				"down": {"uv": [5, 6, 4.75, 6.75], "texture": "#0"}
			}
		},
		{
			"from": [11.5, 2, 3.5],
			"to": [12.5, 10, 6.5],
			"rotation": {"angle": 0, "axis": "y", "origin": [16, 0, 0]},
			"faces": {
				"north": {"uv": [6.5, 8, 6.75, 10], "texture": "#0"},
				"east": {"uv": [2, 7.25, 2.75, 9.25], "texture": "#0"},
				"south": {"uv": [7, 8, 7.25, 10], "texture": "#0"},
				"west": {"uv": [3, 7.25, 3.75, 9.25], "texture": "#0"},
				"up": {"uv": [7.75, 8.75, 7.5, 8], "texture": "#0"},
				"down": {"uv": [8.25, 8, 8, 8.75], "texture": "#0"}
			}
		},
		{
			"from": [3.5, 7, 6.5],
			"to": [12.5, 10, 12.5],
			"faces": {
				"north": {"uv": [0, 6.25, 2.25, 7], "texture": "#0"},
				"east": {"uv": [7.25, 7, 8.75, 7.75], "texture": "#0"},
				"south": {"uv": [4.75, 7, 7, 7.75], "texture": "#0"},
				"west": {"uv": [7.5, 0, 9, 0.75], "texture": "#0"},
				"up": {"uv": [4.75, 1.5, 2.5, 0], "texture": "#0"},
				"down": {"uv": [4.75, 1.75, 2.5, 3.25], "texture": "#0"}
			}
		},
		{
			"from": [4, 9, 2],
			"to": [12, 13, 4],
			"rotation": {"angle": 0, "axis": "y", "origin": [8, 12, 2.5]},
			"faces": {
				"north": {"uv": [5.5, 5.75, 7.5, 6.75], "texture": "#0"},
				"east": {"uv": [4, 7.25, 4.5, 8.25], "texture": "#0"},
				"south": {"uv": [2.5, 6, 4.5, 7], "texture": "#0"},
				"west": {"uv": [4.75, 8, 5.25, 9], "texture": "#0"},
				"up": {"uv": [9.5, 1.5, 7.5, 1], "texture": "#0"},
				"down": {"uv": [9.5, 1.75, 7.5, 2.25], "texture": "#0"}
			}
		}
	],
	"gui_light": "front",
	"display": {
		"thirdperson_righthand": {
			"rotation": [32.75, 0, 0],
			"translation": [-2.5, 0, 0],
			"scale": [0.5, 0.5, 0.5]
		},
		"thirdperson_lefthand": {
			"rotation": [32.75, 0, 0],
			"translation": [-2.5, 0, 0],
			"scale": [0.5, 0.5, 0.5]
		},
		"firstperson_righthand": {
			"rotation": [0, 20, 0],
			"scale": [0.5, 0.5, 0.5]
		},
		"firstperson_lefthand": {
			"rotation": [0, 20, 0],
			"scale": [0.5, 0.5, 0.5]
		},
		"ground": {
			"scale": [0.5, 0.5, 0.5]
		},
		"gui": {
			"rotation": [-169.93, 33.32, 177.79],
			"translation": [0.25, -0.25, 0]
		},
		"head": {
			"translation": [0, -2.25, 0],
			"scale": [1.61, 1.61, 1.61]
		},
		"fixed": {
			"rotation": [-10.5, 0, 0],
			"translation": [0, 0, -2.25]
		}
	}
}