{
	"credit": "Made with Blockbench",
	"texture_size": [32, 32],
	"textures": {
		"0": "cosmetics/trickster_wand",
		"particle": "cosmetics/trickster_wand"
	},
	"elements": [
		{
			"from": [7, 0, 7],
			"to": [9, 25, 9],
			"faces": {
				"north": {"uv": [0, 0, 1, 12.5], "texture": "#0"},
				"east": {"uv": [1.5, 0, 2.5, 12.5], "texture": "#0"},
				"south": {"uv": [3, 0, 4, 12.5], "texture": "#0"},
				"west": {"uv": [4.5, 0, 5.5, 12.5], "texture": "#0"},
				"up": {"uv": [7, 1, 6, 0], "texture": "#0"},
				"down": {"uv": [7, 1.5, 6, 2.5], "texture": "#0"}
			}
		}
	],
	"gui_light": "front",
	"display": {
		"thirdperson_righthand": {
			"translation": [0, -1.5, 1.5],
			"scale": [0.9, 0.9, 0.9]
		},
		"thirdperson_lefthand": {
			"translation": [0, -1.5, 1.5],
			"scale": [0.9, 0.9, 0.9]
		},
		"firstperson_righthand": {
			"rotation": [15.75, 0, 0],
			"translation": [0, -0.75, 0],
			"scale": [0.6, 0.6, 0.6]
		},
		"firstperson_lefthand": {
			"rotation": [15.75, 0, 0],
			"translation": [0, -0.75, 0],
			"scale": [0.6, 0.6, 0.6]
		},
		"ground": {
			"rotation": [45, 0, 0],
			"scale": [0.5, 0.5, 0.5]
		},
		"gui": {
			"rotation": [129.93, 49.17, -95.65],
			"translation": [-1.75, -2, 0],
			"scale": [0.7, 0.7, 0.7]
		},
		"fixed": {
			"rotation": [0, 0, 41.5],
			"translation": [1.75, -2.75, -0.75],
			"scale": [0.7, 0.7, 0.7]
		}
	}
}