{
	"credit": "Made with Blockbench",
	"texture_size": [64, 64],
	"textures": {
		"0": "cosmetics/umbrella",
		"particle": "cosmetics/umbrella"
	},
	"elements": [
		{
			"from": [7.5, 0, 4.5],
			"to": [8.5, 1, 8.5],
			"rotation": {"angle": 0, "axis": "y", "origin": [0, 0, -0.5]},
			"faces": {
				"north": {"uv": [9, 4.25, 9.25, 4.5], "texture": "#0"},
				"east": {"uv": [8.5, 1.75, 9.5, 2], "texture": "#0"},
				"south": {"uv": [9, 4.75, 9.25, 5], "texture": "#0"},
				"west": {"uv": [8.5, 2.25, 9.5, 2.5], "texture": "#0"},
				"up": {"uv": [8.75, 3.75, 8.5, 2.75], "texture": "#0"},
				"down": {"uv": [8.75, 4, 8.5, 5], "texture": "#0"}
			}
		},
		{
			"from": [7.5, 1, 7.5],
			"to": [8.5, 26, 8.5],
			"rotation": {"angle": 0, "axis": "y", "origin": [0, 0, -0.5]},
			"faces": {
				"north": {"uv": [7, 8.75, 7.25, 15], "texture": "#0"},
				"east": {"uv": [7.5, 8.75, 7.75, 15], "texture": "#0"},
				"south": {"uv": [8, 8.75, 8.25, 15], "texture": "#0"},
				"west": {"uv": [8.5, 8.75, 8.75, 15], "texture": "#0"},
				"up": {"uv": [9.25, 6.5, 9, 6.25], "texture": "#0"},
				"down": {"uv": [9.25, 8.75, 9, 9], "texture": "#0"}
			}
		},
		{
			"from": [7.5, 1, 4.5],
			"to": [8.5, 3, 5.5],
			"rotation": {"angle": 0, "axis": "y", "origin": [0, 0, -0.5]},
			"faces": {
				"north": {"uv": [8.5, 5.25, 8.75, 5.75], "texture": "#0"},
				"east": {"uv": [8.5, 6, 8.75, 6.5], "texture": "#0"},
				"south": {"uv": [9, 2.75, 9.25, 3.25], "texture": "#0"},
				"west": {"uv": [9, 3.5, 9.25, 4], "texture": "#0"},
				"up": {"uv": [9.25, 5.5, 9, 5.25], "texture": "#0"},
				"down": {"uv": [9.25, 5.75, 9, 6], "texture": "#0"}
			}
		},
		{
			"from": [1.5, 24, 1.5],
			"to": [14.5, 24, 14.5],
			"rotation": {"angle": 0, "axis": "y", "origin": [0, 3, -0.5]},
			"faces": {
				"north": {"uv": [8.5, 6.75, 11.75, 6.75], "texture": "#0"},
				"east": {"uv": [9, 9.25, 12.25, 9.25], "texture": "#0"},
				"south": {"uv": [9.5, 2.75, 12.75, 2.75], "texture": "#0"},
				"west": {"uv": [9.5, 3, 12.75, 3], "texture": "#0"},
				"up": {"uv": [3.25, 3.25, 0, 0], "texture": "#0"},
				"down": {"uv": [3.25, 3.5, 0, 6.75], "texture": "#0"}
			}
		},
		{
			"from": [-1.5, 20.11121, 12.88838],
			"to": [17.5, 20.11121, 18.88838],
			"rotation": {"angle": 45, "axis": "x", "origin": [8, 20.11121, 18.38838]},
			"faces": {
				"north": {"uv": [9.5, 4.25, 14.25, 4.25], "texture": "#0"},
				"east": {"uv": [9.5, 4.5, 11, 4.5], "texture": "#0"},
				"south": {"uv": [9.5, 4.75, 14.25, 4.75], "texture": "#0"},
				"west": {"uv": [9.5, 5, 11, 5], "texture": "#0"},
				"up": {"uv": [8.25, 5, 3.5, 3.5], "texture": "#0"},
				"down": {"uv": [8.25, 5.25, 3.5, 6.75], "texture": "#0"}
			}
		},
		{
			"from": [-2.88838, 20.11121, -1.5],
			"to": [3.11162, 20.11121, 17.5],
			"rotation": {"angle": 45, "axis": "z", "origin": [-2.38838, 20.11121, 3]},
			"faces": {
				"north": {"uv": [9.5, 5.25, 11, 5.25], "texture": "#0"},
				"east": {"uv": [9.5, 5.5, 14.25, 5.5], "texture": "#0"},
				"south": {"uv": [9.5, 5.75, 11, 5.75], "texture": "#0"},
				"west": {"uv": [9.5, 6, 14.25, 6], "texture": "#0"},
				"up": {"uv": [1.5, 11.75, 0, 7], "texture": "#0"},
				"down": {"uv": [3.25, 7, 1.75, 11.75], "texture": "#0"}
			}
		},
		{
			"from": [-1.5, 20.11121, -2.88838],
			"to": [17.5, 20.11121, 3.11162],
			"rotation": {"angle": -45, "axis": "x", "origin": [8, 20.11121, -2.38838]},
			"faces": {
				"north": {"uv": [9.5, 3.25, 14.25, 3.25], "texture": "#0"},
				"east": {"uv": [9.5, 3.5, 11, 3.5], "texture": "#0"},
				"south": {"uv": [9.5, 3.75, 14.25, 3.75], "texture": "#0"},
				"west": {"uv": [9.5, 4, 11, 4], "texture": "#0"},
				"up": {"uv": [8.25, 1.5, 3.5, 0], "texture": "#0"},
				"down": {"uv": [8.25, 1.75, 3.5, 3.25], "texture": "#0"}
			}
		},
		{
			"from": [12.88838, 20.11121, -1.5],
			"to": [18.88838, 20.11121, 17.5],
			"rotation": {"angle": -45, "axis": "z", "origin": [18.38838, 20.11121, 3]},
			"faces": {
				"north": {"uv": [9.5, 6.25, 11, 6.25], "texture": "#0"},
				"east": {"uv": [9.5, 6.5, 14.25, 6.5], "texture": "#0"},
				"south": {"uv": [9.5, 7, 11, 7], "texture": "#0"},
				"west": {"uv": [9.5, 7.25, 14.25, 7.25], "texture": "#0"},
				"up": {"uv": [5, 11.75, 3.5, 7], "texture": "#0"},
				"down": {"uv": [6.75, 7, 5.25, 11.75], "texture": "#0"}
			}
		},
		{
			"from": [3.5, 23.03236, 2.53553],
			"to": [12.5, 23.03236, 8.53553],
			"rotation": {"angle": 22.5, "axis": "x", "origin": [8, 22.53236, 5.03553]},
			"faces": {
				"north": {"uv": [11.5, 9.5, 9.25, 9.5], "rotation": 180, "texture": "#0"},
				"east": {"uv": [9.5, 7.5, 9.5, 9], "rotation": 90, "texture": "#0"},
				"south": {"uv": [12, 1.75, 9.75, 1.75], "texture": "#0"},
				"west": {"uv": [9, 9.5, 9, 11], "rotation": 270, "texture": "#0"},
				"up": {"uv": [8.5, 0, 10.75, 1.5], "texture": "#0"},
				"down": {"uv": [7, 7, 9.25, 8.5], "rotation": 180, "texture": "#0"}
			}
		},
		{
			"from": [3.5, 23.03236, 7.46447],
			"to": [12.5, 23.03236, 13.46447],
			"rotation": {"angle": -22.5, "axis": "x", "origin": [8, 22.53236, 10.96447]},
			"faces": {
				"north": {"uv": [12, 1.75, 9.75, 1.75], "rotation": 180, "texture": "#0"},
				"east": {"uv": [9.5, 7.5, 9.5, 9], "rotation": 270, "texture": "#0"},
				"south": {"uv": [11.5, 9.5, 9.25, 9.5], "texture": "#0"},
				"west": {"uv": [9, 9.5, 9, 11], "rotation": 90, "texture": "#0"},
				"up": {"uv": [10.75, 0, 8.5, 1.5], "rotation": 180, "texture": "#0"},
				"down": {"uv": [9.25, 7, 7, 8.5], "texture": "#0"}
			}
		},
		{
			"from": [7.5, 23.03236, 3.46447],
			"to": [13.5, 23.03236, 12.46447],
			"rotation": {"angle": 22.5, "axis": "z", "origin": [11, 22.53236, 7.96447]},
			"faces": {
				"north": {"uv": [9, 9.5, 9, 11], "rotation": 270, "texture": "#0"},
				"east": {"uv": [11.5, 9.5, 9.25, 9.5], "rotation": 180, "texture": "#0"},
				"south": {"uv": [9.5, 7.5, 9.5, 9], "rotation": 90, "texture": "#0"},
				"west": {"uv": [12, 1.75, 9.75, 1.75], "texture": "#0"},
				"up": {"uv": [8.5, 0, 10.75, 1.5], "rotation": 90, "texture": "#0"},
				"down": {"uv": [7, 7, 9.25, 8.5], "rotation": 90, "texture": "#0"}
			}
		},
		{
			"from": [2.5, 23.03236, 3.46447],
			"to": [8.5, 23.03236, 12.46447],
			"rotation": {"angle": -22.5, "axis": "z", "origin": [5, 22.53236, 7.96447]},
			"faces": {
				"north": {"uv": [9, 9.5, 9, 11], "rotation": 90, "texture": "#0"},
				"east": {"uv": [12, 1.75, 9.75, 1.75], "rotation": 180, "texture": "#0"},
				"south": {"uv": [9.5, 7.5, 9.5, 9], "rotation": 270, "texture": "#0"},
				"west": {"uv": [11.5, 9.5, 9.25, 9.5], "texture": "#0"},
				"up": {"uv": [10.75, 0, 8.5, 1.5], "rotation": 270, "texture": "#0"},
				"down": {"uv": [9.25, 7, 7, 8.5], "rotation": 270, "texture": "#0"}
			}
		}
	],
	"gui_light": "front",
	"display": {
		"thirdperson_righthand": {
			"rotation": [78.45, -1.47, 1.8],
			"translation": [-1, 1.25, 6.75]
		},
		"thirdperson_lefthand": {
			"rotation": [78.45, -1.47, 1.8],
			"translation": [-1, 1.25, 6.75]
		},
		"firstperson_righthand": {
			"rotation": [16, 0.58, 7],
			"translation": [-2, 0.75, 0]
		},
		"firstperson_lefthand": {
			"rotation": [16, 0.58, 7],
			"translation": [-2, 0.75, 0]
		},
		"ground": {
			"rotation": [45, 0, 0],
			"scale": [0.45, 0.45, 0.45]
		},
		"gui": {
			"rotation": [172.51, 49.26, -145.16],
			"translation": [-1.25, -2.5, 0],
			"scale": [0.5, 0.5, 0.5]
		},
		"fixed": {
			"rotation": [-27, 0, 0],
			"translation": [0, -3, -1.25],
			"scale": [0.45, 0.45, 0.45]
		}
	},
	"groups": [
		0,
		1,
		2,
		{
			"name": "group",
			"origin": [17.38838, 17.11121, 3],
			"color": 0,
			"children": [3, 4, 5, 6, 7]
		},
		{
			"name": "group",
			"origin": [5, 21.83236, 7.96447],
			"color": 0,
			"children": [8, 9, 10, 11]
		}
	]
}