{
	"credit": "Made with Blockbench",
	"texture_size": [32, 32],
	"textures": {
		"0": "cosmetics/vizor",
		"particle": "cosmetics/vizor"
	},
	"elements": [
		{
			"from": [11.5, 9, 3.5],
			"to": [12.5, 11, 12.5],
			"faces": {
				"north": {"uv": [13, 12, 13.5, 13], "texture": "#0"},
				"east": {"uv": [3, 0, 7.5, 1], "texture": "#0"},
				"south": {"uv": [13, 13.5, 13.5, 14.5], "texture": "#0"},
				"west": {"uv": [3, 1.5, 7.5, 2.5], "texture": "#0"},
				"up": {"uv": [9.5, 14, 9, 9.5], "texture": "#0"},
				"down": {"uv": [0.5, 10, 0, 14.5], "texture": "#0"}
			}
		},
		{
			"from": [3.5, 9, 3.5],
			"to": [4.5, 11, 12.5],
			"rotation": {"angle": 0, "axis": "y", "origin": [16, 0, 0]},
			"faces": {
				"north": {"uv": [14, 3, 14.5, 4], "texture": "#0"},
				"east": {"uv": [3, 3, 7.5, 4], "texture": "#0"},
				"south": {"uv": [14, 4.5, 14.5, 5.5], "texture": "#0"},
				"west": {"uv": [3, 4.5, 7.5, 5.5], "texture": "#0"},
				"up": {"uv": [1.5, 14.5, 1, 10], "texture": "#0"},
				"down": {"uv": [2.5, 10, 2, 14.5], "texture": "#0"}
			}
		},
		{
			"from": [4.5, 9, 11.5],
			"to": [11.5, 11, 12.5],
			"rotation": {"angle": 0, "axis": "y", "origin": [16, 0, 0]},
			"faces": {
				"north": {"uv": [0, 6, 3.5, 7], "texture": "#0"},
				"east": {"uv": [14, 6, 14.5, 7], "texture": "#0"},
				"south": {"uv": [4, 6, 7.5, 7], "texture": "#0"},
				"west": {"uv": [10, 14, 10.5, 15], "texture": "#0"},
				"up": {"uv": [13.5, 3.5, 10, 3], "texture": "#0"},
				"down": {"uv": [13.5, 4, 10, 4.5], "texture": "#0"}
			}
		},
		{
			"from": [4.5, 9, 3.5],
			"to": [11.5, 11, 4.5],
			"rotation": {"angle": 0, "axis": "y", "origin": [16, 0, 16]},
			"faces": {
				"north": {"uv": [0, 7.5, 3.5, 8.5], "texture": "#0"},
				"east": {"uv": [14, 10, 14.5, 11], "texture": "#0"},
				"south": {"uv": [4, 7.5, 7.5, 8.5], "texture": "#0"},
				"west": {"uv": [11, 14, 11.5, 15], "texture": "#0"},
				"up": {"uv": [13.5, 5.5, 10, 5], "texture": "#0"},
				"down": {"uv": [13.5, 6, 10, 6.5], "texture": "#0"}
			}
		},
		{
			"from": [5.5, 9, -1.5],
			"to": [10.5, 10, 3.5],
			"rotation": {"angle": 0, "axis": "y", "origin": [16, 0, 16]},
			"faces": {
				"north": {"uv": [11, 10, 13.5, 10.5], "texture": "#0"},
				"east": {"uv": [11, 11, 13.5, 11.5], "texture": "#0"},
				"south": {"uv": [10, 12, 12.5, 12.5], "texture": "#0"},
				"west": {"uv": [10, 13, 12.5, 13.5], "texture": "#0"},
				"up": {"uv": [2.5, 2.5, 0, 0], "texture": "#0"},
				"down": {"uv": [2.5, 3, 0, 5.5], "texture": "#0"}
			}
		},
		{
			"from": [9.96612, 7.31598, -1.5],
			"to": [10.96612, 8.31598, 4.5],
			"rotation": {"angle": -22.5, "axis": "z", "origin": [14.46612, 7.81598, 0]},
			"faces": {
				"north": {"uv": [14, 11.5, 14.5, 12], "texture": "#0"},
				"east": {"uv": [3, 10, 6, 10.5], "texture": "#0"},
				"south": {"uv": [12, 14, 12.5, 14.5], "texture": "#0"},
				"west": {"uv": [10, 7, 13, 7.5], "texture": "#0"},
				"up": {"uv": [10.5, 11, 10, 8], "texture": "#0"},
				"down": {"uv": [3.5, 11, 3, 14], "texture": "#0"}
			}
		},
		{
			"from": [10.96612, 7.31598, -0.5],
			"to": [11.96612, 8.31598, 11.5],
			"rotation": {"angle": -22.5, "axis": "z", "origin": [14.46612, 7.81598, 0]},
			"faces": {
				"north": {"uv": [14, 12.5, 14.5, 13], "texture": "#0"},
				"east": {"uv": [8, 0, 14, 0.5], "texture": "#0"},
				"south": {"uv": [14, 13.5, 14.5, 14], "texture": "#0"},
				"west": {"uv": [8, 1, 14, 1.5], "texture": "#0"},
				"up": {"uv": [8.5, 8, 8, 2], "texture": "#0"},
				"down": {"uv": [8.5, 8.5, 8, 14.5], "texture": "#0"}
			}
		},
		{
			"from": [5.03388, 7.31598, -1.5],
			"to": [6.03388, 8.31598, 4.5],
			"rotation": {"angle": 22.5, "axis": "z", "origin": [1.53388, 7.81598, 0]},
			"faces": {
				"north": {"uv": [3, 14.5, 3.5, 15], "texture": "#0"},
				"east": {"uv": [11, 8, 14, 8.5], "texture": "#0"},
				"south": {"uv": [4, 14.5, 4.5, 15], "texture": "#0"},
				"west": {"uv": [11, 9, 14, 9.5], "texture": "#0"},
				"up": {"uv": [4.5, 14, 4, 11], "texture": "#0"},
				"down": {"uv": [5.5, 11, 5, 14], "texture": "#0"}
			}
		},
		{
			"from": [4.03388, 7.31598, -0.5],
			"to": [5.03388, 8.31598, 11.5],
			"rotation": {"angle": 22.5, "axis": "z", "origin": [1.53388, 7.81598, 0]},
			"faces": {
				"north": {"uv": [14.5, 0, 15, 0.5], "texture": "#0"},
				"east": {"uv": [0, 9, 6, 9.5], "texture": "#0"},
				"south": {"uv": [14.5, 1, 15, 1.5], "texture": "#0"},
				"west": {"uv": [9, 2, 15, 2.5], "texture": "#0"},
				"up": {"uv": [9.5, 9, 9, 3], "texture": "#0"},
				"down": {"uv": [7, 9, 6.5, 15], "texture": "#0"}
			}
		}
	],
	"gui_light": "front",
	"display": {
		"thirdperson_righthand": {
			"translation": [-3.25, -2.25, 0],
			"scale": [0.5, 0.5, 0.5]
		},
		"thirdperson_lefthand": {
			"translation": [-3.25, -2.25, 0],
			"scale": [0.5, 0.5, 0.5]
		},
		"firstperson_righthand": {
			"rotation": [0, 20, 0],
			"translation": [0, -0.5, 0],
			"scale": [0.65, 0.65, 0.65]
		},
		"firstperson_lefthand": {
			"rotation": [0, 20, 0],
			"translation": [0, -0.5, 0],
			"scale": [0.65, 0.65, 0.65]
		},
		"ground": {
			"scale": [0.5, 0.5, 0.5]
		},
		"gui": {
			"rotation": [-157.45, -24.65, -176.7],
			"translation": [-0.5, -1.25, 0]
		},
		"head": {
			"translation": [0, -0.75, 0],
			"scale": [1.61, 1.61, 1.61]
		},
		"fixed": {
			"rotation": [-30.25, 0, 0],
			"translation": [0, -0.75, 0]
		}
	}
}