{
	"credit": "Made with Blockbench",
	"texture_size": [32, 32],
	"textures": {
		"0": "cosmetics/wallet",
		"particle": "cosmetics/wallet"
	},
	"elements": [
		{
			"from": [7, 0, 4],
			"to": [9, 6, 12],
			"faces": {
				"north": {"uv": [3, 7, 4, 10], "texture": "#0"},
				"east": {"uv": [0, 0, 4, 3], "texture": "#0"},
				"south": {"uv": [4.5, 7, 5.5, 10], "texture": "#0"},
				"west": {"uv": [0, 3.5, 4, 6.5], "texture": "#0"},
				"up": {"uv": [1, 11, 0, 7], "texture": "#0"},
				"down": {"uv": [2.5, 7, 1.5, 11], "texture": "#0"}
			}
		},
		{
			"from": [7, 0.025, 4],
			"to": [8, 5.975, 12],
			"rotation": {"angle": -22.5, "axis": "y", "origin": [8, 3, 4]},
			"faces": {
				"north": {"uv": [8, 7, 8.5, 10], "texture": "#0"},
				"east": {"uv": [4.5, 0, 8.5, 3], "texture": "#0"},
				"south": {"uv": [9, 0, 9.5, 3], "texture": "#0"},
				"west": {"uv": [4.5, 3.5, 8.5, 6.5], "texture": "#0"},
				"up": {"uv": [6.5, 11, 6, 7], "texture": "#0"},
				"down": {"uv": [7.5, 7, 7, 11], "texture": "#0"}
			}
		}
	],
	"gui_light": "front",
	"display": {
		"thirdperson_righthand": {
			"rotation": [-103.56, -22.57, -164.58],
			"translation": [-1, 2.5, 3.5],
			"scale": [0.8, 0.8, 0.8]
		},
		"thirdperson_lefthand": {
			"rotation": [-103.56, -22.57, -164.58],
			"translation": [-1, 2.5, 3.5],
			"scale": [0.8, 0.8, 0.8]
		},
		"firstperson_righthand": {
			"rotation": [180, -26.25, 180],
			"translation": [-1, 4.75, 0],
			"scale": [0.8, 0.8, 0.8]
		},
		"firstperson_lefthand": {
			"rotation": [180, -26.25, 180],
			"translation": [-1, 4.75, 0],
			"scale": [0.8, 0.8, 0.8]
		},
		"ground": {
			"translation": [0, 5.25, 0],
			"scale": [0.8, 0.8, 0.8]
		},
		"gui": {
			"rotation": [23.36, 64.21, 2.31],
			"translation": [0.5, 5.75, 0],
			"scale": [1.2, 1.2, 1.2]
		},
		"head": {
			"translation": [0, 14, 0]
		},
		"fixed": {
			"rotation": [180, -87.5, 180],
			"translation": [0, 5, -1],
			"scale": [1.2, 1.2, 1.2]
		}
	}
}