{
	"credit": "Made with Blockbench",
	"texture_size": [64, 64],
	"textures": {
		"0": "cosmetics/wizard_staff",
		"particle": "cosmetics/wizard_staff"
	},
	"elements": [
		{
			"from": [6, -16, 6],
			"to": [10, -12, 10],
			"rotation": {"angle": 0, "axis": "y", "origin": [8, -6, 8]},
			"faces": {
				"north": {"uv": [4.5, 1.5, 5.5, 2.5], "texture": "#0"},
				"east": {"uv": [4.75, 2.75, 5.75, 3.75], "texture": "#0"},
				"south": {"uv": [3, 4.75, 4, 5.75], "texture": "#0"},
				"west": {"uv": [4.75, 4, 5.75, 5], "texture": "#0"},
				"up": {"uv": [5.25, 6.25, 4.25, 5.25], "texture": "#0"},
				"down": {"uv": [6.5, 5.25, 5.5, 6.25], "texture": "#0"}
			}
		},
		{
			"from": [7, -12, 7],
			"to": [9, 16, 9],
			"rotation": {"angle": 0, "axis": "y", "origin": [8, -6, 8]},
			"faces": {
				"north": {"uv": [0, 3.25, 0.5, 10.25], "texture": "#0"},
				"east": {"uv": [0.75, 3.25, 1.25, 10.25], "texture": "#0"},
				"south": {"uv": [1.5, 3.25, 2, 10.25], "texture": "#0"},
				"west": {"uv": [2.25, 3.25, 2.75, 10.25], "texture": "#0"},
				"up": {"uv": [8, 0.5, 7.5, 0], "texture": "#0"},
				"down": {"uv": [4.25, 7.75, 3.75, 8.25], "texture": "#0"}
			}
		},
		{
			"from": [8, 15, 3],
			"to": [10, 16, 4],
			"rotation": {"angle": -45, "axis": "x", "origin": [5, 22, 8]},
			"faces": {
				"north": {"uv": [6.75, 6, 7.25, 6.25], "texture": "#0"},
				"east": {"uv": [7.5, 0.75, 7.75, 1], "texture": "#0"},
				"south": {"uv": [7.75, 6.75, 8.25, 7], "texture": "#0"},
				"west": {"uv": [8.25, 0, 8.5, 0.25], "texture": "#0"},
				"up": {"uv": [7.25, 8.25, 6.75, 8], "texture": "#0"},
				"down": {"uv": [8, 8, 7.5, 8.25], "texture": "#0"}
			}
		},
		{
			"from": [10, 15, 3],
			"to": [11, 19, 4],
			"rotation": {"angle": -45, "axis": "x", "origin": [5, 22, 8]},
			"faces": {
				"north": {"uv": [8, 2.25, 8.25, 3.25], "texture": "#0"},
				"east": {"uv": [5.25, 8, 5.5, 9], "texture": "#0"},
				"south": {"uv": [5.75, 8, 6, 9], "texture": "#0"},
				"west": {"uv": [6.25, 8, 6.5, 9], "texture": "#0"},
				"up": {"uv": [4.5, 5, 4.25, 4.75], "texture": "#0"},
				"down": {"uv": [4, 7.25, 3.75, 7.5], "texture": "#0"}
			}
		},
		{
			"from": [6, 19, 3],
			"to": [11, 21, 5],
			"rotation": {"angle": -45, "axis": "x", "origin": [5, 22, 8]},
			"faces": {
				"north": {"uv": [7.25, 3.5, 8.5, 4], "texture": "#0"},
				"east": {"uv": [8, 0.75, 8.5, 1.25], "texture": "#0"},
				"south": {"uv": [7.25, 4.25, 8.5, 4.75], "texture": "#0"},
				"west": {"uv": [8, 1.5, 8.5, 2], "texture": "#0"},
				"up": {"uv": [6.75, 7.75, 5.5, 7.25], "texture": "#0"},
				"down": {"uv": [8.25, 7.25, 7, 7.75], "texture": "#0"}
			}
		},
		{
			"from": [4, 19, 3],
			"to": [6, 21, 11],
			"rotation": {"angle": -45, "axis": "x", "origin": [5, 22, 8]},
			"faces": {
				"north": {"uv": [4.5, 7.75, 5, 8.25], "texture": "#0"},
				"east": {"uv": [5.5, 6.5, 7.5, 7], "texture": "#0"},
				"south": {"uv": [7.75, 6, 8.25, 6.5], "texture": "#0"},
				"west": {"uv": [6.75, 5.25, 8.75, 5.75], "texture": "#0"},
				"up": {"uv": [7.75, 3.25, 7.25, 1.25], "texture": "#0"},
				"down": {"uv": [3.5, 7.25, 3, 9.25], "texture": "#0"}
			}
		},
		{
			"name": "flat",
			"from": [5, 21, 5],
			"to": [5, 26, 11],
			"rotation": {"angle": -45, "axis": "x", "origin": [5, 22, 8]},
			"faces": {
				"north": {"uv": [7, 1.25, 7, 2.5], "texture": "#0"},
				"east": {"uv": [3, 3.25, 4.5, 4.5], "texture": "#0"},
				"south": {"uv": [8.25, 8, 8.25, 9.25], "texture": "#0"},
				"west": {"uv": [4.5, 0, 6, 1.25], "texture": "#0"},
				"up": {"uv": [3.75, 10, 3.75, 8.5], "texture": "#0"},
				"down": {"uv": [4, 8.5, 4, 10], "texture": "#0"}
			}
		},
		{
			"from": [6, 15, 12],
			"to": [8, 16, 13],
			"rotation": {"angle": 45, "axis": "x", "origin": [11, 22, 8]},
			"faces": {
				"north": {"uv": [7.75, 6.75, 8.25, 7], "texture": "#0"},
				"east": {"uv": [8.25, 0, 8.5, 0.25], "texture": "#0"},
				"south": {"uv": [6.75, 6, 7.25, 6.25], "texture": "#0"},
				"west": {"uv": [7.5, 0.75, 7.75, 1], "texture": "#0"},
				"up": {"uv": [6.75, 8, 7.25, 8.25], "texture": "#0"},
				"down": {"uv": [7.5, 8.25, 8, 8], "texture": "#0"}
			}
		},
		{
			"from": [5, 15, 12],
			"to": [6, 19, 13],
			"rotation": {"angle": 45, "axis": "x", "origin": [11, 22, 8]},
			"faces": {
				"north": {"uv": [5.75, 8, 6, 9], "texture": "#0"},
				"east": {"uv": [6.25, 8, 6.5, 9], "texture": "#0"},
				"south": {"uv": [8, 2.25, 8.25, 3.25], "texture": "#0"},
				"west": {"uv": [5.25, 8, 5.5, 9], "texture": "#0"},
				"up": {"uv": [4.25, 4.75, 4.5, 5], "texture": "#0"},
				"down": {"uv": [3.75, 7.5, 4, 7.25], "texture": "#0"}
			}
		},
		{
			"from": [5, 19, 11],
			"to": [10, 21, 13],
			"rotation": {"angle": 45, "axis": "x", "origin": [11, 22, 8]},
			"faces": {
				"north": {"uv": [7.25, 4.25, 8.5, 4.75], "texture": "#0"},
				"east": {"uv": [8, 1.5, 8.5, 2], "texture": "#0"},
				"south": {"uv": [7.25, 3.5, 8.5, 4], "texture": "#0"},
				"west": {"uv": [8, 0.75, 8.5, 1.25], "texture": "#0"},
				"up": {"uv": [5.5, 7.25, 6.75, 7.75], "texture": "#0"},
				"down": {"uv": [7, 7.75, 8.25, 7.25], "texture": "#0"}
			}
		},
		{
			"from": [10, 19, 5],
			"to": [12, 21, 13],
			"rotation": {"angle": 45, "axis": "x", "origin": [11, 22, 8]},
			"faces": {
				"north": {"uv": [7.75, 6, 8.25, 6.5], "texture": "#0"},
				"east": {"uv": [6.75, 5.25, 8.75, 5.75], "texture": "#0"},
				"south": {"uv": [4.5, 7.75, 5, 8.25], "texture": "#0"},
				"west": {"uv": [5.5, 6.5, 7.5, 7], "texture": "#0"},
				"up": {"uv": [7.25, 1.25, 7.75, 3.25], "texture": "#0"},
				"down": {"uv": [3, 9.25, 3.5, 7.25], "texture": "#0"}
			}
		},
		{
			"name": "flat",
			"from": [11, 21, 5],
			"to": [11, 26, 11],
			"rotation": {"angle": 45, "axis": "x", "origin": [11, 22, 8]},
			"faces": {
				"north": {"uv": [8.25, 8, 8.25, 9.25], "texture": "#0"},
				"east": {"uv": [4.5, 0, 6, 1.25], "texture": "#0"},
				"south": {"uv": [7, 1.25, 7, 2.5], "texture": "#0"},
				"west": {"uv": [3, 3.25, 4.5, 4.5], "texture": "#0"},
				"up": {"uv": [3.75, 8.5, 3.75, 10], "texture": "#0"},
				"down": {"uv": [4, 10, 4, 8.5], "texture": "#0"}
			}
		},
		{
			"from": [6, 21, 6],
			"to": [10, 25, 10],
			"rotation": {"angle": 0, "axis": "y", "origin": [8, -6, 8]},
			"faces": {
				"north": {"uv": [5.75, 1.5, 6.75, 2.5], "texture": "#0"},
				"east": {"uv": [6, 2.75, 7, 3.75], "texture": "#0"},
				"south": {"uv": [3, 6, 4, 7], "texture": "#0"},
				"west": {"uv": [6, 4, 7, 5], "texture": "#0"},
				"up": {"uv": [7.25, 1, 6.25, 0], "texture": "#0"},
				"down": {"uv": [5.25, 6.5, 4.25, 7.5], "texture": "#0"}
			}
		},
		{
			"name": "flat",
			"from": [8, 20, 4],
			"to": [8, 32, 12],
			"rotation": {"angle": 0, "axis": "y", "origin": [8, -6, 8]},
			"faces": {
				"north": {"uv": [4.25, 8.5, 4.25, 11.5], "texture": "#0"},
				"east": {"uv": [0, 0, 2, 3], "texture": "#0"},
				"south": {"uv": [4.5, 8.5, 4.5, 11.5], "texture": "#0"},
				"west": {"uv": [2.25, 0, 4.25, 3], "texture": "#0"},
				"up": {"uv": [4.75, 10.5, 4.75, 8.5], "texture": "#0"},
				"down": {"uv": [5, 8.5, 5, 10.5], "texture": "#0"}
			}
		},
		{
			"name": "flat",
			"from": [4, 20, 8],
			"to": [12, 32, 8],
			"rotation": {"angle": 0, "axis": "y", "origin": [8, 26, 8]},
			"faces": {
				"north": {"uv": [2.25, 0, 4.25, 3], "texture": "#0"},
				"east": {"uv": [4.25, 8.5, 4.25, 11.5], "texture": "#0"},
				"south": {"uv": [0, 0, 2, 3], "texture": "#0"},
				"west": {"uv": [4.5, 8.5, 4.5, 11.5], "texture": "#0"},
				"up": {"uv": [4.75, 10.5, 4.75, 8.5], "rotation": 90, "texture": "#0"},
				"down": {"uv": [5, 8.5, 5, 10.5], "rotation": 270, "texture": "#0"}
			}
		}
	],
	"gui_light": "front",
	"display": {
		"thirdperson_righthand": {
			"rotation": [0, -180, 0],
			"translation": [0, 7.25, 1.75],
			"scale": [0.8, 0.8, 0.8]
		},
		"thirdperson_lefthand": {
			"rotation": [0, -180, 0],
			"translation": [0, 7.25, 1.75],
			"scale": [0.8, 0.8, 0.8]
		},
		"firstperson_righthand": {
			"rotation": [-180, 80.25, -180],
			"translation": [0, 4.5, 0],
			"scale": [0.5, 0.5, 0.5]
		},
		"firstperson_lefthand": {
			"rotation": [-180, 80.25, -180],
			"translation": [0, 4.5, 0],
			"scale": [0.5, 0.5, 0.5]
		},
		"ground": {
			"rotation": [45, 0, 0],
			"translation": [0, 1.75, 0],
			"scale": [0.3, 0.3, 0.3]
		},
		"gui": {
			"rotation": [125.45, 53.01, -101.48],
			"translation": [0.5, 0.5, 0],
			"scale": [0.4, 0.4, 0.4]
		},
		"head": {
			"translation": [0, 1.25, 0]
		},
		"fixed": {
			"rotation": [0, -49.5, 0],
			"translation": [0, 0.5, 0],
			"scale": [0.4, 0.4, 0.4]
		}
	},
	"groups": [
		0,
		1,
		{
			"name": "group",
			"origin": [5, 22, 8],
			"color": 0,
			"children": [2, 3, 4, 5, 6]
		},
		{
			"name": "group",
			"origin": [5, 22, 8],
			"color": 0,
			"children": [7, 8, 9, 10, 11]
		},
		{
			"name": "group",
			"origin": [8, 26, 8],
			"color": 0,
			"children": [12, 13, 14]
		}
	]
}