{"textures":{"0":"modelengine:entity/cyclops"},"elements":[{"from":[7.142857,7.142857,7.714286],"to":[8.857143,8.857143,8.285714],"rotation":{"angle":0.0,"axis":"y","origin":[8.857143,21.285715,11.0]},"faces":{"east":{"uv":[3.9375,7.4375,4.0,7.625],"rotation":0,"texture":"#0","tintindex":0},"south":{"uv":[7.5625,10.4375,7.75,10.625],"rotation":0,"texture":"#0","tintindex":0},"north":{"uv":[7.625,2.9375,7.8125,3.125],"rotation":0,"texture":"#0","tintindex":0},"west":{"uv":[3.75,9.25,3.8125,9.4375],"rotation":0,"texture":"#0","tintindex":0},"up":{"uv":[1.375,5.375,1.1875,5.3125],"rotation":0,"texture":"#0","tintindex":0},"down":{"uv":[6.625,1.75,6.4375,1.8125],"rotation":0,"texture":"#0","tintindex":0}}}],"display":{"head":{"translation":[0.0,-6.4,0.0],"scale":[4.0,4.0,4.0]}}}