{"textures":{"0":"modelengine:entity/cyclops"},"elements":[{"from":[4.8571424,8.5513935,2.52493],"to":[11.142858,13.694251,9.382073],"rotation":{"angle":0.0,"axis":"y","origin":[8.857143,23.979965,4.810644]},"faces":{"east":{"uv":[7.125,10.625,7.875,11.1875],"rotation":0,"texture":"#0","tintindex":0},"south":{"uv":[10.6875,3.25,11.375,3.8125],"rotation":0,"texture":"#0","tintindex":0},"north":{"uv":[10.6875,2.6875,11.375,3.25],"rotation":0,"texture":"#0","tintindex":0},"west":{"uv":[7.875,10.625,8.625,11.1875],"rotation":0,"texture":"#0","tintindex":0},"up":{"uv":[9.0,10.4375,8.3125,9.6875],"rotation":0,"texture":"#0","tintindex":0},"down":{"uv":[0.6875,9.8125,0.0,10.5625],"rotation":0,"texture":"#0","tintindex":0}}},{"from":[5.8571424,7.979965,2.667787],"to":[7.0,9.122823,3.2392159],"rotation":{"angle":0.0,"axis":"y","origin":[8.857143,23.979965,4.810644]},"faces":{"east":{"uv":[6.75,3.875,6.8125,4.0],"rotation":0,"texture":"#0","tintindex":0},"south":{"uv":[4.625,8.1875,4.75,8.3125],"rotation":0,"texture":"#0","tintindex":0},"north":{"uv":[1.0625,7.3125,1.1875,7.4375],"rotation":0,"texture":"#0","tintindex":0},"west":{"uv":[7.0,2.4375,7.0625,2.5625],"rotation":0,"texture":"#0","tintindex":0},"up":{"uv":[8.25,1.5,8.125,1.4375],"rotation":0,"texture":"#0","tintindex":0},"down":{"uv":[8.25,7.8125,8.125,7.875],"rotation":0,"texture":"#0","tintindex":0}}},{"from":[9.0,7.979965,2.667787],"to":[10.142858,9.122823,3.2392159],"rotation":{"angle":0.0,"axis":"y","origin":[7.142857,23.979965,4.810644]},"faces":{"east":{"uv":[3.9375,8.75,4.0,8.875],"rotation":0,"texture":"#0","tintindex":0},"south":{"uv":[4.875,8.1875,5.0,8.3125],"rotation":0,"texture":"#0","tintindex":0},"north":{"uv":[4.75,8.1875,4.875,8.3125],"rotation":0,"texture":"#0","tintindex":0},"west":{"uv":[9.25,1.875,9.3125,2.0],"rotation":0,"texture":"#0","tintindex":0},"up":{"uv":[8.3125,2.4375,8.1875,2.375],"rotation":0,"texture":"#0","tintindex":0},"down":{"uv":[8.375,1.4375,8.25,1.5],"rotation":0,"texture":"#0","tintindex":0}}},{"from":[7.428571,7.979965,2.667787],"to":[8.571428,9.122823,3.2392159],"rotation":{"angle":0.0,"axis":"y","origin":[5.5714283,23.979965,4.810644]},"faces":{"east":{"uv":[9.25,8.25,9.3125,8.375],"rotation":0,"texture":"#0","tintindex":0},"south":{"uv":[7.4375,8.5625,7.5625,8.6875],"rotation":0,"texture":"#0","tintindex":0},"north":{"uv":[7.3125,8.5625,7.4375,8.6875],"rotation":0,"texture":"#0","tintindex":0},"west":{"uv":[9.25,8.375,9.3125,8.5],"rotation":0,"texture":"#0","tintindex":0},"up":{"uv":[8.375,7.875,8.25,7.8125],"rotation":0,"texture":"#0","tintindex":0},"down":{"uv":[8.4375,2.375,8.3125,2.4375],"rotation":0,"texture":"#0","tintindex":0}}},{"from":[6.0,9.694251,1.9535012],"to":[10.0,11.979965,2.52493],"rotation":{"angle":0.0,"axis":"y","origin":[8.857143,23.979965,4.810644]},"faces":{"east":{"uv":[6.75,3.625,6.8125,3.875],"rotation":0,"texture":"#0","tintindex":0},"south":{"uv":[12.0625,7.9375,12.5,8.1875],"rotation":0,"texture":"#0","tintindex":0},"north":{"uv":[5.0,10.5625,5.4375,10.8125],"rotation":0,"texture":"#0","tintindex":0},"west":{"uv":[7.5625,0.5,7.625,0.75],"rotation":0,"texture":"#0","tintindex":0},"up":{"uv":[5.6875,3.1875,5.25,3.125],"rotation":0,"texture":"#0","tintindex":0},"down":{"uv":[5.6875,3.1875,5.25,3.25],"rotation":0,"texture":"#0","tintindex":0}}},{"from":[1.9999995,11.408537,5.382073],"to":[4.8571424,11.979965,7.096359],"rotation":{"angle":22.5,"axis":"x","origin":[2.8571424,11.694251,6.239216]},"faces":{"east":{"uv":[6.8125,6.0,7.0,6.0625],"rotation":0,"texture":"#0","tintindex":0},"south":{"uv":[7.5625,5.9375,7.875,6.0],"rotation":0,"texture":"#0","tintindex":0},"north":{"uv":[7.5,2.375,7.8125,2.4375],"rotation":0,"texture":"#0","tintindex":0},"west":{"uv":[4.3125,7.6875,4.5,7.75],"rotation":0,"texture":"#0","tintindex":0},"up":{"uv":[8.0625,9.6875,7.75,9.5],"rotation":0,"texture":"#0","tintindex":0},"down":{"uv":[12.75,3.9375,12.4375,4.125],"rotation":0,"texture":"#0","tintindex":0}}},{"from":[3.142857,10.323936,6.965866],"to":[4.8571424,10.895365,8.108724],"rotation":{"angle":45.0,"axis":"x","origin":[4.0,11.038222,7.8230095]},"faces":{"east":{"uv":[8.375,5.4375,8.5,5.5],"rotation":0,"texture":"#0","tintindex":0},"south":{"uv":[6.6875,7.8125,6.875,7.875],"rotation":0,"texture":"#0","tintindex":0},"north":{"uv":[7.8125,2.375,8.0,2.4375],"rotation":0,"texture":"#0","tintindex":0},"west":{"uv":[8.375,7.8125,8.5,7.875],"rotation":0,"texture":"#0","tintindex":0},"up":{"uv":[5.875,3.25,5.6875,3.125],"rotation":0,"texture":"#0","tintindex":0},"down":{"uv":[6.8125,2.4375,6.625,2.5625],"rotation":0,"texture":"#0","tintindex":0}}},{"from":[11.142858,11.408537,5.382073],"to":[14.0,11.979965,7.096359],"rotation":{"angle":22.5,"axis":"x","origin":[13.142858,11.694251,6.239216]},"faces":{"east":{"uv":[6.875,7.8125,7.0625,7.875],"rotation":0,"texture":"#0","tintindex":0},"south":{"uv":[4.0,7.6875,4.3125,7.75],"rotation":0,"texture":"#0","tintindex":0},"north":{"uv":[7.625,1.4375,7.9375,1.5],"rotation":0,"texture":"#0","tintindex":0},"west":{"uv":[7.9375,1.4375,8.125,1.5],"rotation":0,"texture":"#0","tintindex":0},"up":{"uv":[12.75,8.625,12.4375,8.4375],"rotation":0,"texture":"#0","tintindex":0},"down":{"uv":[12.75,11.1875,12.4375,11.375],"rotation":0,"texture":"#0","tintindex":0}}},{"from":[11.142858,10.323936,6.965866],"to":[12.857143,10.895365,8.108724],"rotation":{"angle":45.0,"axis":"x","origin":[12.0,11.038222,7.8230095]},"faces":{"east":{"uv":[8.4375,2.375,8.5625,2.4375],"rotation":0,"texture":"#0","tintindex":0},"south":{"uv":[8.0,2.375,8.1875,2.4375],"rotation":0,"texture":"#0","tintindex":0},"north":{"uv":[7.9375,7.8125,8.125,7.875],"rotation":0,"texture":"#0","tintindex":0},"west":{"uv":[8.5,5.4375,8.625,5.5],"rotation":0,"texture":"#0","tintindex":0},"up":{"uv":[7.0,2.5625,6.8125,2.4375],"rotation":0,"texture":"#0","tintindex":0},"down":{"uv":[0.6875,7.3125,0.5,7.4375],"rotation":0,"texture":"#0","tintindex":0}}},{"from":[6.5714283,12.151394,1.4963584],"to":[9.428572,15.008537,4.9249296],"rotation":{"angle":22.5,"axis":"x","origin":[8.0,13.579966,2.9249296]},"faces":{"east":{"uv":[2.625,12.0625,3.0,12.375],"rotation":0,"texture":"#0","tintindex":0},"south":{"uv":[12.25,7.4375,12.5625,7.75],"rotation":0,"texture":"#0","tintindex":0},"north":{"uv":[9.0,9.6875,9.3125,10.0],"rotation":0,"texture":"#0","tintindex":0},"west":{"uv":[4.5625,12.0625,4.9375,12.375],"rotation":0,"texture":"#0","tintindex":0},"up":{"uv":[8.6875,2.375,8.375,2.0],"rotation":0,"texture":"#0","tintindex":0},"down":{"uv":[10.9375,0.875,10.625,1.25],"rotation":0,"texture":"#0","tintindex":0}}},{"from":[5.428571,13.694251,3.0963583],"to":[10.571428,15.408537,8.239216],"rotation":{"angle":0.0,"axis":"y","origin":[8.857143,23.979965,4.810644]},"faces":{"east":{"uv":[8.4375,1.3125,9.0,1.5],"rotation":0,"texture":"#0","tintindex":0},"south":{"uv":[9.25,5.25,9.8125,5.4375],"rotation":0,"texture":"#0","tintindex":0},"north":{"uv":[7.0625,2.9375,7.625,3.125],"rotation":0,"texture":"#0","tintindex":0},"west":{"uv":[1.8125,10.375,2.375,10.5625],"rotation":0,"texture":"#0","tintindex":0},"up":{"uv":[11.75,2.6875,11.1875,2.125],"rotation":0,"texture":"#0","tintindex":0},"down":{"uv":[9.75,11.3125,9.1875,11.875],"rotation":0,"texture":"#0","tintindex":0}}},{"from":[7.142857,14.639828,-1.4072628],"to":[8.857143,16.496971,2.0213084],"rotation":{"angle":45.0,"axis":"x","origin":[8.0,14.782685,0.021308422]},"faces":{"east":{"uv":[8.3125,10.4375,8.6875,10.625],"rotation":0,"texture":"#0","tintindex":0},"south":{"uv":[10.75,5.0625,10.9375,5.25],"rotation":0,"texture":"#0","tintindex":0},"north":{"uv":[10.6875,6.875,10.875,7.0625],"rotation":0,"texture":"#0","tintindex":0},"west":{"uv":[12.25,7.75,12.625,7.9375],"rotation":0,"texture":"#0","tintindex":0},"up":{"uv":[1.375,5.3125,1.1875,4.9375],"rotation":0,"texture":"#0","tintindex":0},"down":{"uv":[5.5625,12.125,5.375,12.5],"rotation":0,"texture":"#0","tintindex":0}}},{"from":[7.3142858,15.632032,-1.6454439],"to":[8.742857,17.77489,-0.3597288],"rotation":{"angle":-22.5,"axis":"x","origin":[8.0,17.560604,-1.6454439]},"faces":{"east":{"uv":[6.5625,8.3125,6.6875,8.5625],"rotation":0,"texture":"#0","tintindex":0},"south":{"uv":[4.4375,8.875,4.625,9.125],"rotation":0,"texture":"#0","tintindex":0},"north":{"uv":[6.4375,1.5,6.625,1.75],"rotation":0,"texture":"#0","tintindex":0},"west":{"uv":[8.8125,2.8125,8.9375,3.0625],"rotation":0,"texture":"#0","tintindex":0},"up":{"uv":[0.875,7.4375,0.6875,7.3125],"rotation":0,"texture":"#0","tintindex":0},"down":{"uv":[1.0625,7.3125,0.875,7.4375],"rotation":0,"texture":"#0","tintindex":0}}},{"from":[4.285714,6.2656794,4.810644],"to":[11.714286,11.408537,10.810644],"rotation":{"angle":-22.5,"axis":"x","origin":[8.0,8.837109,8.810644]},"faces":{"east":{"uv":[10.6875,5.75,11.375,6.3125],"rotation":0,"texture":"#0","tintindex":0},"south":{"uv":[10.125,1.3125,10.9375,1.875],"rotation":0,"texture":"#0","tintindex":0},"north":{"uv":[10.0625,7.1875,10.875,7.75],"rotation":0,"texture":"#0","tintindex":0},"west":{"uv":[10.6875,6.3125,11.375,6.875],"rotation":0,"texture":"#0","tintindex":0},"up":{"uv":[10.0625,7.5625,9.25,6.875],"rotation":0,"texture":"#0","tintindex":0},"down":{"uv":[10.0625,7.5625,9.25,8.25],"rotation":0,"texture":"#0","tintindex":0}}}],"display":{"head":{"translation":[0.0,-6.4,0.0],"scale":[4.0,4.0,4.0]}}}