{"textures":{"0":"modelengine:entity/cyclops"},"elements":[{"from":[0.5714283,6.857143,0.5714283],"to":[15.428572,11.428572,15.428572],"rotation":{"angle":0.0,"axis":"y","origin":[8.571428,-11.428572,3.4285712]},"faces":{"east":{"uv":[7.3125,0.0,8.9375,0.5],"rotation":0,"texture":"#0","tintindex":0},"south":{"uv":[0.5,7.4375,2.125,7.9375],"rotation":0,"texture":"#0","tintindex":0},"north":{"uv":[7.0625,2.4375,8.6875,2.9375],"rotation":0,"texture":"#0","tintindex":0},"west":{"uv":[7.5,1.5,9.125,2.0],"rotation":0,"texture":"#0","tintindex":0},"up":{"uv":[3.875,1.625,2.25,0.0],"rotation":0,"texture":"#0","tintindex":0},"down":{"uv":[3.875,1.625,2.25,3.25],"rotation":0,"texture":"#0","tintindex":0}}},{"from":[4.5714283,2.2857141,4.0],"to":[11.428572,6.857143,14.857143],"rotation":{"angle":0.0,"axis":"y","origin":[8.571428,-11.428572,3.4285712]},"faces":{"east":{"uv":[2.625,8.75,3.8125,9.25],"rotation":0,"texture":"#0","tintindex":0},"south":{"uv":[0.0,10.875,0.75,11.375],"rotation":0,"texture":"#0","tintindex":0},"north":{"uv":[10.8125,9.375,11.5625,9.875],"rotation":0,"texture":"#0","tintindex":0},"west":{"uv":[8.75,5.4375,9.9375,5.9375],"rotation":0,"texture":"#0","tintindex":0},"up":{"uv":[7.5625,4.8125,6.8125,3.625],"rotation":0,"texture":"#0","tintindex":0},"down":{"uv":[7.5625,4.8125,6.8125,6.0],"rotation":0,"texture":"#0","tintindex":0}}},{"from":[5.142857,0.5714283,2.4285712],"to":[10.857143,7.5714283,7.0],"rotation":{"angle":-22.5,"axis":"x","origin":[8.0,3.7142854,2.5714283]},"faces":{"east":{"uv":[9.9375,10.8125,10.4375,11.5625],"rotation":0,"texture":"#0","tintindex":0},"south":{"uv":[10.0625,6.4375,10.6875,7.1875],"rotation":0,"texture":"#0","tintindex":0},"north":{"uv":[4.375,10.0625,5.0,10.8125],"rotation":0,"texture":"#0","tintindex":0},"west":{"uv":[0.75,10.875,1.25,11.625],"rotation":0,"texture":"#0","tintindex":0},"up":{"uv":[11.9375,10.375,11.3125,9.875],"rotation":0,"texture":"#0","tintindex":0},"down":{"uv":[11.9375,10.375,11.3125,10.875],"rotation":0,"texture":"#0","tintindex":0}}},{"from":[3.4285712,8.0,1.1428566],"to":[12.571428,14.285715,3.4285712],"rotation":{"angle":0.0,"axis":"y","origin":[8.571428,-11.428572,3.4285712]},"faces":{"east":{"uv":[11.9375,9.8125,12.1875,10.5],"rotation":0,"texture":"#0","tintindex":0},"south":{"uv":[6.6875,7.875,7.6875,8.5625],"rotation":0,"texture":"#0","tintindex":0},"north":{"uv":[7.8125,2.9375,8.8125,3.625],"rotation":0,"texture":"#0","tintindex":0},"west":{"uv":[10.0625,11.9375,10.3125,12.625],"rotation":0,"texture":"#0","tintindex":0},"up":{"uv":[12.5,9.25,11.5,9.0],"rotation":0,"texture":"#0","tintindex":0},"down":{"uv":[12.5625,0.0,11.5625,0.25],"rotation":0,"texture":"#0","tintindex":0}}}],"display":{"head":{"translation":[0.0,-6.4,0.0],"scale":[4.0,4.0,4.0]}}}