{"textures":{"0":"modelengine:entity/cyclops"},"elements":[{"from":[5.714286,6.285714,4.0],"to":[9.714286,11.428572,10.285714],"rotation":{"angle":-22.5,"axis":"z","origin":[7.714286,8.857143,6.5714283]},"faces":{"east":{"uv":[10.8125,3.8125,11.5,4.375],"rotation":0,"texture":"#0","tintindex":0},"south":{"uv":[5.125,11.5625,5.5625,12.125],"rotation":0,"texture":"#0","tintindex":0},"north":{"uv":[11.5625,0.875,12.0,1.4375],"rotation":0,"texture":"#0","tintindex":0},"west":{"uv":[4.125,10.8125,4.8125,11.375],"rotation":0,"texture":"#0","tintindex":0},"up":{"uv":[2.25,3.0625,1.8125,2.375],"rotation":0,"texture":"#0","tintindex":0},"down":{"uv":[1.8125,3.75,1.375,4.4375],"rotation":0,"texture":"#0","tintindex":0}}},{"from":[4.3816767,4.006997,4.5714283],"to":[6.667391,7.435569,6.857143],"rotation":{"angle":-22.5,"axis":"z","origin":[5.8102484,5.006997,5.714286]},"faces":{"east":{"uv":[8.9375,12.25,9.1875,12.625],"rotation":0,"texture":"#0","tintindex":0},"south":{"uv":[9.1875,12.25,9.4375,12.625],"rotation":0,"texture":"#0","tintindex":0},"north":{"uv":[8.25,12.25,8.5,12.625],"rotation":0,"texture":"#0","tintindex":0},"west":{"uv":[12.25,9.25,12.5,9.625],"rotation":0,"texture":"#0","tintindex":0},"up":{"uv":[5.25,3.25,5.0,3.0],"rotation":0,"texture":"#0","tintindex":0},"down":{"uv":[7.5625,0.5,7.3125,0.75],"rotation":0,"texture":"#0","tintindex":0}}},{"from":[4.3816767,0.5784254,4.714286],"to":[6.667391,4.86414,6.714286],"rotation":{"angle":22.5,"axis":"z","origin":[5.8102484,5.006997,5.714286]},"faces":{"east":{"uv":[3.5,9.25,3.75,9.75],"rotation":0,"texture":"#0","tintindex":0},"south":{"uv":[4.3125,12.0,4.5625,12.5],"rotation":0,"texture":"#0","tintindex":0},"north":{"uv":[8.9375,0.0,9.1875,0.5],"rotation":0,"texture":"#0","tintindex":0},"west":{"uv":[12.0,6.3125,12.25,6.8125],"rotation":0,"texture":"#0","tintindex":0},"up":{"uv":[9.9375,10.25,9.6875,10.0],"rotation":0,"texture":"#0","tintindex":0},"down":{"uv":[8.9375,10.4375,8.6875,10.6875],"rotation":0,"texture":"#0","tintindex":0}}},{"from":[5.3816767,4.721283,8.571428],"to":[7.6673913,8.149855,10.857143],"rotation":{"angle":0.0,"axis":"y","origin":[6.8102484,5.721283,9.714286]},"faces":{"east":{"uv":[12.0625,12.25,12.3125,12.625],"rotation":0,"texture":"#0","tintindex":0},"south":{"uv":[12.3125,2.6875,12.5625,3.0625],"rotation":0,"texture":"#0","tintindex":0},"north":{"uv":[11.8125,12.25,12.0625,12.625],"rotation":0,"texture":"#0","tintindex":0},"west":{"uv":[12.3125,6.75,12.5625,7.125],"rotation":0,"texture":"#0","tintindex":0},"up":{"uv":[0.75,11.625,0.5,11.375],"rotation":0,"texture":"#0","tintindex":0},"down":{"uv":[12.625,5.25,12.375,5.5],"rotation":0,"texture":"#0","tintindex":0}}},{"from":[5.3816767,1.5784254,8.714286],"to":[7.6673913,5.86414,10.714286],"rotation":{"angle":45.0,"axis":"z","origin":[6.8102484,5.721283,9.714286]},"faces":{"east":{"uv":[12.0,9.25,12.25,9.75],"rotation":0,"texture":"#0","tintindex":0},"south":{"uv":[10.3125,12.0,10.5625,12.5],"rotation":0,"texture":"#0","tintindex":0},"north":{"uv":[12.0,7.4375,12.25,7.9375],"rotation":0,"texture":"#0","tintindex":0},"west":{"uv":[10.5625,12.0,10.8125,12.5],"rotation":0,"texture":"#0","tintindex":0},"up":{"uv":[5.8125,12.625,5.5625,12.375],"rotation":0,"texture":"#0","tintindex":0},"down":{"uv":[12.625,10.4375,12.375,10.6875],"rotation":0,"texture":"#0","tintindex":0}}},{"from":[8.714286,4.142857,3.7142854],"to":[11.0,8.142858,6.0],"rotation":{"angle":45.0,"axis":"x","origin":[7.714286,8.857143,6.5714283]},"faces":{"east":{"uv":[10.9375,1.4375,11.1875,1.875],"rotation":0,"texture":"#0","tintindex":0},"south":{"uv":[5.125,12.125,5.375,12.5625],"rotation":0,"texture":"#0","tintindex":0},"north":{"uv":[4.125,10.375,4.375,10.8125],"rotation":0,"texture":"#0","tintindex":0},"west":{"uv":[5.8125,12.125,6.0625,12.5625],"rotation":0,"texture":"#0","tintindex":0},"up":{"uv":[0.25,12.6875,0.0,12.4375],"rotation":0,"texture":"#0","tintindex":0},"down":{"uv":[0.5,12.4375,0.25,12.6875],"rotation":0,"texture":"#0","tintindex":0}}},{"from":[8.857143,2.7256699,2.0155892],"to":[11.142858,6.72567,4.301304],"rotation":{"angle":-22.5,"axis":"x","origin":[9.857143,5.72567,1.0155892]},"faces":{"east":{"uv":[6.625,12.125,6.875,12.5625],"rotation":0,"texture":"#0","tintindex":0},"south":{"uv":[12.1875,3.6875,12.4375,4.125],"rotation":0,"texture":"#0","tintindex":0},"north":{"uv":[6.0625,12.125,6.3125,12.5625],"rotation":0,"texture":"#0","tintindex":0},"west":{"uv":[12.1875,8.1875,12.4375,8.625],"rotation":0,"texture":"#0","tintindex":0},"up":{"uv":[0.75,12.6875,0.5,12.4375],"rotation":0,"texture":"#0","tintindex":0},"down":{"uv":[1.0,12.4375,0.75,12.6875],"rotation":0,"texture":"#0","tintindex":0}}}],"display":{"head":{"translation":[0.0,-6.4,0.0],"scale":[4.0,4.0,4.0]}}}