{"textures":{"0":"modelengine:entity/cyclops"},"elements":[{"from":[6.857143,-2.8571434,3.4285712],"to":[13.142858,9.142858,9.714286],"rotation":{"angle":0.0,"axis":"y","origin":[22.857143,10.285714,8.0]},"faces":{"east":{"uv":[5.0,6.0625,5.6875,7.375],"rotation":0,"texture":"#0","tintindex":0},"south":{"uv":[5.6875,6.0625,6.375,7.375],"rotation":0,"texture":"#0","tintindex":0},"north":{"uv":[0.5,6.0,1.1875,7.3125],"rotation":0,"texture":"#0","tintindex":0},"west":{"uv":[1.1875,6.125,1.875,7.4375],"rotation":0,"texture":"#0","tintindex":0},"up":{"uv":[1.375,10.5,0.6875,9.8125],"rotation":0,"texture":"#0","tintindex":0},"down":{"uv":[10.6875,1.875,10.0,2.5625],"rotation":0,"texture":"#0","tintindex":0}}},{"from":[6.285714,-3.000001,2.8571424],"to":[13.714286,-0.71428585,10.285714],"rotation":{"angle":0.0,"axis":"y","origin":[22.857143,10.142858,8.0]},"faces":{"east":{"uv":[11.625,10.875,12.4375,11.125],"rotation":0,"texture":"#0","tintindex":0},"south":{"uv":[11.625,11.125,12.4375,11.375],"rotation":0,"texture":"#0","tintindex":0},"north":{"uv":[11.5625,0.25,12.375,0.5],"rotation":0,"texture":"#0","tintindex":0},"west":{"uv":[11.6875,1.4375,12.5,1.6875],"rotation":0,"texture":"#0","tintindex":0},"up":{"uv":[1.625,8.75,0.8125,7.9375],"rotation":0,"texture":"#0","tintindex":0},"down":{"uv":[8.75,5.5,7.9375,6.3125],"rotation":0,"texture":"#0","tintindex":0}}},{"from":[7.142857,6.857143,6.428571],"to":[10.571428,10.857143,10.142858],"rotation":{"angle":0.0,"axis":"y","origin":[22.857143,10.285714,8.0]},"faces":{"east":{"uv":[3.1875,4.625,3.625,5.0625],"rotation":0,"texture":"#0","tintindex":0},"south":{"uv":[6.1875,10.375,6.5625,10.8125],"rotation":0,"texture":"#0","tintindex":0},"north":{"uv":[4.625,7.75,5.0,8.1875],"rotation":0,"texture":"#0","tintindex":0},"west":{"uv":[6.625,11.6875,7.0625,12.125],"rotation":0,"texture":"#0","tintindex":0},"up":{"uv":[12.3125,7.25,11.9375,6.8125],"rotation":0,"texture":"#0","tintindex":0},"down":{"uv":[12.3125,11.375,11.9375,11.8125],"rotation":0,"texture":"#0","tintindex":0}}}],"display":{"head":{"translation":[0.0,-6.4,0.0],"scale":[4.0,4.0,4.0]}}}