{"textures":{"0":"modelengine:entity/cyclops"},"elements":[{"from":[5.142857,-0.4285717,7.714286],"to":[10.285714,8.142858,13.428572],"rotation":{"angle":0.0,"axis":"y","origin":[2.2857141,20.142857,10.0]},"faces":{"east":{"uv":[4.4375,9.125,5.0625,10.0625],"rotation":0,"texture":"#0","tintindex":0},"south":{"uv":[7.75,9.6875,8.3125,10.625],"rotation":0,"texture":"#0","tintindex":0},"north":{"uv":[9.5625,3.75,10.125,4.6875],"rotation":0,"texture":"#0","tintindex":0},"west":{"uv":[9.1875,0.0,9.8125,0.9375],"rotation":0,"texture":"#0","tintindex":0},"up":{"uv":[7.125,11.6875,6.5625,11.0625],"rotation":0,"texture":"#0","tintindex":0},"down":{"uv":[11.625,10.875,11.0625,11.5],"rotation":0,"texture":"#0","tintindex":0}}},{"from":[5.714286,3.0,13.428572],"to":[9.714286,8.714286,15.142858],"rotation":{"angle":0.0,"axis":"y","origin":[2.2857141,20.142857,10.0]},"faces":{"east":{"uv":[8.5625,12.0625,8.75,12.6875],"rotation":0,"texture":"#0","tintindex":0},"south":{"uv":[11.5,6.8125,11.9375,7.4375],"rotation":0,"texture":"#0","tintindex":0},"north":{"uv":[5.9375,11.5,6.375,12.125],"rotation":0,"texture":"#0","tintindex":0},"west":{"uv":[8.75,12.0625,8.9375,12.6875],"rotation":0,"texture":"#0","tintindex":0},"up":{"uv":[2.5625,7.625,2.125,7.4375],"rotation":0,"texture":"#0","tintindex":0},"down":{"uv":[7.5625,10.4375,7.125,10.625],"rotation":0,"texture":"#0","tintindex":0}}},{"from":[6.0,5.8571424,6.5714283],"to":[9.428572,9.285714,8.285714],"rotation":{"angle":0.0,"axis":"y","origin":[2.2857141,20.142857,10.0]},"faces":{"east":{"uv":[4.125,12.375,4.3125,12.75],"rotation":0,"texture":"#0","tintindex":0},"south":{"uv":[3.9375,12.0,4.3125,12.375],"rotation":0,"texture":"#0","tintindex":0},"north":{"uv":[3.5625,12.0,3.9375,12.375],"rotation":0,"texture":"#0","tintindex":0},"west":{"uv":[12.375,4.3125,12.5625,4.6875],"rotation":0,"texture":"#0","tintindex":0},"up":{"uv":[4.9375,12.5625,4.5625,12.375],"rotation":0,"texture":"#0","tintindex":0},"down":{"uv":[12.75,4.6875,12.375,4.875],"rotation":0,"texture":"#0","tintindex":0}}}],"display":{"head":{"translation":[0.0,-6.4,0.0],"scale":[4.0,4.0,4.0]}}}