{"textures":{"0":"modelengine:entity/cyclops"},"elements":[{"from":[6.285714,5.714286,4.0],"to":[10.285714,10.857143,10.285714],"rotation":{"angle":22.5,"axis":"z","origin":[8.285714,8.285714,6.5714283]},"faces":{"east":{"uv":[10.8125,8.25,11.5,8.8125],"rotation":0,"texture":"#0","tintindex":0},"south":{"uv":[11.5625,9.25,12.0,9.8125],"rotation":0,"texture":"#0","tintindex":0},"north":{"uv":[11.5625,7.4375,12.0,8.0],"rotation":0,"texture":"#0","tintindex":0},"west":{"uv":[10.8125,8.8125,11.5,9.375],"rotation":0,"texture":"#0","tintindex":0},"up":{"uv":[11.8125,6.375,11.375,5.6875],"rotation":0,"texture":"#0","tintindex":0},"down":{"uv":[9.0625,11.375,8.625,12.0625],"rotation":0,"texture":"#0","tintindex":0}}},{"from":[9.332609,3.4355683,4.5714283],"to":[11.618323,6.86414,6.857143],"rotation":{"angle":22.5,"axis":"z","origin":[10.189752,4.435569,5.714286]},"faces":{"east":{"uv":[12.3125,11.75,12.5625,12.125],"rotation":0,"texture":"#0","tintindex":0},"south":{"uv":[12.3125,12.125,12.5625,12.5],"rotation":0,"texture":"#0","tintindex":0},"north":{"uv":[12.3125,11.375,12.5625,11.75],"rotation":0,"texture":"#0","tintindex":0},"west":{"uv":[12.375,0.75,12.625,1.125],"rotation":0,"texture":"#0","tintindex":0},"up":{"uv":[12.6875,3.9375,12.4375,3.6875],"rotation":0,"texture":"#0","tintindex":0},"down":{"uv":[12.6875,8.1875,12.4375,8.4375],"rotation":0,"texture":"#0","tintindex":0}}},{"from":[6.3326087,2.721283,4.714286],"to":[10.761181,4.86414,6.714286],"rotation":{"angle":22.5,"axis":"z","origin":[10.189752,4.435569,5.714286]},"faces":{"east":{"uv":[12.4375,9.625,12.6875,9.875],"rotation":0,"texture":"#0","tintindex":0},"south":{"uv":[8.75,6.875,9.25,7.125],"rotation":0,"texture":"#0","tintindex":0},"north":{"uv":[4.0,7.4375,4.5,7.6875],"rotation":0,"texture":"#0","tintindex":0},"west":{"uv":[12.4375,9.875,12.6875,10.125],"rotation":0,"texture":"#0","tintindex":0},"up":{"uv":[10.75,5.25,10.25,5.0],"rotation":0,"texture":"#0","tintindex":0},"down":{"uv":[12.5,1.125,12.0,1.375],"rotation":0,"texture":"#0","tintindex":0}}},{"from":[8.332609,4.149854,8.571428],"to":[10.618323,7.578426,10.857143],"rotation":{"angle":0.0,"axis":"y","origin":[9.189752,5.149854,9.714286]},"faces":{"east":{"uv":[1.75,12.375,2.0,12.75],"rotation":0,"texture":"#0","tintindex":0},"south":{"uv":[2.0,12.375,2.25,12.75],"rotation":0,"texture":"#0","tintindex":0},"north":{"uv":[1.5,12.375,1.75,12.75],"rotation":0,"texture":"#0","tintindex":0},"west":{"uv":[2.25,12.375,2.5,12.75],"rotation":0,"texture":"#0","tintindex":0},"up":{"uv":[12.6875,10.9375,12.4375,10.6875],"rotation":0,"texture":"#0","tintindex":0},"down":{"uv":[12.6875,10.9375,12.4375,11.1875],"rotation":0,"texture":"#0","tintindex":0}}},{"from":[8.332609,1.0069971,8.714286],"to":[10.618323,5.2927113,10.714286],"rotation":{"angle":-45.0,"axis":"z","origin":[9.189752,5.149854,9.714286]},"faces":{"east":{"uv":[11.0625,12.0,11.3125,12.5],"rotation":0,"texture":"#0","tintindex":0},"south":{"uv":[11.3125,12.0,11.5625,12.5],"rotation":0,"texture":"#0","tintindex":0},"north":{"uv":[10.8125,12.0,11.0625,12.5],"rotation":0,"texture":"#0","tintindex":0},"west":{"uv":[11.5625,12.0,11.8125,12.5],"rotation":0,"texture":"#0","tintindex":0},"up":{"uv":[12.75,1.375,12.5,1.125],"rotation":0,"texture":"#0","tintindex":0},"down":{"uv":[12.75,1.375,12.5,1.625],"rotation":0,"texture":"#0","tintindex":0}}},{"from":[4.5714283,5.0,2.7142854],"to":[6.857143,9.0,5.0],"rotation":{"angle":22.5,"axis":"x","origin":[6.142857,6.285714,4.8571424]},"faces":{"east":{"uv":[12.25,5.625,12.5,6.0625],"rotation":0,"texture":"#0","tintindex":0},"south":{"uv":[12.25,6.3125,12.5,6.75],"rotation":0,"texture":"#0","tintindex":0},"north":{"uv":[12.1875,9.75,12.4375,10.1875],"rotation":0,"texture":"#0","tintindex":0},"west":{"uv":[6.875,12.25,7.125,12.6875],"rotation":0,"texture":"#0","tintindex":0},"up":{"uv":[12.75,1.875,12.5,1.625],"rotation":0,"texture":"#0","tintindex":0},"down":{"uv":[4.5625,12.5,4.3125,12.75],"rotation":0,"texture":"#0","tintindex":0}}},{"from":[3.8546453,4.222387,3.142857],"to":[6.14036,6.650958,7.0],"rotation":{"angle":22.5,"axis":"x","origin":[6.14036,5.4366727,4.285714]},"faces":{"east":{"uv":[12.1875,8.625,12.625,8.875],"rotation":0,"texture":"#0","tintindex":0},"south":{"uv":[12.5,5.75,12.75,6.0],"rotation":0,"texture":"#0","tintindex":0},"north":{"uv":[12.5,5.5,12.75,5.75],"rotation":0,"texture":"#0","tintindex":0},"west":{"uv":[12.1875,10.1875,12.625,10.4375],"rotation":0,"texture":"#0","tintindex":0},"up":{"uv":[7.375,12.6875,7.125,12.25],"rotation":0,"texture":"#0","tintindex":0},"down":{"uv":[7.625,12.25,7.375,12.6875],"rotation":0,"texture":"#0","tintindex":0}}}],"display":{"head":{"translation":[0.0,-6.4,0.0],"scale":[4.0,4.0,4.0]}}}