{"textures":{"0":"modelengine:entity/cyclops"},"elements":[{"from":[5.714286,-2.8571434,4.5714283],"to":[12.0,9.142858,10.857143],"rotation":{"angle":0.0,"axis":"y","origin":[-4.000001,10.285714,9.142858]},"faces":{"east":{"uv":[2.5625,6.3125,3.25,7.625],"rotation":0,"texture":"#0","tintindex":0},"south":{"uv":[3.25,6.3125,3.9375,7.625],"rotation":0,"texture":"#0","tintindex":0},"north":{"uv":[1.875,6.125,2.5625,7.4375],"rotation":0,"texture":"#0","tintindex":0},"west":{"uv":[6.375,6.0625,7.0625,7.375],"rotation":0,"texture":"#0","tintindex":0},"up":{"uv":[10.6875,6.4375,10.0,5.75],"rotation":0,"texture":"#0","tintindex":0},"down":{"uv":[9.6875,10.0,9.0,10.6875],"rotation":0,"texture":"#0","tintindex":0}}},{"from":[5.142857,-3.000001,4.0],"to":[12.571428,-0.71428585,11.428572],"rotation":{"angle":0.0,"axis":"y","origin":[-4.000001,10.142858,9.142858]},"faces":{"east":{"uv":[11.75,1.9375,12.5625,2.1875],"rotation":0,"texture":"#0","tintindex":0},"south":{"uv":[11.75,2.1875,12.5625,2.4375],"rotation":0,"texture":"#0","tintindex":0},"north":{"uv":[11.6875,1.6875,12.5,1.9375],"rotation":0,"texture":"#0","tintindex":0},"west":{"uv":[11.75,2.4375,12.5625,2.6875],"rotation":0,"texture":"#0","tintindex":0},"up":{"uv":[8.75,7.125,7.9375,6.3125],"rotation":0,"texture":"#0","tintindex":0},"down":{"uv":[5.4375,8.3125,4.625,9.125],"rotation":0,"texture":"#0","tintindex":0}}},{"from":[8.285714,6.857143,7.5714283],"to":[11.714286,10.857143,11.285714],"rotation":{"angle":0.0,"axis":"y","origin":[-4.000001,10.285714,9.142858]},"faces":{"east":{"uv":[11.8125,5.625,12.25,6.0625],"rotation":0,"texture":"#0","tintindex":0},"south":{"uv":[0.0,12.0,0.375,12.4375],"rotation":0,"texture":"#0","tintindex":0},"north":{"uv":[11.9375,11.8125,12.3125,12.25],"rotation":0,"texture":"#0","tintindex":0},"west":{"uv":[11.875,2.6875,12.3125,3.125],"rotation":0,"texture":"#0","tintindex":0},"up":{"uv":[0.75,12.4375,0.375,12.0],"rotation":0,"texture":"#0","tintindex":0},"down":{"uv":[1.125,12.0,0.75,12.4375],"rotation":0,"texture":"#0","tintindex":0}}}],"display":{"head":{"translation":[0.0,-6.4,0.0],"scale":[4.0,4.0,4.0]}}}