{"textures":{"0":"modelengine:entity/cyclops"},"elements":[{"from":[5.142857,0.5714283,3.4285712],"to":[10.857143,9.142858,11.428572],"rotation":{"angle":0.0,"axis":"y","origin":[2.2857141,9.142858,6.285714]},"faces":{"east":{"uv":[7.0625,6.9375,7.9375,7.875],"rotation":0,"texture":"#0","tintindex":0},"south":{"uv":[8.9375,3.75,9.5625,4.6875],"rotation":0,"texture":"#0","tintindex":0},"north":{"uv":[8.9375,2.8125,9.5625,3.75],"rotation":0,"texture":"#0","tintindex":0},"west":{"uv":[5.0,7.375,5.875,8.3125],"rotation":0,"texture":"#0","tintindex":0},"up":{"uv":[10.0,6.8125,9.375,5.9375],"rotation":0,"texture":"#0","tintindex":0},"down":{"uv":[7.1875,9.375,6.5625,10.25],"rotation":0,"texture":"#0","tintindex":0}}},{"from":[5.428571,-2.8571434,4.0],"to":[10.0,0.5714283,10.285714],"rotation":{"angle":0.0,"axis":"y","origin":[2.2857141,9.142858,6.285714]},"faces":{"east":{"uv":[11.5,8.25,12.1875,8.625],"rotation":0,"texture":"#0","tintindex":0},"south":{"uv":[9.0625,11.875,9.5625,12.25],"rotation":0,"texture":"#0","tintindex":0},"north":{"uv":[8.0625,11.875,8.5625,12.25],"rotation":0,"texture":"#0","tintindex":0},"west":{"uv":[11.5,8.625,12.1875,9.0],"rotation":0,"texture":"#0","tintindex":0},"up":{"uv":[8.125,11.875,7.625,11.1875],"rotation":0,"texture":"#0","tintindex":0},"down":{"uv":[8.625,11.1875,8.125,11.875],"rotation":0,"texture":"#0","tintindex":0}}},{"from":[3.142857,2.8571424,6.857143],"to":[7.714286,8.0,12.571428],"rotation":{"angle":0.0,"axis":"y","origin":[2.2857141,9.142858,6.285714]},"faces":{"east":{"uv":[5.9375,10.9375,6.5625,11.5],"rotation":0,"texture":"#0","tintindex":0},"south":{"uv":[4.625,11.5,5.125,12.0625],"rotation":0,"texture":"#0","tintindex":0},"north":{"uv":[11.5,3.3125,12.0,3.875],"rotation":0,"texture":"#0","tintindex":0},"west":{"uv":[10.9375,7.4375,11.5625,8.0],"rotation":0,"texture":"#0","tintindex":0},"up":{"uv":[4.625,12.0,4.125,11.375],"rotation":0,"texture":"#0","tintindex":0},"down":{"uv":[11.875,4.375,11.375,5.0],"rotation":0,"texture":"#0","tintindex":0}}}],"display":{"head":{"translation":[0.0,-6.4,0.0],"scale":[4.0,4.0,4.0]}}}