{"textures":{"0":"modelengine:entity/baby_bear"},"elements":[{"from":[7.142857,6.857143,6.342857],"to":[8.857143,8.0,8.6285715],"rotation":{"angle":0.0,"axis":"y","origin":[10.571428,6.857143,6.342857]},"faces":{"east":{"uv":[9.0,1.25,8.0,1.75],"rotation":0,"texture":"#0","tintindex":0},"south":{"uv":[11.0,2.5,10.25,3.0],"rotation":0,"texture":"#0","tintindex":0},"north":{"uv":[10.75,4.25,10.0,4.75],"rotation":0,"texture":"#0","tintindex":0},"west":{"uv":[8.75,3.25,7.75,3.75],"rotation":0,"texture":"#0","tintindex":0},"up":{"uv":[11.75,1.0,12.5,0.0],"rotation":0,"texture":"#0","tintindex":0},"down":{"uv":[11.75,2.25,12.5,3.25],"rotation":0,"texture":"#0","tintindex":0}}}],"display":{"head":{"translation":[0.0,-6.4,0.0],"scale":[4.0,4.0,4.0]}}}