{"textures":{"0":"modelengine:entity/baby_bear"},"elements":[{"from":[7.428571,7.285714,7.5714283],"to":[8.571428,8.714286,10.142858],"rotation":{"angle":0.0,"axis":"y","origin":[12.571428,2.6,-0.77142906]},"faces":{"east":{"uv":[9.0,11.75,10.125,12.375],"rotation":0,"texture":"#0","tintindex":0},"south":{"uv":[0.75,13.25,1.25,13.875],"rotation":0,"texture":"#0","tintindex":0},"north":{"uv":[10.25,13.0,10.75,13.625],"rotation":0,"texture":"#0","tintindex":0},"west":{"uv":[11.75,9.5,12.875,10.125],"rotation":0,"texture":"#0","tintindex":0},"up":{"uv":[8.0,12.875,7.5,11.75],"rotation":0,"texture":"#0","tintindex":0},"down":{"uv":[2.75,12.25,2.25,13.375],"rotation":0,"texture":"#0","tintindex":0}}}],"display":{"head":{"translation":[0.0,-6.4,0.0],"scale":[4.0,4.0,4.0]}}}