{"textures":{"0":"modelengine:entity/baby_bear"},"elements":[{"from":[7.0720353,7.8175983,7.8142858],"to":[9.072035,9.817598,8.671429],"rotation":{"angle":-22.5,"axis":"z","origin":[6.3577495,6.9604554,8.1]},"faces":{"east":{"uv":[5.75,13.0,6.125,13.875],"rotation":0,"texture":"#0","tintindex":0},"south":{"uv":[8.0,11.5,8.875,12.375],"rotation":0,"texture":"#0","tintindex":0},"north":{"uv":[5.75,11.5,6.625,12.375],"rotation":0,"texture":"#0","tintindex":0},"west":{"uv":[6.25,13.0,6.625,13.875],"rotation":0,"texture":"#0","tintindex":0},"up":{"uv":[13.875,6.125,13.0,5.75],"rotation":0,"texture":"#0","tintindex":0},"down":{"uv":[8.375,13.0,7.5,13.375],"rotation":0,"texture":"#0","tintindex":0}}},{"from":[7.937955,7.020203,7.757143],"to":[9.195098,8.7344885,7.757143],"rotation":{"angle":-45.0,"axis":"z","origin":[8.652241,8.020203,8.242857]},"faces":{"east":{"uv":[0.0,0.0,0.0,0.75],"rotation":0,"texture":"#0","tintindex":0},"south":{"uv":[2.75,9.5,3.25,10.25],"rotation":0,"texture":"#0","tintindex":0},"north":{"uv":[3.25,8.0,3.75,8.75],"rotation":0,"texture":"#0","tintindex":0},"west":{"uv":[0.0,0.0,0.0,0.75],"rotation":0,"texture":"#0","tintindex":0},"up":{"uv":[0.5,0.0,0.0,0.0],"rotation":0,"texture":"#0","tintindex":0},"down":{"uv":[0.5,0.0,0.0,0.0],"rotation":0,"texture":"#0","tintindex":0}}}],"display":{"head":{"translation":[0.0,-6.4,0.0],"scale":[4.0,4.0,4.0]}}}