{"textures":{"0":"modelengine:entity/baby_bear"},"elements":[{"from":[6.8,6.447619,6.1714287],"to":[9.2,9.7047615,9.314285],"rotation":{"angle":0.0,"axis":"y","origin":[8.571428,4.1761904,1.5999999]},"faces":{"east":{"uv":[10.125,5.75,8.75,7.125],"rotation":0,"texture":"#0","tintindex":0},"south":{"uv":[6.25,9.25,5.25,10.625],"rotation":0,"texture":"#0","tintindex":0},"north":{"uv":[1.0,9.25,0.0,10.625],"rotation":0,"texture":"#0","tintindex":0},"west":{"uv":[8.625,8.0,7.25,9.375],"rotation":0,"texture":"#0","tintindex":0},"up":{"uv":[6.25,10.625,7.25,9.25],"rotation":0,"texture":"#0","tintindex":0},"down":{"uv":[1.0,9.5,2.0,10.875],"rotation":0,"texture":"#0","tintindex":0}}}],"display":{"head":{"translation":[0.0,-6.4,0.0],"scale":[4.0,4.0,4.0]}}}