{"textures":{"0":"modelengine:entity/baby_bear"},"elements":[{"from":[6.0,5.5523806,4.466666],"to":[10.0,9.895238,7.7809525],"rotation":{"angle":0.0,"axis":"y","origin":[3.4285712,3.1523805,0.46666622]},"faces":{"east":{"uv":[7.25,6.0,8.75,7.875],"rotation":0,"texture":"#0","tintindex":0},"south":{"uv":[2.0,6.0,3.75,7.875],"rotation":0,"texture":"#0","tintindex":0},"north":{"uv":[6.0,1.75,7.75,3.625],"rotation":0,"texture":"#0","tintindex":0},"west":{"uv":[7.5,3.75,9.0,5.625],"rotation":0,"texture":"#0","tintindex":0},"up":{"uv":[1.75,9.25,0.0,7.75],"rotation":0,"texture":"#0","tintindex":0},"down":{"uv":[9.5,1.75,7.75,3.25],"rotation":0,"texture":"#0","tintindex":0}}},{"from":[6.0214286,5.717671,6.9499826],"to":[9.978572,9.729948,8.611922],"rotation":{"angle":22.5,"axis":"x","origin":[8.0,7.7238097,7.7809525]},"faces":{"east":{"uv":[2.75,9.5,2.0,11.25],"rotation":0,"texture":"#0","tintindex":0},"south":{"uv":[7.25,6.0,5.5,7.75],"rotation":0,"texture":"#0","tintindex":0},"north":{"uv":[5.5,6.0,3.75,7.75],"rotation":0,"texture":"#0","tintindex":0},"west":{"uv":[10.25,1.25,9.5,3.0],"rotation":0,"texture":"#0","tintindex":0},"up":{"uv":[9.0,5.5,10.75,4.75],"rotation":0,"texture":"#0","tintindex":0},"down":{"uv":[9.75,8.75,11.5,9.5],"rotation":0,"texture":"#0","tintindex":0}}}],"display":{"head":{"translation":[0.0,-6.4,0.0],"scale":[4.0,4.0,4.0]}}}