{"textures":{"0":"modelengine:entity/baby_bear"},"elements":[{"from":[7.0857143,5.8142853,6.985714],"to":[8.914286,8.271429,8.985714],"rotation":{"angle":0.0,"axis":"y","origin":[8.0,5.242857,7.5571427]},"faces":{"east":{"uv":[11.125,5.5,10.25,6.625],"rotation":0,"texture":"#0","tintindex":0},"south":{"uv":[11.75,0.0,11.0,1.125],"rotation":0,"texture":"#0","tintindex":0},"north":{"uv":[11.0,10.75,10.25,11.875],"rotation":0,"texture":"#0","tintindex":0},"west":{"uv":[11.125,1.25,10.25,2.375],"rotation":0,"texture":"#0","tintindex":0},"up":{"uv":[0.0,12.875,0.75,12.0],"rotation":0,"texture":"#0","tintindex":0},"down":{"uv":[4.25,12.0,5.0,12.875],"rotation":0,"texture":"#0","tintindex":0}}}],"display":{"head":{"translation":[0.0,-6.4,0.0],"scale":[4.0,4.0,4.0]}}}