{"textures":{"0":"modelengine:entity/baby_bear"},"elements":[{"from":[7.0857143,6.3,6.928571],"to":[8.914286,8.3,8.928572],"rotation":{"angle":0.0,"axis":"y","origin":[8.571428,5.7285714,1.3571424]},"faces":{"east":{"uv":[12.125,5.5,11.25,6.375],"rotation":0,"texture":"#0","tintindex":0},"south":{"uv":[2.25,12.25,1.5,13.125],"rotation":0,"texture":"#0","tintindex":0},"north":{"uv":[13.0,1.0,12.25,1.875],"rotation":0,"texture":"#0","tintindex":0},"west":{"uv":[2.625,11.25,1.75,12.125],"rotation":0,"texture":"#0","tintindex":0},"up":{"uv":[12.25,6.125,13.0,5.25],"rotation":0,"texture":"#0","tintindex":0},"down":{"uv":[12.0,12.25,12.75,13.125],"rotation":0,"texture":"#0","tintindex":0}}}],"display":{"head":{"translation":[0.0,-6.4,0.0],"scale":[4.0,4.0,4.0]}}}