{"textures":{"0":"modelengine:entity/baby_bear"},"elements":[{"from":[7.142857,6.857143,6.4],"to":[8.857143,8.0,8.685715],"rotation":{"angle":0.0,"axis":"y","origin":[11.142858,6.857143,0.25714254]},"faces":{"east":{"uv":[13.5,8.0,12.5,8.5],"rotation":0,"texture":"#0","tintindex":0},"south":{"uv":[5.0,13.0,4.25,13.5],"rotation":0,"texture":"#0","tintindex":0},"north":{"uv":[13.75,1.25,13.0,1.75],"rotation":0,"texture":"#0","tintindex":0},"west":{"uv":[9.0,12.5,8.0,13.0],"rotation":0,"texture":"#0","tintindex":0},"up":{"uv":[6.75,12.75,7.5,11.75],"rotation":0,"texture":"#0","tintindex":0},"down":{"uv":[11.75,7.5,12.5,8.5],"rotation":0,"texture":"#0","tintindex":0}}}],"display":{"head":{"translation":[0.0,-6.4,0.0],"scale":[4.0,4.0,4.0]}}}