{"textures":{"0":"modelengine:entity/baby_bear"},"elements":[{"from":[7.0857143,5.8142853,6.985714],"to":[8.914286,8.271429,8.985714],"rotation":{"angle":0.0,"axis":"y","origin":[8.0,5.242857,7.5571427]},"faces":{"east":{"uv":[10.25,1.25,11.125,2.375],"rotation":0,"texture":"#0","tintindex":0},"south":{"uv":[11.0,0.0,11.75,1.125],"rotation":0,"texture":"#0","tintindex":0},"north":{"uv":[10.25,10.75,11.0,11.875],"rotation":0,"texture":"#0","tintindex":0},"west":{"uv":[10.25,5.5,11.125,6.625],"rotation":0,"texture":"#0","tintindex":0},"up":{"uv":[0.75,12.875,0.0,12.0],"rotation":0,"texture":"#0","tintindex":0},"down":{"uv":[5.0,12.0,4.25,12.875],"rotation":0,"texture":"#0","tintindex":0}}}],"display":{"head":{"translation":[0.0,-6.4,0.0],"scale":[4.0,4.0,4.0]}}}