{"textures":{"0":"modelengine:entity/baby_bear"},"elements":[{"from":[7.142857,7.428571,6.9357142],"to":[8.857143,8.0,8.007143],"rotation":{"angle":0.0,"axis":"y","origin":[3.4285712,2.5714283,9.864285]},"faces":{"east":{"uv":[7.5,5.75,8.0,6.0],"rotation":0,"texture":"#0","tintindex":0},"south":{"uv":[6.75,3.75,7.5,4.0],"rotation":0,"texture":"#0","tintindex":0},"north":{"uv":[6.0,3.75,6.75,4.0],"rotation":0,"texture":"#0","tintindex":0},"west":{"uv":[8.0,5.75,8.5,6.0],"rotation":0,"texture":"#0","tintindex":0},"up":{"uv":[5.75,13.5,5.0,13.0],"rotation":0,"texture":"#0","tintindex":0},"down":{"uv":[13.75,5.25,13.0,5.75],"rotation":0,"texture":"#0","tintindex":0}}}],"display":{"head":{"translation":[0.0,-6.4,0.0],"scale":[4.0,4.0,4.0]}}}