{"textures":{"0":"modelengine:entity/baby_bear"},"elements":[{"from":[6.9279647,7.8175983,7.8142858],"to":[8.927965,9.817598,8.671429],"rotation":{"angle":22.5,"axis":"z","origin":[9.64225,6.9604554,8.1]},"faces":{"east":{"uv":[6.625,13.0,6.25,13.875],"rotation":0,"texture":"#0","tintindex":0},"south":{"uv":[8.875,11.5,8.0,12.375],"rotation":0,"texture":"#0","tintindex":0},"north":{"uv":[6.625,11.5,5.75,12.375],"rotation":0,"texture":"#0","tintindex":0},"west":{"uv":[6.125,13.0,5.75,13.875],"rotation":0,"texture":"#0","tintindex":0},"up":{"uv":[13.0,6.125,13.875,5.75],"rotation":0,"texture":"#0","tintindex":0},"down":{"uv":[7.5,13.0,8.375,13.375],"rotation":0,"texture":"#0","tintindex":0}}},{"from":[6.804902,7.020203,7.757143],"to":[8.062045,8.7344885,7.757143],"rotation":{"angle":45.0,"axis":"z","origin":[7.3477592,8.020203,8.242857]},"faces":{"east":{"uv":[0.0,0.0,0.0,0.75],"rotation":0,"texture":"#0","tintindex":0},"south":{"uv":[3.25,9.5,2.75,10.25],"rotation":0,"texture":"#0","tintindex":0},"north":{"uv":[3.75,8.0,3.25,8.75],"rotation":0,"texture":"#0","tintindex":0},"west":{"uv":[0.0,0.0,0.0,0.75],"rotation":0,"texture":"#0","tintindex":0},"up":{"uv":[0.0,0.0,0.5,0.0],"rotation":0,"texture":"#0","tintindex":0},"down":{"uv":[0.0,0.0,0.5,0.0],"rotation":0,"texture":"#0","tintindex":0}}}],"display":{"head":{"translation":[0.0,-6.4,0.0],"scale":[4.0,4.0,4.0]}}}