{"textures":{"0":"modelengine:entity/baby_bear"},"elements":[{"from":[5.714286,5.714286,4.0],"to":[10.285714,10.285714,8.0],"rotation":{"angle":0.0,"axis":"y","origin":[3.4285712,3.4285712,4.0]},"faces":{"east":{"uv":[4.0,4.0,5.75,6.0],"rotation":0,"texture":"#0","tintindex":0},"south":{"uv":[0.0,2.0,2.0,4.0],"rotation":0,"texture":"#0","tintindex":0},"north":{"uv":[0.0,0.0,2.0,2.0],"rotation":0,"texture":"#0","tintindex":0},"west":{"uv":[5.75,4.0,7.5,6.0],"rotation":0,"texture":"#0","tintindex":0},"up":{"uv":[2.0,7.75,0.0,6.0],"rotation":0,"texture":"#0","tintindex":0},"down":{"uv":[8.0,0.0,6.0,1.75],"rotation":0,"texture":"#0","tintindex":0}}}],"display":{"head":{"translation":[0.0,-6.4,0.0],"scale":[4.0,4.0,4.0]}}}