{"textures":{"0":"modelengine:entity/baby_bear"},"elements":[{"from":[7.0,7.507016,3.5605288],"to":[9.0,8.678445,4.703386],"rotation":{"angle":0.0,"axis":"y","origin":[3.4285712,2.0784445,6.5605288]},"faces":{"east":{"uv":[9.0,1.25,9.5,1.75],"rotation":0,"texture":"#0","tintindex":0},"south":{"uv":[12.75,11.0,13.625,11.5],"rotation":0,"texture":"#0","tintindex":0},"north":{"uv":[12.75,7.0,13.625,7.5],"rotation":0,"texture":"#0","tintindex":0},"west":{"uv":[10.25,6.75,10.75,7.25],"rotation":0,"texture":"#0","tintindex":0},"up":{"uv":[13.625,12.0,12.75,11.5],"rotation":0,"texture":"#0","tintindex":0},"down":{"uv":[13.625,12.0,12.75,12.5],"rotation":0,"texture":"#0","tintindex":0}}},{"from":[7.5714283,8.221302,3.5033855],"to":[8.428572,8.735587,3.9891],"rotation":{"angle":0.0,"axis":"y","origin":[3.4285712,2.0784445,6.5605288]},"faces":{"east":{"uv":[1.75,7.75,2.0,8.0],"rotation":0,"texture":"#0","tintindex":0},"south":{"uv":[5.25,9.0,5.625,9.25],"rotation":0,"texture":"#0","tintindex":0},"north":{"uv":[3.25,8.75,3.625,9.0],"rotation":0,"texture":"#0","tintindex":0},"west":{"uv":[8.5,5.75,8.75,6.0],"rotation":0,"texture":"#0","tintindex":0},"up":{"uv":[9.375,5.75,9.0,5.5],"rotation":0,"texture":"#0","tintindex":0},"down":{"uv":[1.375,9.25,1.0,9.5],"rotation":0,"texture":"#0","tintindex":0}}},{"from":[5.8714285,5.315464,5.4041014],"to":[10.1285715,7.086893,8.146958],"rotation":{"angle":22.5,"axis":"x","origin":[8.0,7.6011786,7.6898155]},"faces":{"east":{"uv":[5.75,10.75,7.0,11.5],"rotation":0,"texture":"#0","tintindex":0},"south":{"uv":[8.75,8.0,10.625,8.75],"rotation":0,"texture":"#0","tintindex":0},"north":{"uv":[8.75,7.25,10.625,8.0],"rotation":0,"texture":"#0","tintindex":0},"west":{"uv":[10.75,6.75,12.0,7.5],"rotation":0,"texture":"#0","tintindex":0},"up":{"uv":[5.625,9.0,3.75,7.75],"rotation":0,"texture":"#0","tintindex":0},"down":{"uv":[9.875,0.0,8.0,1.25],"rotation":0,"texture":"#0","tintindex":0}}},{"from":[5.8571424,6.3641586,4.703386],"to":[10.142858,10.935588,9.274815],"rotation":{"angle":0.0,"axis":"y","origin":[8.0,8.649873,6.9891]},"faces":{"east":{"uv":[2.0,0.0,4.0,2.0],"rotation":0,"texture":"#0","tintindex":0},"south":{"uv":[4.0,0.0,5.875,2.0],"rotation":0,"texture":"#0","tintindex":0},"north":{"uv":[0.0,4.0,1.875,6.0],"rotation":0,"texture":"#0","tintindex":0},"west":{"uv":[2.0,2.0,4.0,4.0],"rotation":0,"texture":"#0","tintindex":0},"up":{"uv":[3.875,6.0,2.0,4.0],"rotation":0,"texture":"#0","tintindex":0},"down":{"uv":[5.875,2.0,4.0,4.0],"rotation":0,"texture":"#0","tintindex":0}}},{"from":[8.6,10.278444,4.4748144],"to":[9.914286,11.021302,4.703386],"rotation":{"angle":0.0,"axis":"y","origin":[8.0,8.649873,6.9891]},"faces":{"east":{"uv":[8.75,3.25,8.875,3.625],"rotation":0,"texture":"#0","tintindex":0},"south":{"uv":[13.25,1.75,13.875,2.125],"rotation":0,"texture":"#0","tintindex":0},"north":{"uv":[1.25,13.25,1.875,13.625],"rotation":0,"texture":"#0","tintindex":0},"west":{"uv":[9.25,10.25,9.375,10.625],"rotation":0,"texture":"#0","tintindex":0},"up":{"uv":[10.125,5.625,9.5,5.5],"rotation":0,"texture":"#0","tintindex":0},"down":{"uv":[11.375,8.5,10.75,8.625],"rotation":0,"texture":"#0","tintindex":0}}},{"from":[6.0857143,10.278444,4.4748144],"to":[7.4,11.021302,4.703386],"rotation":{"angle":0.0,"axis":"y","origin":[8.0,8.649873,6.9891]},"faces":{"east":{"uv":[9.5,10.25,9.625,10.625],"rotation":0,"texture":"#0","tintindex":0},"south":{"uv":[13.25,2.75,13.875,3.125],"rotation":0,"texture":"#0","tintindex":0},"north":{"uv":[13.25,2.25,13.875,2.625],"rotation":0,"texture":"#0","tintindex":0},"west":{"uv":[8.0,10.75,8.125,11.125],"rotation":0,"texture":"#0","tintindex":0},"up":{"uv":[11.875,6.625,11.25,6.5],"rotation":0,"texture":"#0","tintindex":0},"down":{"uv":[13.875,0.5,13.25,0.625],"rotation":0,"texture":"#0","tintindex":0}}},{"from":[8.771429,7.0498734,4.531957],"to":[10.257143,8.821301,6.1891003],"rotation":{"angle":0.0,"axis":"y","origin":[8.0,8.649873,6.9891]},"faces":{"east":{"uv":[12.5,0.0,13.25,0.75],"rotation":0,"texture":"#0","tintindex":0},"south":{"uv":[9.0,12.5,9.625,13.25],"rotation":0,"texture":"#0","tintindex":0},"north":{"uv":[12.5,8.5,13.125,9.25],"rotation":0,"texture":"#0","tintindex":0},"west":{"uv":[12.5,2.0,13.25,2.75],"rotation":0,"texture":"#0","tintindex":0},"up":{"uv":[11.625,13.25,11.0,12.5],"rotation":0,"texture":"#0","tintindex":0},"down":{"uv":[3.375,12.75,2.75,13.5],"rotation":0,"texture":"#0","tintindex":0}}},{"from":[5.742857,7.0498734,4.531957],"to":[7.2285714,8.821301,6.1891003],"rotation":{"angle":0.0,"axis":"y","origin":[8.0,8.649873,6.9891]},"faces":{"east":{"uv":[12.5,2.75,13.25,3.5],"rotation":0,"texture":"#0","tintindex":0},"south":{"uv":[12.75,6.25,13.375,7.0],"rotation":0,"texture":"#0","tintindex":0},"north":{"uv":[3.5,12.75,4.125,13.5],"rotation":0,"texture":"#0","tintindex":0},"west":{"uv":[12.5,3.5,13.25,4.25],"rotation":0,"texture":"#0","tintindex":0},"up":{"uv":[7.375,13.5,6.75,12.75],"rotation":0,"texture":"#0","tintindex":0},"down":{"uv":[13.375,10.25,12.75,11.0],"rotation":0,"texture":"#0","tintindex":0}}}],"display":{"head":{"translation":[0.0,-6.4,0.0],"scale":[4.0,4.0,4.0]}}}