{"textures":{"0":"modelengine:entity/baby_bear"},"elements":[{"from":[6.942857,6.5333333,6.714286],"to":[9.057143,9.219048,9.0],"rotation":{"angle":0.0,"axis":"y","origin":[8.0,3.733333,7.428571]},"faces":{"east":{"uv":[7.25,9.5,8.25,10.625],"rotation":0,"texture":"#0","tintindex":0},"south":{"uv":[2.75,10.5,3.625,11.625],"rotation":0,"texture":"#0","tintindex":0},"north":{"uv":[8.25,10.25,9.125,11.375],"rotation":0,"texture":"#0","tintindex":0},"west":{"uv":[9.75,9.5,10.75,10.625],"rotation":0,"texture":"#0","tintindex":0},"up":{"uv":[7.875,11.75,7.0,10.75],"rotation":0,"texture":"#0","tintindex":0},"down":{"uv":[11.625,7.5,10.75,8.5],"rotation":0,"texture":"#0","tintindex":0}}}],"display":{"head":{"translation":[0.0,-6.4,0.0],"scale":[4.0,4.0,4.0]}}}