{"textures":{"0":"modelengine:entity/baby_bear"},"elements":[{"from":[6.8,6.447619,6.1714287],"to":[9.2,9.7047615,9.314285],"rotation":{"angle":0.0,"axis":"y","origin":[7.428571,4.1761904,1.5999999]},"faces":{"east":{"uv":[7.25,8.0,8.625,9.375],"rotation":0,"texture":"#0","tintindex":0},"south":{"uv":[5.25,9.25,6.25,10.625],"rotation":0,"texture":"#0","tintindex":0},"north":{"uv":[0.0,9.25,1.0,10.625],"rotation":0,"texture":"#0","tintindex":0},"west":{"uv":[8.75,5.75,10.125,7.125],"rotation":0,"texture":"#0","tintindex":0},"up":{"uv":[7.25,10.625,6.25,9.25],"rotation":0,"texture":"#0","tintindex":0},"down":{"uv":[2.0,9.5,1.0,10.875],"rotation":0,"texture":"#0","tintindex":0}}}],"display":{"head":{"translation":[0.0,-6.4,0.0],"scale":[4.0,4.0,4.0]}}}