{"textures":{"0":"modelengine:entity/blacksmith"},"elements":[{"from":[5.142857,4.5714283,7.714286],"to":[10.857143,8.571428,8.285714],"rotation":{"angle":0.0,"axis":"y","origin":[8.0,1.1428566,6.142857]},"faces":{"east":{"uv":[4.0,6.875,4.125,7.75],"rotation":0,"texture":"#0","tintindex":0},"south":{"uv":[5.0,5.375,6.25,6.25],"rotation":0,"texture":"#0","tintindex":0},"north":{"uv":[5.375,0.875,6.625,1.75],"rotation":0,"texture":"#0","tintindex":0},"west":{"uv":[7.875,10.5,8.0,11.375],"rotation":0,"texture":"#0","tintindex":0},"up":{"uv":[11.625,5.0,10.375,4.875],"rotation":0,"texture":"#0","tintindex":0},"down":{"uv":[11.625,5.0,10.375,5.125],"rotation":0,"texture":"#0","tintindex":0}}},{"from":[5.428571,3.5714283,7.714857],"to":[8.285714,4.714286,8.285143],"rotation":{"angle":-22.5,"axis":"z","origin":[8.0,4.285714,8.0]},"faces":{"east":{"uv":[0.875,9.25,1.0,9.5],"rotation":0,"texture":"#0","tintindex":0},"south":{"uv":[5.125,10.375,5.75,10.625],"rotation":0,"texture":"#0","tintindex":0},"north":{"uv":[8.75,1.5,9.375,1.75],"rotation":0,"texture":"#0","tintindex":0},"west":{"uv":[9.625,2.75,9.75,3.0],"rotation":0,"texture":"#0","tintindex":0},"up":{"uv":[7.375,0.875,6.75,0.75],"rotation":0,"texture":"#0","tintindex":0},"down":{"uv":[8.125,6.0,7.5,6.125],"rotation":0,"texture":"#0","tintindex":0}}},{"from":[7.714286,3.5714283,7.714343],"to":[10.571428,4.714286,8.284629],"rotation":{"angle":22.5,"axis":"z","origin":[8.0,4.285714,8.0]},"faces":{"east":{"uv":[10.125,2.5,10.25,2.75],"rotation":0,"texture":"#0","tintindex":0},"south":{"uv":[10.375,7.5,11.0,7.75],"rotation":0,"texture":"#0","tintindex":0},"north":{"uv":[10.375,5.125,11.0,5.375],"rotation":0,"texture":"#0","tintindex":0},"west":{"uv":[4.625,11.0,4.75,11.25],"rotation":0,"texture":"#0","tintindex":0},"up":{"uv":[0.625,8.375,0.0,8.25],"rotation":0,"texture":"#0","tintindex":0},"down":{"uv":[9.375,6.875,8.75,7.0],"rotation":0,"texture":"#0","tintindex":0}}}],"display":{"head":{"translation":[0.0,-6.4,0.0],"scale":[4.0,4.0,4.0]}}}