{"textures":{"0":"modelengine:entity/blacksmith"},"elements":[{"from":[7.5034113,9.013587,6.8306265],"to":[8.646269,9.585015,8.544912],"rotation":{"angle":22.5,"axis":"x","origin":[8.07484,9.727873,7.8306265]},"faces":{"east":{"uv":[9.875,9.25,10.25,9.375],"rotation":0,"texture":"#0","tintindex":0},"south":{"uv":[7.5,11.0,7.75,11.125],"rotation":0,"texture":"#0","tintindex":0},"north":{"uv":[5.75,11.0,6.0,11.125],"rotation":0,"texture":"#0","tintindex":0},"west":{"uv":[10.0,1.125,10.375,1.25],"rotation":0,"texture":"#0","tintindex":0},"up":{"uv":[4.125,2.375,3.875,2.0],"rotation":0,"texture":"#0","tintindex":0},"down":{"uv":[2.375,5.5,2.125,5.875],"rotation":0,"texture":"#0","tintindex":0}}},{"from":[7.360554,8.585015,7.8306265],"to":[8.789125,9.156445,8.402055],"rotation":{"angle":-45.0,"axis":"x","origin":[8.07484,8.870729,8.116341]},"faces":{"east":{"uv":[11.125,3.0,11.25,3.125],"rotation":0,"texture":"#0","tintindex":0},"south":{"uv":[11.0,1.875,11.3125,2.0],"rotation":0,"texture":"#0","tintindex":0},"north":{"uv":[11.0,1.75,11.3125,1.875],"rotation":0,"texture":"#0","tintindex":0},"west":{"uv":[3.125,11.125,3.25,11.25],"rotation":0,"texture":"#0","tintindex":0},"up":{"uv":[11.3125,5.25,11.0,5.125],"rotation":0,"texture":"#0","tintindex":0},"down":{"uv":[11.3125,5.25,11.0,5.375],"rotation":0,"texture":"#0","tintindex":0}}},{"from":[7.5034113,8.299301,6.6877694],"to":[8.646269,9.442159,9.544912],"rotation":{"angle":0.0,"axis":"y","origin":[5.931983,-3.7006998,4.5449123]},"faces":{"east":{"uv":[10.375,7.75,11.0,8.0],"rotation":0,"texture":"#0","tintindex":0},"south":{"uv":[8.0,9.375,8.25,9.625],"rotation":0,"texture":"#0","tintindex":0},"north":{"uv":[5.375,1.75,5.625,2.0],"rotation":0,"texture":"#0","tintindex":0},"west":{"uv":[10.25,10.375,10.875,10.625],"rotation":0,"texture":"#0","tintindex":0},"up":{"uv":[8.0,0.625,7.75,0.0],"rotation":0,"texture":"#0","tintindex":0},"down":{"uv":[6.0,10.375,5.75,11.0],"rotation":0,"texture":"#0","tintindex":0}}},{"from":[7.7891254,3.1564436,7.8306265],"to":[8.360555,8.299301,8.402055],"rotation":{"angle":0.0,"axis":"y","origin":[5.931983,-3.7006998,4.5449123]},"faces":{"east":{"uv":[0.125,10.5,0.25,11.625],"rotation":0,"texture":"#0","tintindex":0},"south":{"uv":[0.25,10.5,0.375,11.625],"rotation":0,"texture":"#0","tintindex":0},"north":{"uv":[0.0,10.5,0.125,11.625],"rotation":0,"texture":"#0","tintindex":0},"west":{"uv":[0.375,10.5,0.5,11.625],"rotation":0,"texture":"#0","tintindex":0},"up":{"uv":[11.25,3.25,11.125,3.125],"rotation":0,"texture":"#0","tintindex":0},"down":{"uv":[3.375,11.125,3.25,11.25],"rotation":0,"texture":"#0","tintindex":0}}},{"from":[6.7891254,6.5850153,7.5449123],"to":[8.503411,7.156444,8.68777],"rotation":{"angle":-22.5,"axis":"z","origin":[8.360555,6.8707294,8.116341]},"faces":{"east":{"uv":[11.0,7.5,11.25,7.625],"rotation":0,"texture":"#0","tintindex":0},"south":{"uv":[7.5,10.875,7.875,11.0],"rotation":0,"texture":"#0","tintindex":0},"north":{"uv":[6.625,10.375,7.0,10.5],"rotation":0,"texture":"#0","tintindex":0},"west":{"uv":[11.0,7.625,11.25,7.75],"rotation":0,"texture":"#0","tintindex":0},"up":{"uv":[6.0,3.0,5.625,2.75],"rotation":0,"texture":"#0","tintindex":0},"down":{"uv":[6.375,4.25,6.0,4.5],"rotation":0,"texture":"#0","tintindex":0}}}],"display":{"head":{"translation":[0.0,-6.4,0.0],"scale":[4.0,4.0,4.0]}}}