{"textures":{"0":"modelengine:entity/blacksmith"},"elements":[{"from":[6.5714283,2.8571424,6.857143],"to":[9.428572,8.0,9.714286],"rotation":{"angle":0.0,"axis":"y","origin":[11.428572,-2.285715,7.714286]},"faces":{"east":{"uv":[2.75,6.875,3.375,8.0],"rotation":0,"texture":"#0","tintindex":0},"south":{"uv":[3.375,6.875,4.0,8.0],"rotation":0,"texture":"#0","tintindex":0},"north":{"uv":[3.5,4.75,4.125,5.875],"rotation":0,"texture":"#0","tintindex":0},"west":{"uv":[7.0,2.625,7.625,3.75],"rotation":0,"texture":"#0","tintindex":0},"up":{"uv":[6.375,9.75,5.75,9.125],"rotation":0,"texture":"#0","tintindex":0},"down":{"uv":[0.625,9.25,0.0,9.875],"rotation":0,"texture":"#0","tintindex":0}}},{"from":[6.857143,1.1428566,7.285714],"to":[9.142858,2.8571424,9.571428],"rotation":{"angle":22.5,"axis":"y","origin":[7.714286,1.9999995,8.285714]},"faces":{"east":{"uv":[10.25,9.25,10.75,9.625],"rotation":0,"texture":"#0","tintindex":0},"south":{"uv":[10.25,9.625,10.75,10.0],"rotation":0,"texture":"#0","tintindex":0},"north":{"uv":[8.5,10.25,9.0,10.625],"rotation":0,"texture":"#0","tintindex":0},"west":{"uv":[10.25,10.0,10.75,10.375],"rotation":0,"texture":"#0","tintindex":0},"up":{"uv":[5.125,10.5,4.625,10.0],"rotation":0,"texture":"#0","tintindex":0},"down":{"uv":[10.5,6.625,10.0,7.125],"rotation":0,"texture":"#0","tintindex":0}}}],"display":{"head":{"translation":[0.0,-6.4,0.0],"scale":[4.0,4.0,4.0]}}}