{"textures":{"0":"modelengine:entity/blacksmith"},"elements":[{"from":[6.5714283,5.714286,6.5714283],"to":[8.857143,8.571428,9.428572],"rotation":{"angle":0.0,"axis":"y","origin":[9.085714,4.5714283,8.0]},"faces":{"east":{"uv":[9.25,8.75,9.875,9.375],"rotation":0,"texture":"#0","tintindex":0},"south":{"uv":[9.75,9.375,10.25,10.0],"rotation":0,"texture":"#0","tintindex":0},"north":{"uv":[6.625,9.75,7.125,10.375],"rotation":0,"texture":"#0","tintindex":0},"west":{"uv":[9.375,0.0,10.0,0.625],"rotation":0,"texture":"#0","tintindex":0},"up":{"uv":[0.5,10.5,0.0,9.875],"rotation":0,"texture":"#0","tintindex":0},"down":{"uv":[1.375,9.875,0.875,10.5],"rotation":0,"texture":"#0","tintindex":0}}},{"from":[6.5714283,4.5714283,5.428571],"to":[8.857143,5.714286,9.428572],"rotation":{"angle":0.0,"axis":"y","origin":[9.085714,4.5714283,8.0]},"faces":{"east":{"uv":[4.125,6.0,5.0,6.25],"rotation":0,"texture":"#0","tintindex":0},"south":{"uv":[2.625,10.625,3.125,10.875],"rotation":0,"texture":"#0","tintindex":0},"north":{"uv":[10.625,2.125,11.125,2.375],"rotation":0,"texture":"#0","tintindex":0},"west":{"uv":[10.25,8.125,11.125,8.375],"rotation":0,"texture":"#0","tintindex":0},"up":{"uv":[7.25,9.75,6.75,8.875],"rotation":0,"texture":"#0","tintindex":0},"down":{"uv":[9.625,2.125,9.125,3.0],"rotation":0,"texture":"#0","tintindex":0}}}],"display":{"head":{"translation":[0.0,-6.4,0.0],"scale":[4.0,4.0,4.0]}}}