{"textures":{"0":"modelengine:entity/blacksmith"},"elements":[{"from":[5.142857,15.571428,5.8571424],"to":[6.285714,16.142857,10.142858],"rotation":{"angle":0.0,"axis":"y","origin":[8.0,1.1428566,8.0]},"faces":{"east":{"uv":[10.625,4.0,11.5625,4.125],"rotation":0,"texture":"#0","tintindex":0},"south":{"uv":[7.75,0.625,8.0,0.75],"rotation":0,"texture":"#0","tintindex":0},"north":{"uv":[3.875,2.375,4.125,2.5],"rotation":0,"texture":"#0","tintindex":0},"west":{"uv":[10.625,5.5,11.5625,5.625],"rotation":0,"texture":"#0","tintindex":0},"up":{"uv":[2.125,11.1875,1.875,10.25],"rotation":0,"texture":"#0","tintindex":0},"down":{"uv":[7.375,10.25,7.125,11.1875],"rotation":0,"texture":"#0","tintindex":0}}},{"from":[5.142857,9.285714,9.571428],"to":[6.285714,15.571428,10.142858],"rotation":{"angle":0.0,"axis":"y","origin":[8.0,1.1428566,8.0]},"faces":{"east":{"uv":[0.5,9.875,0.625,11.25],"rotation":0,"texture":"#0","tintindex":0},"south":{"uv":[6.375,9.125,6.625,10.5],"rotation":0,"texture":"#0","tintindex":0},"north":{"uv":[7.25,8.875,7.5,10.25],"rotation":0,"texture":"#0","tintindex":0},"west":{"uv":[3.75,10.125,3.875,11.5],"rotation":0,"texture":"#0","tintindex":0},"up":{"uv":[8.75,6.0,8.5,5.875],"rotation":0,"texture":"#0","tintindex":0},"down":{"uv":[9.75,6.375,9.5,6.5],"rotation":0,"texture":"#0","tintindex":0}}},{"from":[9.714286,9.285714,9.571428],"to":[10.857143,15.571428,10.142858],"rotation":{"angle":0.0,"axis":"y","origin":[8.0,1.1428566,8.0]},"faces":{"east":{"uv":[2.125,10.25,2.25,11.625],"rotation":0,"texture":"#0","tintindex":0},"south":{"uv":[3.875,9.375,4.125,10.75],"rotation":0,"texture":"#0","tintindex":0},"north":{"uv":[0.625,9.25,0.875,10.625],"rotation":0,"texture":"#0","tintindex":0},"west":{"uv":[7.375,10.25,7.5,11.625],"rotation":0,"texture":"#0","tintindex":0},"up":{"uv":[10.125,2.125,9.875,2.0],"rotation":0,"texture":"#0","tintindex":0},"down":{"uv":[10.375,4.125,10.125,4.25],"rotation":0,"texture":"#0","tintindex":0}}},{"from":[9.714286,15.571428,5.8571424],"to":[10.857143,16.142857,10.142858],"rotation":{"angle":0.0,"axis":"y","origin":[8.0,1.1428566,8.0]},"faces":{"east":{"uv":[10.625,5.625,11.5625,5.75],"rotation":0,"texture":"#0","tintindex":0},"south":{"uv":[5.5,11.0,5.75,11.125],"rotation":0,"texture":"#0","tintindex":0},"north":{"uv":[10.0,10.5,10.25,10.625],"rotation":0,"texture":"#0","tintindex":0},"west":{"uv":[10.625,5.75,11.5625,5.875],"rotation":0,"texture":"#0","tintindex":0},"up":{"uv":[8.25,11.1875,8.0,10.25],"rotation":0,"texture":"#0","tintindex":0},"down":{"uv":[8.5,10.25,8.25,11.1875],"rotation":0,"texture":"#0","tintindex":0}}},{"from":[4.8571424,9.142858,6.0],"to":[11.142858,16.0,10.0],"rotation":{"angle":0.0,"axis":"y","origin":[8.0,1.1428566,8.0]},"faces":{"east":{"uv":[1.5,4.0,2.375,5.5],"rotation":0,"texture":"#0","tintindex":0},"south":{"uv":[1.375,2.5,2.75,4.0],"rotation":0,"texture":"#0","tintindex":0},"north":{"uv":[0.0,2.5,1.375,4.0],"rotation":0,"texture":"#0","tintindex":0},"west":{"uv":[4.125,4.5,5.0,6.0],"rotation":0,"texture":"#0","tintindex":0},"up":{"uv":[6.375,5.375,5.0,4.5],"rotation":0,"texture":"#0","tintindex":0},"down":{"uv":[6.75,0.0,5.375,0.875],"rotation":0,"texture":"#0","tintindex":0}}},{"from":[5.0,9.142858,10.0],"to":[9.571428,12.571428,12.285715],"rotation":{"angle":0.0,"axis":"y","origin":[8.0,1.1428566,8.0]},"faces":{"east":{"uv":[2.875,9.375,3.375,10.125],"rotation":0,"texture":"#0","tintindex":0},"south":{"uv":[1.0,6.5,2.0,7.25],"rotation":0,"texture":"#0","tintindex":0},"north":{"uv":[6.375,4.25,7.375,5.0],"rotation":0,"texture":"#0","tintindex":0},"west":{"uv":[3.375,9.375,3.875,10.125],"rotation":0,"texture":"#0","tintindex":0},"up":{"uv":[9.625,4.125,8.625,3.625],"rotation":0,"texture":"#0","tintindex":0},"down":{"uv":[5.125,8.625,4.125,9.125],"rotation":0,"texture":"#0","tintindex":0}}},{"from":[5.0,12.628572,9.771429],"to":[9.571428,12.914286,12.628572],"rotation":{"angle":0.0,"axis":"y","origin":[8.0,1.1428566,8.0]},"faces":{"east":{"uv":[11.0,7.125,11.625,7.1875],"rotation":0,"texture":"#0","tintindex":0},"south":{"uv":[10.75,5.875,11.75,5.9375],"rotation":0,"texture":"#0","tintindex":0},"north":{"uv":[10.625,9.125,11.625,9.1875],"rotation":0,"texture":"#0","tintindex":0},"west":{"uv":[11.0,7.25,11.625,7.3125],"rotation":0,"texture":"#0","tintindex":0},"up":{"uv":[8.5,6.0,7.5,5.375],"rotation":0,"texture":"#0","tintindex":0},"down":{"uv":[3.625,8.0,2.625,8.625],"rotation":0,"texture":"#0","tintindex":0}}},{"from":[5.0,11.342857,12.342857],"to":[9.571428,12.628572,12.628572],"rotation":{"angle":0.0,"axis":"y","origin":[8.0,1.1428566,8.0]},"faces":{"east":{"uv":[2.875,11.125,2.9375,11.4375],"rotation":0,"texture":"#0","tintindex":0},"south":{"uv":[0.875,9.5,1.875,9.8125],"rotation":0,"texture":"#0","tintindex":0},"north":{"uv":[9.375,1.25,10.375,1.5625],"rotation":0,"texture":"#0","tintindex":0},"west":{"uv":[3.0,11.125,3.0625,11.4375],"rotation":0,"texture":"#0","tintindex":0},"up":{"uv":[11.75,6.0625,10.75,6.0],"rotation":0,"texture":"#0","tintindex":0},"down":{"uv":[11.75,6.125,10.75,6.1875],"rotation":0,"texture":"#0","tintindex":0}}},{"from":[4.5714283,9.857143,10.285714],"to":[6.285714,11.571428,12.0],"rotation":{"angle":0.0,"axis":"y","origin":[4.5,10.5,11.142858]},"faces":{"east":{"uv":[1.5,10.5,1.875,10.875],"rotation":0,"texture":"#0","tintindex":0},"south":{"uv":[2.25,10.5,2.625,10.875],"rotation":0,"texture":"#0","tintindex":0},"north":{"uv":[1.5,8.375,1.875,8.75],"rotation":0,"texture":"#0","tintindex":0},"west":{"uv":[4.75,10.5,5.125,10.875],"rotation":0,"texture":"#0","tintindex":0},"up":{"uv":[7.875,10.875,7.5,10.5],"rotation":0,"texture":"#0","tintindex":0},"down":{"uv":[9.625,10.5,9.25,10.875],"rotation":0,"texture":"#0","tintindex":0}}},{"from":[4.428571,10.857143,10.571428],"to":[6.142857,11.428572,11.714286],"rotation":{"angle":0.0,"axis":"y","origin":[4.5,10.5,11.142858]},"faces":{"east":{"uv":[11.0,7.75,11.25,7.875],"rotation":0,"texture":"#0","tintindex":0},"south":{"uv":[10.875,10.5,11.25,10.625],"rotation":0,"texture":"#0","tintindex":0},"north":{"uv":[10.875,10.375,11.25,10.5],"rotation":0,"texture":"#0","tintindex":0},"west":{"uv":[11.0,7.875,11.25,8.0],"rotation":0,"texture":"#0","tintindex":0},"up":{"uv":[5.5,10.875,5.125,10.625],"rotation":0,"texture":"#0","tintindex":0},"down":{"uv":[11.0,7.125,10.625,7.375],"rotation":0,"texture":"#0","tintindex":0}}},{"from":[5.142857,14.428572,5.714286],"to":[6.285714,15.571428,6.285714],"rotation":{"angle":0.0,"axis":"y","origin":[6.285714,15.0,6.0]},"faces":{"east":{"uv":[7.75,11.0,7.875,11.25],"rotation":0,"texture":"#0","tintindex":0},"south":{"uv":[4.25,10.75,4.5,11.0],"rotation":0,"texture":"#0","tintindex":0},"north":{"uv":[9.75,6.625,10.0,6.875],"rotation":0,"texture":"#0","tintindex":0},"west":{"uv":[8.5,11.0,8.625,11.25],"rotation":0,"texture":"#0","tintindex":0},"up":{"uv":[8.875,11.125,8.625,11.0],"rotation":0,"texture":"#0","tintindex":0},"down":{"uv":[9.125,11.0,8.875,11.125],"rotation":0,"texture":"#0","tintindex":0}}},{"from":[5.142857,13.857143,6.0857143],"to":[6.285714,14.428572,6.0857143],"rotation":{"angle":22.5,"axis":"x","origin":[6.285714,15.0,6.0]},"faces":{"east":{"uv":[0.0,0.0,0.0,0.125],"rotation":0,"texture":"#0","tintindex":0},"south":{"uv":[11.0,9.75,11.25,9.875],"rotation":0,"texture":"#0","tintindex":0},"north":{"uv":[11.0,9.625,11.25,9.75],"rotation":0,"texture":"#0","tintindex":0},"west":{"uv":[0.0,0.0,0.0,0.125],"rotation":0,"texture":"#0","tintindex":0},"up":{"uv":[0.25,0.0,0.0,0.0],"rotation":0,"texture":"#0","tintindex":0},"down":{"uv":[0.25,0.0,0.0,0.0],"rotation":0,"texture":"#0","tintindex":0}}},{"from":[9.714286,13.857143,6.0857143],"to":[10.857143,14.428572,6.0857143],"rotation":{"angle":22.5,"axis":"x","origin":[6.285714,15.0,6.0]},"faces":{"east":{"uv":[0.0,0.0,0.0,0.125],"rotation":0,"texture":"#0","tintindex":0},"south":{"uv":[11.0,9.875,11.25,10.0],"rotation":0,"texture":"#0","tintindex":0},"north":{"uv":[9.875,11.0,10.125,11.125],"rotation":0,"texture":"#0","tintindex":0},"west":{"uv":[0.0,0.0,0.0,0.125],"rotation":0,"texture":"#0","tintindex":0},"up":{"uv":[0.25,0.0,0.0,0.0],"rotation":0,"texture":"#0","tintindex":0},"down":{"uv":[0.25,0.0,0.0,0.0],"rotation":0,"texture":"#0","tintindex":0}}},{"from":[9.714286,14.428572,5.714286],"to":[10.857143,15.571428,6.285714],"rotation":{"angle":0.0,"axis":"y","origin":[6.285714,15.0,6.0]},"faces":{"east":{"uv":[11.0,10.0,11.125,10.25],"rotation":0,"texture":"#0","tintindex":0},"south":{"uv":[9.0,10.75,9.25,11.0],"rotation":0,"texture":"#0","tintindex":0},"north":{"uv":[4.5,10.75,4.75,11.0],"rotation":0,"texture":"#0","tintindex":0},"west":{"uv":[10.125,11.0,10.25,11.25],"rotation":0,"texture":"#0","tintindex":0},"up":{"uv":[10.5,11.125,10.25,11.0],"rotation":0,"texture":"#0","tintindex":0},"down":{"uv":[10.75,11.0,10.5,11.125],"rotation":0,"texture":"#0","tintindex":0}}},{"from":[5.714286,11.142858,5.714286],"to":[10.285714,13.428572,6.285714],"rotation":{"angle":0.0,"axis":"y","origin":[8.0,0.85714245,8.285714]},"faces":{"east":{"uv":[7.125,9.75,7.25,10.25],"rotation":0,"texture":"#0","tintindex":0},"south":{"uv":[0.0,8.75,1.0,9.25],"rotation":0,"texture":"#0","tintindex":0},"north":{"uv":[8.625,4.125,9.625,4.625],"rotation":0,"texture":"#0","tintindex":0},"west":{"uv":[1.375,10.75,1.5,11.25],"rotation":0,"texture":"#0","tintindex":0},"up":{"uv":[11.5,7.125,10.5,7.0],"rotation":0,"texture":"#0","tintindex":0},"down":{"uv":[11.625,2.0,10.625,2.125],"rotation":0,"texture":"#0","tintindex":0}}},{"from":[6.857143,12.571428,5.8571424],"to":[9.142858,13.714286,5.8571424],"rotation":{"angle":-22.5,"axis":"z","origin":[8.0,12.857143,5.8571424]},"faces":{"east":{"uv":[0.0,0.0,0.0,0.25],"rotation":0,"texture":"#0","tintindex":0},"south":{"uv":[8.0,5.125,8.5,5.375],"rotation":0,"texture":"#0","tintindex":0},"north":{"uv":[5.625,6.75,6.125,7.0],"rotation":0,"texture":"#0","tintindex":0},"west":{"uv":[0.0,0.0,0.0,0.25],"rotation":0,"texture":"#0","tintindex":0},"up":{"uv":[0.5,0.0,0.0,0.0],"rotation":0,"texture":"#0","tintindex":0},"down":{"uv":[0.5,0.0,0.0,0.0],"rotation":0,"texture":"#0","tintindex":0}}},{"from":[6.714286,12.571428,5.942857],"to":[9.571428,14.285715,5.942857],"rotation":{"angle":0.0,"axis":"y","origin":[8.0,12.857143,5.8571424]},"faces":{"east":{"uv":[0.0,0.0,0.0,0.375],"rotation":0,"texture":"#0","tintindex":0},"south":{"uv":[10.25,3.0,10.875,3.375],"rotation":0,"texture":"#0","tintindex":0},"north":{"uv":[10.0,7.125,10.625,7.5],"rotation":0,"texture":"#0","tintindex":0},"west":{"uv":[0.0,0.0,0.0,0.375],"rotation":0,"texture":"#0","tintindex":0},"up":{"uv":[0.625,0.0,0.0,0.0],"rotation":0,"texture":"#0","tintindex":0},"down":{"uv":[0.625,0.0,0.0,0.0],"rotation":0,"texture":"#0","tintindex":0}}}],"display":{"head":{"translation":[0.0,-6.4,0.0],"scale":[4.0,4.0,4.0]}}}