{"textures":{"0":"modelengine:entity/blacksmith"},"elements":[{"from":[4.5714283,7.428571,5.714286],"to":[11.428572,9.142858,10.285714],"rotation":{"angle":0.0,"axis":"y","origin":[8.0,8.0,8.0]},"faces":{"east":{"uv":[6.375,5.0,7.375,5.375],"rotation":0,"texture":"#0","tintindex":0},"south":{"uv":[8.375,1.75,9.875,2.125],"rotation":0,"texture":"#0","tintindex":0},"north":{"uv":[0.0,8.375,1.5,8.75],"rotation":0,"texture":"#0","tintindex":0},"west":{"uv":[8.75,6.5,9.75,6.875],"rotation":0,"texture":"#0","tintindex":0},"up":{"uv":[5.375,1.0,3.875,0.0],"rotation":0,"texture":"#0","tintindex":0},"down":{"uv":[5.375,1.0,3.875,2.0],"rotation":0,"texture":"#0","tintindex":0}}}],"display":{"head":{"translation":[0.0,-6.4,0.0],"scale":[4.0,4.0,4.0]}}}