{"textures":{"0":"modelengine:entity/blacksmith"},"elements":[{"from":[4.8571424,3.4285712,7.714286],"to":[11.142858,8.571428,8.285714],"rotation":{"angle":0.0,"axis":"y","origin":[8.0,1.1428566,9.857143]},"faces":{"east":{"uv":[6.0,10.375,6.125,11.5],"rotation":0,"texture":"#0","tintindex":0},"south":{"uv":[2.75,3.625,4.125,4.75],"rotation":0,"texture":"#0","tintindex":0},"north":{"uv":[2.75,2.5,4.125,3.625],"rotation":0,"texture":"#0","tintindex":0},"west":{"uv":[7.0,10.375,7.125,11.5],"rotation":0,"texture":"#0","tintindex":0},"up":{"uv":[11.75,4.75,10.375,4.625],"rotation":0,"texture":"#0","tintindex":0},"down":{"uv":[11.75,4.75,10.375,4.875],"rotation":0,"texture":"#0","tintindex":0}}},{"from":[5.428571,5.285714,7.428571],"to":[7.714286,8.142858,8.0],"rotation":{"angle":0.0,"axis":"y","origin":[8.0,1.1428566,9.857143]},"faces":{"east":{"uv":[1.875,7.25,2.0,7.875],"rotation":0,"texture":"#0","tintindex":0},"south":{"uv":[9.25,9.375,9.75,10.0],"rotation":0,"texture":"#0","tintindex":0},"north":{"uv":[7.5,9.375,8.0,10.0],"rotation":0,"texture":"#0","tintindex":0},"west":{"uv":[6.625,9.125,6.75,9.75],"rotation":0,"texture":"#0","tintindex":0},"up":{"uv":[9.875,1.75,9.375,1.625],"rotation":0,"texture":"#0","tintindex":0},"down":{"uv":[11.125,7.375,10.625,7.5],"rotation":0,"texture":"#0","tintindex":0}}},{"from":[5.714286,5.8571424,7.0],"to":[7.428571,6.428571,7.5714283],"rotation":{"angle":0.0,"axis":"y","origin":[8.0,1.1428566,9.857143]},"faces":{"east":{"uv":[2.625,7.875,2.75,8.0],"rotation":0,"texture":"#0","tintindex":0},"south":{"uv":[0.625,7.125,1.0,7.25],"rotation":0,"texture":"#0","tintindex":0},"north":{"uv":[6.625,2.625,7.0,2.75],"rotation":0,"texture":"#0","tintindex":0},"west":{"uv":[9.375,6.875,9.5,7.0],"rotation":0,"texture":"#0","tintindex":0},"up":{"uv":[8.0,3.75,7.625,3.625],"rotation":0,"texture":"#0","tintindex":0},"down":{"uv":[8.375,1.75,8.0,1.875],"rotation":0,"texture":"#0","tintindex":0}}},{"from":[6.6914287,4.017143,7.142857],"to":[6.977143,6.8742857,7.428571],"rotation":{"angle":0.0,"axis":"y","origin":[8.0,1.1428566,9.857143]},"faces":{"east":{"uv":[1.125,11.0,1.1875,11.625],"rotation":0,"texture":"#0","tintindex":0},"south":{"uv":[3.875,11.0,3.9375,11.625],"rotation":0,"texture":"#0","tintindex":0},"north":{"uv":[1.0,11.0,1.0625,11.625],"rotation":0,"texture":"#0","tintindex":0},"west":{"uv":[4.0,11.0,4.0625,11.625],"rotation":0,"texture":"#0","tintindex":0},"up":{"uv":[11.1875,8.4375,11.125,8.375],"rotation":0,"texture":"#0","tintindex":0},"down":{"uv":[11.1875,8.5,11.125,8.5625],"rotation":0,"texture":"#0","tintindex":0}}},{"from":[6.1714287,4.017143,7.142857],"to":[6.457143,6.8742857,7.428571],"rotation":{"angle":0.0,"axis":"y","origin":[8.0,1.1428566,9.857143]},"faces":{"east":{"uv":[4.25,11.0,4.3125,11.625],"rotation":0,"texture":"#0","tintindex":0},"south":{"uv":[4.375,11.0,4.4375,11.625],"rotation":0,"texture":"#0","tintindex":0},"north":{"uv":[4.125,11.0,4.1875,11.625],"rotation":0,"texture":"#0","tintindex":0},"west":{"uv":[4.5,11.0,4.5625,11.625],"rotation":0,"texture":"#0","tintindex":0},"up":{"uv":[8.6875,11.1875,8.625,11.125],"rotation":0,"texture":"#0","tintindex":0},"down":{"uv":[11.1875,8.625,11.125,8.6875],"rotation":0,"texture":"#0","tintindex":0}}},{"from":[6.1714287,7.0685716,7.142857],"to":[6.457143,7.64,7.428571],"rotation":{"angle":45.0,"axis":"z","origin":[6.3142858,7.16,7.285714]},"faces":{"east":{"uv":[11.125,3.625,11.1875,3.75],"rotation":0,"texture":"#0","tintindex":0},"south":{"uv":[11.125,3.75,11.1875,3.875],"rotation":0,"texture":"#0","tintindex":0},"north":{"uv":[11.125,3.375,11.1875,3.5],"rotation":0,"texture":"#0","tintindex":0},"west":{"uv":[11.125,4.125,11.1875,4.25],"rotation":0,"texture":"#0","tintindex":0},"up":{"uv":[8.8125,11.1875,8.75,11.125],"rotation":0,"texture":"#0","tintindex":0},"down":{"uv":[11.1875,8.75,11.125,8.8125],"rotation":0,"texture":"#0","tintindex":0}}},{"from":[-3.485715,3.7371426,7.142857],"to":[-3.2000008,4.3085713,7.428571],"rotation":{"angle":-45.0,"axis":"z","origin":[6.3142858,-5.445715,7.285714]},"faces":{"east":{"uv":[4.75,11.125,4.8125,11.25],"rotation":0,"texture":"#0","tintindex":0},"south":{"uv":[4.875,11.125,4.9375,11.25],"rotation":0,"texture":"#0","tintindex":0},"north":{"uv":[11.125,4.25,11.1875,4.375],"rotation":0,"texture":"#0","tintindex":0},"west":{"uv":[5.0,11.125,5.0625,11.25],"rotation":0,"texture":"#0","tintindex":0},"up":{"uv":[8.9375,11.1875,8.875,11.125],"rotation":0,"texture":"#0","tintindex":0},"down":{"uv":[11.1875,8.875,11.125,8.9375],"rotation":0,"texture":"#0","tintindex":0}}},{"from":[5.8742857,7.4,7.142857],"to":[6.16,7.9714284,7.428571],"rotation":{"angle":0.0,"axis":"y","origin":[6.3142858,-5.445715,7.285714]},"faces":{"east":{"uv":[5.25,11.125,5.3125,11.25],"rotation":0,"texture":"#0","tintindex":0},"south":{"uv":[5.375,11.125,5.4375,11.25],"rotation":0,"texture":"#0","tintindex":0},"north":{"uv":[5.125,11.125,5.1875,11.25],"rotation":0,"texture":"#0","tintindex":0},"west":{"uv":[5.5,11.125,5.5625,11.25],"rotation":0,"texture":"#0","tintindex":0},"up":{"uv":[9.0625,11.1875,9.0,11.125],"rotation":0,"texture":"#0","tintindex":0},"down":{"uv":[11.1875,9.0,11.125,9.0625],"rotation":0,"texture":"#0","tintindex":0}}},{"from":[6.6857142,7.0685716,7.142857],"to":[6.9714284,7.64,7.428571],"rotation":{"angle":-45.0,"axis":"z","origin":[6.8285713,7.16,7.285714]},"faces":{"east":{"uv":[5.75,11.125,5.8125,11.25],"rotation":0,"texture":"#0","tintindex":0},"south":{"uv":[5.875,11.125,5.9375,11.25],"rotation":0,"texture":"#0","tintindex":0},"north":{"uv":[5.625,11.125,5.6875,11.25],"rotation":0,"texture":"#0","tintindex":0},"west":{"uv":[6.125,11.125,6.1875,11.25],"rotation":0,"texture":"#0","tintindex":0},"up":{"uv":[9.1875,11.1875,9.125,11.125],"rotation":0,"texture":"#0","tintindex":0},"down":{"uv":[9.3125,11.125,9.25,11.1875],"rotation":0,"texture":"#0","tintindex":0}}},{"from":[6.982857,7.4,7.142857],"to":[7.2685714,7.9714284,7.428571],"rotation":{"angle":0.0,"axis":"y","origin":[6.8285713,-5.445715,7.285714]},"faces":{"east":{"uv":[6.375,11.125,6.4375,11.25],"rotation":0,"texture":"#0","tintindex":0},"south":{"uv":[11.125,6.375,11.1875,6.5],"rotation":0,"texture":"#0","tintindex":0},"north":{"uv":[6.25,11.125,6.3125,11.25],"rotation":0,"texture":"#0","tintindex":0},"west":{"uv":[6.5,11.125,6.5625,11.25],"rotation":0,"texture":"#0","tintindex":0},"up":{"uv":[9.4375,11.1875,9.375,11.125],"rotation":0,"texture":"#0","tintindex":0},"down":{"uv":[9.5625,11.125,9.5,11.1875],"rotation":0,"texture":"#0","tintindex":0}}},{"from":[16.342857,3.7371426,7.142857],"to":[16.628572,4.3085713,7.428571],"rotation":{"angle":45.0,"axis":"z","origin":[6.8285713,-5.445715,7.285714]},"faces":{"east":{"uv":[11.125,6.625,11.1875,6.75],"rotation":0,"texture":"#0","tintindex":0},"south":{"uv":[11.125,6.75,11.1875,6.875],"rotation":0,"texture":"#0","tintindex":0},"north":{"uv":[11.125,6.5,11.1875,6.625],"rotation":0,"texture":"#0","tintindex":0},"west":{"uv":[11.125,7.375,11.1875,7.5],"rotation":0,"texture":"#0","tintindex":0},"up":{"uv":[9.6875,11.1875,9.625,11.125],"rotation":0,"texture":"#0","tintindex":0},"down":{"uv":[9.8125,11.125,9.75,11.1875],"rotation":0,"texture":"#0","tintindex":0}}},{"from":[6.0,6.714286,7.142857],"to":[6.5714283,7.285714,7.428571],"rotation":{"angle":45.0,"axis":"z","origin":[6.5714283,7.285714,7.285714]},"faces":{"east":{"uv":[7.5,11.125,7.5625,11.25],"rotation":0,"texture":"#0","tintindex":0},"south":{"uv":[2.625,10.5,2.75,10.625],"rotation":0,"texture":"#0","tintindex":0},"north":{"uv":[2.75,10.0,2.875,10.125],"rotation":0,"texture":"#0","tintindex":0},"west":{"uv":[7.625,11.125,7.6875,11.25],"rotation":0,"texture":"#0","tintindex":0},"up":{"uv":[11.25,8.1875,11.125,8.125],"rotation":0,"texture":"#0","tintindex":0},"down":{"uv":[11.25,8.25,11.125,8.3125],"rotation":0,"texture":"#0","tintindex":0}}}],"display":{"head":{"translation":[0.0,-6.4,0.0],"scale":[4.0,4.0,4.0]}}}