{"textures":{"0":"modelengine:entity/blacksmith"},"elements":[{"from":[7.129497,6.324817,6.6100173],"to":[9.415212,8.039103,8.895732],"rotation":{"angle":-22.5,"axis":"y","origin":[8.558068,7.18196,7.6100173]},"faces":{"east":{"uv":[10.375,0.375,10.875,0.75],"rotation":0,"texture":"#0","tintindex":0},"south":{"uv":[10.375,1.125,10.875,1.5],"rotation":0,"texture":"#0","tintindex":0},"north":{"uv":[10.375,0.0,10.875,0.375],"rotation":0,"texture":"#0","tintindex":0},"west":{"uv":[10.375,4.125,10.875,4.5],"rotation":0,"texture":"#0","tintindex":0},"up":{"uv":[10.25,10.5,9.75,10.0],"rotation":0,"texture":"#0","tintindex":0},"down":{"uv":[10.625,2.0,10.125,2.5],"rotation":0,"texture":"#0","tintindex":0}}},{"from":[7.700926,6.6105313,5.46716],"to":[8.843782,7.7533884,10.610018],"rotation":{"angle":-22.5,"axis":"y","origin":[8.558068,7.18196,7.6100173]},"faces":{"east":{"uv":[9.75,3.375,10.875,3.625],"rotation":0,"texture":"#0","tintindex":0},"south":{"uv":[10.875,4.125,11.125,4.375],"rotation":0,"texture":"#0","tintindex":0},"north":{"uv":[10.875,3.25,11.125,3.5],"rotation":0,"texture":"#0","tintindex":0},"west":{"uv":[9.75,6.375,10.875,6.625],"rotation":0,"texture":"#0","tintindex":0},"up":{"uv":[9.25,10.75,9.0,9.625],"rotation":0,"texture":"#0","tintindex":0},"down":{"uv":[6.375,9.75,6.125,10.875],"rotation":0,"texture":"#0","tintindex":0}}},{"from":[7.700926,6.6105313,1.4671602],"to":[8.843782,7.7533884,2.6100173],"rotation":{"angle":-22.5,"axis":"y","origin":[8.558068,7.18196,7.6100173]},"faces":{"east":{"uv":[5.0,10.875,5.25,11.125],"rotation":0,"texture":"#0","tintindex":0},"south":{"uv":[5.25,10.875,5.5,11.125],"rotation":0,"texture":"#0","tintindex":0},"north":{"uv":[4.75,10.875,5.0,11.125],"rotation":0,"texture":"#0","tintindex":0},"west":{"uv":[6.125,10.875,6.375,11.125],"rotation":0,"texture":"#0","tintindex":0},"up":{"uv":[6.625,11.125,6.375,10.875],"rotation":0,"texture":"#0","tintindex":0},"down":{"uv":[11.125,6.375,10.875,6.625],"rotation":0,"texture":"#0","tintindex":0}}},{"from":[6.843783,4.6105313,2.1814456],"to":[9.700926,9.753388,5.0385885],"rotation":{"angle":-22.5,"axis":"y","origin":[8.558068,7.18196,7.6100173]},"faces":{"east":{"uv":[1.25,7.25,1.875,8.375],"rotation":0,"texture":"#0","tintindex":0},"south":{"uv":[7.375,0.75,8.0,1.875],"rotation":0,"texture":"#0","tintindex":0},"north":{"uv":[0.625,7.25,1.25,8.375],"rotation":0,"texture":"#0","tintindex":0},"west":{"uv":[7.375,4.25,8.0,5.375],"rotation":0,"texture":"#0","tintindex":0},"up":{"uv":[9.875,8.125,9.25,7.5],"rotation":0,"texture":"#0","tintindex":0},"down":{"uv":[9.875,8.125,9.25,8.75],"rotation":0,"texture":"#0","tintindex":0}}},{"from":[7.129497,4.3248167,2.4671602],"to":[9.415212,4.8962455,4.7528744],"rotation":{"angle":-22.5,"axis":"y","origin":[8.558068,7.18196,7.6100173]},"faces":{"east":{"uv":[10.875,1.375,11.375,1.5],"rotation":0,"texture":"#0","tintindex":0},"south":{"uv":[10.875,3.5,11.375,3.625],"rotation":0,"texture":"#0","tintindex":0},"north":{"uv":[10.75,10.25,11.25,10.375],"rotation":0,"texture":"#0","tintindex":0},"west":{"uv":[10.875,4.375,11.375,4.5],"rotation":0,"texture":"#0","tintindex":0},"up":{"uv":[3.25,10.625,2.75,10.125],"rotation":0,"texture":"#0","tintindex":0},"down":{"uv":[3.75,10.125,3.25,10.625],"rotation":0,"texture":"#0","tintindex":0}}},{"from":[7.129497,9.467674,2.4671602],"to":[9.415212,10.039103,4.7528744],"rotation":{"angle":-22.5,"axis":"y","origin":[8.558068,7.18196,7.6100173]},"faces":{"east":{"uv":[9.25,10.875,9.75,11.0],"rotation":0,"texture":"#0","tintindex":0},"south":{"uv":[9.75,10.875,10.25,11.0],"rotation":0,"texture":"#0","tintindex":0},"north":{"uv":[8.5,10.875,9.0,11.0],"rotation":0,"texture":"#0","tintindex":0},"west":{"uv":[10.25,10.875,10.75,11.0],"rotation":0,"texture":"#0","tintindex":0},"up":{"uv":[10.625,4.125,10.125,3.625],"rotation":0,"texture":"#0","tintindex":0},"down":{"uv":[10.75,2.5,10.25,3.0],"rotation":0,"texture":"#0","tintindex":0}}},{"from":[6.5580683,6.324817,1.8957314],"to":[9.98664,8.039103,5.324303],"rotation":{"angle":-22.5,"axis":"y","origin":[8.558068,7.18196,7.6100173]},"faces":{"east":{"uv":[9.875,5.5,10.625,5.875],"rotation":0,"texture":"#0","tintindex":0},"south":{"uv":[9.875,8.875,10.625,9.25],"rotation":0,"texture":"#0","tintindex":0},"north":{"uv":[9.875,1.625,10.625,2.0],"rotation":0,"texture":"#0","tintindex":0},"west":{"uv":[10.0,0.75,10.75,1.125],"rotation":0,"texture":"#0","tintindex":0},"up":{"uv":[3.375,9.375,2.625,8.625],"rotation":0,"texture":"#0","tintindex":0},"down":{"uv":[4.125,8.625,3.375,9.375],"rotation":0,"texture":"#0","tintindex":0}}},{"from":[6.3982477,6.324817,9.294066],"to":[8.112534,8.039103,9.865496],"rotation":{"angle":-22.5,"axis":"y","origin":[7.2553906,7.18196,10.008352]},"faces":{"east":{"uv":[6.625,10.875,6.75,11.25],"rotation":0,"texture":"#0","tintindex":0},"south":{"uv":[10.625,1.625,11.0,2.0],"rotation":0,"texture":"#0","tintindex":0},"north":{"uv":[9.625,10.5,10.0,10.875],"rotation":0,"texture":"#0","tintindex":0},"west":{"uv":[6.75,10.875,6.875,11.25],"rotation":0,"texture":"#0","tintindex":0},"up":{"uv":[11.125,11.0,10.75,10.875],"rotation":0,"texture":"#0","tintindex":0},"down":{"uv":[1.0,11.0,0.625,11.125],"rotation":0,"texture":"#0","tintindex":0}}},{"from":[6.3982477,5.7533884,1.4369235],"to":[8.112534,8.610532,2.0083523],"rotation":{"angle":-22.5,"axis":"y","origin":[7.2553906,7.18196,10.008352]},"faces":{"east":{"uv":[3.625,10.625,3.75,11.25],"rotation":0,"texture":"#0","tintindex":0},"south":{"uv":[2.25,8.75,2.625,9.375],"rotation":0,"texture":"#0","tintindex":0},"north":{"uv":[3.625,8.0,4.0,8.625],"rotation":0,"texture":"#0","tintindex":0},"west":{"uv":[1.25,10.75,1.375,11.375],"rotation":0,"texture":"#0","tintindex":0},"up":{"uv":[11.375,0.875,11.0,0.75],"rotation":0,"texture":"#0","tintindex":0},"down":{"uv":[11.375,0.875,11.0,1.0],"rotation":0,"texture":"#0","tintindex":0}}},{"from":[5.809328,3.2636285,9.989594],"to":[8.095042,7.2636285,9.989594],"rotation":{"angle":-22.5,"axis":"y","origin":[6.809328,6.4064856,9.70388]},"faces":{"east":{"uv":[0.0,0.0,0.0,0.875],"rotation":0,"texture":"#0","tintindex":0},"south":{"uv":[8.75,8.75,9.25,9.625],"rotation":0,"texture":"#0","tintindex":0},"north":{"uv":[8.25,8.75,8.75,9.625],"rotation":0,"texture":"#0","tintindex":0},"west":{"uv":[0.0,0.0,0.0,0.875],"rotation":0,"texture":"#0","tintindex":0},"up":{"uv":[0.5,0.0,0.0,0.0],"rotation":0,"texture":"#0","tintindex":0},"down":{"uv":[0.5,0.0,0.0,0.0],"rotation":0,"texture":"#0","tintindex":0}}},{"from":[6.3982477,6.0391026,4.722638],"to":[8.112534,8.324818,5.2940664],"rotation":{"angle":-22.5,"axis":"y","origin":[7.2553906,7.18196,10.008352]},"faces":{"east":{"uv":[6.875,10.75,7.0,11.25],"rotation":0,"texture":"#0","tintindex":0},"south":{"uv":[5.125,8.625,5.5,9.125],"rotation":0,"texture":"#0","tintindex":0},"north":{"uv":[1.125,5.0,1.5,5.5],"rotation":0,"texture":"#0","tintindex":0},"west":{"uv":[1.75,10.875,1.875,11.375],"rotation":0,"texture":"#0","tintindex":0},"up":{"uv":[11.375,1.125,11.0,1.0],"rotation":0,"texture":"#0","tintindex":0},"down":{"uv":[11.375,1.625,11.0,1.75],"rotation":0,"texture":"#0","tintindex":0}}}],"display":{"head":{"translation":[0.0,-6.4,0.0],"scale":[4.0,4.0,4.0]}}}