{"textures":{"0":"modelengine:entity/blacksmith"},"elements":[{"from":[5.667574,8.861192,5.5695934],"to":[10.239002,13.43262,10.141022],"rotation":{"angle":0.0,"axis":"y","origin":[7.953288,-8.567381,7.8553076]},"faces":{"east":{"uv":[5.625,1.75,6.625,2.75],"rotation":0,"texture":"#0","tintindex":0},"south":{"uv":[2.125,5.875,3.125,6.875],"rotation":0,"texture":"#0","tintindex":0},"north":{"uv":[1.125,5.5,2.125,6.5],"rotation":0,"texture":"#0","tintindex":0},"west":{"uv":[3.125,5.875,4.125,6.875],"rotation":0,"texture":"#0","tintindex":0},"up":{"uv":[7.0,3.75,6.0,2.75],"rotation":0,"texture":"#0","tintindex":0},"down":{"uv":[1.0,6.125,0.0,7.125],"rotation":0,"texture":"#0","tintindex":0}}},{"from":[6.285714,4.984266,5.81563],"to":[9.714286,8.984266,5.81563],"rotation":{"angle":22.5,"axis":"x","origin":[8.0,9.698552,6.1013446]},"faces":{"east":{"uv":[0.0,0.0,0.0,0.875],"rotation":0,"texture":"#0","tintindex":0},"south":{"uv":[7.5,7.0,8.25,7.875],"rotation":0,"texture":"#0","tintindex":0},"north":{"uv":[7.375,6.125,8.125,7.0],"rotation":0,"texture":"#0","tintindex":0},"west":{"uv":[0.0,0.0,0.0,0.875],"rotation":0,"texture":"#0","tintindex":0},"up":{"uv":[0.75,0.0,0.0,0.0],"rotation":0,"texture":"#0","tintindex":0},"down":{"uv":[0.75,0.0,0.0,0.0],"rotation":0,"texture":"#0","tintindex":0}}},{"from":[5.142857,11.412838,5.3870587],"to":[10.857143,12.555695,5.3870587],"rotation":{"angle":0.0,"axis":"y","origin":[8.0,9.698552,6.1013446]},"faces":{"east":{"uv":[0.0,0.0,0.0,0.25],"rotation":0,"texture":"#0","tintindex":0},"south":{"uv":[9.5,6.125,10.75,6.375],"rotation":0,"texture":"#0","tintindex":0},"north":{"uv":[9.5,5.875,10.75,6.125],"rotation":0,"texture":"#0","tintindex":0},"west":{"uv":[0.0,0.0,0.0,0.25],"rotation":0,"texture":"#0","tintindex":0},"up":{"uv":[1.25,0.0,0.0,0.0],"rotation":0,"texture":"#0","tintindex":0},"down":{"uv":[1.25,0.0,0.0,0.0],"rotation":0,"texture":"#0","tintindex":0}}},{"from":[8.0,9.698552,5.3870587],"to":[10.285714,10.555695,5.9584875],"rotation":{"angle":-22.5,"axis":"z","origin":[8.0,9.698552,6.1013446]},"faces":{"east":{"uv":[2.75,11.125,2.875,11.3125],"rotation":0,"texture":"#0","tintindex":0},"south":{"uv":[10.5,10.625,11.0,10.8125],"rotation":0,"texture":"#0","tintindex":0},"north":{"uv":[10.0,10.625,10.5,10.8125],"rotation":0,"texture":"#0","tintindex":0},"west":{"uv":[11.125,2.75,11.25,2.9375],"rotation":0,"texture":"#0","tintindex":0},"up":{"uv":[11.25,9.375,10.75,9.25],"rotation":0,"texture":"#0","tintindex":0},"down":{"uv":[11.25,9.375,10.75,9.5],"rotation":0,"texture":"#0","tintindex":0}}},{"from":[7.428571,6.6985517,5.529916],"to":[8.571428,7.2699804,6.1013446],"rotation":{"angle":22.5,"axis":"x","origin":[8.0,9.698552,6.1013446]},"faces":{"east":{"uv":[11.125,3.25,11.25,3.375],"rotation":0,"texture":"#0","tintindex":0},"south":{"uv":[9.375,11.0,9.625,11.125],"rotation":0,"texture":"#0","tintindex":0},"north":{"uv":[9.125,11.0,9.375,11.125],"rotation":0,"texture":"#0","tintindex":0},"west":{"uv":[3.375,11.125,3.5,11.25],"rotation":0,"texture":"#0","tintindex":0},"up":{"uv":[11.25,9.625,11.0,9.5],"rotation":0,"texture":"#0","tintindex":0},"down":{"uv":[9.875,11.0,9.625,11.125],"rotation":0,"texture":"#0","tintindex":0}}},{"from":[5.714286,9.698552,5.3870587],"to":[8.0,10.555695,5.9584875],"rotation":{"angle":22.5,"axis":"z","origin":[8.0,9.698552,6.1013446]},"faces":{"east":{"uv":[11.125,2.5,11.25,2.6875],"rotation":0,"texture":"#0","tintindex":0},"south":{"uv":[10.625,8.875,11.125,9.0625],"rotation":0,"texture":"#0","tintindex":0},"north":{"uv":[8.5,10.625,9.0,10.8125],"rotation":0,"texture":"#0","tintindex":0},"west":{"uv":[2.625,11.125,2.75,11.3125],"rotation":0,"texture":"#0","tintindex":0},"up":{"uv":[11.25,6.375,10.75,6.25],"rotation":0,"texture":"#0","tintindex":0},"down":{"uv":[6.875,10.75,6.375,10.875],"rotation":0,"texture":"#0","tintindex":0}}},{"from":[6.239002,10.004048,6.5695934],"to":[6.810431,11.718334,7.7124505],"rotation":{"angle":-45.0,"axis":"y","origin":[5.38186,9.718334,6.141022]},"faces":{"east":{"uv":[9.625,4.25,9.875,4.625],"rotation":0,"texture":"#0","tintindex":0},"south":{"uv":[2.0,6.5,2.125,6.875],"rotation":0,"texture":"#0","tintindex":0},"north":{"uv":[1.0,6.125,1.125,6.5],"rotation":0,"texture":"#0","tintindex":0},"west":{"uv":[0.625,10.625,0.875,11.0],"rotation":0,"texture":"#0","tintindex":0},"up":{"uv":[1.0,11.375,0.875,11.125],"rotation":0,"texture":"#0","tintindex":0},"down":{"uv":[11.25,1.125,11.125,1.375],"rotation":0,"texture":"#0","tintindex":0}}},{"from":[5.667574,8.861192,5.998165],"to":[5.667574,12.2897625,7.7124505],"rotation":{"angle":-45.0,"axis":"y","origin":[5.38186,9.718334,6.141022]},"faces":{"east":{"uv":[2.375,4.0,2.75,4.75],"rotation":0,"texture":"#0","tintindex":0},"south":{"uv":[0.0,0.0,0.0,0.75],"rotation":0,"texture":"#0","tintindex":0},"north":{"uv":[0.0,0.0,0.0,0.75],"rotation":0,"texture":"#0","tintindex":0},"west":{"uv":[1.875,9.5,2.25,10.25],"rotation":0,"texture":"#0","tintindex":0},"up":{"uv":[0.0,0.375,0.0,0.0],"rotation":0,"texture":"#0","tintindex":0},"down":{"uv":[0.0,0.0,0.0,0.375],"rotation":0,"texture":"#0","tintindex":0}}},{"from":[10.332426,8.718334,5.8553076],"to":[10.332426,12.146906,7.5695934],"rotation":{"angle":45.0,"axis":"y","origin":[10.61814,9.718334,6.141022]},"faces":{"east":{"uv":[9.875,8.125,10.25,8.875],"rotation":0,"texture":"#0","tintindex":0},"south":{"uv":[0.0,0.0,0.0,0.75],"rotation":0,"texture":"#0","tintindex":0},"north":{"uv":[0.0,0.0,0.0,0.75],"rotation":0,"texture":"#0","tintindex":0},"west":{"uv":[10.0,0.0,10.375,0.75],"rotation":0,"texture":"#0","tintindex":0},"up":{"uv":[0.0,0.375,0.0,0.0],"rotation":0,"texture":"#0","tintindex":0},"down":{"uv":[0.0,0.0,0.0,0.375],"rotation":0,"texture":"#0","tintindex":0}}},{"from":[9.189569,10.004048,6.4267364],"to":[9.760998,11.718334,7.5695934],"rotation":{"angle":45.0,"axis":"y","origin":[10.61814,9.718334,6.141022]},"faces":{"east":{"uv":[5.5,10.625,5.75,11.0],"rotation":0,"texture":"#0","tintindex":0},"south":{"uv":[3.5,10.875,3.625,11.25],"rotation":0,"texture":"#0","tintindex":0},"north":{"uv":[5.5,7.75,5.625,8.125],"rotation":0,"texture":"#0","tintindex":0},"west":{"uv":[10.75,0.75,11.0,1.125],"rotation":0,"texture":"#0","tintindex":0},"up":{"uv":[1.625,11.375,1.5,11.125],"rotation":0,"texture":"#0","tintindex":0},"down":{"uv":[1.75,11.125,1.625,11.375],"rotation":0,"texture":"#0","tintindex":0}}},{"from":[10.130396,9.575478,6.983807],"to":[10.701824,10.718334,8.126664],"rotation":{"angle":-45.0,"axis":"y","origin":[10.41611,10.146906,7.555236]},"faces":{"east":{"uv":[10.875,0.25,11.125,0.5],"rotation":0,"texture":"#0","tintindex":0},"south":{"uv":[2.25,11.125,2.375,11.375],"rotation":0,"texture":"#0","tintindex":0},"north":{"uv":[11.125,2.125,11.25,2.375],"rotation":0,"texture":"#0","tintindex":0},"west":{"uv":[10.875,0.5,11.125,0.75],"rotation":0,"texture":"#0","tintindex":0},"up":{"uv":[2.5,11.375,2.375,11.125],"rotation":0,"texture":"#0","tintindex":0},"down":{"uv":[2.625,11.125,2.5,11.375],"rotation":0,"texture":"#0","tintindex":0}}},{"from":[7.38186,11.004048,5.426736],"to":[8.524716,12.146906,6.5695934],"rotation":{"angle":22.5,"axis":"x","origin":[7.953288,11.43262,4.9981647]},"faces":{"east":{"uv":[1.5,10.875,1.75,11.125],"rotation":0,"texture":"#0","tintindex":0},"south":{"uv":[2.25,10.875,2.5,11.125],"rotation":0,"texture":"#0","tintindex":0},"north":{"uv":[10.875,1.125,11.125,1.375],"rotation":0,"texture":"#0","tintindex":0},"west":{"uv":[2.5,10.875,2.75,11.125],"rotation":0,"texture":"#0","tintindex":0},"up":{"uv":[3.0,11.125,2.75,10.875],"rotation":0,"texture":"#0","tintindex":0},"down":{"uv":[3.25,10.875,3.0,11.125],"rotation":0,"texture":"#0","tintindex":0}}},{"from":[7.096145,9.718334,5.222857],"to":[8.8104315,10.861192,6.365714],"rotation":{"angle":0.0,"axis":"y","origin":[7.953288,11.43262,4.9981647]},"faces":{"east":{"uv":[10.875,3.0,11.125,3.25],"rotation":0,"texture":"#0","tintindex":0},"south":{"uv":[10.75,2.5,11.125,2.75],"rotation":0,"texture":"#0","tintindex":0},"north":{"uv":[0.875,10.75,1.25,11.0],"rotation":0,"texture":"#0","tintindex":0},"west":{"uv":[3.25,10.875,3.5,11.125],"rotation":0,"texture":"#0","tintindex":0},"up":{"uv":[11.125,3.0,10.75,2.75],"rotation":0,"texture":"#0","tintindex":0},"down":{"uv":[4.25,10.75,3.875,11.0],"rotation":0,"texture":"#0","tintindex":0}}},{"from":[6.38186,7.718334,6.4267364],"to":[9.239002,8.861192,9.283879],"rotation":{"angle":0.0,"axis":"y","origin":[7.810431,8.2897625,7.8553076]},"faces":{"east":{"uv":[4.125,10.5,4.75,10.75],"rotation":0,"texture":"#0","tintindex":0},"south":{"uv":[6.375,10.5,7.0,10.75],"rotation":0,"texture":"#0","tintindex":0},"north":{"uv":[0.875,10.5,1.5,10.75],"rotation":0,"texture":"#0","tintindex":0},"west":{"uv":[10.5,6.625,11.125,6.875],"rotation":0,"texture":"#0","tintindex":0},"up":{"uv":[9.75,3.625,9.125,3.0],"rotation":0,"texture":"#0","tintindex":0},"down":{"uv":[5.75,9.125,5.125,9.75],"rotation":0,"texture":"#0","tintindex":0}}}],"display":{"head":{"translation":[0.0,-6.4,0.0],"scale":[4.0,4.0,4.0]}}}