{"textures":{"0":"modelengine:entity/blacksmith"},"elements":[{"from":[6.714286,4.5714283,6.285714],"to":[9.571428,9.142858,9.714286],"rotation":{"angle":0.0,"axis":"y","origin":[6.7714286,1.1428566,8.0]},"faces":{"east":{"uv":[4.875,6.75,5.625,7.75],"rotation":0,"texture":"#0","tintindex":0},"south":{"uv":[6.125,8.125,6.75,9.125],"rotation":0,"texture":"#0","tintindex":0},"north":{"uv":[8.125,6.0,8.75,7.0],"rotation":0,"texture":"#0","tintindex":0},"west":{"uv":[2.0,6.875,2.75,7.875],"rotation":0,"texture":"#0","tintindex":0},"up":{"uv":[1.625,9.5,1.0,8.75],"rotation":0,"texture":"#0","tintindex":0},"down":{"uv":[2.25,8.75,1.625,9.5],"rotation":0,"texture":"#0","tintindex":0}}}],"display":{"head":{"translation":[0.0,-6.4,0.0],"scale":[4.0,4.0,4.0]}}}