{"textures":{"0":"modelengine:entity/blacksmith"},"elements":[{"from":[6.5714283,2.8571424,6.857143],"to":[9.428572,8.0,9.714286],"rotation":{"angle":0.0,"axis":"y","origin":[4.5714283,-2.285715,7.714286]},"faces":{"east":{"uv":[6.25,7.0,6.875,8.125],"rotation":0,"texture":"#0","tintindex":0},"south":{"uv":[6.875,7.0,7.5,8.125],"rotation":0,"texture":"#0","tintindex":0},"north":{"uv":[5.625,7.0,6.25,8.125],"rotation":0,"texture":"#0","tintindex":0},"west":{"uv":[0.0,7.125,0.625,8.25],"rotation":0,"texture":"#0","tintindex":0},"up":{"uv":[9.875,5.25,9.25,4.625],"rotation":0,"texture":"#0","tintindex":0},"down":{"uv":[9.875,5.25,9.25,5.875],"rotation":0,"texture":"#0","tintindex":0}}}],"display":{"head":{"translation":[0.0,-6.4,0.0],"scale":[4.0,4.0,4.0]}}}