{"textures":{"0":"modelengine:entity/blacksmith"},"elements":[{"from":[7.0,5.714286,6.5714283],"to":[9.285714,8.571428,9.428572],"rotation":{"angle":0.0,"axis":"y","origin":[6.7714286,4.5714283,8.0]},"faces":{"east":{"uv":[9.375,0.625,10.0,1.25],"rotation":0,"texture":"#0","tintindex":0},"south":{"uv":[9.875,4.25,10.375,4.875],"rotation":0,"texture":"#0","tintindex":0},"north":{"uv":[1.375,9.875,1.875,10.5],"rotation":0,"texture":"#0","tintindex":0},"west":{"uv":[2.25,9.375,2.875,10.0],"rotation":0,"texture":"#0","tintindex":0},"up":{"uv":[10.375,5.5,9.875,4.875],"rotation":0,"texture":"#0","tintindex":0},"down":{"uv":[10.375,7.5,9.875,8.125],"rotation":0,"texture":"#0","tintindex":0}}},{"from":[7.0,4.5714283,5.428571],"to":[9.285714,5.714286,9.428572],"rotation":{"angle":0.0,"axis":"y","origin":[6.7714286,4.5714283,8.0]},"faces":{"east":{"uv":[10.25,8.375,11.125,8.625],"rotation":0,"texture":"#0","tintindex":0},"south":{"uv":[10.625,3.625,11.125,3.875],"rotation":0,"texture":"#0","tintindex":0},"north":{"uv":[3.125,10.625,3.625,10.875],"rotation":0,"texture":"#0","tintindex":0},"west":{"uv":[10.25,8.625,11.125,8.875],"rotation":0,"texture":"#0","tintindex":0},"up":{"uv":[4.625,10.0,4.125,9.125],"rotation":0,"texture":"#0","tintindex":0},"down":{"uv":[5.125,9.125,4.625,10.0],"rotation":0,"texture":"#0","tintindex":0}}}],"display":{"head":{"translation":[0.0,-6.4,0.0],"scale":[4.0,4.0,4.0]}}}