{"textures":{"0":"modelengine:entity/blacksmith"},"elements":[{"from":[7.5714283,4.428571,6.285714],"to":[11.0,8.428572,9.714286],"rotation":{"angle":0.0,"axis":"y","origin":[5.142857,-4.5714293,7.714286]},"faces":{"east":{"uv":[7.5,7.875,8.25,8.75],"rotation":0,"texture":"#0","tintindex":0},"south":{"uv":[8.0,0.0,8.75,0.875],"rotation":0,"texture":"#0","tintindex":0},"north":{"uv":[1.875,7.875,2.625,8.75],"rotation":0,"texture":"#0","tintindex":0},"west":{"uv":[8.0,0.875,8.75,1.75],"rotation":0,"texture":"#0","tintindex":0},"up":{"uv":[9.125,3.625,8.375,2.875],"rotation":0,"texture":"#0","tintindex":0},"down":{"uv":[9.25,5.125,8.5,5.875],"rotation":0,"texture":"#0","tintindex":0}}},{"from":[8.142858,1.7142854,6.857143],"to":[10.428572,4.5714283,9.142858],"rotation":{"angle":0.0,"axis":"y","origin":[5.8571424,-4.5714293,7.714286]},"faces":{"east":{"uv":[9.75,2.75,10.25,3.375],"rotation":0,"texture":"#0","tintindex":0},"south":{"uv":[5.125,9.75,5.625,10.375],"rotation":0,"texture":"#0","tintindex":0},"north":{"uv":[8.5,9.625,9.0,10.25],"rotation":0,"texture":"#0","tintindex":0},"west":{"uv":[5.625,9.75,6.125,10.375],"rotation":0,"texture":"#0","tintindex":0},"up":{"uv":[8.0,10.5,7.5,10.0],"rotation":0,"texture":"#0","tintindex":0},"down":{"uv":[9.75,10.0,9.25,10.5],"rotation":0,"texture":"#0","tintindex":0}}}],"display":{"head":{"translation":[0.0,-6.4,0.0],"scale":[4.0,4.0,4.0]}}}