{"textures":{"0":"modelengine:entity/blacksmith"},"elements":[{"from":[5.428571,7.714286,5.428571],"to":[10.571428,8.285714,10.571428],"rotation":{"angle":0.0,"axis":"y","origin":[8.0,8.0,8.0]},"faces":{"east":{"uv":[10.375,5.375,11.5,5.5],"rotation":0,"texture":"#0","tintindex":0},"south":{"uv":[10.375,8.0,11.5,8.125],"rotation":0,"texture":"#0","tintindex":0},"north":{"uv":[6.25,6.125,7.375,6.25],"rotation":0,"texture":"#0","tintindex":0},"west":{"uv":[10.5,6.875,11.625,7.0],"rotation":0,"texture":"#0","tintindex":0},"up":{"uv":[3.5,5.875,2.375,4.75],"rotation":0,"texture":"#0","tintindex":0},"down":{"uv":[1.125,5.0,0.0,6.125],"rotation":0,"texture":"#0","tintindex":0}}},{"from":[6.428571,7.428571,5.285714],"to":[7.5714283,8.571428,5.8571424],"rotation":{"angle":45.0,"axis":"z","origin":[7.0,8.0,5.5714283]},"faces":{"east":{"uv":[11.0,10.625,11.125,10.875],"rotation":0,"texture":"#0","tintindex":0},"south":{"uv":[10.75,9.75,11.0,10.0],"rotation":0,"texture":"#0","tintindex":0},"north":{"uv":[10.75,9.5,11.0,9.75],"rotation":0,"texture":"#0","tintindex":0},"west":{"uv":[10.75,11.0,10.875,11.25],"rotation":0,"texture":"#0","tintindex":0},"up":{"uv":[11.125,11.125,10.875,11.0],"rotation":0,"texture":"#0","tintindex":0},"down":{"uv":[11.375,0.0,11.125,0.125],"rotation":0,"texture":"#0","tintindex":0}}},{"from":[8.428572,7.428571,5.285714],"to":[9.571428,8.571428,5.8571424],"rotation":{"angle":45.0,"axis":"z","origin":[9.0,8.0,5.5714283]},"faces":{"east":{"uv":[11.125,0.125,11.25,0.375],"rotation":0,"texture":"#0","tintindex":0},"south":{"uv":[10.875,0.0,11.125,0.25],"rotation":0,"texture":"#0","tintindex":0},"north":{"uv":[10.75,10.0,11.0,10.25],"rotation":0,"texture":"#0","tintindex":0},"west":{"uv":[11.125,0.375,11.25,0.625],"rotation":0,"texture":"#0","tintindex":0},"up":{"uv":[0.875,11.25,0.625,11.125],"rotation":0,"texture":"#0","tintindex":0},"down":{"uv":[11.375,0.625,11.125,0.75],"rotation":0,"texture":"#0","tintindex":0}}}],"display":{"head":{"translation":[0.0,-6.4,0.0],"scale":[4.0,4.0,4.0]}}}