{"textures":{"0":"modelengine:entity/blacksmith"},"elements":[{"from":[5.142857,4.5714283,6.285714],"to":[8.571428,8.571428,9.714286],"rotation":{"angle":0.0,"axis":"y","origin":[10.857143,-4.5714293,7.714286]},"faces":{"east":{"uv":[7.625,2.75,8.375,3.625],"rotation":0,"texture":"#0","tintindex":0},"south":{"uv":[4.0,7.75,4.75,8.625],"rotation":0,"texture":"#0","tintindex":0},"north":{"uv":[7.625,1.875,8.375,2.75],"rotation":0,"texture":"#0","tintindex":0},"west":{"uv":[4.75,7.75,5.5,8.625],"rotation":0,"texture":"#0","tintindex":0},"up":{"uv":[7.5,8.875,6.75,8.125],"rotation":0,"texture":"#0","tintindex":0},"down":{"uv":[9.125,2.125,8.375,2.875],"rotation":0,"texture":"#0","tintindex":0}}},{"from":[5.5714283,1.7142854,6.857143],"to":[7.857143,4.5714283,9.142858],"rotation":{"angle":0.0,"axis":"y","origin":[10.142858,-4.5714293,7.714286]},"faces":{"east":{"uv":[9.625,2.125,10.125,2.75],"rotation":0,"texture":"#0","tintindex":0},"south":{"uv":[9.625,3.625,10.125,4.25],"rotation":0,"texture":"#0","tintindex":0},"north":{"uv":[9.5,6.875,10.0,7.5],"rotation":0,"texture":"#0","tintindex":0},"west":{"uv":[8.0,9.625,8.5,10.25],"rotation":0,"texture":"#0","tintindex":0},"up":{"uv":[2.75,10.5,2.25,10.0],"rotation":0,"texture":"#0","tintindex":0},"down":{"uv":[4.625,10.0,4.125,10.5],"rotation":0,"texture":"#0","tintindex":0}}}],"display":{"head":{"translation":[0.0,-6.4,0.0],"scale":[4.0,4.0,4.0]}}}