{"textures":{"0":"modelengine:entity/blacksmith"},"elements":[{"from":[6.285714,4.5714283,6.285714],"to":[9.142858,9.142858,9.714286],"rotation":{"angle":0.0,"axis":"y","origin":[9.085714,1.1428566,8.0]},"faces":{"east":{"uv":[6.625,0.875,7.375,1.875],"rotation":0,"texture":"#0","tintindex":0},"south":{"uv":[5.5,8.125,6.125,9.125],"rotation":0,"texture":"#0","tintindex":0},"north":{"uv":[8.0,3.625,8.625,4.625],"rotation":0,"texture":"#0","tintindex":0},"west":{"uv":[4.125,6.75,4.875,7.75],"rotation":0,"texture":"#0","tintindex":0},"up":{"uv":[9.375,0.75,8.75,0.0],"rotation":0,"texture":"#0","tintindex":0},"down":{"uv":[9.375,0.75,8.75,1.5],"rotation":0,"texture":"#0","tintindex":0}}}],"display":{"head":{"translation":[0.0,-6.4,0.0],"scale":[4.0,4.0,4.0]}}}