{"textures":{"0":"modelengine:entity/baby_ent"},"elements":[{"from":[6.4,8.324995,7.0697002],"to":[9.6,10.564995,9.1497],"rotation":{"angle":0.0,"axis":"y","origin":[8.0,11.090709,7.4066143]},"faces":{"east":{"uv":[10.0,1.25,11.125,2.5],"rotation":0,"texture":"#0","tintindex":0},"south":{"uv":[7.5,7.5,9.25,8.75],"rotation":0,"texture":"#0","tintindex":0},"north":{"uv":[7.5,6.25,9.25,7.5],"rotation":0,"texture":"#0","tintindex":0},"west":{"uv":[10.0,2.5,11.125,3.75],"rotation":0,"texture":"#0","tintindex":0},"up":{"uv":[4.25,9.625,2.5,8.5],"rotation":0,"texture":"#0","tintindex":0},"down":{"uv":[6.0,8.5,4.25,9.625],"rotation":0,"texture":"#0","tintindex":0}}},{"from":[6.285714,9.903789,6.4735317],"to":[9.714286,11.172359,8.850675],"rotation":{"angle":-22.5,"axis":"x","origin":[8.0,11.090709,7.4066143]},"faces":{"east":{"uv":[12.25,0.0,13.5,0.75],"rotation":0,"texture":"#0","tintindex":0},"south":{"uv":[9.5,5.5,11.375,6.25],"rotation":0,"texture":"#0","tintindex":0},"north":{"uv":[9.25,8.0,11.125,8.75],"rotation":0,"texture":"#0","tintindex":0},"west":{"uv":[12.25,0.75,13.5,1.5],"rotation":0,"texture":"#0","tintindex":0},"up":{"uv":[9.375,5.0,7.5,3.75],"rotation":0,"texture":"#0","tintindex":0},"down":{"uv":[9.375,5.0,7.5,6.25],"rotation":0,"texture":"#0","tintindex":0}}},{"from":[7.3142858,7.9260006,6.047668],"to":[8.685715,8.680286,7.8190966],"rotation":{"angle":-22.5,"axis":"x","origin":[8.0,11.090709,7.4066143]},"faces":{"east":{"uv":[13.5,11.5,14.5,11.875],"rotation":0,"texture":"#0","tintindex":0},"south":{"uv":[14.0,3.5,14.75,3.875],"rotation":0,"texture":"#0","tintindex":0},"north":{"uv":[14.0,3.0,14.75,3.375],"rotation":0,"texture":"#0","tintindex":0},"west":{"uv":[0.0,13.75,1.0,14.125],"rotation":0,"texture":"#0","tintindex":0},"up":{"uv":[13.0,7.0,12.25,6.0],"rotation":0,"texture":"#0","tintindex":0},"down":{"uv":[13.0,7.0,12.25,8.0],"rotation":0,"texture":"#0","tintindex":0}}}],"display":{"head":{"translation":[0.0,-6.4,0.0],"scale":[4.0,4.0,4.0]}}}