{"textures":{"0":"modelengine:entity/baby_ent"},"elements":[{"from":[6.857143,7.0857143,6.8342857],"to":[9.142858,8.0,9.12],"rotation":{"angle":0.0,"axis":"y","origin":[9.3714285,13.965714,7.2854857]},"faces":{"east":{"uv":[14.25,12.75,13.0,13.25],"rotation":0,"texture":"#0","tintindex":0},"south":{"uv":[14.25,10.5,13.0,11.0],"rotation":0,"texture":"#0","tintindex":0},"north":{"uv":[14.25,9.5,13.0,10.0],"rotation":0,"texture":"#0","tintindex":0},"west":{"uv":[14.25,10.0,13.0,10.5],"rotation":0,"texture":"#0","tintindex":0},"up":{"uv":[4.5,11.0,5.75,9.75],"rotation":0,"texture":"#0","tintindex":0},"down":{"uv":[10.0,0.0,11.25,1.25],"rotation":0,"texture":"#0","tintindex":0}}},{"from":[6.8685713,7.436756,9.151611],"to":[9.131429,8.281446,9.501493],"rotation":{"angle":22.5,"axis":"x","origin":[9.3714285,13.965714,7.2854857]},"faces":{"east":{"uv":[12.5,4.5,12.25,5.0],"rotation":0,"texture":"#0","tintindex":0},"south":{"uv":[14.5,2.0,13.25,2.5],"rotation":0,"texture":"#0","tintindex":0},"north":{"uv":[14.5,1.5,13.25,2.0],"rotation":0,"texture":"#0","tintindex":0},"west":{"uv":[2.0,10.5,1.75,11.0],"rotation":0,"texture":"#0","tintindex":0},"up":{"uv":[14.0,2.75,15.25,2.5],"rotation":0,"texture":"#0","tintindex":0},"down":{"uv":[14.0,2.75,15.25,3.0],"rotation":0,"texture":"#0","tintindex":0}}}],"display":{"head":{"translation":[0.0,-6.4,0.0],"scale":[4.0,4.0,4.0]}}}