{"textures":{"0":"modelengine:entity/baby_ent"},"elements":[{"from":[5.865321,4.28833,7.2923427],"to":[7.6207495,7.2140446,9.047771],"rotation":{"angle":22.5,"axis":"z","origin":[5.4193864,10.672836,7.3582854]},"faces":{"east":{"uv":[9.0,8.75,10.0,10.375],"rotation":0,"texture":"#0","tintindex":0},"south":{"uv":[9.25,6.25,10.25,7.875],"rotation":0,"texture":"#0","tintindex":0},"north":{"uv":[8.0,8.75,9.0,10.375],"rotation":0,"texture":"#0","tintindex":0},"west":{"uv":[9.5,3.75,10.5,5.375],"rotation":0,"texture":"#0","tintindex":0},"up":{"uv":[12.5,6.0,11.5,5.0],"rotation":0,"texture":"#0","tintindex":0},"down":{"uv":[6.25,11.75,5.25,12.75],"rotation":0,"texture":"#0","tintindex":0}}},{"from":[8.511118,4.361396,7.4386287],"to":[9.871574,5.6194534,8.901485],"rotation":{"angle":0.0,"axis":"y","origin":[5.4193864,10.672836,7.3582854]},"faces":{"east":{"uv":[1.75,13.5,2.5,14.25],"rotation":0,"texture":"#0","tintindex":0},"south":{"uv":[2.5,13.5,3.25,14.25],"rotation":0,"texture":"#0","tintindex":0},"north":{"uv":[1.0,13.5,1.75,14.25],"rotation":0,"texture":"#0","tintindex":0},"west":{"uv":[3.25,13.5,4.0,14.25],"rotation":0,"texture":"#0","tintindex":0},"up":{"uv":[4.75,14.25,4.0,13.5],"rotation":0,"texture":"#0","tintindex":0},"down":{"uv":[14.25,4.0,13.5,4.75],"rotation":0,"texture":"#0","tintindex":0}}},{"from":[5.8113065,3.8867235,7.2192],"to":[6.8791924,4.3987236,7.760457],"rotation":{"angle":22.5,"axis":"z","origin":[5.4193864,10.672836,7.3582854]},"faces":{"east":{"uv":[6.75,10.25,7.0,10.5],"rotation":0,"texture":"#0","tintindex":0},"south":{"uv":[14.25,0.0,14.875,0.25],"rotation":0,"texture":"#0","tintindex":0},"north":{"uv":[0.0,14.25,0.625,14.5],"rotation":0,"texture":"#0","tintindex":0},"west":{"uv":[11.25,5.0,11.5,5.25],"rotation":0,"texture":"#0","tintindex":0},"up":{"uv":[14.875,0.5,14.25,0.25],"rotation":0,"texture":"#0","tintindex":0},"down":{"uv":[14.875,0.5,14.25,0.75],"rotation":0,"texture":"#0","tintindex":0}}},{"from":[5.865321,7.2140446,7.2923427],"to":[7.6207495,8.585473,9.047771],"rotation":{"angle":22.5,"axis":"z","origin":[5.4193864,10.672836,7.3582854]},"faces":{"east":{"uv":[9.25,12.75,10.25,13.5],"rotation":0,"texture":"#0","tintindex":0},"south":{"uv":[10.25,12.75,11.25,13.5],"rotation":0,"texture":"#0","tintindex":0},"north":{"uv":[5.0,12.75,6.0,13.5],"rotation":0,"texture":"#0","tintindex":0},"west":{"uv":[11.25,12.75,12.25,13.5],"rotation":0,"texture":"#0","tintindex":0},"up":{"uv":[12.75,12.75,11.75,11.75],"rotation":0,"texture":"#0","tintindex":0},"down":{"uv":[1.0,12.0,0.0,13.0],"rotation":0,"texture":"#0","tintindex":0}}}],"display":{"head":{"translation":[0.0,-6.4,0.0],"scale":[4.0,4.0,4.0]}}}