{"textures":{"0":"modelengine:entity/baby_ent"},"elements":[{"from":[7.0857143,7.234286,7.3714285],"to":[8.914286,8.697143,9.2],"rotation":{"angle":0.0,"axis":"y","origin":[9.3714285,12.514286,7.594057]},"faces":{"east":{"uv":[13.5,5.25,12.5,6.0],"rotation":0,"texture":"#0","tintindex":0},"south":{"uv":[13.5,4.5,12.5,5.25],"rotation":0,"texture":"#0","tintindex":0},"north":{"uv":[8.25,12.25,7.25,13.0],"rotation":0,"texture":"#0","tintindex":0},"west":{"uv":[9.25,12.25,8.25,13.0],"rotation":0,"texture":"#0","tintindex":0},"up":{"uv":[11.25,2.0,12.25,1.0],"rotation":0,"texture":"#0","tintindex":0},"down":{"uv":[11.25,2.0,12.25,3.0],"rotation":0,"texture":"#0","tintindex":0}}},{"from":[7.04,6.5485716,7.325714],"to":[8.96,8.011429,9.245714],"rotation":{"angle":0.0,"axis":"y","origin":[9.3714285,12.514286,7.594057]},"faces":{"east":{"uv":[14.75,13.25,13.75,13.625],"rotation":0,"texture":"#0","tintindex":0},"south":{"uv":[12.75,13.75,11.75,14.125],"rotation":0,"texture":"#0","tintindex":0},"north":{"uv":[6.5,13.75,5.5,14.125],"rotation":0,"texture":"#0","tintindex":0},"west":{"uv":[8.75,13.75,7.75,14.125],"rotation":0,"texture":"#0","tintindex":0},"up":{"uv":[11.25,4.0,12.25,3.0],"rotation":0,"texture":"#0","tintindex":0},"down":{"uv":[11.25,4.0,12.25,5.0],"rotation":0,"texture":"#0","tintindex":0}}}],"display":{"head":{"translation":[0.0,-6.4,0.0],"scale":[4.0,4.0,4.0]}}}