{"textures":{"0":"modelengine:entity/baby_ent"},"elements":[{"from":[6.857143,7.0857143,6.8342857],"to":[9.142858,8.0,9.12],"rotation":{"angle":0.0,"axis":"y","origin":[6.6285715,13.965714,7.2854857]},"faces":{"east":{"uv":[13.0,10.0,14.25,10.5],"rotation":0,"texture":"#0","tintindex":0},"south":{"uv":[13.0,10.5,14.25,11.0],"rotation":0,"texture":"#0","tintindex":0},"north":{"uv":[13.0,9.5,14.25,10.0],"rotation":0,"texture":"#0","tintindex":0},"west":{"uv":[13.0,12.75,14.25,13.25],"rotation":0,"texture":"#0","tintindex":0},"up":{"uv":[5.75,11.0,4.5,9.75],"rotation":0,"texture":"#0","tintindex":0},"down":{"uv":[11.25,0.0,10.0,1.25],"rotation":0,"texture":"#0","tintindex":0}}},{"from":[6.8685713,7.436756,9.151611],"to":[9.131429,8.281446,9.501493],"rotation":{"angle":22.5,"axis":"x","origin":[6.6285715,13.965714,7.2854857]},"faces":{"east":{"uv":[1.75,10.5,2.0,11.0],"rotation":0,"texture":"#0","tintindex":0},"south":{"uv":[13.25,2.0,14.5,2.5],"rotation":0,"texture":"#0","tintindex":0},"north":{"uv":[13.25,1.5,14.5,2.0],"rotation":0,"texture":"#0","tintindex":0},"west":{"uv":[12.25,4.5,12.5,5.0],"rotation":0,"texture":"#0","tintindex":0},"up":{"uv":[15.25,2.75,14.0,2.5],"rotation":0,"texture":"#0","tintindex":0},"down":{"uv":[15.25,2.75,14.0,3.0],"rotation":0,"texture":"#0","tintindex":0}}}],"display":{"head":{"translation":[0.0,-6.4,0.0],"scale":[4.0,4.0,4.0]}}}