{"textures":{"0":"modelengine:entity/baby_ent"},"elements":[{"from":[8.379251,4.28833,7.2923427],"to":[10.134679,7.2140446,9.047771],"rotation":{"angle":-22.5,"axis":"z","origin":[10.580614,10.672836,7.3582854]},"faces":{"east":{"uv":[10.5,3.75,9.5,5.375],"rotation":0,"texture":"#0","tintindex":0},"south":{"uv":[10.25,6.25,9.25,7.875],"rotation":0,"texture":"#0","tintindex":0},"north":{"uv":[9.0,8.75,8.0,10.375],"rotation":0,"texture":"#0","tintindex":0},"west":{"uv":[10.0,8.75,9.0,10.375],"rotation":0,"texture":"#0","tintindex":0},"up":{"uv":[11.5,6.0,12.5,5.0],"rotation":0,"texture":"#0","tintindex":0},"down":{"uv":[5.25,11.75,6.25,12.75],"rotation":0,"texture":"#0","tintindex":0}}},{"from":[6.128425,4.361396,7.4386287],"to":[7.4888825,5.6194534,8.901485],"rotation":{"angle":0.0,"axis":"y","origin":[10.580614,10.672836,7.3582854]},"faces":{"east":{"uv":[4.0,13.5,3.25,14.25],"rotation":0,"texture":"#0","tintindex":0},"south":{"uv":[3.25,13.5,2.5,14.25],"rotation":0,"texture":"#0","tintindex":0},"north":{"uv":[1.75,13.5,1.0,14.25],"rotation":0,"texture":"#0","tintindex":0},"west":{"uv":[2.5,13.5,1.75,14.25],"rotation":0,"texture":"#0","tintindex":0},"up":{"uv":[4.0,14.25,4.75,13.5],"rotation":0,"texture":"#0","tintindex":0},"down":{"uv":[13.5,4.0,14.25,4.75],"rotation":0,"texture":"#0","tintindex":0}}},{"from":[9.120808,3.8867235,7.2192],"to":[10.188694,4.3987236,7.760457],"rotation":{"angle":-22.5,"axis":"z","origin":[10.580614,10.672836,7.3582854]},"faces":{"east":{"uv":[11.5,5.0,11.25,5.25],"rotation":0,"texture":"#0","tintindex":0},"south":{"uv":[14.875,0.0,14.25,0.25],"rotation":0,"texture":"#0","tintindex":0},"north":{"uv":[0.625,14.25,0.0,14.5],"rotation":0,"texture":"#0","tintindex":0},"west":{"uv":[7.0,10.25,6.75,10.5],"rotation":0,"texture":"#0","tintindex":0},"up":{"uv":[14.25,0.5,14.875,0.25],"rotation":0,"texture":"#0","tintindex":0},"down":{"uv":[14.25,0.5,14.875,0.75],"rotation":0,"texture":"#0","tintindex":0}}},{"from":[8.379251,7.2140446,7.2923427],"to":[10.134679,8.585473,9.047771],"rotation":{"angle":-22.5,"axis":"z","origin":[10.580614,10.672836,7.3582854]},"faces":{"east":{"uv":[12.25,12.75,11.25,13.5],"rotation":0,"texture":"#0","tintindex":0},"south":{"uv":[11.25,12.75,10.25,13.5],"rotation":0,"texture":"#0","tintindex":0},"north":{"uv":[6.0,12.75,5.0,13.5],"rotation":0,"texture":"#0","tintindex":0},"west":{"uv":[10.25,12.75,9.25,13.5],"rotation":0,"texture":"#0","tintindex":0},"up":{"uv":[11.75,12.75,12.75,11.75],"rotation":0,"texture":"#0","tintindex":0},"down":{"uv":[0.0,12.0,1.0,13.0],"rotation":0,"texture":"#0","tintindex":0}}}],"display":{"head":{"translation":[0.0,-6.4,0.0],"scale":[4.0,4.0,4.0]}}}