{"textures":{"0":"modelengine:entity/baby_ent"},"elements":[{"from":[6.1069517,8.0,7.918355],"to":[10.678381,12.114286,7.918355],"rotation":{"angle":22.5,"axis":"y","origin":[8.228572,3.6342854,8.314514]},"faces":{"east":{"uv":[0.0,0.0,0.0,2.25],"rotation":0,"texture":"#0","tintindex":0},"south":{"uv":[5.0,5.0,2.5,7.25],"rotation":0,"texture":"#0","tintindex":0},"north":{"uv":[2.5,5.0,5.0,7.25],"rotation":0,"texture":"#0","tintindex":0},"west":{"uv":[0.0,0.0,0.0,2.25],"rotation":0,"texture":"#0","tintindex":0},"up":{"uv":[2.5,0.0,0.0,0.0],"rotation":0,"texture":"#0","tintindex":0},"down":{"uv":[2.5,0.0,0.0,0.0],"rotation":0,"texture":"#0","tintindex":0}}}],"display":{"head":{"translation":[0.0,-6.4,0.0],"scale":[4.0,4.0,4.0]}}}