{"textures":{"0":"modelengine:entity/baby_ent"},"elements":[{"from":[5.714286,7.981317,5.2849607],"to":[10.285714,12.552746,9.742104],"rotation":{"angle":0.0,"axis":"y","origin":[8.0,8.187032,7.427589]},"faces":{"east":{"uv":[2.5,0.0,4.875,2.5],"rotation":0,"texture":"#0","tintindex":0},"south":{"uv":[0.0,2.5,2.5,5.0],"rotation":0,"texture":"#0","tintindex":0},"north":{"uv":[0.0,0.0,2.5,2.5],"rotation":0,"texture":"#0","tintindex":0},"west":{"uv":[2.5,2.5,4.875,5.0],"rotation":0,"texture":"#0","tintindex":0},"up":{"uv":[2.5,7.375,0.0,5.0],"rotation":0,"texture":"#0","tintindex":0},"down":{"uv":[7.5,0.0,5.0,2.375],"rotation":0,"texture":"#0","tintindex":0}}},{"from":[7.6571426,6.7731724,4.311233],"to":[8.342857,8.693172,5.61409],"rotation":{"angle":45.0,"axis":"x","origin":[8.0,7.7298884,7.427589]},"faces":{"east":{"uv":[12.75,11.25,13.5,12.25],"rotation":0,"texture":"#0","tintindex":0},"south":{"uv":[6.5,13.75,6.875,14.75],"rotation":0,"texture":"#0","tintindex":0},"north":{"uv":[2.0,8.75,2.375,9.75],"rotation":0,"texture":"#0","tintindex":0},"west":{"uv":[12.25,12.75,13.0,13.75],"rotation":0,"texture":"#0","tintindex":0},"up":{"uv":[5.625,11.75,5.25,11.0],"rotation":0,"texture":"#0","tintindex":0},"down":{"uv":[1.375,12.0,1.0,12.75],"rotation":0,"texture":"#0","tintindex":0}}},{"from":[5.8285713,9.238461,4.9421034],"to":[7.6571426,11.067032,5.2849607],"rotation":{"angle":0.0,"axis":"y","origin":[8.0,7.7298884,7.427589]},"faces":{"east":{"uv":[9.75,10.5,10.0,11.5],"rotation":0,"texture":"#0","tintindex":0},"south":{"uv":[12.0,8.25,13.0,9.25],"rotation":0,"texture":"#0","tintindex":0},"north":{"uv":[6.25,12.0,7.25,13.0],"rotation":0,"texture":"#0","tintindex":0},"west":{"uv":[8.75,13.75,9.0,14.75],"rotation":0,"texture":"#0","tintindex":0},"up":{"uv":[11.25,8.0,10.25,7.75],"rotation":0,"texture":"#0","tintindex":0},"down":{"uv":[11.5,5.25,10.5,5.5],"rotation":0,"texture":"#0","tintindex":0}}},{"from":[8.342857,9.238461,4.9421034],"to":[10.171429,11.067032,5.2849607],"rotation":{"angle":0.0,"axis":"y","origin":[8.0,7.7298884,7.427589]},"faces":{"east":{"uv":[12.75,13.75,13.0,14.75],"rotation":0,"texture":"#0","tintindex":0},"south":{"uv":[12.0,10.25,13.0,11.25],"rotation":0,"texture":"#0","tintindex":0},"north":{"uv":[12.0,9.25,13.0,10.25],"rotation":0,"texture":"#0","tintindex":0},"west":{"uv":[9.75,14.0,10.0,15.0],"rotation":0,"texture":"#0","tintindex":0},"up":{"uv":[15.0,7.25,14.0,7.0],"rotation":0,"texture":"#0","tintindex":0},"down":{"uv":[15.0,7.25,14.0,7.5],"rotation":0,"texture":"#0","tintindex":0}}},{"from":[10.285714,12.552746,5.2849607],"to":[10.285714,14.838461,9.742104],"rotation":{"angle":0.0,"axis":"y","origin":[8.0,8.187032,7.427589]},"faces":{"east":{"uv":[0.0,7.5,2.375,8.75],"rotation":0,"texture":"#0","tintindex":0},"south":{"uv":[0.0,0.0,0.0,1.25],"rotation":0,"texture":"#0","tintindex":0},"north":{"uv":[0.0,0.0,0.0,1.25],"rotation":0,"texture":"#0","tintindex":0},"west":{"uv":[2.375,7.5,0.0,8.75],"rotation":0,"texture":"#0","tintindex":0},"up":{"uv":[0.0,2.375,0.0,0.0],"rotation":0,"texture":"#0","tintindex":0},"down":{"uv":[0.0,0.0,0.0,2.375],"rotation":0,"texture":"#0","tintindex":0}}},{"from":[5.714286,12.552746,5.2849607],"to":[5.714286,14.838461,9.742104],"rotation":{"angle":0.0,"axis":"y","origin":[8.0,8.187032,7.427589]},"faces":{"east":{"uv":[9.875,2.5,7.5,3.75],"rotation":0,"texture":"#0","tintindex":0},"south":{"uv":[0.0,0.0,0.0,1.25],"rotation":0,"texture":"#0","tintindex":0},"north":{"uv":[0.0,0.0,0.0,1.25],"rotation":0,"texture":"#0","tintindex":0},"west":{"uv":[7.5,2.5,9.875,3.75],"rotation":0,"texture":"#0","tintindex":0},"up":{"uv":[0.0,2.375,0.0,0.0],"rotation":0,"texture":"#0","tintindex":0},"down":{"uv":[0.0,0.0,0.0,2.375],"rotation":0,"texture":"#0","tintindex":0}}},{"from":[5.714286,12.552746,5.2849607],"to":[10.285714,14.838461,5.2849607],"rotation":{"angle":0.0,"axis":"y","origin":[8.0,8.187032,7.427589]},"faces":{"east":{"uv":[0.0,0.0,0.0,1.25],"rotation":0,"texture":"#0","tintindex":0},"south":{"uv":[7.5,4.75,5.0,6.0],"rotation":0,"texture":"#0","tintindex":0},"north":{"uv":[5.0,4.75,7.5,6.0],"rotation":0,"texture":"#0","tintindex":0},"west":{"uv":[0.0,0.0,0.0,1.25],"rotation":0,"texture":"#0","tintindex":0},"up":{"uv":[2.5,0.0,0.0,0.0],"rotation":0,"texture":"#0","tintindex":0},"down":{"uv":[2.5,0.0,0.0,0.0],"rotation":0,"texture":"#0","tintindex":0}}},{"from":[5.714286,12.552746,9.741646],"to":[10.285714,14.838461,9.741646],"rotation":{"angle":0.0,"axis":"y","origin":[8.0,8.187032,7.427589]},"faces":{"east":{"uv":[0.0,0.0,0.0,1.25],"rotation":0,"texture":"#0","tintindex":0},"south":{"uv":[5.0,7.25,7.5,8.5],"rotation":0,"texture":"#0","tintindex":0},"north":{"uv":[7.5,7.25,5.0,8.5],"rotation":0,"texture":"#0","tintindex":0},"west":{"uv":[0.0,0.0,0.0,1.25],"rotation":0,"texture":"#0","tintindex":0},"up":{"uv":[2.5,0.0,0.0,0.0],"rotation":0,"texture":"#0","tintindex":0},"down":{"uv":[2.5,0.0,0.0,0.0],"rotation":0,"texture":"#0","tintindex":0}}}],"display":{"head":{"translation":[0.0,-6.4,0.0],"scale":[4.0,4.0,4.0]}}}