{"textures":{"0":"modelengine:entity/baby_ent"},"elements":[{"from":[7.580952,5.884136,7.666962],"to":[9.078095,8.40985,9.038391],"rotation":{"angle":22.5,"axis":"z","origin":[8.329524,7.146993,8.352676]},"faces":{"east":{"uv":[10.5,3.75,11.25,5.125],"rotation":0,"texture":"#0","tintindex":0},"south":{"uv":[10.0,10.25,10.875,11.625],"rotation":0,"texture":"#0","tintindex":0},"north":{"uv":[10.25,6.25,11.125,7.625],"rotation":0,"texture":"#0","tintindex":0},"west":{"uv":[6.75,10.5,7.5,11.875],"rotation":0,"texture":"#0","tintindex":0},"up":{"uv":[13.875,6.75,13.0,6.0],"rotation":0,"texture":"#0","tintindex":0},"down":{"uv":[13.875,6.75,13.0,7.5],"rotation":0,"texture":"#0","tintindex":0}}},{"from":[7.878095,6.367156,5.5821266],"to":[9.260952,7.13287,6.142127],"rotation":{"angle":-22.5,"axis":"x","origin":[7.2609525,10.844136,7.615305]},"faces":{"east":{"uv":[9.0,13.0,9.25,13.375],"rotation":0,"texture":"#0","tintindex":0},"south":{"uv":[14.0,6.5,14.75,6.875],"rotation":0,"texture":"#0","tintindex":0},"north":{"uv":[14.0,6.0,14.75,6.375],"rotation":0,"texture":"#0","tintindex":0},"west":{"uv":[13.25,4.0,13.5,4.375],"rotation":0,"texture":"#0","tintindex":0},"up":{"uv":[10.75,14.25,10.0,14.0],"rotation":0,"texture":"#0","tintindex":0},"down":{"uv":[11.5,14.0,10.75,14.25],"rotation":0,"texture":"#0","tintindex":0}}}],"display":{"head":{"translation":[0.0,-6.4,0.0],"scale":[4.0,4.0,4.0]}}}