{"textures":{"0":"modelengine:entity/baby_ent"},"elements":[{"from":[7.8490396,4.460113,7.41376],"to":[9.019325,7.3858275,8.584045],"rotation":{"angle":-22.5,"axis":"z","origin":[9.757832,7.918905,7.1871314]},"faces":{"east":{"uv":[5.125,11.0,4.5,12.625],"rotation":0,"texture":"#0","tintindex":0},"south":{"uv":[4.375,11.0,3.75,12.625],"rotation":0,"texture":"#0","tintindex":0},"north":{"uv":[2.875,11.0,2.25,12.625],"rotation":0,"texture":"#0","tintindex":0},"west":{"uv":[3.625,11.0,3.0,12.625],"rotation":0,"texture":"#0","tintindex":0},"up":{"uv":[7.0,14.125,7.625,13.5],"rotation":0,"texture":"#0","tintindex":0},"down":{"uv":[9.0,13.5,9.625,14.125],"rotation":0,"texture":"#0","tintindex":0}}}],"display":{"head":{"translation":[0.0,-6.4,0.0],"scale":[4.0,4.0,4.0]}}}