{"textures":{"0":"modelengine:entity/baby_ent"},"elements":[{"from":[6.9219046,5.884136,7.666962],"to":[8.419047,8.40985,9.038391],"rotation":{"angle":-22.5,"axis":"z","origin":[7.670476,7.146993,8.352676]},"faces":{"east":{"uv":[7.5,10.5,6.75,11.875],"rotation":0,"texture":"#0","tintindex":0},"south":{"uv":[10.875,10.25,10.0,11.625],"rotation":0,"texture":"#0","tintindex":0},"north":{"uv":[11.125,6.25,10.25,7.625],"rotation":0,"texture":"#0","tintindex":0},"west":{"uv":[11.25,3.75,10.5,5.125],"rotation":0,"texture":"#0","tintindex":0},"up":{"uv":[13.0,6.75,13.875,6.0],"rotation":0,"texture":"#0","tintindex":0},"down":{"uv":[13.0,6.75,13.875,7.5],"rotation":0,"texture":"#0","tintindex":0}}},{"from":[6.7390475,6.367156,5.5821266],"to":[8.121904,7.13287,6.142127],"rotation":{"angle":-22.5,"axis":"x","origin":[8.739048,10.844136,7.615305]},"faces":{"east":{"uv":[13.5,4.0,13.25,4.375],"rotation":0,"texture":"#0","tintindex":0},"south":{"uv":[14.75,6.5,14.0,6.875],"rotation":0,"texture":"#0","tintindex":0},"north":{"uv":[14.75,6.0,14.0,6.375],"rotation":0,"texture":"#0","tintindex":0},"west":{"uv":[9.25,13.0,9.0,13.375],"rotation":0,"texture":"#0","tintindex":0},"up":{"uv":[10.0,14.25,10.75,14.0],"rotation":0,"texture":"#0","tintindex":0},"down":{"uv":[10.75,14.0,11.5,14.25],"rotation":0,"texture":"#0","tintindex":0}}}],"display":{"head":{"translation":[0.0,-6.4,0.0],"scale":[4.0,4.0,4.0]}}}