{"textures":{"0":"modelengine:entity/cyclops"},"elements":[{"from":[3.4285712,17.714287,1.1428566],"to":[12.571428,22.857143,5.714286],"rotation":{"angle":-22.5,"axis":"x","origin":[8.0,20.285715,3.4285712]},"faces":{"east":{"uv":[1.25,11.4375,1.75,12.0],"rotation":0,"texture":"#0","tintindex":0},"south":{"uv":[9.25,4.6875,10.25,5.25],"rotation":0,"texture":"#0","tintindex":0},"north":{"uv":[9.125,1.3125,10.125,1.875],"rotation":0,"texture":"#0","tintindex":0},"west":{"uv":[1.75,11.4375,2.25,12.0],"rotation":0,"texture":"#0","tintindex":0},"up":{"uv":[10.8125,0.5,9.8125,0.0],"rotation":0,"texture":"#0","tintindex":0},"down":{"uv":[10.9375,5.25,9.9375,5.75],"rotation":0,"texture":"#0","tintindex":0}}},{"from":[4.5714283,16.857143,3.0],"to":[11.428572,24.285715,10.428572],"rotation":{"angle":-45.0,"axis":"x","origin":[8.0,20.57143,6.714286]},"faces":{"east":{"uv":[7.6875,7.875,8.5,8.6875],"rotation":0,"texture":"#0","tintindex":0},"south":{"uv":[8.5,7.125,9.25,7.9375],"rotation":0,"texture":"#0","tintindex":0},"north":{"uv":[8.4375,0.5,9.1875,1.3125],"rotation":0,"texture":"#0","tintindex":0},"west":{"uv":[0.0,7.9375,0.8125,8.75],"rotation":0,"texture":"#0","tintindex":0},"up":{"uv":[9.25,8.75,8.5,7.9375],"rotation":0,"texture":"#0","tintindex":0},"down":{"uv":[7.3125,8.5625,6.5625,9.375],"rotation":0,"texture":"#0","tintindex":0}}},{"from":[-2.285715,12.714286,-0.14285755],"to":[18.285715,19.428572,10.714286],"rotation":{"angle":-22.5,"axis":"x","origin":[8.0,20.57143,6.714286]},"faces":{"east":{"uv":[6.125,0.0,7.3125,0.75],"rotation":0,"texture":"#0","tintindex":0},"south":{"uv":[3.875,0.0,6.125,0.75],"rotation":0,"texture":"#0","tintindex":0},"north":{"uv":[3.625,3.25,5.875,4.0],"rotation":0,"texture":"#0","tintindex":0},"west":{"uv":[6.4375,0.75,7.625,1.5],"rotation":0,"texture":"#0","tintindex":0},"up":{"uv":[2.25,1.1875,0.0,0.0],"rotation":0,"texture":"#0","tintindex":0},"down":{"uv":[2.25,1.1875,0.0,2.375],"rotation":0,"texture":"#0","tintindex":0}}},{"from":[1.7142854,6.428571,1.5714283],"to":[14.285715,16.0,12.428572],"rotation":{"angle":0.0,"axis":"y","origin":[8.571428,20.57143,6.714286]},"faces":{"east":{"uv":[0.0,4.9375,1.1875,6.0],"rotation":0,"texture":"#0","tintindex":0},"south":{"uv":[3.625,4.0,5.0,5.0625],"rotation":0,"texture":"#0","tintindex":0},"north":{"uv":[3.875,1.9375,5.25,3.0],"rotation":0,"texture":"#0","tintindex":0},"west":{"uv":[5.25,0.75,6.4375,1.8125],"rotation":0,"texture":"#0","tintindex":0},"up":{"uv":[1.375,4.9375,0.0,3.75],"rotation":0,"texture":"#0","tintindex":0},"down":{"uv":[5.25,0.75,3.875,1.9375],"rotation":0,"texture":"#0","tintindex":0}}},{"from":[-0.2857151,3.5714283,0.42857122],"to":[16.285715,10.285714,13.0],"rotation":{"angle":0.0,"axis":"y","origin":[8.285714,20.57143,6.714286]},"faces":{"east":{"uv":[5.25,1.8125,6.625,2.5625],"rotation":0,"texture":"#0","tintindex":0},"south":{"uv":[5.0,4.0,6.8125,4.75],"rotation":0,"texture":"#0","tintindex":0},"north":{"uv":[1.375,4.625,3.1875,5.375],"rotation":0,"texture":"#0","tintindex":0},"west":{"uv":[1.1875,5.375,2.5625,6.125],"rotation":0,"texture":"#0","tintindex":0},"up":{"uv":[1.8125,3.75,0.0,2.375],"rotation":0,"texture":"#0","tintindex":0},"down":{"uv":[3.625,3.25,1.8125,4.625],"rotation":0,"texture":"#0","tintindex":0}}},{"from":[1.9999995,-0.4285717,2.142857],"to":[14.0,4.0,11.285714],"rotation":{"angle":0.0,"axis":"y","origin":[8.285714,20.57143,6.714286]},"faces":{"east":{"uv":[5.25,1.8125,6.625,2.5625],"rotation":0,"texture":"#0","tintindex":0},"south":{"uv":[5.0,4.0,6.8125,4.75],"rotation":0,"texture":"#0","tintindex":0},"north":{"uv":[1.375,4.625,3.1875,5.375],"rotation":0,"texture":"#0","tintindex":0},"west":{"uv":[1.1875,5.375,2.5625,6.125],"rotation":0,"texture":"#0","tintindex":0},"up":{"uv":[1.8125,3.75,0.0,2.375],"rotation":0,"texture":"#0","tintindex":0},"down":{"uv":[3.625,3.25,1.8125,4.625],"rotation":0,"texture":"#0","tintindex":0}}},{"from":[-0.2857151,17.428572,2.7142854],"to":[16.285715,22.57143,9.571428],"rotation":{"angle":0.0,"axis":"y","origin":[8.285714,20.285715,3.4285712]},"faces":{"east":{"uv":[5.4375,10.375,6.1875,10.9375],"rotation":0,"texture":"#0","tintindex":0},"south":{"uv":[5.0,5.5,6.8125,6.0625],"rotation":0,"texture":"#0","tintindex":0},"north":{"uv":[5.25,2.5625,7.0625,3.125],"rotation":0,"texture":"#0","tintindex":0},"west":{"uv":[10.5625,10.3125,11.3125,10.875],"rotation":0,"texture":"#0","tintindex":0},"up":{"uv":[6.8125,5.5,5.0,4.75],"rotation":0,"texture":"#0","tintindex":0},"down":{"uv":[5.0,5.0625,3.1875,5.8125],"rotation":0,"texture":"#0","tintindex":0}}},{"from":[4.5714283,14.571428,0.0],"to":[11.428572,22.0,4.5714283],"rotation":{"angle":22.5,"axis":"x","origin":[8.0,20.285715,3.4285712]},"faces":{"east":{"uv":[1.625,7.9375,2.125,8.75],"rotation":0,"texture":"#0","tintindex":0},"south":{"uv":[7.3125,8.6875,8.0625,9.5],"rotation":0,"texture":"#0","tintindex":0},"north":{"uv":[8.6875,2.0,9.4375,2.8125],"rotation":0,"texture":"#0","tintindex":0},"west":{"uv":[10.6875,1.875,11.1875,2.6875],"rotation":0,"texture":"#0","tintindex":0},"up":{"uv":[11.5625,0.5,10.8125,0.0],"rotation":0,"texture":"#0","tintindex":0},"down":{"uv":[9.9375,10.8125,9.1875,11.3125],"rotation":0,"texture":"#0","tintindex":0}}}],"display":{"head":{"translation":[0.0,-6.4,0.0],"scale":[4.0,4.0,4.0]}}}