{"textures":{"0":"modelengine:entity/cyclops"},"elements":[{"from":[6.285714,6.5714283,14.857142],"to":[8.571428,8.857143,25.142857],"rotation":{"angle":0.0,"axis":"y","origin":[-6.285715,25.142859,20.571428]},"faces":{"east":{"uv":[3.875,3.0,5.0,3.25],"rotation":0,"texture":"#0","tintindex":0},"south":{"uv":[12.5,6.25,12.75,6.5],"rotation":0,"texture":"#0","tintindex":0},"north":{"uv":[12.5,6.0,12.75,6.25],"rotation":0,"texture":"#0","tintindex":0},"west":{"uv":[3.875,3.0,5.0,3.25],"rotation":0,"texture":"#0","tintindex":0},"up":{"uv":[2.625,10.5625,2.375,9.4375],"rotation":0,"texture":"#0","tintindex":0},"down":{"uv":[2.625,9.4375,2.375,10.5625],"rotation":0,"texture":"#0","tintindex":0}}},{"from":[5.714286,6.0,25.142857],"to":[9.142858,9.428572,26.857143],"rotation":{"angle":0.0,"axis":"y","origin":[-6.285715,25.142859,20.571428]},"faces":{"east":{"uv":[2.5,12.375,2.6875,12.75],"rotation":0,"texture":"#0","tintindex":0},"south":{"uv":[1.5,12.0,1.875,12.375],"rotation":0,"texture":"#0","tintindex":0},"north":{"uv":[12.0,0.75,12.375,1.125],"rotation":0,"texture":"#0","tintindex":0},"west":{"uv":[2.6875,12.375,2.875,12.75],"rotation":0,"texture":"#0","tintindex":0},"up":{"uv":[12.75,0.4375,12.375,0.25],"rotation":0,"texture":"#0","tintindex":0},"down":{"uv":[3.5625,12.375,3.1875,12.5625],"rotation":0,"texture":"#0","tintindex":0}}},{"from":[5.714286,6.0,1.7142849],"to":[9.142858,9.428572,14.857142],"rotation":{"angle":0.0,"axis":"y","origin":[-6.285715,25.142859,20.571428]},"faces":{"east":{"uv":[9.1875,0.9375,10.625,1.3125],"rotation":0,"texture":"#0","tintindex":0},"south":{"uv":[2.25,12.0,2.625,12.375],"rotation":0,"texture":"#0","tintindex":0},"north":{"uv":[1.875,12.0,2.25,12.375],"rotation":0,"texture":"#0","tintindex":0},"west":{"uv":[0.0,9.4375,1.4375,9.8125],"rotation":0,"texture":"#0","tintindex":0},"up":{"uv":[5.4375,10.5625,5.0625,9.125],"rotation":0,"texture":"#0","tintindex":0},"down":{"uv":[1.8125,9.4375,1.4375,10.875],"rotation":0,"texture":"#0","tintindex":0}}},{"from":[5.142857,5.428571,-16.0],"to":[9.714286,10.0,1.7142849],"rotation":{"angle":0.0,"axis":"y","origin":[-6.285715,25.142859,20.571428]},"faces":{"east":{"uv":[2.5625,5.8125,4.5,6.3125],"rotation":0,"texture":"#0","tintindex":0},"south":{"uv":[11.4375,11.5,11.9375,12.0],"rotation":0,"texture":"#0","tintindex":0},"north":{"uv":[10.9375,11.5,11.4375,12.0],"rotation":0,"texture":"#0","tintindex":0},"west":{"uv":[5.875,3.125,7.8125,3.625],"rotation":0,"texture":"#0","tintindex":0},"up":{"uv":[5.0,7.75,4.5,5.8125],"rotation":0,"texture":"#0","tintindex":0},"down":{"uv":[0.5,6.0,0.0,7.9375],"rotation":0,"texture":"#0","tintindex":0}}},{"from":[4.5714283,7.714286,-13.714287],"to":[8.571428,11.142858,-1.7142868],"rotation":{"angle":0.0,"axis":"y","origin":[7.428571,10.571428,-7.1428585]},"faces":{"east":{"uv":[9.8125,0.5,11.125,0.875],"rotation":0,"texture":"#0","tintindex":0},"south":{"uv":[11.9375,10.5,12.375,10.875],"rotation":0,"texture":"#0","tintindex":0},"north":{"uv":[11.9375,5.25,12.375,5.625],"rotation":0,"texture":"#0","tintindex":0},"west":{"uv":[9.9375,9.9375,11.25,10.3125],"rotation":0,"texture":"#0","tintindex":0},"up":{"uv":[3.0625,10.5625,2.625,9.25],"rotation":0,"texture":"#0","tintindex":0},"down":{"uv":[3.5,9.25,3.0625,10.5625],"rotation":0,"texture":"#0","tintindex":0}}},{"from":[7.428571,4.8571424,-12.0],"to":[10.285714,7.714286,0.5714283],"rotation":{"angle":0.0,"axis":"y","origin":[7.428571,10.571428,-7.1428585]},"faces":{"east":{"uv":[0.0,10.5625,1.375,10.875],"rotation":0,"texture":"#0","tintindex":0},"south":{"uv":[7.9375,12.25,8.25,12.5625],"rotation":0,"texture":"#0","tintindex":0},"north":{"uv":[7.625,12.25,7.9375,12.5625],"rotation":0,"texture":"#0","tintindex":0},"west":{"uv":[1.8125,10.5625,3.1875,10.875],"rotation":0,"texture":"#0","tintindex":0},"up":{"uv":[3.8125,11.75,3.5,10.375],"rotation":0,"texture":"#0","tintindex":0},"down":{"uv":[4.125,10.375,3.8125,11.75],"rotation":0,"texture":"#0","tintindex":0}}},{"from":[7.285714,5.5714283,3.4285698],"to":[9.571428,7.857143,10.857142],"rotation":{"angle":0.0,"axis":"y","origin":[7.428571,10.571428,-7.1428585]},"faces":{"east":{"uv":[3.1875,11.75,4.0,12.0],"rotation":0,"texture":"#0","tintindex":0},"south":{"uv":[12.5,6.5,12.75,6.75],"rotation":0,"texture":"#0","tintindex":0},"north":{"uv":[6.3125,12.5,6.5625,12.75],"rotation":0,"texture":"#0","tintindex":0},"west":{"uv":[11.8125,0.5,12.625,0.75],"rotation":0,"texture":"#0","tintindex":0},"up":{"uv":[5.8125,12.375,5.5625,11.5625],"rotation":0,"texture":"#0","tintindex":0},"down":{"uv":[6.625,11.6875,6.375,12.5],"rotation":0,"texture":"#0","tintindex":0}}},{"from":[5.142857,7.714286,6.8571424],"to":[7.428571,10.0,13.142857],"rotation":{"angle":0.0,"axis":"y","origin":[7.428571,10.571428,-7.1428585]},"faces":{"east":{"uv":[11.8125,6.0625,12.5,6.3125],"rotation":0,"texture":"#0","tintindex":0},"south":{"uv":[12.5,8.875,12.75,9.125],"rotation":0,"texture":"#0","tintindex":0},"north":{"uv":[12.5,7.9375,12.75,8.1875],"rotation":0,"texture":"#0","tintindex":0},"west":{"uv":[11.9375,5.0,12.625,5.25],"rotation":0,"texture":"#0","tintindex":0},"up":{"uv":[9.8125,12.625,9.5625,11.9375],"rotation":0,"texture":"#0","tintindex":0},"down":{"uv":[10.0625,11.9375,9.8125,12.625],"rotation":0,"texture":"#0","tintindex":0}}},{"from":[4.5714283,4.8571424,-14.857143],"to":[6.285714,6.5714283,-6.8571434],"rotation":{"angle":0.0,"axis":"y","origin":[7.428571,10.571428,-7.1428585]},"faces":{"east":{"uv":[11.875,3.125,12.75,3.3125],"rotation":0,"texture":"#0","tintindex":0},"south":{"uv":[6.375,11.5,6.5625,11.6875],"rotation":0,"texture":"#0","tintindex":0},"north":{"uv":[9.75,11.3125,9.9375,11.5],"rotation":0,"texture":"#0","tintindex":0},"west":{"uv":[11.9375,7.25,12.8125,7.4375],"rotation":0,"texture":"#0","tintindex":0},"up":{"uv":[1.3125,12.875,1.125,12.0],"rotation":0,"texture":"#0","tintindex":0},"down":{"uv":[1.5,12.0,1.3125,12.875],"rotation":0,"texture":"#0","tintindex":0}}}],"display":{"head":{"translation":[0.0,-6.4,-48.0],"scale":[4.0,4.0,4.0]}}}