{"textures":{"0":"modelengine:entity/cyclops"},"elements":[{"from":[4.7619047,4.0952377,2.2857141],"to":[12.761905,7.5238094,6.857143],"rotation":{"angle":0.0,"axis":"y","origin":[8.761905,23.238094,6.285714]},"faces":{"east":{"uv":[11.875,4.25,12.375,4.625],"rotation":0,"texture":"#0","tintindex":0},"south":{"uv":[7.5,2.0,8.375,2.375],"rotation":0,"texture":"#0","tintindex":0},"north":{"uv":[5.875,3.625,6.75,4.0],"rotation":0,"texture":"#0","tintindex":0},"west":{"uv":[11.875,4.625,12.375,5.0],"rotation":0,"texture":"#0","tintindex":0},"up":{"uv":[10.9375,8.25,10.0625,7.75],"rotation":0,"texture":"#0","tintindex":0},"down":{"uv":[10.5625,10.3125,9.6875,10.8125],"rotation":0,"texture":"#0","tintindex":0}}},{"from":[5.904762,6.6666665,2.4285712],"to":[7.047619,8.380953,3.5714283],"rotation":{"angle":0.0,"axis":"y","origin":[8.761905,23.238094,6.285714]},"faces":{"east":{"uv":[8.8125,3.25,8.9375,3.4375],"rotation":0,"texture":"#0","tintindex":0},"south":{"uv":[8.8125,3.4375,8.9375,3.625],"rotation":0,"texture":"#0","tintindex":0},"north":{"uv":[8.8125,3.0625,8.9375,3.25],"rotation":0,"texture":"#0","tintindex":0},"west":{"uv":[9.0,1.3125,9.125,1.5],"rotation":0,"texture":"#0","tintindex":0},"up":{"uv":[7.6875,8.6875,7.5625,8.5625],"rotation":0,"texture":"#0","tintindex":0},"down":{"uv":[8.8125,2.8125,8.6875,2.9375],"rotation":0,"texture":"#0","tintindex":0}}},{"from":[10.476191,6.6666665,2.4285712],"to":[11.619048,8.380953,3.5714283],"rotation":{"angle":0.0,"axis":"y","origin":[8.761905,23.238094,6.285714]},"faces":{"east":{"uv":[10.0,2.5625,10.125,2.75],"rotation":0,"texture":"#0","tintindex":0},"south":{"uv":[10.125,4.1875,10.25,4.375],"rotation":0,"texture":"#0","tintindex":0},"north":{"uv":[9.8125,5.25,9.9375,5.4375],"rotation":0,"texture":"#0","tintindex":0},"west":{"uv":[10.125,4.375,10.25,4.5625],"rotation":0,"texture":"#0","tintindex":0},"up":{"uv":[3.9375,8.875,3.8125,8.75],"rotation":0,"texture":"#0","tintindex":0},"down":{"uv":[9.25,1.875,9.125,2.0],"rotation":0,"texture":"#0","tintindex":0}}},{"from":[5.904762,4.9523807,6.857143],"to":[11.619048,8.952381,10.285714],"rotation":{"angle":0.0,"axis":"y","origin":[8.761905,23.238094,6.285714]},"faces":{"east":{"uv":[6.6875,7.375,7.0625,7.8125],"rotation":0,"texture":"#0","tintindex":0},"south":{"uv":[11.375,6.375,12.0,6.8125],"rotation":0,"texture":"#0","tintindex":0},"north":{"uv":[2.5625,5.375,3.1875,5.8125],"rotation":0,"texture":"#0","tintindex":0},"west":{"uv":[7.5625,5.5,7.9375,5.9375],"rotation":0,"texture":"#0","tintindex":0},"up":{"uv":[10.375,11.9375,9.75,11.5625],"rotation":0,"texture":"#0","tintindex":0},"down":{"uv":[1.125,11.625,0.5,12.0],"rotation":0,"texture":"#0","tintindex":0}}}],"display":{"head":{"translation":[0.0,-6.4,0.0],"scale":[4.0,4.0,4.0]}}}