{"textures":{"0":"modelengine:entity/cyclops"},"elements":[{"from":[5.714286,-0.4285717,7.714286],"to":[10.857143,8.142858,13.428572],"rotation":{"angle":0.0,"axis":"y","origin":[13.714286,20.142857,10.0]},"faces":{"east":{"uv":[8.6875,8.75,9.3125,9.6875],"rotation":0,"texture":"#0","tintindex":0},"south":{"uv":[9.5625,2.8125,10.125,3.75],"rotation":0,"texture":"#0","tintindex":0},"north":{"uv":[7.1875,9.5,7.75,10.4375],"rotation":0,"texture":"#0","tintindex":0},"west":{"uv":[3.8125,8.875,4.4375,9.8125],"rotation":0,"texture":"#0","tintindex":0},"up":{"uv":[11.5,5.6875,10.9375,5.0625],"rotation":0,"texture":"#0","tintindex":0},"down":{"uv":[5.9375,10.9375,5.375,11.5625],"rotation":0,"texture":"#0","tintindex":0}}},{"from":[6.285714,3.0,13.428572],"to":[10.285714,8.714286,15.142858],"rotation":{"angle":0.0,"axis":"y","origin":[13.714286,20.142857,10.0]},"faces":{"east":{"uv":[3.0,12.0625,3.1875,12.6875],"rotation":0,"texture":"#0","tintindex":0},"south":{"uv":[11.5,5.0,11.9375,5.625],"rotation":0,"texture":"#0","tintindex":0},"north":{"uv":[2.75,11.4375,3.1875,12.0625],"rotation":0,"texture":"#0","tintindex":0},"west":{"uv":[4.9375,12.0625,5.125,12.6875],"rotation":0,"texture":"#0","tintindex":0},"up":{"uv":[2.25,3.25,1.8125,3.0625],"rotation":0,"texture":"#0","tintindex":0},"down":{"uv":[1.8125,4.4375,1.375,4.625],"rotation":0,"texture":"#0","tintindex":0}}},{"from":[6.5714283,5.8571424,6.5714283],"to":[10.0,9.285714,8.285714],"rotation":{"angle":0.0,"axis":"y","origin":[13.714286,20.142857,10.0]},"faces":{"east":{"uv":[12.375,3.3125,12.5625,3.6875],"rotation":0,"texture":"#0","tintindex":0},"south":{"uv":[12.0,3.3125,12.375,3.6875],"rotation":0,"texture":"#0","tintindex":0},"north":{"uv":[3.1875,12.0,3.5625,12.375],"rotation":0,"texture":"#0","tintindex":0},"west":{"uv":[3.5625,12.375,3.75,12.75],"rotation":0,"texture":"#0","tintindex":0},"up":{"uv":[4.125,12.5625,3.75,12.375],"rotation":0,"texture":"#0","tintindex":0},"down":{"uv":[12.75,4.125,12.375,4.3125],"rotation":0,"texture":"#0","tintindex":0}}}],"display":{"head":{"translation":[0.0,-6.4,0.0],"scale":[4.0,4.0,4.0]}}}