{"textures":{"0":"modelengine:entity/cyclops"},"elements":[{"from":[5.142857,0.5714283,3.4285712],"to":[10.857143,9.142858,11.428572],"rotation":{"angle":0.0,"axis":"y","origin":[13.714286,9.142858,6.285714]},"faces":{"east":{"uv":[6.625,1.5,7.5,2.4375],"rotation":0,"texture":"#0","tintindex":0},"south":{"uv":[8.0625,8.75,8.6875,9.6875],"rotation":0,"texture":"#0","tintindex":0},"north":{"uv":[8.75,5.9375,9.375,6.875],"rotation":0,"texture":"#0","tintindex":0},"west":{"uv":[7.0625,6.0,7.9375,6.9375],"rotation":0,"texture":"#0","tintindex":0},"up":{"uv":[9.9375,9.125,9.3125,8.25],"rotation":0,"texture":"#0","tintindex":0},"down":{"uv":[9.9375,9.125,9.3125,10.0],"rotation":0,"texture":"#0","tintindex":0}}},{"from":[6.0,-2.8571434,4.0],"to":[10.571428,0.5714283,10.285714],"rotation":{"angle":0.0,"axis":"y","origin":[13.714286,9.142858,6.285714]},"faces":{"east":{"uv":[11.125,0.5,11.8125,0.875],"rotation":0,"texture":"#0","tintindex":0},"south":{"uv":[7.5625,11.875,8.0625,12.25],"rotation":0,"texture":"#0","tintindex":0},"north":{"uv":[7.0625,11.875,7.5625,12.25],"rotation":0,"texture":"#0","tintindex":0},"west":{"uv":[11.5,3.875,12.1875,4.25],"rotation":0,"texture":"#0","tintindex":0},"up":{"uv":[11.6875,2.125,11.1875,1.4375],"rotation":0,"texture":"#0","tintindex":0},"down":{"uv":[7.625,11.1875,7.125,11.875],"rotation":0,"texture":"#0","tintindex":0}}},{"from":[8.285714,2.8571424,6.857143],"to":[12.857143,8.0,12.571428],"rotation":{"angle":0.0,"axis":"y","origin":[13.714286,9.142858,6.285714]},"faces":{"east":{"uv":[10.4375,10.875,11.0625,11.4375],"rotation":0,"texture":"#0","tintindex":0},"south":{"uv":[10.4375,11.4375,10.9375,12.0],"rotation":0,"texture":"#0","tintindex":0},"north":{"uv":[2.25,11.4375,2.75,12.0],"rotation":0,"texture":"#0","tintindex":0},"west":{"uv":[10.9375,0.875,11.5625,1.4375],"rotation":0,"texture":"#0","tintindex":0},"up":{"uv":[0.5,12.0,0.0,11.375],"rotation":0,"texture":"#0","tintindex":0},"down":{"uv":[11.875,2.6875,11.375,3.3125],"rotation":0,"texture":"#0","tintindex":0}}}],"display":{"head":{"translation":[0.0,-6.4,0.0],"scale":[4.0,4.0,4.0]}}}