{"textures":{"0":"modelengine:entity/cyclops"},"elements":[{"from":[2.2857141,-2.285715,4.0],"to":[8.0,8.0,9.142858],"rotation":{"angle":0.0,"axis":"y","origin":[6.857143,5.714286,8.0]},"faces":{"east":{"uv":[3.9375,6.3125,4.5,7.4375],"rotation":0,"texture":"#0","tintindex":0},"south":{"uv":[2.75,7.625,3.375,8.75],"rotation":0,"texture":"#0","tintindex":0},"north":{"uv":[2.125,7.625,2.75,8.75],"rotation":0,"texture":"#0","tintindex":0},"west":{"uv":[5.4375,8.3125,6.0,9.4375],"rotation":0,"texture":"#0","tintindex":0},"up":{"uv":[1.875,11.4375,1.25,10.875],"rotation":0,"texture":"#0","tintindex":0},"down":{"uv":[2.5,10.875,1.875,11.4375],"rotation":0,"texture":"#0","tintindex":0}}},{"from":[3.4285712,1.1428566,2.8571424],"to":[11.428572,7.428571,8.0],"rotation":{"angle":22.5,"axis":"z","origin":[6.857143,5.714286,8.0]},"faces":{"east":{"uv":[7.9375,7.125,8.5,7.8125],"rotation":0,"texture":"#0","tintindex":0},"south":{"uv":[0.0,8.75,0.875,9.4375],"rotation":0,"texture":"#0","tintindex":0},"north":{"uv":[8.375,4.75,9.25,5.4375],"rotation":0,"texture":"#0","tintindex":0},"west":{"uv":[8.625,10.6875,9.1875,11.375],"rotation":0,"texture":"#0","tintindex":0},"up":{"uv":[4.375,10.375,3.5,9.8125],"rotation":0,"texture":"#0","tintindex":0},"down":{"uv":[10.8125,8.25,9.9375,8.8125],"rotation":0,"texture":"#0","tintindex":0}}},{"from":[2.8571424,4.714286,3.4285712],"to":[8.571428,12.571428,10.857143],"rotation":{"angle":-45.0,"axis":"z","origin":[6.5714283,6.5714283,8.285714]},"faces":{"east":{"uv":[5.875,7.375,6.6875,8.3125],"rotation":0,"texture":"#0","tintindex":0},"south":{"uv":[9.4375,1.875,10.0,2.8125],"rotation":0,"texture":"#0","tintindex":0},"north":{"uv":[1.8125,9.4375,2.375,10.375],"rotation":0,"texture":"#0","tintindex":0},"west":{"uv":[7.5625,3.625,8.375,4.5625],"rotation":0,"texture":"#0","tintindex":0},"up":{"uv":[10.6875,3.375,10.125,2.5625],"rotation":0,"texture":"#0","tintindex":0},"down":{"uv":[10.6875,3.375,10.125,4.1875],"rotation":0,"texture":"#0","tintindex":0}}}],"display":{"head":{"translation":[0.0,-6.4,0.0],"scale":[4.0,4.0,4.0]}}}