{"textures":{"0":"modelengine:entity/cyclops"},"elements":[{"from":[8.0,4.714286,3.4285712],"to":[13.714286,12.571428,10.857143],"rotation":{"angle":45.0,"axis":"z","origin":[10.0,6.5714283,8.285714]},"faces":{"east":{"uv":[8.375,3.625,7.5625,4.5625],"rotation":0,"texture":"#0","tintindex":0},"south":{"uv":[10.0,1.875,9.4375,2.8125],"rotation":0,"texture":"#0","tintindex":0},"north":{"uv":[2.375,9.4375,1.8125,10.375],"rotation":0,"texture":"#0","tintindex":0},"west":{"uv":[6.6875,7.375,5.875,8.3125],"rotation":0,"texture":"#0","tintindex":0},"up":{"uv":[10.125,3.375,10.6875,2.5625],"rotation":0,"texture":"#0","tintindex":0},"down":{"uv":[10.125,3.375,10.6875,4.1875],"rotation":0,"texture":"#0","tintindex":0}}},{"from":[8.571428,-2.285715,4.0],"to":[14.285715,8.0,9.142858],"rotation":{"angle":0.0,"axis":"y","origin":[9.714286,5.714286,8.0]},"faces":{"east":{"uv":[6.0,8.3125,6.5625,9.4375],"rotation":0,"texture":"#0","tintindex":0},"south":{"uv":[4.0,7.75,4.625,8.875],"rotation":0,"texture":"#0","tintindex":0},"north":{"uv":[3.375,7.625,4.0,8.75],"rotation":0,"texture":"#0","tintindex":0},"west":{"uv":[8.375,3.625,8.9375,4.75],"rotation":0,"texture":"#0","tintindex":0},"up":{"uv":[3.125,11.4375,2.5,10.875],"rotation":0,"texture":"#0","tintindex":0},"down":{"uv":[11.5,6.875,10.875,7.4375],"rotation":0,"texture":"#0","tintindex":0}}},{"from":[5.142857,1.1428566,2.8571424],"to":[13.142858,7.428571,8.0],"rotation":{"angle":-22.5,"axis":"z","origin":[9.714286,5.714286,8.0]},"faces":{"east":{"uv":[10.8125,4.375,11.375,5.0625],"rotation":0,"texture":"#0","tintindex":0},"south":{"uv":[1.75,8.75,2.625,9.4375],"rotation":0,"texture":"#0","tintindex":0},"north":{"uv":[0.875,8.75,1.75,9.4375],"rotation":0,"texture":"#0","tintindex":0},"west":{"uv":[4.8125,10.8125,5.375,11.5],"rotation":0,"texture":"#0","tintindex":0},"up":{"uv":[10.8125,9.375,9.9375,8.8125],"rotation":0,"texture":"#0","tintindex":0},"down":{"uv":[10.8125,9.375,9.9375,9.9375],"rotation":0,"texture":"#0","tintindex":0}}}],"display":{"head":{"translation":[0.0,-6.4,0.0],"scale":[4.0,4.0,4.0]}}}