{"textures":{"0":"modelengine:entity/baby_eagle"},"elements":[{"from":[3.4285712,8.0,6.5714283],"to":[8.0,8.057143,11.714286],"rotation":{"angle":0.0,"axis":"y","origin":[11.428572,5.714286,7.714286]},"faces":{"east":{"uv":[0.0,0.0,2.25,0.0],"rotation":0,"texture":"#0","tintindex":0},"south":{"uv":[0.0,0.0,2.0,0.0],"rotation":0,"texture":"#0","tintindex":0},"north":{"uv":[0.0,0.0,2.0,0.0],"rotation":0,"texture":"#0","tintindex":0},"west":{"uv":[0.0,0.0,2.25,0.0],"rotation":0,"texture":"#0","tintindex":0},"up":{"uv":[6.0,2.25,4.0,0.0],"rotation":0,"texture":"#0","tintindex":0},"down":{"uv":[6.0,2.25,4.0,4.5],"rotation":0,"texture":"#0","tintindex":0}}}],"display":{"head":{"translation":[0.0,-6.4,0.0],"scale":[4.0,4.0,4.0]}}}