{"textures":{"0":"modelengine:entity/baby_eagle"},"elements":[{"from":[6.857143,6.6976004,5.73956],"to":[9.142858,8.9833145,8.025274],"rotation":{"angle":0.0,"axis":"y","origin":[6.857143,6.6976004,5.73956]},"faces":{"east":{"uv":[6.0,0.0,7.0,1.0],"rotation":0,"texture":"#0","tintindex":0},"south":{"uv":[6.0,1.0,7.0,2.0],"rotation":0,"texture":"#0","tintindex":0},"north":{"uv":[3.0,5.0,4.0,6.0],"rotation":0,"texture":"#0","tintindex":0},"west":{"uv":[6.0,2.0,7.0,3.0],"rotation":0,"texture":"#0","tintindex":0},"up":{"uv":[4.0,7.0,3.0,6.0],"rotation":0,"texture":"#0","tintindex":0},"down":{"uv":[7.0,3.0,6.0,4.0],"rotation":0,"texture":"#0","tintindex":0}}}],"display":{"head":{"translation":[0.0,-6.4,0.0],"scale":[4.0,4.0,4.0]}}}