{"textures":{"0":"modelengine:entity/baby_eagle"},"elements":[{"from":[7.7644653,7.8714285,7.7572174],"to":[7.9930367,8.185715,8.428646],"rotation":{"angle":-22.5,"axis":"y","origin":[7.878751,8.0,8.185789]},"faces":{"east":{"uv":[9.25,0.0,9.5,0.125],"rotation":0,"texture":"#0","tintindex":0},"south":{"uv":[5.25,9.25,5.375,9.375],"rotation":0,"texture":"#0","tintindex":0},"north":{"uv":[5.0,9.25,5.125,9.375],"rotation":0,"texture":"#0","tintindex":0},"west":{"uv":[9.25,0.25,9.5,0.375],"rotation":0,"texture":"#0","tintindex":0},"up":{"uv":[9.375,0.75,9.25,0.5],"rotation":0,"texture":"#0","tintindex":0},"down":{"uv":[0.875,9.25,0.75,9.5],"rotation":0,"texture":"#0","tintindex":0}}}],"display":{"head":{"translation":[0.0,-6.4,0.0],"scale":[4.0,4.0,4.0]}}}