{"textures":{"0":"modelengine:entity/baby_eagle"},"elements":[{"from":[7.5714283,6.5714283,7.6],"to":[8.428572,7.6571426,8.457143],"rotation":{"angle":0.0,"axis":"y","origin":[7.4857144,8.4,6.457143]},"faces":{"east":{"uv":[5.375,8.5,5.0,8.875],"rotation":0,"texture":"#0","tintindex":0},"south":{"uv":[4.875,8.5,4.5,8.875],"rotation":0,"texture":"#0","tintindex":0},"north":{"uv":[2.375,8.5,2.0,8.875],"rotation":0,"texture":"#0","tintindex":0},"west":{"uv":[4.375,8.5,4.0,8.875],"rotation":0,"texture":"#0","tintindex":0},"up":{"uv":[5.5,8.875,5.875,8.5],"rotation":0,"texture":"#0","tintindex":0},"down":{"uv":[8.5,5.5,8.875,5.875],"rotation":0,"texture":"#0","tintindex":0}}}],"display":{"head":{"translation":[0.0,-6.4,0.0],"scale":[4.0,4.0,4.0]}}}