{"textures":{"0":"modelengine:entity/steve_template"},"elements":[{"from":[5.8571424,8.0,5.8571424],"to":[10.142858,12.285715,10.142858],"rotation":{"angle":0.0,"axis":"y","origin":[8.0,8.0,6.928571]},"faces":{"east":{"uv":[0.0,2.0,2.0,4.0],"rotation":0,"texture":"#0","tintindex":0},"south":{"uv":[6.0,2.0,8.0,4.0],"rotation":0,"texture":"#0","tintindex":0},"north":{"uv":[2.0,2.0,4.0,4.0],"rotation":0,"texture":"#0","tintindex":0},"west":{"uv":[4.0,2.0,6.0,4.0],"rotation":0,"texture":"#0","tintindex":0},"up":{"uv":[4.0,2.0,2.0,0.0],"rotation":0,"texture":"#0","tintindex":0},"down":{"uv":[6.0,0.0,4.0,2.0],"rotation":0,"texture":"#0","tintindex":0}}},{"from":[5.5803595,7.723217,5.5803595],"to":[10.419645,12.562503,10.419645],"rotation":{"angle":0.0,"axis":"y","origin":[8.0,8.0,6.928571]},"faces":{"east":{"uv":[8.0,2.0,10.0,4.0],"rotation":0,"texture":"#0","tintindex":0},"south":{"uv":[14.0,2.0,16.0,4.0],"rotation":0,"texture":"#0","tintindex":0},"north":{"uv":[10.0,2.0,12.0,4.0],"rotation":0,"texture":"#0","tintindex":0},"west":{"uv":[12.0,2.0,14.0,4.0],"rotation":0,"texture":"#0","tintindex":0},"up":{"uv":[12.0,2.0,10.0,0.0],"rotation":0,"texture":"#0","tintindex":0},"down":{"uv":[14.0,0.0,12.0,2.0],"rotation":0,"texture":"#0","tintindex":0}}}],"display":{"head":{"translation":[0.0,-6.4,0.0],"scale":[4.0,4.0,4.0]}}}