{"textures":{"0":"modelengine:entity/steve_template"},"elements":[{"from":[5.8571424,8.0,6.928571],"to":[10.142858,10.142858,9.071428],"rotation":{"angle":0.0,"axis":"y","origin":[8.0,8.0,8.0]},"faces":{"east":{"uv":[4.0,7.0,5.0,8.0],"rotation":0,"texture":"#0","tintindex":0},"south":{"uv":[8.0,7.0,10.0,8.0],"rotation":0,"texture":"#0","tintindex":0},"north":{"uv":[5.0,7.0,7.0,8.0],"rotation":0,"texture":"#0","tintindex":0},"west":{"uv":[7.0,7.0,8.0,8.0],"rotation":0,"texture":"#0","tintindex":0},"up":{"uv":[7.0,7.0,5.0,6.0],"rotation":0,"texture":"#0","tintindex":0},"down":{"uv":[9.0,4.0,7.0,5.0],"rotation":0,"texture":"#0","tintindex":0}}},{"from":[5.723217,7.866074,6.794646],"to":[10.276789,10.276789,9.20536],"rotation":{"angle":0.0,"axis":"y","origin":[8.0,8.0,8.0]},"faces":{"east":{"uv":[4.0,11.0,5.0,12.0],"rotation":0,"texture":"#0","tintindex":0},"south":{"uv":[8.0,11.0,10.0,12.0],"rotation":0,"texture":"#0","tintindex":0},"north":{"uv":[5.0,11.0,7.0,12.0],"rotation":0,"texture":"#0","tintindex":0},"west":{"uv":[7.0,11.0,8.0,12.0],"rotation":0,"texture":"#0","tintindex":0},"up":{"uv":[2.0,1.0,0.0,0.0],"rotation":0,"texture":"#0","tintindex":0},"down":{"uv":[9.0,8.0,7.0,9.0],"rotation":0,"texture":"#0","tintindex":0}}}],"display":{"head":{"translation":[0.0,-6.4,0.0],"scale":[4.0,4.0,4.0]}}}