{"textures":{"0":"modelengine:entity/steve_template"},"elements":[{"from":[6.5714273,5.642857,6.928571],"to":[8.714284,8.857143,9.071428],"rotation":{"angle":0.0,"axis":"y","origin":[7.9107127,8.321428,8.0]},"faces":{"east":{"uv":[8.0,13.0,9.0,14.5],"rotation":0,"texture":"#0","tintindex":0},"south":{"uv":[11.0,13.0,12.0,14.5],"rotation":0,"texture":"#0","tintindex":0},"north":{"uv":[9.0,13.0,10.0,14.5],"rotation":0,"texture":"#0","tintindex":0},"west":{"uv":[10.0,13.0,11.0,14.5],"rotation":0,"texture":"#0","tintindex":0},"up":{"uv":[10.0,13.0,9.0,12.0],"rotation":0,"texture":"#0","tintindex":0},"down":{"uv":[10.0,14.5,9.0,15.5],"rotation":0,"texture":"#0","tintindex":0}}},{"from":[6.4375014,5.508931,6.794646],"to":[8.848216,8.991075,9.20536],"rotation":{"angle":0.0,"axis":"y","origin":[7.9107127,8.321428,8.0]},"faces":{"east":{"uv":[12.0,13.0,13.0,14.5],"rotation":0,"texture":"#0","tintindex":0},"south":{"uv":[15.0,13.0,16.0,14.5],"rotation":0,"texture":"#0","tintindex":0},"north":{"uv":[13.0,13.0,14.0,14.5],"rotation":0,"texture":"#0","tintindex":0},"west":{"uv":[14.0,13.0,15.0,14.5],"rotation":0,"texture":"#0","tintindex":0},"up":{"uv":[14.0,13.0,13.0,12.0],"rotation":0,"texture":"#0","tintindex":0},"down":{"uv":[16.0,12.0,15.0,13.0],"rotation":0,"texture":"#0","tintindex":0}}}],"display":{"head":{"translation":[0.0,-6.4,0.0],"scale":[4.0,4.0,4.0]}}}