{"textures":{"0":"modelengine:entity/steve_template"},"elements":[{"from":[6.92857,4.785714,6.92857],"to":[9.071427,8.0,9.071427],"rotation":{"angle":0.0,"axis":"y","origin":[8.267856,7.464286,7.9999986]},"faces":{"east":{"uv":[8.0,14.5,9.0,16.0],"rotation":0,"texture":"#0","tintindex":0},"south":{"uv":[11.0,14.5,12.0,16.0],"rotation":0,"texture":"#0","tintindex":0},"north":{"uv":[9.0,14.5,10.0,16.0],"rotation":0,"texture":"#0","tintindex":0},"west":{"uv":[10.0,14.5,11.0,16.0],"rotation":0,"texture":"#0","tintindex":0},"up":{"uv":[10.0,14.5,9.0,13.5],"rotation":0,"texture":"#0","tintindex":0},"down":{"uv":[11.0,12.0,10.0,13.0],"rotation":0,"texture":"#0","tintindex":0}}},{"from":[6.7946444,4.651788,6.7946444],"to":[9.2053585,8.133931,9.2053585],"rotation":{"angle":0.0,"axis":"y","origin":[8.267856,7.464286,7.9999986]},"faces":{"east":{"uv":[12.0,14.5,13.0,16.0],"rotation":0,"texture":"#0","tintindex":0},"south":{"uv":[15.0,14.5,16.0,16.0],"rotation":0,"texture":"#0","tintindex":0},"north":{"uv":[13.0,14.5,14.0,16.0],"rotation":0,"texture":"#0","tintindex":0},"west":{"uv":[14.0,14.5,15.0,16.0],"rotation":0,"texture":"#0","tintindex":0},"up":{"uv":[13.0,13.0,12.0,12.0],"rotation":0,"texture":"#0","tintindex":0},"down":{"uv":[15.0,12.0,14.0,13.0],"rotation":0,"texture":"#0","tintindex":0}}}],"display":{"head":{"translation":[0.0,-6.4,0.0],"scale":[4.0,4.0,4.0]}}}