{"textures":{"0":"modelengine:entity/steve_template"},"elements":[{"from":[6.928571,4.785714,6.92857],"to":[9.071428,8.0,9.071427],"rotation":{"angle":0.0,"axis":"y","origin":[8.267858,7.464286,7.9999986]},"faces":{"east":{"uv":[4.0,14.5,5.0,16.0],"rotation":0,"texture":"#0","tintindex":0},"south":{"uv":[7.0,14.5,8.0,16.0],"rotation":0,"texture":"#0","tintindex":0},"north":{"uv":[5.0,14.5,6.0,16.0],"rotation":0,"texture":"#0","tintindex":0},"west":{"uv":[6.0,14.5,7.0,16.0],"rotation":0,"texture":"#0","tintindex":0},"up":{"uv":[6.0,14.5,5.0,13.5],"rotation":0,"texture":"#0","tintindex":0},"down":{"uv":[7.0,12.0,6.0,13.0],"rotation":0,"texture":"#0","tintindex":0}}},{"from":[6.794646,4.651788,6.7946415],"to":[9.20536,8.133931,9.205356],"rotation":{"angle":0.0,"axis":"y","origin":[8.267858,7.464286,7.9999957]},"faces":{"east":{"uv":[0.0,14.5,1.0,16.0],"rotation":0,"texture":"#0","tintindex":0},"south":{"uv":[3.0,14.5,4.0,16.0],"rotation":0,"texture":"#0","tintindex":0},"north":{"uv":[1.0,14.5,2.0,16.0],"rotation":0,"texture":"#0","tintindex":0},"west":{"uv":[2.0,14.5,3.0,16.0],"rotation":0,"texture":"#0","tintindex":0},"up":{"uv":[1.0,13.0,0.0,12.0],"rotation":0,"texture":"#0","tintindex":0},"down":{"uv":[3.0,12.0,2.0,13.0],"rotation":0,"texture":"#0","tintindex":0}}}],"display":{"head":{"translation":[0.0,-6.4,0.0],"scale":[4.0,4.0,4.0]}}}