{"textures":{"0":"modelengine:entity/steve_template"},"elements":[{"from":[6.928571,4.785714,6.92857],"to":[9.071428,8.0,9.071427],"rotation":{"angle":0.0,"axis":"y","origin":[7.732143,7.464286,7.9999986]},"faces":{"east":{"uv":[10.0,6.5,11.0,8.0],"rotation":0,"texture":"#0","tintindex":0},"south":{"uv":[13.0,6.5,14.0,8.0],"rotation":0,"texture":"#0","tintindex":0},"north":{"uv":[11.0,6.5,12.0,8.0],"rotation":0,"texture":"#0","tintindex":0},"west":{"uv":[12.0,6.5,13.0,8.0],"rotation":0,"texture":"#0","tintindex":0},"up":{"uv":[12.0,6.5,11.0,5.5],"rotation":0,"texture":"#0","tintindex":0},"down":{"uv":[13.0,4.0,12.0,5.0],"rotation":0,"texture":"#0","tintindex":0}}},{"from":[6.794646,4.651788,6.7946444],"to":[9.20536,8.133931,9.2053585],"rotation":{"angle":0.0,"axis":"y","origin":[7.732143,7.464286,7.9999986]},"faces":{"east":{"uv":[10.0,10.5,11.0,12.0],"rotation":0,"texture":"#0","tintindex":0},"south":{"uv":[13.0,10.5,14.0,12.0],"rotation":0,"texture":"#0","tintindex":0},"north":{"uv":[11.0,10.5,12.0,12.0],"rotation":0,"texture":"#0","tintindex":0},"west":{"uv":[12.0,10.5,13.0,12.0],"rotation":0,"texture":"#0","tintindex":0},"up":{"uv":[11.0,9.0,10.0,8.0],"rotation":0,"texture":"#0","tintindex":0},"down":{"uv":[13.0,8.0,12.0,9.0],"rotation":0,"texture":"#0","tintindex":0}}}],"display":{"head":{"translation":[0.0,-6.4,0.0],"scale":[4.0,4.0,4.0]}}}