{"textures":{"0":"modelengine:entity/steve_template"},"elements":[{"from":[6.928571,4.785714,6.928571],"to":[9.071428,8.0,9.071428],"rotation":{"angle":0.0,"axis":"y","origin":[7.732143,7.464286,8.0]},"faces":{"east":{"uv":[0.0,5.0,1.0,6.5],"rotation":0,"texture":"#0","tintindex":0},"south":{"uv":[3.0,5.0,4.0,6.5],"rotation":0,"texture":"#0","tintindex":0},"north":{"uv":[1.0,5.0,2.0,6.5],"rotation":0,"texture":"#0","tintindex":0},"west":{"uv":[2.0,5.0,3.0,6.5],"rotation":0,"texture":"#0","tintindex":0},"up":{"uv":[2.0,5.0,1.0,4.0],"rotation":0,"texture":"#0","tintindex":0},"down":{"uv":[2.0,6.5,1.0,7.5],"rotation":0,"texture":"#0","tintindex":0}}},{"from":[6.794646,4.651788,6.794646],"to":[9.20536,8.133931,9.20536],"rotation":{"angle":0.0,"axis":"y","origin":[7.732143,7.464286,8.0]},"faces":{"east":{"uv":[0.0,9.0,1.0,10.5],"rotation":0,"texture":"#0","tintindex":0},"south":{"uv":[3.0,9.0,4.0,10.5],"rotation":0,"texture":"#0","tintindex":0},"north":{"uv":[1.0,9.0,2.0,10.5],"rotation":0,"texture":"#0","tintindex":0},"west":{"uv":[2.0,9.0,3.0,10.5],"rotation":0,"texture":"#0","tintindex":0},"up":{"uv":[2.0,9.0,1.0,8.0],"rotation":0,"texture":"#0","tintindex":0},"down":{"uv":[4.0,8.0,3.0,9.0],"rotation":0,"texture":"#0","tintindex":0}}}],"display":{"head":{"translation":[0.0,-6.4,0.0],"scale":[4.0,4.0,4.0]}}}