{"textures":{"0":"modelengine:entity/steve_template"},"elements":[{"from":[7.2857127,5.642857,6.928571],"to":[9.42857,8.857143,9.071428],"rotation":{"angle":0.0,"axis":"y","origin":[8.089284,8.321428,8.0]},"faces":{"east":{"uv":[10.0,5.0,11.0,6.5],"rotation":0,"texture":"#0","tintindex":0},"south":{"uv":[13.0,5.0,14.0,6.5],"rotation":0,"texture":"#0","tintindex":0},"north":{"uv":[11.0,5.025,12.0,6.525],"rotation":0,"texture":"#0","tintindex":0},"west":{"uv":[12.0,5.0,13.0,6.5],"rotation":0,"texture":"#0","tintindex":0},"up":{"uv":[12.0,5.025,11.0,4.025],"rotation":0,"texture":"#0","tintindex":0},"down":{"uv":[12.0,6.525,11.0,7.525],"rotation":0,"texture":"#0","tintindex":0}}},{"from":[7.1517873,5.508931,6.794646],"to":[9.562502,8.991075,9.20536],"rotation":{"angle":0.0,"axis":"y","origin":[8.089284,8.321428,8.0]},"faces":{"east":{"uv":[10.0,9.0,11.0,10.5],"rotation":0,"texture":"#0","tintindex":0},"south":{"uv":[13.0,9.0,14.0,10.5],"rotation":0,"texture":"#0","tintindex":0},"north":{"uv":[11.0,9.0,12.0,10.5],"rotation":0,"texture":"#0","tintindex":0},"west":{"uv":[12.0,9.0,13.0,10.5],"rotation":0,"texture":"#0","tintindex":0},"up":{"uv":[12.0,9.0,11.0,8.0],"rotation":0,"texture":"#0","tintindex":0},"down":{"uv":[14.0,8.0,13.0,9.0],"rotation":0,"texture":"#0","tintindex":0}}}],"display":{"head":{"translation":[0.0,-6.4,0.0],"scale":[4.0,4.0,4.0]}}}