{"textures":{"0":"modelengine:entity/baby_ent"},"elements":[{"from":[6.9806747,4.460113,7.41376],"to":[8.15096,7.3858275,8.584045],"rotation":{"angle":22.5,"axis":"z","origin":[6.2421684,7.918905,7.1871314]},"faces":{"east":{"uv":[3.0,11.0,3.625,12.625],"rotation":0,"texture":"#0","tintindex":0},"south":{"uv":[3.75,11.0,4.375,12.625],"rotation":0,"texture":"#0","tintindex":0},"north":{"uv":[2.25,11.0,2.875,12.625],"rotation":0,"texture":"#0","tintindex":0},"west":{"uv":[4.5,11.0,5.125,12.625],"rotation":0,"texture":"#0","tintindex":0},"up":{"uv":[7.625,14.125,7.0,13.5],"rotation":0,"texture":"#0","tintindex":0},"down":{"uv":[9.625,13.5,9.0,14.125],"rotation":0,"texture":"#0","tintindex":0}}}],"display":{"head":{"translation":[0.0,-6.4,0.0],"scale":[4.0,4.0,4.0]}}}