{"textures":{"0":"modelengine:entity/angelic_crate"},"elements":[{"from":[0.0,8.0,5.142857],"to":[2.2857141,14.8714285,10.857143],"rotation":{"angle":0.0,"axis":"y","origin":[4.5714283,8.0,8.0]},"faces":{"east":{"uv":[4.0,0.0,5.25,1.5],"rotation":0,"texture":"#0","tintindex":0},"south":{"uv":[6.75,6.625,7.25,8.125],"rotation":0,"texture":"#0","tintindex":0},"north":{"uv":[6.75,1.5,7.25,3.0],"rotation":0,"texture":"#0","tintindex":0},"west":{"uv":[4.0,1.625,5.25,3.125],"rotation":0,"texture":"#0","tintindex":0},"up":{"uv":[0.5,8.5,0.0,7.25],"rotation":0,"texture":"#0","tintindex":0},"down":{"uv":[1.125,7.25,0.625,8.5],"rotation":0,"texture":"#0","tintindex":0}}},{"from":[1.1571422,7.9842296,3.5390987],"to":[2.2714286,12.555658,5.2533846],"rotation":{"angle":22.5,"axis":"x","origin":[1.1428566,8.8413725,6.3962417]},"faces":{"east":{"uv":[5.875,8.125,6.25,9.125],"rotation":0,"texture":"#0","tintindex":0},"south":{"uv":[2.875,9.5,3.125,10.5],"rotation":0,"texture":"#0","tintindex":0},"north":{"uv":[9.5,2.25,9.75,3.25],"rotation":0,"texture":"#0","tintindex":0},"west":{"uv":[6.375,8.25,6.75,9.25],"rotation":0,"texture":"#0","tintindex":0},"up":{"uv":[11.25,6.125,11.0,5.75],"rotation":0,"texture":"#0","tintindex":0},"down":{"uv":[5.75,11.125,5.5,11.5],"rotation":0,"texture":"#0","tintindex":0}}},{"from":[-0.2857151,13.714286,4.8571424],"to":[2.5714283,14.857143,11.142858],"rotation":{"angle":0.0,"axis":"y","origin":[4.8571424,8.0,8.285714]},"faces":{"east":{"uv":[8.875,0.0,10.25,0.25],"rotation":0,"texture":"#0","tintindex":0},"south":{"uv":[9.5,5.125,10.125,5.375],"rotation":0,"texture":"#0","tintindex":0},"north":{"uv":[9.375,1.5,10.0,1.75],"rotation":0,"texture":"#0","tintindex":0},"west":{"uv":[8.875,0.375,10.25,0.625],"rotation":0,"texture":"#0","tintindex":0},"up":{"uv":[5.125,7.875,4.5,6.5],"rotation":0,"texture":"#0","tintindex":0},"down":{"uv":[5.875,6.625,5.25,8.0],"rotation":0,"texture":"#0","tintindex":0}}},{"from":[-0.8771,8.749002,5.1571426],"to":[-0.3056717,10.463288,10.842857],"rotation":{"angle":-22.5,"axis":"z","origin":[0.26575708,8.177573,8.0]},"faces":{"east":{"uv":[8.125,2.5,9.375,2.875],"rotation":0,"texture":"#0","tintindex":0},"south":{"uv":[5.875,12.125,6.0,12.5],"rotation":0,"texture":"#0","tintindex":0},"north":{"uv":[3.375,10.625,3.5,11.0],"rotation":0,"texture":"#0","tintindex":0},"west":{"uv":[8.125,3.0,9.375,3.375],"rotation":0,"texture":"#0","tintindex":0},"up":{"uv":[5.5,11.0,5.375,9.75],"rotation":0,"texture":"#0","tintindex":0},"down":{"uv":[8.125,9.75,8.0,11.0],"rotation":0,"texture":"#0","tintindex":0}}},{"from":[1.1428566,8.0,3.4285712],"to":[2.2857141,9.142858,5.142857],"rotation":{"angle":0.0,"axis":"y","origin":[4.5714283,8.0,6.857143]},"faces":{"east":{"uv":[11.125,6.25,11.5,6.5],"rotation":0,"texture":"#0","tintindex":0},"south":{"uv":[5.5,11.625,5.75,11.875],"rotation":0,"texture":"#0","tintindex":0},"north":{"uv":[10.375,0.75,10.625,1.0],"rotation":0,"texture":"#0","tintindex":0},"west":{"uv":[11.125,6.625,11.5,6.875],"rotation":0,"texture":"#0","tintindex":0},"up":{"uv":[8.125,11.5,7.875,11.125],"rotation":0,"texture":"#0","tintindex":0},"down":{"uv":[8.5,11.125,8.25,11.5],"rotation":0,"texture":"#0","tintindex":0}}},{"from":[-0.57142925,8.0,5.142857],"to":[0.0,9.142858,10.857143],"rotation":{"angle":0.0,"axis":"y","origin":[2.2857141,8.0,8.0]},"faces":{"east":{"uv":[8.875,5.875,10.125,6.125],"rotation":0,"texture":"#0","tintindex":0},"south":{"uv":[9.0,10.25,9.125,10.5],"rotation":0,"texture":"#0","tintindex":0},"north":{"uv":[2.875,9.125,3.0,9.375],"rotation":0,"texture":"#0","tintindex":0},"west":{"uv":[9.125,1.875,10.375,2.125],"rotation":0,"texture":"#0","tintindex":0},"up":{"uv":[10.25,8.5,10.125,7.25],"rotation":0,"texture":"#0","tintindex":0},"down":{"uv":[0.375,10.25,0.25,11.5],"rotation":0,"texture":"#0","tintindex":0}}},{"from":[8.0,8.0,5.142857],"to":[10.285714,14.8714285,10.857143],"rotation":{"angle":0.0,"axis":"y","origin":[5.714286,8.0,8.0]},"faces":{"east":{"uv":[4.0,3.25,5.25,4.75],"rotation":0,"texture":"#0","tintindex":0},"south":{"uv":[6.875,4.75,7.375,6.25],"rotation":0,"texture":"#0","tintindex":0},"north":{"uv":[6.875,3.125,7.375,4.625],"rotation":0,"texture":"#0","tintindex":0},"west":{"uv":[0.0,4.25,1.25,5.75],"rotation":0,"texture":"#0","tintindex":0},"up":{"uv":[1.75,8.625,1.25,7.375],"rotation":0,"texture":"#0","tintindex":0},"down":{"uv":[7.875,1.5,7.375,2.75],"rotation":0,"texture":"#0","tintindex":0}}},{"from":[8.014286,7.9842296,3.5390987],"to":[9.1285715,12.555658,5.2533846],"rotation":{"angle":22.5,"axis":"x","origin":[9.142858,8.8413725,6.3962417]},"faces":{"east":{"uv":[0.5,8.625,0.875,9.625],"rotation":0,"texture":"#0","tintindex":0},"south":{"uv":[9.5,3.375,9.75,4.375],"rotation":0,"texture":"#0","tintindex":0},"north":{"uv":[3.25,9.5,3.5,10.5],"rotation":0,"texture":"#0","tintindex":0},"west":{"uv":[4.125,8.625,4.5,9.625],"rotation":0,"texture":"#0","tintindex":0},"up":{"uv":[11.5,0.375,11.25,0.0],"rotation":0,"texture":"#0","tintindex":0},"down":{"uv":[11.5,0.5,11.25,0.875],"rotation":0,"texture":"#0","tintindex":0}}},{"from":[7.714286,13.714286,4.8571424],"to":[10.571428,14.857143,11.142858],"rotation":{"angle":0.0,"axis":"y","origin":[5.428571,8.0,8.285714]},"faces":{"east":{"uv":[8.875,0.75,10.25,1.0],"rotation":0,"texture":"#0","tintindex":0},"south":{"uv":[10.125,1.5,10.75,1.75],"rotation":0,"texture":"#0","tintindex":0},"north":{"uv":[9.5,8.75,10.125,9.0],"rotation":0,"texture":"#0","tintindex":0},"west":{"uv":[8.875,5.5,10.25,5.75],"rotation":0,"texture":"#0","tintindex":0},"up":{"uv":[6.625,8.0,6.0,6.625],"rotation":0,"texture":"#0","tintindex":0},"down":{"uv":[7.375,0.0,6.75,1.375],"rotation":0,"texture":"#0","tintindex":0}}},{"from":[10.591386,8.749002,5.1571426],"to":[11.162814,10.463288,10.842857],"rotation":{"angle":22.5,"axis":"z","origin":[10.019957,8.177573,8.0]},"faces":{"east":{"uv":[8.125,3.5,9.375,3.875],"rotation":0,"texture":"#0","tintindex":0},"south":{"uv":[12.125,6.75,12.25,7.125],"rotation":0,"texture":"#0","tintindex":0},"north":{"uv":[6.625,12.125,6.75,12.5],"rotation":0,"texture":"#0","tintindex":0},"west":{"uv":[8.125,4.0,9.375,4.375],"rotation":0,"texture":"#0","tintindex":0},"up":{"uv":[0.625,11.5,0.5,10.25],"rotation":0,"texture":"#0","tintindex":0},"down":{"uv":[0.875,10.25,0.75,11.5],"rotation":0,"texture":"#0","tintindex":0}}},{"from":[8.0,8.0,3.4285712],"to":[9.142858,9.142858,5.142857],"rotation":{"angle":0.0,"axis":"y","origin":[5.714286,8.0,6.857143]},"faces":{"east":{"uv":[11.25,1.0,11.625,1.25],"rotation":0,"texture":"#0","tintindex":0},"south":{"uv":[11.625,6.25,11.875,6.5],"rotation":0,"texture":"#0","tintindex":0},"north":{"uv":[6.25,11.625,6.5,11.875],"rotation":0,"texture":"#0","tintindex":0},"west":{"uv":[1.75,11.25,2.125,11.5],"rotation":0,"texture":"#0","tintindex":0},"up":{"uv":[2.5,11.625,2.25,11.25],"rotation":0,"texture":"#0","tintindex":0},"down":{"uv":[6.125,11.25,5.875,11.625],"rotation":0,"texture":"#0","tintindex":0}}},{"from":[8.585714,7.9842296,10.746615],"to":[10.271429,12.555658,12.460901],"rotation":{"angle":-22.5,"axis":"x","origin":[9.714286,8.8413725,9.603759]},"faces":{"east":{"uv":[5.125,8.625,5.5,9.625],"rotation":0,"texture":"#0","tintindex":0},"south":{"uv":[7.375,8.625,7.75,9.625],"rotation":0,"texture":"#0","tintindex":0},"north":{"uv":[4.625,8.625,5.0,9.625],"rotation":0,"texture":"#0","tintindex":0},"west":{"uv":[7.875,8.625,8.25,9.625],"rotation":0,"texture":"#0","tintindex":0},"up":{"uv":[11.0,6.625,10.625,6.25],"rotation":0,"texture":"#0","tintindex":0},"down":{"uv":[11.0,6.75,10.625,7.125],"rotation":0,"texture":"#0","tintindex":0}}},{"from":[8.571428,8.0,10.857143],"to":[10.285714,9.142858,12.571428],"rotation":{"angle":0.0,"axis":"y","origin":[6.285714,8.0,9.142858]},"faces":{"east":{"uv":[6.25,11.25,6.625,11.5],"rotation":0,"texture":"#0","tintindex":0},"south":{"uv":[11.25,7.0,11.625,7.25],"rotation":0,"texture":"#0","tintindex":0},"north":{"uv":[11.25,4.125,11.625,4.375],"rotation":0,"texture":"#0","tintindex":0},"west":{"uv":[11.25,7.375,11.625,7.625],"rotation":0,"texture":"#0","tintindex":0},"up":{"uv":[8.625,11.0,8.25,10.625],"rotation":0,"texture":"#0","tintindex":0},"down":{"uv":[9.125,10.625,8.75,11.0],"rotation":0,"texture":"#0","tintindex":0}}},{"from":[0.014285088,7.9842296,10.746615],"to":[1.6999998,12.555658,12.460901],"rotation":{"angle":-22.5,"axis":"x","origin":[0.5714283,8.8413725,9.603759]},"faces":{"east":{"uv":[8.25,8.625,7.875,9.625],"rotation":0,"texture":"#0","tintindex":0},"south":{"uv":[7.75,8.625,7.375,9.625],"rotation":0,"texture":"#0","tintindex":0},"north":{"uv":[5.0,8.625,4.625,9.625],"rotation":0,"texture":"#0","tintindex":0},"west":{"uv":[5.5,8.625,5.125,9.625],"rotation":0,"texture":"#0","tintindex":0},"up":{"uv":[10.625,6.625,11.0,6.25],"rotation":0,"texture":"#0","tintindex":0},"down":{"uv":[10.625,6.75,11.0,7.125],"rotation":0,"texture":"#0","tintindex":0}}},{"from":[0.0,8.0,10.857143],"to":[1.7142854,9.142858,12.571428],"rotation":{"angle":0.0,"axis":"y","origin":[4.0,8.0,9.142858]},"faces":{"east":{"uv":[11.625,7.375,11.25,7.625],"rotation":0,"texture":"#0","tintindex":0},"south":{"uv":[11.625,7.0,11.25,7.25],"rotation":0,"texture":"#0","tintindex":0},"north":{"uv":[11.625,4.125,11.25,4.375],"rotation":0,"texture":"#0","tintindex":0},"west":{"uv":[6.625,11.25,6.25,11.5],"rotation":0,"texture":"#0","tintindex":0},"up":{"uv":[8.25,11.0,8.625,10.625],"rotation":0,"texture":"#0","tintindex":0},"down":{"uv":[8.75,10.625,9.125,11.0],"rotation":0,"texture":"#0","tintindex":0}}},{"from":[10.285714,8.0,5.142857],"to":[10.857143,9.142858,10.857143],"rotation":{"angle":0.0,"axis":"y","origin":[8.0,8.0,8.0]},"faces":{"east":{"uv":[8.75,9.125,10.0,9.375],"rotation":0,"texture":"#0","tintindex":0},"south":{"uv":[12.125,11.875,12.25,12.125],"rotation":0,"texture":"#0","tintindex":0},"north":{"uv":[10.125,10.5,10.25,10.75],"rotation":0,"texture":"#0","tintindex":0},"west":{"uv":[9.375,1.125,10.625,1.375],"rotation":0,"texture":"#0","tintindex":0},"up":{"uv":[3.75,11.5,3.625,10.25],"rotation":0,"texture":"#0","tintindex":0},"down":{"uv":[4.0,10.25,3.875,11.5],"rotation":0,"texture":"#0","tintindex":0}}},{"from":[2.2857141,8.0,6.285714],"to":[8.0,14.8714285,6.857143],"rotation":{"angle":0.0,"axis":"y","origin":[5.142857,8.0,8.0]},"faces":{"east":{"uv":[7.125,9.375,7.25,10.875],"rotation":0,"texture":"#0","tintindex":0},"south":{"uv":[2.75,4.875,4.0,6.375],"rotation":0,"texture":"#0","tintindex":0},"north":{"uv":[1.375,4.25,2.625,5.75],"rotation":0,"texture":"#0","tintindex":0},"west":{"uv":[9.25,9.5,9.375,11.0],"rotation":0,"texture":"#0","tintindex":0},"up":{"uv":[11.125,4.375,9.875,4.25],"rotation":0,"texture":"#0","tintindex":0},"down":{"uv":[11.375,4.5,10.125,4.625],"rotation":0,"texture":"#0","tintindex":0}}},{"from":[2.2857141,8.0,10.285714],"to":[8.0,14.857143,10.857143],"rotation":{"angle":0.0,"axis":"y","origin":[5.142857,8.0,8.0]},"faces":{"east":{"uv":[9.5,9.5,9.625,11.0],"rotation":0,"texture":"#0","tintindex":0},"south":{"uv":[5.375,0.0,6.625,1.5],"rotation":0,"texture":"#0","tintindex":0},"north":{"uv":[4.125,4.875,5.375,6.375],"rotation":0,"texture":"#0","tintindex":0},"west":{"uv":[0.0,9.75,0.125,11.25],"rotation":0,"texture":"#0","tintindex":0},"up":{"uv":[11.375,4.875,10.125,4.75],"rotation":0,"texture":"#0","tintindex":0},"down":{"uv":[11.375,9.125,10.125,9.25],"rotation":0,"texture":"#0","tintindex":0}}},{"from":[2.2857141,8.0,6.857143],"to":[8.0,13.714286,10.285714],"rotation":{"angle":0.0,"axis":"y","origin":[5.142857,8.0,8.0]},"faces":{"east":{"uv":[0.0,5.875,0.75,7.125],"rotation":0,"texture":"#0","tintindex":0},"south":{"uv":[5.375,3.0,6.625,4.25],"rotation":0,"texture":"#0","tintindex":0},"north":{"uv":[5.375,1.625,6.625,2.875],"rotation":0,"texture":"#0","tintindex":0},"west":{"uv":[0.875,5.875,1.625,7.125],"rotation":0,"texture":"#0","tintindex":0},"up":{"uv":[3.0,7.25,1.75,6.5],"rotation":0,"texture":"#0","tintindex":0},"down":{"uv":[4.375,6.5,3.125,7.25],"rotation":0,"texture":"#0","tintindex":0}}},{"from":[-0.57142925,14.285715,10.285714],"to":[10.857143,15.428572,11.428572],"rotation":{"angle":45.0,"axis":"x","origin":[5.142857,14.857143,10.857143]},"faces":{"east":{"uv":[11.625,6.625,11.875,6.875],"rotation":0,"texture":"#0","tintindex":0},"south":{"uv":[7.375,6.375,9.875,6.625],"rotation":0,"texture":"#0","tintindex":0},"north":{"uv":[1.875,7.375,4.375,7.625],"rotation":0,"texture":"#0","tintindex":0},"west":{"uv":[7.125,11.625,7.375,11.875],"rotation":0,"texture":"#0","tintindex":0},"up":{"uv":[9.875,7.0,7.375,6.75],"rotation":0,"texture":"#0","tintindex":0},"down":{"uv":[9.875,7.125,7.375,7.375],"rotation":0,"texture":"#0","tintindex":0}}},{"from":[6.857143,8.0,5.142857],"to":[8.0,14.8714285,6.285714],"rotation":{"angle":0.0,"axis":"y","origin":[5.142857,8.0,8.0]},"faces":{"east":{"uv":[1.0,8.75,1.25,10.25],"rotation":0,"texture":"#0","tintindex":0},"south":{"uv":[1.375,8.75,1.625,10.25],"rotation":0,"texture":"#0","tintindex":0},"north":{"uv":[8.375,8.625,8.625,10.125],"rotation":0,"texture":"#0","tintindex":0},"west":{"uv":[8.75,7.5,9.0,9.0],"rotation":0,"texture":"#0","tintindex":0},"up":{"uv":[7.75,11.875,7.5,11.625],"rotation":0,"texture":"#0","tintindex":0},"down":{"uv":[11.875,7.75,11.625,8.0],"rotation":0,"texture":"#0","tintindex":0}}},{"from":[2.2857141,8.0,5.142857],"to":[3.4285712,14.8714285,6.285714],"rotation":{"angle":0.0,"axis":"y","origin":[5.142857,8.0,8.0]},"faces":{"east":{"uv":[2.125,9.125,2.375,10.625],"rotation":0,"texture":"#0","tintindex":0},"south":{"uv":[2.5,9.125,2.75,10.625],"rotation":0,"texture":"#0","tintindex":0},"north":{"uv":[1.75,9.125,2.0,10.625],"rotation":0,"texture":"#0","tintindex":0},"west":{"uv":[9.125,7.5,9.375,9.0],"rotation":0,"texture":"#0","tintindex":0},"up":{"uv":[8.125,11.875,7.875,11.625],"rotation":0,"texture":"#0","tintindex":0},"down":{"uv":[8.5,11.625,8.25,11.875],"rotation":0,"texture":"#0","tintindex":0}}}],"display":{"head":{"translation":[0.0,-6.4,0.0],"scale":[4.0,4.0,4.0]}}}