{"textures":{"0":"modelengine:entity/angelic_crate"},"elements":[{"from":[7.5714283,7.5714283,6.0],"to":[8.714286,8.714286,7.142857],"rotation":{"angle":22.5,"axis":"z","origin":[8.428572,7.714286,6.857143]},"faces":{"east":{"uv":[11.625,9.625,11.875,9.875],"rotation":0,"texture":"#0","tintindex":0},"south":{"uv":[11.625,10.0,11.875,10.25],"rotation":0,"texture":"#0","tintindex":0},"north":{"uv":[11.625,9.25,11.875,9.5],"rotation":0,"texture":"#0","tintindex":0},"west":{"uv":[1.0,11.75,1.25,12.0],"rotation":0,"texture":"#0","tintindex":0},"up":{"uv":[12.0,1.25,11.75,1.0],"rotation":0,"texture":"#0","tintindex":0},"down":{"uv":[1.625,11.75,1.375,12.0],"rotation":0,"texture":"#0","tintindex":0}}},{"from":[7.857143,7.0,6.285714],"to":[8.428572,7.5714283,6.857143],"rotation":{"angle":22.5,"axis":"z","origin":[8.428572,7.714286,6.857143]},"faces":{"east":{"uv":[11.75,6.0,11.875,6.125],"rotation":0,"texture":"#0","tintindex":0},"south":{"uv":[5.625,12.375,5.75,12.5],"rotation":0,"texture":"#0","tintindex":0},"north":{"uv":[10.5,10.875,10.625,11.0],"rotation":0,"texture":"#0","tintindex":0},"west":{"uv":[12.375,7.625,12.5,7.75],"rotation":0,"texture":"#0","tintindex":0},"up":{"uv":[12.5,8.0,12.375,7.875],"rotation":0,"texture":"#0","tintindex":0},"down":{"uv":[8.125,12.375,8.0,12.5],"rotation":0,"texture":"#0","tintindex":0}}},{"from":[7.9758606,6.109639,7.714286],"to":[9.118718,7.2524967,8.285714],"rotation":{"angle":45.0,"axis":"z","origin":[8.547289,6.681068,8.0]},"faces":{"east":{"uv":[0.25,12.25,0.375,12.5],"rotation":0,"texture":"#0","tintindex":0},"south":{"uv":[2.625,11.75,2.875,12.0],"rotation":0,"texture":"#0","tintindex":0},"north":{"uv":[2.25,11.75,2.5,12.0],"rotation":0,"texture":"#0","tintindex":0},"west":{"uv":[12.25,0.25,12.375,0.5],"rotation":0,"texture":"#0","tintindex":0},"up":{"uv":[4.375,8.5,4.125,8.375],"rotation":0,"texture":"#0","tintindex":0},"down":{"uv":[9.375,2.25,9.125,2.375],"rotation":0,"texture":"#0","tintindex":0}}},{"from":[7.857143,6.428571,6.5714283],"to":[8.428572,7.0,9.428572],"rotation":{"angle":22.5,"axis":"z","origin":[8.428572,7.714286,6.857143]},"faces":{"east":{"uv":[11.375,8.75,12.0,8.875],"rotation":0,"texture":"#0","tintindex":0},"south":{"uv":[8.25,12.375,8.375,12.5],"rotation":0,"texture":"#0","tintindex":0},"north":{"uv":[12.375,8.125,12.5,8.25],"rotation":0,"texture":"#0","tintindex":0},"west":{"uv":[11.375,10.875,12.0,11.0],"rotation":0,"texture":"#0","tintindex":0},"up":{"uv":[7.875,10.875,7.75,10.25],"rotation":0,"texture":"#0","tintindex":0},"down":{"uv":[0.125,11.375,0.0,12.0],"rotation":0,"texture":"#0","tintindex":0}}},{"from":[7.857143,7.0,9.142858],"to":[8.428572,7.5714283,9.714286],"rotation":{"angle":22.5,"axis":"z","origin":[8.428572,7.714286,6.857143]},"faces":{"east":{"uv":[8.5,12.375,8.625,12.5],"rotation":0,"texture":"#0","tintindex":0},"south":{"uv":[12.375,9.25,12.5,9.375],"rotation":0,"texture":"#0","tintindex":0},"north":{"uv":[12.375,8.375,12.5,8.5],"rotation":0,"texture":"#0","tintindex":0},"west":{"uv":[12.375,9.5,12.5,9.625],"rotation":0,"texture":"#0","tintindex":0},"up":{"uv":[12.5,9.875,12.375,9.75],"rotation":0,"texture":"#0","tintindex":0},"down":{"uv":[12.5,10.0,12.375,10.125],"rotation":0,"texture":"#0","tintindex":0}}},{"from":[7.5714283,7.5714283,8.857143],"to":[8.714286,8.714286,10.0],"rotation":{"angle":22.5,"axis":"z","origin":[8.428572,7.714286,9.142858]},"faces":{"east":{"uv":[11.75,4.125,12.0,4.375],"rotation":0,"texture":"#0","tintindex":0},"south":{"uv":[5.125,11.75,5.375,12.0],"rotation":0,"texture":"#0","tintindex":0},"north":{"uv":[3.0,11.75,3.25,12.0],"rotation":0,"texture":"#0","tintindex":0},"west":{"uv":[11.75,5.625,12.0,5.875],"rotation":0,"texture":"#0","tintindex":0},"up":{"uv":[6.125,12.0,5.875,11.75],"rotation":0,"texture":"#0","tintindex":0},"down":{"uv":[6.875,11.75,6.625,12.0],"rotation":0,"texture":"#0","tintindex":0}}}],"display":{"head":{"translation":[0.0,-6.4,0.0],"scale":[4.0,4.0,4.0]}}}