{"textures":{"0":"modelengine:entity/angelic_crate"},"elements":[{"from":[7.285714,7.5714283,6.0],"to":[8.428572,8.714286,7.142857],"rotation":{"angle":-22.5,"axis":"z","origin":[7.5714283,7.714286,6.857143]},"faces":{"east":{"uv":[11.75,7.375,12.0,7.625],"rotation":0,"texture":"#0","tintindex":0},"south":{"uv":[11.75,8.125,12.0,8.375],"rotation":0,"texture":"#0","tintindex":0},"north":{"uv":[11.75,7.0,12.0,7.25],"rotation":0,"texture":"#0","tintindex":0},"west":{"uv":[9.5,11.75,9.75,12.0],"rotation":0,"texture":"#0","tintindex":0},"up":{"uv":[10.125,12.0,9.875,11.75],"rotation":0,"texture":"#0","tintindex":0},"down":{"uv":[10.5,11.75,10.25,12.0],"rotation":0,"texture":"#0","tintindex":0}}},{"from":[7.5714283,7.0,6.285714],"to":[8.142858,7.5714283,6.857143],"rotation":{"angle":-22.5,"axis":"z","origin":[7.5714283,7.714286,6.857143]},"faces":{"east":{"uv":[12.375,10.5,12.5,10.625],"rotation":0,"texture":"#0","tintindex":0},"south":{"uv":[12.375,11.375,12.5,11.5],"rotation":0,"texture":"#0","tintindex":0},"north":{"uv":[12.375,10.25,12.5,10.375],"rotation":0,"texture":"#0","tintindex":0},"west":{"uv":[11.5,12.375,11.625,12.5],"rotation":0,"texture":"#0","tintindex":0},"up":{"uv":[12.5,11.75,12.375,11.625],"rotation":0,"texture":"#0","tintindex":0},"down":{"uv":[11.875,12.375,11.75,12.5],"rotation":0,"texture":"#0","tintindex":0}}},{"from":[6.881282,6.109639,7.714286],"to":[8.024139,7.2524967,8.285714],"rotation":{"angle":-45.0,"axis":"z","origin":[7.4527106,6.681068,8.0]},"faces":{"east":{"uv":[0.5,12.25,0.625,12.5],"rotation":0,"texture":"#0","tintindex":0},"south":{"uv":[10.625,11.75,10.875,12.0],"rotation":0,"texture":"#0","tintindex":0},"north":{"uv":[11.75,10.375,12.0,10.625],"rotation":0,"texture":"#0","tintindex":0},"west":{"uv":[12.25,0.625,12.375,0.875],"rotation":0,"texture":"#0","tintindex":0},"up":{"uv":[12.0,8.625,11.75,8.5],"rotation":0,"texture":"#0","tintindex":0},"down":{"uv":[12.5,1.375,12.25,1.5],"rotation":0,"texture":"#0","tintindex":0}}},{"from":[7.5714283,6.428571,6.5714283],"to":[8.142858,7.0,9.428572],"rotation":{"angle":-22.5,"axis":"z","origin":[7.5714283,7.714286,6.857143]},"faces":{"east":{"uv":[11.5,3.875,12.125,4.0],"rotation":0,"texture":"#0","tintindex":0},"south":{"uv":[12.5,0.25,12.625,0.375],"rotation":0,"texture":"#0","tintindex":0},"north":{"uv":[12.375,11.875,12.5,12.0],"rotation":0,"texture":"#0","tintindex":0},"west":{"uv":[11.5,5.375,12.125,5.5],"rotation":0,"texture":"#0","tintindex":0},"up":{"uv":[5.0,12.0,4.875,11.375],"rotation":0,"texture":"#0","tintindex":0},"down":{"uv":[9.125,11.5,9.0,12.125],"rotation":0,"texture":"#0","tintindex":0}}},{"from":[7.5714283,7.0,9.142858],"to":[8.142858,7.5714283,9.714286],"rotation":{"angle":-22.5,"axis":"z","origin":[7.5714283,7.714286,6.857143]},"faces":{"east":{"uv":[12.5,0.75,12.625,0.875],"rotation":0,"texture":"#0","tintindex":0},"south":{"uv":[1.0,12.5,1.125,12.625],"rotation":0,"texture":"#0","tintindex":0},"north":{"uv":[12.5,0.5,12.625,0.625],"rotation":0,"texture":"#0","tintindex":0},"west":{"uv":[12.5,1.0,12.625,1.125],"rotation":0,"texture":"#0","tintindex":0},"up":{"uv":[1.375,12.625,1.25,12.5],"rotation":0,"texture":"#0","tintindex":0},"down":{"uv":[1.625,12.5,1.5,12.625],"rotation":0,"texture":"#0","tintindex":0}}},{"from":[7.285714,7.5714283,8.857143],"to":[8.428572,8.714286,10.0],"rotation":{"angle":-22.5,"axis":"z","origin":[7.5714283,7.714286,9.142858]},"faces":{"east":{"uv":[11.75,11.375,12.0,11.625],"rotation":0,"texture":"#0","tintindex":0},"south":{"uv":[11.75,11.75,12.0,12.0],"rotation":0,"texture":"#0","tintindex":0},"north":{"uv":[11.0,11.75,11.25,12.0],"rotation":0,"texture":"#0","tintindex":0},"west":{"uv":[0.25,11.875,0.5,12.125],"rotation":0,"texture":"#0","tintindex":0},"up":{"uv":[12.125,0.5,11.875,0.25],"rotation":0,"texture":"#0","tintindex":0},"down":{"uv":[0.875,11.875,0.625,12.125],"rotation":0,"texture":"#0","tintindex":0}}}],"display":{"head":{"translation":[0.0,-6.4,0.0],"scale":[4.0,4.0,4.0]}}}