{"textures":{"0":"modelengine:entity/angelic_crate"},"elements":[{"from":[7.4428573,7.714286,7.714286],"to":[8.557143,8.857143,8.857143],"rotation":{"angle":0.0,"axis":"y","origin":[4.5714283,-0.2857151,8.857143]},"faces":{"east":{"uv":[12.125,1.0,12.375,1.25],"rotation":0,"texture":"#0","tintindex":0},"south":{"uv":[1.375,12.125,1.625,12.375],"rotation":0,"texture":"#0","tintindex":0},"north":{"uv":[1.0,12.125,1.25,12.375],"rotation":0,"texture":"#0","tintindex":0},"west":{"uv":[2.25,12.125,2.5,12.375],"rotation":0,"texture":"#0","tintindex":0},"up":{"uv":[2.875,12.375,2.625,12.125],"rotation":0,"texture":"#0","tintindex":0},"down":{"uv":[3.25,12.125,3.0,12.375],"rotation":0,"texture":"#0","tintindex":0}}},{"from":[7.142857,8.285714,7.714286],"to":[8.857143,10.0,8.285714],"rotation":{"angle":-22.5,"axis":"x","origin":[7.714286,8.285714,8.285714]},"faces":{"east":{"uv":[11.25,12.125,11.375,12.5],"rotation":0,"texture":"#0","tintindex":0},"south":{"uv":[10.75,9.875,11.125,10.25],"rotation":0,"texture":"#0","tintindex":0},"north":{"uv":[10.75,9.375,11.125,9.75],"rotation":0,"texture":"#0","tintindex":0},"west":{"uv":[12.125,11.375,12.25,11.75],"rotation":0,"texture":"#0","tintindex":0},"up":{"uv":[12.5,11.0,12.125,10.875],"rotation":0,"texture":"#0","tintindex":0},"down":{"uv":[11.875,12.125,11.5,12.25],"rotation":0,"texture":"#0","tintindex":0}}},{"from":[7.428571,9.714286,7.428571],"to":[8.571428,10.285714,10.285714],"rotation":{"angle":-22.5,"axis":"x","origin":[8.0,8.285714,8.285714]},"faces":{"east":{"uv":[3.5,11.625,4.125,11.75],"rotation":0,"texture":"#0","tintindex":0},"south":{"uv":[12.375,6.875,12.625,7.0],"rotation":0,"texture":"#0","tintindex":0},"north":{"uv":[6.875,12.375,7.125,12.5],"rotation":0,"texture":"#0","tintindex":0},"west":{"uv":[11.625,5.0,12.25,5.125],"rotation":0,"texture":"#0","tintindex":0},"up":{"uv":[10.75,2.5,10.5,1.875],"rotation":0,"texture":"#0","tintindex":0},"down":{"uv":[10.75,2.625,10.5,3.25],"rotation":0,"texture":"#0","tintindex":0}}},{"from":[7.4428573,10.370315,8.446915],"to":[8.557143,12.656029,9.018343],"rotation":{"angle":22.5,"axis":"x","origin":[8.0,8.941743,9.304058]},"faces":{"east":{"uv":[4.875,12.125,5.0,12.625],"rotation":0,"texture":"#0","tintindex":0},"south":{"uv":[5.125,11.125,5.375,11.625],"rotation":0,"texture":"#0","tintindex":0},"north":{"uv":[3.125,11.125,3.375,11.625],"rotation":0,"texture":"#0","tintindex":0},"west":{"uv":[5.125,12.125,5.25,12.625],"rotation":0,"texture":"#0","tintindex":0},"up":{"uv":[12.625,7.25,12.375,7.125],"rotation":0,"texture":"#0","tintindex":0},"down":{"uv":[7.5,12.375,7.25,12.5],"rotation":0,"texture":"#0","tintindex":0}}},{"from":[7.457143,12.700716,10.415001],"to":[8.542857,15.557858,10.98643],"rotation":{"angle":-22.5,"axis":"x","origin":[8.0,11.272144,11.272144]},"faces":{"east":{"uv":[2.0,11.625,2.125,12.25],"rotation":0,"texture":"#0","tintindex":0},"south":{"uv":[9.75,10.5,10.0,11.125],"rotation":0,"texture":"#0","tintindex":0},"north":{"uv":[10.5,3.375,10.75,4.0],"rotation":0,"texture":"#0","tintindex":0},"west":{"uv":[4.25,11.625,4.375,12.25],"rotation":0,"texture":"#0","tintindex":0},"up":{"uv":[12.625,7.5,12.375,7.375],"rotation":0,"texture":"#0","tintindex":0},"down":{"uv":[7.875,12.375,7.625,12.5],"rotation":0,"texture":"#0","tintindex":0}}},{"from":[8.0,7.142857,7.714286],"to":[8.0,16.285715,16.285715],"rotation":{"angle":0.0,"axis":"y","origin":[4.5714283,-0.2857151,8.857143]},"faces":{"east":{"uv":[0.0,2.125,1.875,4.125],"rotation":0,"texture":"#0","tintindex":0},"south":{"uv":[4.125,12.5,4.125,14.5],"rotation":0,"texture":"#0","tintindex":0},"north":{"uv":[3.25,12.5,3.25,14.5],"rotation":0,"texture":"#0","tintindex":0},"west":{"uv":[2.0,2.125,3.875,4.125],"rotation":0,"texture":"#0","tintindex":0},"up":{"uv":[0.25,14.5,0.25,12.625],"rotation":0,"texture":"#0","tintindex":0},"down":{"uv":[0.375,12.625,0.375,14.5],"rotation":0,"texture":"#0","tintindex":0}}}],"display":{"head":{"translation":[0.0,-6.4,0.0],"scale":[4.0,4.0,4.0]}}}