{"textures":{"0":"modelengine:entity/dragon_gray"},"elements":[{"from":[-13.315512,8.0,-15.860327],"to":[8.515512,8.0,32.0],"rotation":{"angle":0.0,"axis":"y","origin":[-4.3232145,-0.5331392,8.069838]},"faces":{"east":{"uv":[0.0,0.0,0.0,2.5],"rotation":270,"texture":"#0","tintindex":0},"south":{"uv":[0.0,0.0,0.0,1.125],"rotation":270,"texture":"#0","tintindex":0},"north":{"uv":[0.0,0.0,0.0,1.125],"rotation":90,"texture":"#0","tintindex":0},"west":{"uv":[0.0,2.5,0.0,0.0],"rotation":270,"texture":"#0","tintindex":0},"up":{"uv":[5.0,4.0,2.5,5.125],"rotation":270,"texture":"#0","tintindex":0},"down":{"uv":[13.5,2.0,16.0,3.125],"rotation":270,"texture":"#0","tintindex":0}}},{"from":[-13.315512,7.980556,-15.860327],"to":[8.515512,7.980556,32.0],"rotation":{"angle":0.0,"axis":"y","origin":[-17.09396,7.9805565,8.069838]},"faces":{"east":{"uv":[0.0,0.0,0.0,2.5],"rotation":270,"texture":"#0","tintindex":0},"south":{"uv":[0.0,0.0,0.0,1.125],"rotation":270,"texture":"#0","tintindex":0},"north":{"uv":[0.0,0.0,0.0,1.125],"rotation":90,"texture":"#0","tintindex":0},"west":{"uv":[0.0,2.5,0.0,0.0],"rotation":270,"texture":"#0","tintindex":0},"up":{"uv":[16.0,2.0,13.5,3.125],"rotation":270,"texture":"#0","tintindex":0},"down":{"uv":[2.5,4.0,5.0,5.125],"rotation":270,"texture":"#0","tintindex":0}}}],"display":{"head":{"translation":[0.0,-6.4,74.920654],"scale":[4.0,4.0,4.0]}}}