{
	"credit": "Made with Blockbench",
	"texture_size": [64, 64],
	"textures": {
		"0": "cosmetics/bearskin_hat",
		"particle": "cosmetics/bearskin_hat"
	},
	"elements": [
		{
			"from": [3.5, 8, 3.5],
			"to": [12.5, 19, 12.5],
			"faces": {
				"north": {"uv": [0, 0, 2.25, 2.75], "texture": "#0"},
				"east": {"uv": [2.5, 0, 4.75, 2.75], "texture": "#0"},
				"south": {"uv": [0, 3, 2.25, 5.75], "texture": "#0"},
				"west": {"uv": [2.5, 3, 4.75, 5.75], "texture": "#0"},
				"up": {"uv": [7.25, 2.25, 5, 0], "texture": "#0"},
				"down": {"uv": [7.25, 2.5, 5, 4.75], "texture": "#0"}
			}
		},
		{
			"from": [3.5, 6, 3.5],
			"to": [12.5, 8, 3.5],
			"faces": {
				"north": {"uv": [5, 5, 7.25, 5.5], "texture": "#0"},
				"east": {"uv": [7.5, 7.5, 7.5, 8], "texture": "#0"},
				"south": {"uv": [5, 5.75, 7.25, 6.25], "texture": "#0"},
				"west": {"uv": [7.75, 7.5, 7.75, 8], "texture": "#0"},
				"up": {"uv": [10.25, 1.5, 8, 1.5], "texture": "#0"},
				"down": {"uv": [10.25, 1.75, 8, 1.75], "texture": "#0"}
			}
		},
		{
			"from": [3.5, 6, 3.5],
			"to": [3.5, 8, 12.5],
			"rotation": {"angle": 0, "axis": "y", "origin": [16, 0, 16]},
			"faces": {
				"north": {"uv": [1.5, 8, 1.5, 8.5], "texture": "#0"},
				"east": {"uv": [2.5, 6.75, 4.75, 7.25], "texture": "#0"},
				"south": {"uv": [1.75, 8, 1.75, 8.5], "texture": "#0"},
				"west": {"uv": [5, 7.25, 7.25, 7.75], "texture": "#0"},
				"up": {"uv": [8, 4.75, 8, 2.5], "texture": "#0"},
				"down": {"uv": [5, 8, 5, 10.25], "texture": "#0"}
			}
		},
		{
			"from": [12.5, 6, 3.5],
			"to": [12.5, 8, 12.5],
			"rotation": {"angle": 0, "axis": "y", "origin": [0, 0, 16]},
			"faces": {
				"north": {"uv": [0.5, 8, 0.5, 8.5], "texture": "#0"},
				"east": {"uv": [5, 6.5, 7.25, 7], "texture": "#0"},
				"south": {"uv": [0.75, 8, 0.75, 8.5], "texture": "#0"},
				"west": {"uv": [0, 6.75, 2.25, 7.25], "texture": "#0"},
				"up": {"uv": [1, 10.25, 1, 8], "texture": "#0"},
				"down": {"uv": [1.25, 8, 1.25, 10.25], "texture": "#0"}
			}
		},
		{
			"from": [3.5, 6, 12.5],
			"to": [12.5, 8, 12.5],
			"rotation": {"angle": 0, "axis": "y", "origin": [0, 0, 16]},
			"faces": {
				"north": {"uv": [0, 6, 2.25, 6.5], "texture": "#0"},
				"east": {"uv": [0, 8, 0, 8.5], "texture": "#0"},
				"south": {"uv": [2.5, 6, 4.75, 6.5], "texture": "#0"},
				"west": {"uv": [0.25, 8, 0.25, 8.5], "texture": "#0"},
				"up": {"uv": [10.25, 2, 8, 2], "texture": "#0"},
				"down": {"uv": [10.25, 2.25, 8, 2.25], "texture": "#0"}
			}
		},
		{
			"from": [4.5, 3.25, 4.5],
			"to": [11.5, 4.25, 5.5],
			"rotation": {"angle": 22.5, "axis": "x", "origin": [8, 4.5, 5]},
			"faces": {
				"north": {"uv": [0, 7.5, 1.75, 7.75], "texture": "#0"},
				"east": {"uv": [7.5, 6.5, 7.75, 6.75], "texture": "#0"},
				"south": {"uv": [7.5, 0, 9.25, 0.25], "texture": "#0"},
				"west": {"uv": [7.5, 7, 7.75, 7.25], "texture": "#0"},
				"up": {"uv": [9.25, 0.75, 7.5, 0.5], "texture": "#0"},
				"down": {"uv": [9.25, 1, 7.5, 1.25], "texture": "#0"}
			}
		},
		{
			"from": [11.5, 3.25, 4.5],
			"to": [12.475, 8.25, 5.5],
			"rotation": {"angle": 22.5, "axis": "x", "origin": [8, 4.5, 5]},
			"faces": {
				"north": {"uv": [7.5, 1.5, 7.75, 2.75], "texture": "#0"},
				"east": {"uv": [2, 7.5, 2.25, 8.75], "texture": "#0"},
				"south": {"uv": [2.5, 7.5, 2.75, 8.75], "texture": "#0"},
				"west": {"uv": [3, 7.5, 3.25, 8.75], "texture": "#0"},
				"up": {"uv": [7.75, 4.75, 7.5, 4.5], "texture": "#0"},
				"down": {"uv": [7.75, 5, 7.5, 5.25], "texture": "#0"}
			}
		},
		{
			"from": [3.525, 3.25, 4.5],
			"to": [4.5, 8.25, 5.5],
			"rotation": {"angle": 22.5, "axis": "x", "origin": [8, 4.5, 5]},
			"faces": {
				"north": {"uv": [7.5, 3, 7.75, 4.25], "texture": "#0"},
				"east": {"uv": [3.5, 7.5, 3.75, 8.75], "texture": "#0"},
				"south": {"uv": [4, 7.5, 4.25, 8.75], "texture": "#0"},
				"west": {"uv": [4.5, 7.5, 4.75, 8.75], "texture": "#0"},
				"up": {"uv": [7.75, 5.75, 7.5, 5.5], "texture": "#0"},
				"down": {"uv": [7.75, 6, 7.5, 6.25], "texture": "#0"}
			}
		}
	],
	"gui_light": "front",
	"display": {
		"thirdperson_righthand": {
			"translation": [-2, -1.5, 0],
			"scale": [0.5, 0.5, 0.5]
		},
		"thirdperson_lefthand": {
			"translation": [-2, -1.5, 0],
			"scale": [0.5, 0.5, 0.5]
		},
		"firstperson_righthand": {
			"scale": [0.5, 0.5, 0.5]
		},
		"firstperson_lefthand": {
			"scale": [0.5, 0.5, 0.5]
		},
		"ground": {
			"scale": [0.5, 0.5, 0.5]
		},
		"gui": {
			"rotation": [-167.54, -26.57, -178.17],
			"translation": [0, -2.5, 0],
			"scale": [0.7, 0.7, 0.7]
		},
		"head": {
			"scale": [1.61, 1.61, 1.61]
		},
		"fixed": {
			"translation": [0, -4.25, -1]
		}
	},
	"groups": [
		0,
		{
			"name": "group",
			"origin": [0, 0, 16],
			"color": 0,
			"children": [1, 2, 3, 4]
		},
		{
			"name": "group",
			"origin": [16, 0, 0],
			"color": 0,
			"children": [5, 6, 7]
		}
	]
}