{
	"credit": "Made with Blockbench",
	"texture_size": [64, 64],
	"textures": {
		"0": "cosmetics/blindfold",
		"particle": "cosmetics/blindfold"
	},
	"elements": [
		{
			"from": [11.5, 7.5, 4],
			"to": [12.5, 10.5, 12],
			"faces": {
				"north": {"uv": [5.5, 7.5, 5.75, 8.25], "texture": "#0"},
				"east": {"uv": [5.5, 2, 7.5, 2.75], "texture": "#0"},
				"south": {"uv": [6, 7.5, 6.25, 8.25], "texture": "#0"},
				"west": {"uv": [5.5, 3, 7.5, 3.75], "texture": "#0"},
				"up": {"uv": [7.25, 9, 7, 7], "texture": "#0"},
				"down": {"uv": [2.25, 7.5, 2, 9.5], "texture": "#0"}
			}
		},
		{
			"from": [3.5, 7.5, 4],
			"to": [4.5, 10.5, 12],
			"rotation": {"angle": 0, "axis": "y", "origin": [16, 0, 0]},
			"faces": {
				"north": {"uv": [6.5, 7.5, 6.75, 8.25], "texture": "#0"},
				"east": {"uv": [5.5, 4, 7.5, 4.75], "texture": "#0"},
				"south": {"uv": [7.5, 6.5, 7.75, 7.25], "texture": "#0"},
				"west": {"uv": [5.5, 5, 7.5, 5.75], "texture": "#0"},
				"up": {"uv": [2.75, 9.5, 2.5, 7.5], "texture": "#0"},
				"down": {"uv": [3.25, 7.5, 3, 9.5], "texture": "#0"}
			}
		},
		{
			"from": [3.5, 7.5, 3],
			"to": [12.5, 10.5, 4],
			"faces": {
				"north": {"uv": [5.5, 0, 7.75, 0.75], "texture": "#0"},
				"east": {"uv": [7.5, 7.5, 7.75, 8.25], "texture": "#0"},
				"south": {"uv": [5.5, 1, 7.75, 1.75], "texture": "#0"},
				"west": {"uv": [7.75, 2, 8, 2.75], "texture": "#0"},
				"up": {"uv": [4.25, 7.25, 2, 7], "texture": "#0"},
				"down": {"uv": [6.75, 7, 4.5, 7.25], "texture": "#0"}
			}
		},
		{
			"from": [4.5, 7.5, 11],
			"to": [11.5, 10.5, 12],
			"faces": {
				"north": {"uv": [5.5, 6, 7.25, 6.75], "texture": "#0"},
				"east": {"uv": [7.75, 3, 8, 3.75], "texture": "#0"},
				"south": {"uv": [0, 7, 1.75, 7.75], "texture": "#0"},
				"west": {"uv": [7.75, 4, 8, 4.75], "texture": "#0"},
				"up": {"uv": [5.25, 7.75, 3.5, 7.5], "texture": "#0"},
				"down": {"uv": [9.25, 6, 7.5, 6.25], "texture": "#0"}
			}
		},
		{
			"from": [-2.5, 2.5, 12.025],
			"to": [18.5, 15.5, 12.025],
			"rotation": {"angle": -22.5, "axis": "z", "origin": [8, 9, 12.025]},
			"faces": {
				"north": {"uv": [0, 0, 5.25, 3.25], "texture": "#0"},
				"east": {"uv": [0, 8, 0, 11.25], "texture": "#0"},
				"south": {"uv": [0, 3.5, 5.25, 6.75], "texture": "#0"},
				"west": {"uv": [0.25, 8, 0.25, 11.25], "texture": "#0"},
				"up": {"uv": [13, 5, 7.75, 5], "texture": "#0"},
				"down": {"uv": [13, 5.25, 7.75, 5.25], "texture": "#0"}
			}
		}
	],
	"gui_light": "front",
	"display": {
		"thirdperson_righthand": {
			"rotation": [18.36, 20.12, -33],
			"translation": [2.25, -3.5, -0.25],
			"scale": [0.8, 0.8, 0.8]
		},
		"thirdperson_lefthand": {
			"rotation": [18.36, 20.12, -33],
			"translation": [2.25, -3.5, -0.25],
			"scale": [0.8, 0.8, 0.8]
		},
		"firstperson_righthand": {
			"rotation": [-4.52, -12.66, -6.25],
			"translation": [2, -0.5, 0]
		},
		"firstperson_lefthand": {
			"rotation": [-4.52, -12.66, -6.25],
			"translation": [2, -0.5, 0]
		},
		"ground": {
			"scale": [0.8, 0.8, 0.8]
		},
		"gui": {
			"rotation": [-160.84, 14.21, -178.72],
			"translation": [-0.25, -0.5, 0],
			"scale": [0.9, 0.9, 0.9]
		},
		"head": {
			"translation": [0, -4.25, 0.75],
			"scale": [1.64, 1.64, 1.64]
		},
		"fixed": {
			"rotation": [-11, 0, 0],
			"translation": [0, 0, 1.25],
			"scale": [1.2, 1.2, 1.2]
		}
	}
}