{
	"credit": "Made with Blockbench",
	"texture_size": [64, 64],
	"textures": {
		"0": "cosmetics/bomb",
		"particle": "cosmetics/bomb"
	},
	"elements": [
		{
			"from": [5, 0, 5],
			"to": [11, 8, 11],
			"faces": {
				"north": {"uv": [0, 0, 1.5, 2], "texture": "#0"},
				"east": {"uv": [1.75, 0, 3.25, 2], "texture": "#0"},
				"south": {"uv": [0, 2.25, 1.5, 4.25], "texture": "#0"},
				"west": {"uv": [1.75, 2.25, 3.25, 4.25], "texture": "#0"},
				"up": {"uv": [7.25, 3.25, 5.75, 1.75], "texture": "#0"},
				"down": {"uv": [1.5, 6.75, 0, 8.25], "texture": "#0"}
			}
		},
		{
			"from": [7, 8, 7],
			"to": [9, 10, 9],
			"faces": {
				"north": {"uv": [4, 5.75, 4.5, 6.25], "texture": "#0"},
				"east": {"uv": [7.5, 4.75, 8, 5.25], "texture": "#0"},
				"south": {"uv": [7.5, 5.5, 8, 6], "texture": "#0"},
				"west": {"uv": [7.5, 6.25, 8, 6.75], "texture": "#0"},
				"up": {"uv": [8, 7.5, 7.5, 7], "texture": "#0"},
				"down": {"uv": [8, 7.75, 7.5, 8.25], "texture": "#0"}
			}
		},
		{
			"from": [8, 9, 6.5],
			"to": [8, 13, 11.5],
			"faces": {
				"north": {"uv": [3.25, 4.5, 3.25, 5.5], "texture": "#0"},
				"east": {"uv": [1.75, 4.5, 3, 5.5], "texture": "#0"},
				"south": {"uv": [4.75, 5.75, 4.75, 6.75], "texture": "#0"},
				"west": {"uv": [7.5, 3.5, 8.75, 4.5], "texture": "#0"},
				"up": {"uv": [3.5, 8.75, 3.5, 7.5], "texture": "#0"},
				"down": {"uv": [3.75, 7.5, 3.75, 8.75], "texture": "#0"}
			}
		},
		{
			"from": [5, 1, 4],
			"to": [11, 7, 12],
			"faces": {
				"north": {"uv": [4, 7, 5.5, 8.5], "texture": "#0"},
				"east": {"uv": [3.5, 0, 5.5, 1.5], "texture": "#0"},
				"south": {"uv": [5.75, 7, 7.25, 8.5], "texture": "#0"},
				"west": {"uv": [3.5, 1.75, 5.5, 3.25], "texture": "#0"},
				"up": {"uv": [5, 5.5, 3.5, 3.5], "texture": "#0"},
				"down": {"uv": [1.5, 4.5, 0, 6.5], "texture": "#0"}
			}
		},
		{
			"from": [4, 1, 5],
			"to": [12, 7, 11],
			"faces": {
				"north": {"uv": [5.25, 3.5, 7.25, 5], "texture": "#0"},
				"east": {"uv": [1.75, 7.5, 3.25, 9], "texture": "#0"},
				"south": {"uv": [5.25, 5.25, 7.25, 6.75], "texture": "#0"},
				"west": {"uv": [7.5, 1.75, 9, 3.25], "texture": "#0"},
				"up": {"uv": [7.75, 1.5, 5.75, 0], "texture": "#0"},
				"down": {"uv": [3.75, 5.75, 1.75, 7.25], "texture": "#0"}
			}
		}
	],
	"gui_light": "front",
	"display": {
		"thirdperson_righthand": {
			"rotation": [41.25, 0, 0],
			"translation": [-3.25, 2.5, 1.25],
			"scale": [0.8, 0.8, 0.8]
		},
		"thirdperson_lefthand": {
			"rotation": [41.25, 0, 0],
			"translation": [-3.25, 2.5, 1.25],
			"scale": [0.8, 0.8, 0.8]
		},
		"firstperson_righthand": {
			"rotation": [0, 22.25, 0],
			"translation": [0, 2.75, 0],
			"scale": [0.7, 0.7, 0.7]
		},
		"firstperson_lefthand": {
			"rotation": [0, 22.25, 0],
			"translation": [0, 2.75, 0],
			"scale": [0.7, 0.7, 0.7]
		},
		"ground": {
			"translation": [0, 3.75, 0],
			"scale": [0.7, 0.7, 0.7]
		},
		"gui": {
			"rotation": [28.84, 53.86, -16.93],
			"translation": [1.25, 2.5, 0]
		},
		"head": {
			"rotation": [180, -71.75, 180],
			"translation": [0, 13.5, 0]
		},
		"fixed": {
			"rotation": [0, -90, 0],
			"translation": [0, 1.75, -2]
		}
	}
}