{
	"credit": "Made with Blockbench",
	"texture_size": [32, 32],
	"textures": {
		"1": "cosmetics/boxing_glove"
	},
	"elements": [
		{
			"name": "hand",
			"from": [5.5, 3, 5],
			"to": [10.5, 8, 10],
			"faces": {
				"north": {"uv": [2.5, 0, 0, 2.5], "texture": "#1"},
				"east": {"uv": [5.5, 3, 3, 5.5], "texture": "#1"},
				"south": {"uv": [5.5, 0, 3, 2.5], "texture": "#1"},
				"west": {"uv": [2.5, 3, 0, 5.5], "texture": "#1"},
				"up": {"uv": [0, 8.5, 2.5, 6], "texture": "#1"},
				"down": {"uv": [6, 0, 8.5, 2.5], "texture": "#1"}
			}
		},
		{
			"name": "hand",
			"from": [4.5, 2.5, 4.5],
			"to": [8.5, 5.5, 8.5],
			"faces": {
				"north": {"uv": [10, 8, 8, 9.5], "texture": "#1"},
				"east": {"uv": [7.5, 8.5, 5.5, 10], "texture": "#1"},
				"south": {"uv": [10.5, 3, 8.5, 4.5], "texture": "#1"},
				"west": {"uv": [5, 8.5, 3, 10], "texture": "#1"},
				"up": {"uv": [5.5, 8, 7.5, 6], "texture": "#1"},
				"down": {"uv": [8, 5.5, 10, 7.5], "texture": "#1"}
			}
		},
		{
			"from": [6, 1, 5.5],
			"to": [10, 3, 9.5],
			"rotation": {"angle": 0, "axis": "y", "origin": [16, 0, 0]},
			"faces": {
				"north": {"uv": [2, 9, 0, 10], "texture": "#1"},
				"east": {"uv": [10, 10, 8, 11], "texture": "#1"},
				"south": {"uv": [11, 1.5, 9, 2.5], "texture": "#1"},
				"west": {"uv": [11, 0, 9, 1], "texture": "#1"},
				"up": {"uv": [3, 8, 5, 6], "texture": "#1"},
				"down": {"uv": [6, 3, 8, 5], "texture": "#1"}
			}
		}
	],
	"gui_light": "front",
	"display": {
		"thirdperson_righthand": {
			"rotation": [-90, 0, 0],
			"translation": [0, -1.5, -0.5],
			"scale": [1.2, 1.2, 1.2]
		},
		"thirdperson_lefthand": {
			"rotation": [-90, 0, 0],
			"translation": [0, -1.5, -0.5],
			"scale": [1.2, 1.2, 1.2]
		},
		"firstperson_righthand": {
			"rotation": [-16.75, 0, 0],
			"translation": [0, 6.5, 0]
		},
		"firstperson_lefthand": {
			"rotation": [-16.75, 0, 0],
			"translation": [0, 6.5, 0]
		},
		"ground": {
			"translation": [0, 3, 0]
		},
		"gui": {
			"rotation": [3.71, 15.73, 5.19],
			"translation": [0.75, 5.5, 0],
			"scale": [1.7, 1.7, 1.7]
		},
		"head": {
			"translation": [0, 8.5, 1],
			"scale": [3.2, 3.2, 3.2]
		},
		"fixed": {
			"rotation": [-35, 0, 0],
			"translation": [0, 5.25, -5.5],
			"scale": [2, 2, 2]
		}
	}
}