{
	"credit": "Made with Blockbench",
	"texture_size": [64, 64],
	"textures": {
		"0": "cosmetics/bucket_hat",
		"particle": "cosmetics/bucket_hat"
	},
	"elements": [
		{
			"from": [3.5, 10, 3.5],
			"to": [12.5, 13, 12.5],
			"rotation": {"angle": 0, "axis": "y", "origin": [16, 0, 16]},
			"faces": {
				"north": {"uv": [6.5, 0, 8.75, 0.75], "texture": "#0"},
				"east": {"uv": [6.5, 1, 8.75, 1.75], "texture": "#0"},
				"south": {"uv": [5, 5, 7.25, 5.75], "texture": "#0"},
				"west": {"uv": [5, 6, 7.25, 6.75], "texture": "#0"},
				"up": {"uv": [0, 0, 2.25, 2.25], "texture": "#0"},
				"down": {"uv": [0, 4.75, 2.25, 2.5], "texture": "#0"}
			}
		},
		{
			"from": [0.5, 8.56008, 11.91351],
			"to": [15.5, 8.58508, 15.91351],
			"rotation": {"angle": 45, "axis": "x", "origin": [8, 8.58508, 13.91351]},
			"faces": {
				"north": {"uv": [6.5, 2.5, 10.25, 2.5], "texture": "#0"},
				"east": {"uv": [6.5, 2.75, 7.5, 2.75], "texture": "#0"},
				"south": {"uv": [6.5, 2, 10.25, 2], "texture": "#0"},
				"west": {"uv": [6.5, 2.25, 7.5, 2.25], "texture": "#0"},
				"up": {"uv": [2.5, 0, 6.25, 1], "texture": "#0"},
				"down": {"uv": [2.5, 2.25, 6.25, 1.25], "texture": "#0"}
			}
		},
		{
			"from": [0.5, 8.56008, 0.08649],
			"to": [15.5, 8.58508, 4.08649],
			"rotation": {"angle": -45, "axis": "x", "origin": [8, 8.58508, 2.08649]},
			"faces": {
				"north": {"uv": [6.5, 3.5, 10.25, 3.5], "texture": "#0"},
				"east": {"uv": [6.5, 3.75, 7.5, 3.75], "texture": "#0"},
				"south": {"uv": [6.5, 3, 10.25, 3], "texture": "#0"},
				"west": {"uv": [6.5, 3.25, 7.5, 3.25], "texture": "#0"},
				"up": {"uv": [2.5, 2.5, 6.25, 3.5], "texture": "#0"},
				"down": {"uv": [2.5, 4.75, 6.25, 3.75], "texture": "#0"}
			}
		},
		{
			"from": [11.91421, 8.56079, 0.5],
			"to": [15.91421, 8.58579, 15.5],
			"rotation": {"angle": -45, "axis": "z", "origin": [13.91421, 8.58579, 20]},
			"faces": {
				"north": {"uv": [6.5, 4.5, 7.5, 4.5], "texture": "#0"},
				"east": {"uv": [6.5, 4.75, 10.25, 4.75], "texture": "#0"},
				"south": {"uv": [6.5, 4, 7.5, 4], "texture": "#0"},
				"west": {"uv": [6.5, 4.25, 10.25, 4.25], "texture": "#0"},
				"up": {"uv": [0, 5, 1, 8.75], "texture": "#0"},
				"down": {"uv": [1.25, 8.75, 2.25, 5], "texture": "#0"}
			}
		},
		{
			"from": [0.08579, 8.56079, 0.5],
			"to": [4.08579, 8.58579, 15.5],
			"rotation": {"angle": 45, "axis": "z", "origin": [2.08579, 8.58579, 20]},
			"faces": {
				"north": {"uv": [5, 7.25, 6, 7.25], "texture": "#0"},
				"east": {"uv": [6.25, 7.25, 10, 7.25], "texture": "#0"},
				"south": {"uv": [5, 7, 6, 7], "texture": "#0"},
				"west": {"uv": [6.25, 7, 10, 7], "texture": "#0"},
				"up": {"uv": [2.5, 5, 3.5, 8.75], "texture": "#0"},
				"down": {"uv": [3.75, 8.75, 4.75, 5], "texture": "#0"}
			}
		}
	],
	"gui_light": "front",
	"display": {
		"thirdperson_righthand": {
			"translation": [-3.5, -1, 0],
			"scale": [0.5, 0.5, 0.5]
		},
		"thirdperson_lefthand": {
			"translation": [-3.5, -1, 0],
			"scale": [0.5, 0.5, 0.5]
		},
		"firstperson_righthand": {
			"scale": [0.65, 0.65, 0.65]
		},
		"firstperson_lefthand": {
			"scale": [0.65, 0.65, 0.65]
		},
		"ground": {
			"scale": [0.5, 0.5, 0.5]
		},
		"gui": {
			"rotation": [-162.75, -16.5, -180],
			"translation": [0, -1, 0],
			"scale": [0.75, 0.75, 0.75]
		},
		"head": {
			"scale": [1.61, 1.61, 1.61]
		},
		"fixed": {
			"rotation": [-24.5, 0, 0],
			"translation": [0, -1.75, -2]
		}
	}
}