{
	"credit": "Made with Blockbench",
	"texture_size": [32, 32],
	"textures": {
		"0": "cosmetics/burger",
		"particle": "cosmetics/burger"
	},
	"elements": [
		{
			"from": [5.5, 0, 5.5],
			"to": [10.5, 1, 10.5],
			"rotation": {"angle": 0, "axis": "y", "origin": [6.5, 0, 8.5]},
			"faces": {
				"north": {"uv": [9.5, 2, 12, 2.5], "texture": "#0"},
				"east": {"uv": [9.5, 3, 12, 3.5], "texture": "#0"},
				"south": {"uv": [9.5, 4, 12, 4.5], "texture": "#0"},
				"west": {"uv": [9.5, 5, 12, 5.5], "texture": "#0"},
				"up": {"uv": [6, 2.5, 3.5, 0], "texture": "#0"},
				"down": {"uv": [6, 3, 3.5, 5.5], "texture": "#0"}
			}
		},
		{
			"from": [5.5, 1, 5.5],
			"to": [10.5, 2, 10.5],
			"rotation": {"angle": -22.5, "axis": "y", "origin": [8, 1.5, 8]},
			"faces": {
				"north": {"uv": [9.5, 6, 12, 6.5], "texture": "#0"},
				"east": {"uv": [9.5, 7, 12, 7.5], "texture": "#0"},
				"south": {"uv": [9.5, 8, 12, 8.5], "texture": "#0"},
				"west": {"uv": [0, 11, 2.5, 11.5], "texture": "#0"},
				"up": {"uv": [9, 5.5, 6.5, 3], "texture": "#0"},
				"down": {"uv": [9, 6, 6.5, 8.5], "texture": "#0"}
			}
		},
		{
			"from": [5.5, -0.75, 5.45],
			"to": [10.5, 2.25, 5.45],
			"rotation": {"angle": 0, "axis": "y", "origin": [8, 1.5, 8]},
			"faces": {
				"north": {"uv": [9, 9, 11.5, 10.5], "texture": "#0"},
				"east": {"uv": [3, 7, 3, 8.5], "texture": "#0"},
				"south": {"uv": [9.5, 0, 12, 1.5], "texture": "#0"},
				"west": {"uv": [6.5, 11.5, 6.5, 13], "texture": "#0"},
				"up": {"uv": [9.5, 11.5, 7, 11.5], "texture": "#0"},
				"down": {"uv": [12.5, 11.5, 10, 11.5], "texture": "#0"}
			}
		},
		{
			"from": [5.5, -0.75, 10.55],
			"to": [10.5, 2.25, 10.55],
			"rotation": {"angle": 0, "axis": "y", "origin": [8, 1.5, 8]},
			"faces": {
				"north": {"uv": [9.5, 0, 12, 1.5], "texture": "#0"},
				"east": {"uv": [6.5, 11.5, 6.5, 13], "texture": "#0"},
				"south": {"uv": [9, 9, 11.5, 10.5], "texture": "#0"},
				"west": {"uv": [3, 7, 3, 8.5], "texture": "#0"},
				"up": {"uv": [7, 11.5, 9.5, 11.5], "texture": "#0"},
				"down": {"uv": [10, 11.5, 12.5, 11.5], "texture": "#0"}
			}
		},
		{
			"from": [5, 3, 5],
			"to": [11, 3, 11],
			"rotation": {"angle": 22.5, "axis": "y", "origin": [8, 2.25, 8]},
			"faces": {
				"north": {"uv": [3, 11, 6, 11], "texture": "#0"},
				"east": {"uv": [6.5, 11, 9.5, 11], "texture": "#0"},
				"south": {"uv": [10, 11, 13, 11], "texture": "#0"},
				"west": {"uv": [3, 11.5, 6, 11.5], "texture": "#0"},
				"up": {"uv": [3, 3, 0, 0], "texture": "#0"},
				"down": {"uv": [3, 3.5, 0, 6.5], "texture": "#0"}
			}
		},
		{
			"from": [5.5, 2, 5.5],
			"to": [10.5, 5, 10.5],
			"rotation": {"angle": 0, "axis": "y", "origin": [6.5, 4, 8.5]},
			"faces": {
				"north": {"uv": [0, 7, 2.5, 8.5], "texture": "#0"},
				"east": {"uv": [0, 9, 2.5, 10.5], "texture": "#0"},
				"south": {"uv": [3, 9, 5.5, 10.5], "texture": "#0"},
				"west": {"uv": [6, 9, 8.5, 10.5], "texture": "#0"},
				"up": {"uv": [6, 8.5, 3.5, 6], "texture": "#0"},
				"down": {"uv": [9, 0, 6.5, 2.5], "texture": "#0"}
			}
		}
	],
	"gui_light": "front",
	"display": {
		"thirdperson_righthand": {
			"rotation": [64.06, 12.89, 6.19],
			"translation": [-4, 2.75, 5.5],
			"scale": [0.9, 0.9, 0.9]
		},
		"thirdperson_lefthand": {
			"rotation": [64.06, 12.89, 6.19],
			"translation": [-4, 2.75, 5.5],
			"scale": [0.9, 0.9, 0.9]
		},
		"firstperson_righthand": {
			"rotation": [4.25, 14, 0],
			"translation": [0, 7, 0]
		},
		"firstperson_lefthand": {
			"rotation": [4.25, 14, 0],
			"translation": [0, 7, 0]
		},
		"ground": {
			"translation": [0, 5.75, 0]
		},
		"gui": {
			"rotation": [-160.75, 20, -180],
			"translation": [0, 9, 0],
			"scale": [1.7, 1.7, 1.7]
		},
		"head": {
			"translation": [0, 19, 0],
			"scale": [1.6, 1.6, 1.6]
		},
		"fixed": {
			"translation": [0, 10.75, -1.75],
			"scale": [2, 2, 2]
		}
	}
}