{
	"credit": "Made with Blockbench",
	"texture_size": [128, 128],
	"textures": {
		"0": "cosmetics/butterfly_back",
		"particle": "cosmetics/butterfly_back"
	},
	"elements": [
		{
			"from": [-16, -5, 10],
			"to": [8, 30, 10],
			"rotation": {"angle": 22.5, "axis": "y", "origin": [8, 12, 10]},
			"faces": {
				"north": {"uv": [0, 0, 3, 4.375], "texture": "#0"},
				"east": {"uv": [6.25, 0, 6.25, 4.375], "texture": "#0"},
				"south": {"uv": [3.125, 0, 6.125, 4.375], "texture": "#0"},
				"west": {"uv": [6.25, 4.5, 6.25, 8.875], "texture": "#0"},
				"up": {"uv": [9.375, 0, 6.375, 0], "texture": "#0"},
				"down": {"uv": [9.375, 0.125, 6.375, 0.125], "texture": "#0"}
			}
		},
		{
			"from": [8, -5, 10],
			"to": [32, 30, 10],
			"rotation": {"angle": -22.5, "axis": "y", "origin": [8, 12, 10]},
			"faces": {
				"north": {"uv": [3, 0, 0, 4.375], "texture": "#0"},
				"east": {"uv": [6.25, 4.5, 6.25, 8.875], "texture": "#0"},
				"south": {"uv": [6.125, 0, 3.125, 4.375], "texture": "#0"},
				"west": {"uv": [6.25, 0, 6.25, 4.375], "texture": "#0"},
				"up": {"uv": [6.375, 0, 9.375, 0], "texture": "#0"},
				"down": {"uv": [6.375, 0.125, 9.375, 0.125], "texture": "#0"}
			}
		}
	],
	"gui_light": "front",
	"display": {
		"thirdperson_righthand": {
			"rotation": [79, -180, 0],
			"translation": [0, -0.75, -0.75],
			"scale": [0.34, 0.34, 0.34]
		},
		"thirdperson_lefthand": {
			"rotation": [79, -180, 0],
			"translation": [0, -0.75, -0.75],
			"scale": [0.34, 0.34, 0.34]
		},
		"firstperson_righthand": {
			"rotation": [-15.11, -33.79, -8.56],
			"translation": [0.75, 1.25, 0],
			"scale": [0.2, 0.2, 0.2]
		},
		"firstperson_lefthand": {
			"rotation": [-15.11, -33.79, -8.56],
			"translation": [0.75, 1.25, 0],
			"scale": [0.2, 0.2, 0.2]
		},
		"ground": {
			"rotation": [-21, 0, 0],
			"scale": [0.2, 0.2, 0.2]
		},
		"gui": {
			"rotation": [-6.95, -28.76, -14.29],
			"translation": [0.75, -3.25, 0],
			"scale": [0.38, 0.38, 0.38]
		},
		"head": {
			"translation": [0, -55, 0.25],
			"scale": [1.1, 1.1, 1.1]
		},
		"fixed": {
			"rotation": [0, -180, 0],
			"translation": [0, -3, 1.75],
			"scale": [0.4, 0.4, 0.4]
		}
	},
	"groups": [
		{
			"name": "butterfly_back",
			"origin": [8, 8, 8],
			"color": 0,
			"children": [0, 1]
		}
	]
}