{
	"credit": "Made with Blockbench",
	"texture_size": [64, 64],
	"textures": {
		"0": "cosmetics/chef_hat",
		"particle": "cosmetics/chef_hat"
	},
	"elements": [
		{
			"from": [3.5, 4, 3.5],
			"to": [12.5, 8, 12.5],
			"faces": {
				"north": {"uv": [6, 4, 8.25, 5], "texture": "#0"},
				"east": {"uv": [6, 5.25, 8.25, 6.25], "texture": "#0"},
				"south": {"uv": [6, 6.5, 8.25, 7.5], "texture": "#0"},
				"west": {"uv": [3, 7, 5.25, 8], "texture": "#0"},
				"up": {"uv": [5.25, 2.25, 3, 0], "texture": "#0"},
				"down": {"uv": [5.25, 2.5, 3, 4.75], "texture": "#0"}
			}
		},
		{
			"from": [2.5, 6.5, 4.5],
			"to": [13.5, 13.5, 15.5],
			"rotation": {"angle": 22.5, "axis": "x", "origin": [8, 11.5, 8]},
			"faces": {
				"north": {"uv": [3, 5, 5.75, 6.75], "texture": "#0"},
				"east": {"uv": [5.5, 0, 8.25, 1.75], "texture": "#0"},
				"south": {"uv": [5.5, 2, 8.25, 3.75], "texture": "#0"},
				"west": {"uv": [0, 6, 2.75, 7.75], "texture": "#0"},
				"up": {"uv": [2.75, 2.75, 0, 0], "texture": "#0"},
				"down": {"uv": [2.75, 3, 0, 5.75], "texture": "#0"}
			}
		}
	],
	"gui_light": "front",
	"display": {
		"thirdperson_righthand": {
			"translation": [-1.75, 0, 0],
			"scale": [0.5, 0.5, 0.5]
		},
		"thirdperson_lefthand": {
			"translation": [-1.75, 0, 0],
			"scale": [0.5, 0.5, 0.5]
		},
		"firstperson_righthand": {
			"scale": [0.8, 0.8, 0.8]
		},
		"firstperson_lefthand": {
			"scale": [0.8, 0.8, 0.8]
		},
		"ground": {
			"scale": [0.5, 0.5, 0.5]
		},
		"gui": {
			"rotation": [173.98, 20.5, 179.38],
			"translation": [0, -1.25, 0],
			"scale": [0.9, 0.9, 0.9]
		},
		"head": {
			"translation": [0, 6, 0],
			"scale": [1.61, 1.61, 1.61]
		},
		"fixed": {
			"translation": [0, 0, -2.25]
		}
	}
}