{
	"credit": "Made with Blockbench",
	"texture_size": [64, 64],
	"textures": {
		"2": "cosmetics/circular_shield"
	},
	"elements": [
		{
			"from": [8.5, 9, 7],
			"to": [9.5, 11, 9],
			"rotation": {"angle": 45, "axis": "x", "origin": [8.75, 10, 8]},
			"faces": {
				"north": {"uv": [5, 10.25, 5.25, 10.75], "texture": "#2"},
				"east": {"uv": [7.75, 9.25, 8.25, 9.75], "texture": "#2"},
				"south": {"uv": [7.25, 10.25, 7.5, 10.75], "texture": "#2"},
				"west": {"uv": [8.5, 9.25, 9, 9.75], "texture": "#2"},
				"up": {"uv": [10, 10.75, 9.75, 10.25], "texture": "#2"},
				"down": {"uv": [10.5, 10.25, 10.25, 10.75], "texture": "#2"}
			}
		},
		{
			"from": [7.5, 2, 4],
			"to": [8.5, 18, 12],
			"faces": {
				"north": {"uv": [3, 7, 3.25, 11], "texture": "#2"},
				"east": {"uv": [3.5, 0, 5.5, 4], "texture": "#2"},
				"south": {"uv": [5.75, 8, 6, 12], "texture": "#2"},
				"west": {"uv": [3.5, 4.25, 5.5, 8.25], "texture": "#2"},
				"up": {"uv": [7.5, 10, 7.25, 8], "texture": "#2"},
				"down": {"uv": [3.75, 8.5, 3.5, 10.5], "texture": "#2"}
			}
		},
		{
			"from": [7.55, 11.36396, 10.3934],
			"to": [8.45, 17.01396, 13.3934],
			"rotation": {"angle": 45, "axis": "x", "origin": [-0.05, 8.36396, 1.3934]},
			"faces": {
				"north": {"uv": [5, 8.5, 5.25, 10], "texture": "#2"},
				"east": {"uv": [5.75, 4.5, 6.5, 6], "texture": "#2"},
				"south": {"uv": [0, 8.75, 0.25, 10.25], "texture": "#2"},
				"west": {"uv": [5.75, 6.25, 6.5, 7.75], "texture": "#2"},
				"up": {"uv": [10.25, 3.25, 10, 2.5], "texture": "#2"},
				"down": {"uv": [10.25, 3.5, 10, 4.25], "texture": "#2"}
			}
		},
		{
			"from": [7.55, 11.64086, 1.31891],
			"to": [8.45, 17.31586, 4.31891],
			"rotation": {"angle": -45, "axis": "x", "origin": [0.025, 10.06586, 14.31891]},
			"faces": {
				"north": {"uv": [0.5, 8.75, 0.75, 10.25], "texture": "#2"},
				"east": {"uv": [6.75, 4.5, 7.5, 6], "texture": "#2"},
				"south": {"uv": [1, 8.75, 1.25, 10.25], "texture": "#2"},
				"west": {"uv": [6.75, 6.25, 7.5, 7.75], "texture": "#2"},
				"up": {"uv": [10.25, 7.5, 10, 6.75], "texture": "#2"},
				"down": {"uv": [8, 10, 7.75, 10.75], "texture": "#2"}
			}
		},
		{
			"from": [7.55, 3.39124, 11.38819],
			"to": [8.45, 9.01624, 14.38819],
			"rotation": {"angle": -45, "axis": "x", "origin": [0.025, 10.64124, 2.38819]},
			"faces": {
				"north": {"uv": [2.5, 8.75, 2.75, 10.25], "texture": "#2"},
				"east": {"uv": [2, 7, 2.75, 8.5], "texture": "#2"},
				"south": {"uv": [8.75, 4.5, 9, 6], "texture": "#2"},
				"west": {"uv": [7.75, 4.5, 8.5, 6], "texture": "#2"},
				"up": {"uv": [9, 10.75, 8.75, 10], "texture": "#2"},
				"down": {"uv": [10.5, 4.5, 10.25, 5.25], "texture": "#2"}
			}
		},
		{
			"from": [7.55, 3.39124, 1.61181],
			"to": [8.45, 9.04124, 4.61181],
			"rotation": {"angle": 45, "axis": "x", "origin": [0.025, 10.64124, 13.61181]},
			"faces": {
				"north": {"uv": [1.5, 8.75, 1.75, 10.25], "texture": "#2"},
				"east": {"uv": [0, 7, 0.75, 8.5], "texture": "#2"},
				"south": {"uv": [2, 8.75, 2.25, 10.25], "texture": "#2"},
				"west": {"uv": [1, 7, 1.75, 8.5], "texture": "#2"},
				"up": {"uv": [10.25, 8.5, 10, 7.75], "texture": "#2"},
				"down": {"uv": [8.5, 10, 8.25, 10.75], "texture": "#2"}
			}
		},
		{
			"from": [7.525, 6, 0],
			"to": [8.475, 14, 16],
			"faces": {
				"north": {"uv": [4, 8.5, 4.25, 10.5], "texture": "#2"},
				"east": {"uv": [5.75, 0, 9.75, 2], "texture": "#2"},
				"south": {"uv": [4.5, 8.5, 4.75, 10.5], "texture": "#2"},
				"west": {"uv": [5.75, 2.25, 9.75, 4.25], "texture": "#2"},
				"up": {"uv": [6.5, 12, 6.25, 8], "texture": "#2"},
				"down": {"uv": [7, 8, 6.75, 12], "texture": "#2"}
			}
		},
		{
			"from": [8, 8, 6],
			"to": [9, 12, 10],
			"rotation": {"angle": 45, "axis": "x", "origin": [8.75, 10, 8]},
			"faces": {
				"north": {"uv": [9.25, 9.25, 9.5, 10.25], "texture": "#2"},
				"east": {"uv": [7.75, 6.25, 8.75, 7.25], "texture": "#2"},
				"south": {"uv": [9.5, 6.75, 9.75, 7.75], "texture": "#2"},
				"west": {"uv": [7.75, 7.5, 8.75, 8.5], "texture": "#2"},
				"up": {"uv": [9.75, 9, 9.5, 8], "texture": "#2"},
				"down": {"uv": [10, 4.5, 9.75, 5.5], "texture": "#2"}
			}
		},
		{
			"from": [2.5, 9, 5],
			"to": [3.5, 10, 11],
			"faces": {
				"north": {"uv": [10, 8.75, 10.25, 9], "texture": "#2"},
				"east": {"uv": [7.75, 8.75, 9.25, 9], "texture": "#2"},
				"south": {"uv": [0, 10.5, 0.25, 10.75], "texture": "#2"},
				"west": {"uv": [9, 6.25, 10.5, 6.5], "texture": "#2"},
				"up": {"uv": [9.25, 8.25, 9, 6.75], "texture": "#2"},
				"down": {"uv": [9.5, 4.5, 9.25, 6], "texture": "#2"}
			}
		},
		{
			"from": [3.5, 9, 5],
			"to": [7.5, 10, 6],
			"faces": {
				"north": {"uv": [9.75, 5.75, 10.75, 6], "texture": "#2"},
				"east": {"uv": [0.5, 10.5, 0.75, 10.75], "texture": "#2"},
				"south": {"uv": [9.75, 9.25, 10.75, 9.5], "texture": "#2"},
				"west": {"uv": [1, 10.5, 1.25, 10.75], "texture": "#2"},
				"up": {"uv": [10.75, 10, 9.75, 9.75], "texture": "#2"},
				"down": {"uv": [11, 0, 10, 0.25], "texture": "#2"}
			}
		},
		{
			"from": [3.5, 9, 10],
			"to": [7.5, 10, 11],
			"faces": {
				"north": {"uv": [10, 0.5, 11, 0.75], "texture": "#2"},
				"east": {"uv": [1.5, 10.5, 1.75, 10.75], "texture": "#2"},
				"south": {"uv": [10, 1, 11, 1.25], "texture": "#2"},
				"west": {"uv": [2, 10.5, 2.25, 10.75], "texture": "#2"},
				"up": {"uv": [11, 1.75, 10, 1.5], "texture": "#2"},
				"down": {"uv": [11, 2, 10, 2.25], "texture": "#2"}
			}
		},
		{
			"from": [8.75, 3.5, 1.5],
			"to": [8.75, 16.5, 14.5],
			"faces": {
				"north": {"uv": [5.5, 8.5, 5.5, 11.75], "texture": "#2"},
				"east": {"uv": [0, 0, 3.25, 3.25], "texture": "#2"},
				"south": {"uv": [2.5, 10.5, 2.5, 13.75], "texture": "#2"},
				"west": {"uv": [0, 3.5, 3.25, 6.75], "texture": "#2"},
				"up": {"uv": [2.75, 13.75, 2.75, 10.5], "texture": "#2"},
				"down": {"uv": [9.25, 10.5, 9.25, 13.75], "texture": "#2"}
			}
		}
	],
	"gui_light": "front",
	"display": {
		"thirdperson_righthand": {
			"rotation": [90, 0, 0],
			"translation": [2.5, -2, 0.75]
		},
		"thirdperson_lefthand": {
			"rotation": [90, -180, 0],
			"translation": [2.5, -2, 0.75]
		},
		"firstperson_righthand": {
			"rotation": [15.7, 25.63, 15.15],
			"translation": [0.75, -2.5, 0],
			"scale": [0.8, 0.8, 0.8]
		},
		"firstperson_lefthand": {
			"rotation": [-172.75, -37.44, 164.16],
			"translation": [0, -2, 0],
			"scale": [0.8, 0.8, 0.8]
		},
		"ground": {
			"scale": [0.5, 0.5, 0.5]
		},
		"gui": {
			"rotation": [-162.25, -68.5, 180],
			"translation": [0, -1.75, 0],
			"scale": [0.9, 0.9, 0.9]
		},
		"head": {
			"rotation": [0, -90, 0],
			"translation": [0, -49.25, 7.75],
			"scale": [1.65, 1.65, 1.65]
		},
		"fixed": {
			"rotation": [0, 90, 0],
			"translation": [0, -2.25, -1]
		}
	}
}