{
	"credit": "Made with Blockbench",
	"texture_size": [32, 32],
	"textures": {
		"0": "cosmetics/controller",
		"particle": "cosmetics/controller"
	},
	"elements": [
		{
			"from": [5, 0, 7],
			"to": [11, 4, 9],
			"faces": {
				"north": {"uv": [0, 0, 3, 2], "texture": "#0"},
				"east": {"uv": [7, 0, 8, 2], "texture": "#0"},
				"south": {"uv": [0, 2.5, 3, 4.5], "texture": "#0"},
				"west": {"uv": [7.5, 6, 8.5, 8], "texture": "#0"},
				"up": {"uv": [6.5, 1, 3.5, 0], "texture": "#0"},
				"down": {"uv": [6.5, 1.5, 3.5, 2.5], "texture": "#0"}
			}
		},
		{
			"from": [9.5, 0.5, 6.5],
			"to": [10.5, 1.5, 7.5],
			"faces": {
				"north": {"uv": [2, 9.5, 2.5, 10], "texture": "#0"},
				"east": {"uv": [9.5, 2, 10, 2.5], "texture": "#0"},
				"south": {"uv": [9.5, 3, 10, 3.5], "texture": "#0"},
				"west": {"uv": [9.5, 4, 10, 4.5], "texture": "#0"},
				"up": {"uv": [8, 10, 7.5, 9.5], "texture": "#0"},
				"down": {"uv": [9, 9.5, 8.5, 10], "texture": "#0"}
			}
		},
		{
			"from": [5.5, 0.5, 6.5],
			"to": [6.5, 1.5, 7.5],
			"rotation": {"angle": 0, "axis": "y", "origin": [16, 0, 0]},
			"faces": {
				"north": {"uv": [9.5, 9.5, 10, 10], "texture": "#0"},
				"east": {"uv": [10, 0, 10.5, 0.5], "texture": "#0"},
				"south": {"uv": [10, 1, 10.5, 1.5], "texture": "#0"},
				"west": {"uv": [3, 10, 3.5, 10.5], "texture": "#0"},
				"up": {"uv": [4.5, 10.5, 4, 10], "texture": "#0"},
				"down": {"uv": [5.5, 10, 5, 10.5], "texture": "#0"}
			}
		},
		{
			"from": [9.75, 3.75, 7.5],
			"to": [11.75, 4.75, 8.5],
			"rotation": {"angle": -22.5, "axis": "z", "origin": [10, 4.5, 8]},
			"faces": {
				"north": {"uv": [8.5, 0, 9.5, 0.5], "texture": "#0"},
				"east": {"uv": [9, 7.5, 9.5, 8], "texture": "#0"},
				"south": {"uv": [8.5, 1, 9.5, 1.5], "texture": "#0"},
				"west": {"uv": [9, 8.5, 9.5, 9], "texture": "#0"},
				"up": {"uv": [8.5, 9, 7.5, 8.5], "texture": "#0"},
				"down": {"uv": [4, 9, 3, 9.5], "texture": "#0"}
			}
		},
		{
			"from": [4.25, 3.75, 7.5],
			"to": [6.25, 4.75, 8.5],
			"rotation": {"angle": 22.5, "axis": "z", "origin": [6, 4.5, 8]},
			"faces": {
				"north": {"uv": [4.5, 9, 5.5, 9.5], "texture": "#0"},
				"east": {"uv": [0, 9.5, 0.5, 10], "texture": "#0"},
				"south": {"uv": [9, 5.5, 10, 6], "texture": "#0"},
				"west": {"uv": [1, 9.5, 1.5, 10], "texture": "#0"},
				"up": {"uv": [7, 9.5, 6, 9], "texture": "#0"},
				"down": {"uv": [10, 6.5, 9, 7], "texture": "#0"}
			}
		},
		{
			"from": [9.99373, -1.99581, 7.025],
			"to": [11.99373, 3.00419, 8.975],
			"rotation": {"angle": 22.5, "axis": "z", "origin": [8.99373, 1.00419, 8]},
			"faces": {
				"north": {"uv": [3.5, 3, 4.5, 5.5], "texture": "#0"},
				"east": {"uv": [0, 5, 1, 7.5], "texture": "#0"},
				"south": {"uv": [1.5, 5, 2.5, 7.5], "texture": "#0"},
				"west": {"uv": [5, 3, 6, 5.5], "texture": "#0"},
				"up": {"uv": [1, 9, 0, 8], "texture": "#0"},
				"down": {"uv": [2.5, 8, 1.5, 9], "texture": "#0"}
			}
		},
		{
			"from": [4.00627, -1.99581, 7.025],
			"to": [6.00627, 3.00419, 8.975],
			"rotation": {"angle": -22.5, "axis": "z", "origin": [7.00627, 1.00419, 8]},
			"faces": {
				"north": {"uv": [3, 6, 4, 8.5], "texture": "#0"},
				"east": {"uv": [4.5, 6, 5.5, 8.5], "texture": "#0"},
				"south": {"uv": [6, 6, 7, 8.5], "texture": "#0"},
				"west": {"uv": [6.5, 3, 7.5, 5.5], "texture": "#0"},
				"up": {"uv": [9, 3.5, 8, 2.5], "texture": "#0"},
				"down": {"uv": [9, 4, 8, 5], "texture": "#0"}
			}
		}
	],
	"gui_light": "front",
	"display": {
		"thirdperson_righthand": {
			"rotation": [-178.3, 3.62, -178.46],
			"translation": [-4.25, 6.75, 1.5]
		},
		"thirdperson_lefthand": {
			"rotation": [-178.3, 3.62, -178.46],
			"translation": [-4.25, 6.75, 1.5]
		},
		"firstperson_righthand": {
			"rotation": [174.74, 27.55, -168.72],
			"translation": [-2.5, 8.25, 0]
		},
		"firstperson_lefthand": {
			"rotation": [174.74, 27.55, -168.72],
			"translation": [-2.5, 8.25, 0]
		},
		"ground": {
			"translation": [0, 5.5, 0]
		},
		"gui": {
			"rotation": [-163.75, 28, -180],
			"translation": [0, 9, 0],
			"scale": [1.6, 1.6, 1.6]
		},
		"head": {
			"translation": [0, 14, -6.5],
			"scale": [1.6, 1.6, 1.6]
		},
		"fixed": {
			"translation": [0, 11.75, -1.5],
			"scale": [1.8, 1.8, 1.8]
		}
	}
}