{
	"credit": "Made with Blockbench",
	"texture_size": [64, 64],
	"textures": {
		"0": "cosmetics/darksaber",
		"particle": "cosmetics/darksaber"
	},
	"elements": [
		{
			"from": [7, 0, 6],
			"to": [9, 7, 9],
			"rotation": {"angle": 0, "axis": "y", "origin": [8, 3, 7.5]},
			"faces": {
				"north": {"uv": [5.5, 5.5, 6, 7.25], "texture": "#0"},
				"east": {"uv": [5.5, 0, 6.25, 1.75], "texture": "#0"},
				"south": {"uv": [0, 5.75, 0.5, 7.5], "texture": "#0"},
				"west": {"uv": [5.5, 2, 6.25, 3.75], "texture": "#0"},
				"up": {"uv": [1.25, 6.5, 0.75, 5.75], "texture": "#0"},
				"down": {"uv": [2, 5.75, 1.5, 6.5], "texture": "#0"}
			}
		},
		{
			"from": [7, -1, 6.25],
			"to": [9, 0, 8.25],
			"rotation": {"angle": 0, "axis": "y", "origin": [8, 3, 7.5]},
			"faces": {
				"north": {"uv": [5, 7.5, 5.5, 7.75], "texture": "#0"},
				"east": {"uv": [7.5, 5, 8, 5.25], "texture": "#0"},
				"south": {"uv": [7.25, 7.5, 7.75, 7.75], "texture": "#0"},
				"west": {"uv": [0, 7.75, 0.5, 8], "texture": "#0"},
				"up": {"uv": [5, 7.25, 4.5, 6.75], "texture": "#0"},
				"down": {"uv": [4, 7, 3.5, 7.5], "texture": "#0"}
			}
		},
		{
			"from": [6.975, 6.61628, 7.32089],
			"to": [9.025, 7.61628, 10.07089],
			"rotation": {"angle": -22.5, "axis": "x", "origin": [8, 4.11628, 8.57089]},
			"faces": {
				"north": {"uv": [4.25, 7.5, 4.75, 7.75], "texture": "#0"},
				"east": {"uv": [7.25, 0, 8, 0.25], "texture": "#0"},
				"south": {"uv": [7.5, 4.5, 8, 4.75], "texture": "#0"},
				"west": {"uv": [7.25, 0.5, 8, 0.75], "texture": "#0"},
				"up": {"uv": [5, 6.5, 4.5, 5.75], "texture": "#0"},
				"down": {"uv": [6.75, 5.5, 6.25, 6.25], "texture": "#0"}
			}
		},
		{
			"from": [6.5, 3.94657, 5.0391],
			"to": [9.5, 4.94657, 10.0391],
			"rotation": {"angle": 22.5, "axis": "x", "origin": [8, 4.44657, 7.0391]},
			"faces": {
				"north": {"uv": [7, 5.5, 7.75, 5.75], "texture": "#0"},
				"east": {"uv": [6.25, 6.5, 7.5, 6.75], "texture": "#0"},
				"south": {"uv": [7, 6, 7.75, 6.25], "texture": "#0"},
				"west": {"uv": [0.75, 6.75, 2, 7], "texture": "#0"},
				"up": {"uv": [4.25, 6.75, 3.5, 5.5], "texture": "#0"},
				"down": {"uv": [6.25, 4, 5.5, 5.25], "texture": "#0"}
			}
		},
		{
			"from": [6.525, 4.75, 5],
			"to": [9.475, 6.75, 6],
			"rotation": {"angle": 0, "axis": "x", "origin": [8, 5.25, 7]},
			"faces": {
				"north": {"uv": [6.5, 4, 7.25, 4.5], "texture": "#0"},
				"east": {"uv": [7.75, 3.25, 8, 3.75], "texture": "#0"},
				"south": {"uv": [6.5, 4.75, 7.25, 5.25], "texture": "#0"},
				"west": {"uv": [3.5, 7.75, 3.75, 8.25], "texture": "#0"},
				"up": {"uv": [8, 7.25, 7.25, 7], "texture": "#0"},
				"down": {"uv": [8.25, 4, 7.5, 4.25], "texture": "#0"}
			}
		},
		{
			"from": [7.5, 7, 6.5],
			"to": [8.5, 28, 9.5],
			"rotation": {"angle": 0, "axis": "y", "origin": [8, 3, 7.5]},
			"faces": {
				"north": {"uv": [2.5, 5.5, 2.75, 10.75], "texture": "#0"},
				"east": {"uv": [2.5, 0, 3.25, 5.25], "texture": "#0"},
				"south": {"uv": [3, 5.5, 3.25, 10.75], "texture": "#0"},
				"west": {"uv": [3.5, 0, 4.25, 5.25], "texture": "#0"},
				"up": {"uv": [1, 8, 0.75, 7.25], "texture": "#0"},
				"down": {"uv": [7.5, 1, 7.25, 1.75], "texture": "#0"}
			}
		},
		{
			"from": [7.5, 28, 6.5],
			"to": [8.5, 31, 8.5],
			"rotation": {"angle": 0, "axis": "y", "origin": [8, 3, 7.5]},
			"faces": {
				"north": {"uv": [1.25, 7.25, 1.5, 8], "texture": "#0"},
				"east": {"uv": [6.5, 0, 7, 0.75], "texture": "#0"},
				"south": {"uv": [1.75, 7.25, 2, 8], "texture": "#0"},
				"west": {"uv": [6.5, 1, 7, 1.75], "texture": "#0"},
				"up": {"uv": [6, 8, 5.75, 7.5], "texture": "#0"},
				"down": {"uv": [8, 1, 7.75, 1.5], "texture": "#0"}
			}
		},
		{
			"from": [8.57, 28.525, 9.96],
			"to": [7.43, 6.585, 6.14],
			"rotation": {"angle": 0, "axis": "y", "origin": [8, -19.95, 7.145]},
			"faces": {
				"north": {"uv": [4.5, 0, 4.75, 5.5], "texture": "#0"},
				"east": {"uv": [0, 0, 1, 5.5], "texture": "#0"},
				"south": {"uv": [5, 0, 5.25, 5.5], "texture": "#0"},
				"west": {"uv": [1.25, 0, 2.25, 5.5], "texture": "#0"},
				"up": {"uv": [6.5, 8, 6.25, 7], "texture": "#0"},
				"down": {"uv": [7, 7, 6.75, 8], "texture": "#0"}
			}
		},
		{
			"from": [8.57, 31.32, 8.72],
			"to": [7.43, 28.1, 6.34],
			"rotation": {"angle": 0, "axis": "y", "origin": [8, -19.9, 7.02]},
			"faces": {
				"north": {"uv": [7.25, 2, 7.5, 2.75], "texture": "#0"},
				"east": {"uv": [6.5, 2, 7, 2.75], "texture": "#0"},
				"south": {"uv": [7.25, 3, 7.5, 3.75], "texture": "#0"},
				"west": {"uv": [6.5, 3, 7, 3.75], "texture": "#0"},
				"up": {"uv": [8, 2.25, 7.75, 1.75], "texture": "#0"},
				"down": {"uv": [8, 2.5, 7.75, 3], "texture": "#0"}
			}
		}
	],
	"gui_light": "front",
	"display": {
		"thirdperson_righthand": {
			"rotation": [0, -180, 0],
			"translation": [0, 3.5, 1.5]
		},
		"thirdperson_lefthand": {
			"rotation": [0, -180, 0],
			"translation": [0, 3.5, 1.5]
		},
		"firstperson_righthand": {
			"rotation": [0, -180, 0],
			"translation": [0, 1.25, 0],
			"scale": [0.6, 0.6, 0.6]
		},
		"firstperson_lefthand": {
			"rotation": [0, -180, 0],
			"translation": [0, 1.25, 0],
			"scale": [0.6, 0.6, 0.6]
		},
		"ground": {
			"rotation": [45, 0, 0],
			"scale": [0.4, 0.4, 0.4]
		},
		"gui": {
			"rotation": [118.96, -46.45, 111.82],
			"translation": [2.75, -3.5, 0],
			"scale": [0.6, 0.6, 0.6]
		},
		"head": {
			"rotation": [106, 0, 0],
			"translation": [-7.75, -24.75, 2.75],
			"scale": [1.5, 1.5, 1.5]
		},
		"fixed": {
			"rotation": [89.69, -44.49, 89.81],
			"translation": [3.5, -3.75, -0.5],
			"scale": [0.7, 0.7, 0.7]
		}
	},
	"groups": [
		0,
		1,
		2,
		3,
		4,
		{
			"name": "group",
			"origin": [8, 3, 7.5],
			"color": 0,
			"children": [5, 6]
		},
		{
			"name": "outline",
			"origin": [8, 3, 7.5],
			"color": 0,
			"children": [7, 8]
		}
	]
}