{
	"credit": "Made with Blockbench",
	"texture_size": [128, 128],
	"textures": {
		"0": "cosmetics/dwarf_hammer",
		"particle": "cosmetics/dwarf_hammer"
	},
	"elements": [
		{
			"from": [7, 0, 7],
			"to": [9, 32, 9],
			"faces": {
				"north": {"uv": [3.75, 4.875, 4, 8.875], "texture": "#0"},
				"east": {"uv": [4.125, 4.875, 4.375, 8.875], "texture": "#0"},
				"south": {"uv": [4.5, 5, 4.75, 9], "texture": "#0"},
				"west": {"uv": [4.875, 5, 5.125, 9], "texture": "#0"},
				"up": {"uv": [7.5, 1.125, 7.25, 0.875], "texture": "#0"},
				"down": {"uv": [7.5, 3.5, 7.25, 3.75], "texture": "#0"}
			}
		},
		{
			"from": [5, 25, 5],
			"to": [11, 31, 11],
			"faces": {
				"north": {"uv": [6.5, 3.875, 7.25, 4.625], "texture": "#0"},
				"east": {"uv": [7, 4.75, 7.75, 5.5], "texture": "#0"},
				"south": {"uv": [7, 5.625, 7.75, 6.375], "texture": "#0"},
				"west": {"uv": [7, 6.5, 7.75, 7.25], "texture": "#0"},
				"up": {"uv": [8, 0.75, 7.25, 0], "texture": "#0"},
				"down": {"uv": [3.375, 7.25, 2.625, 8], "texture": "#0"}
			}
		},
		{
			"from": [5.5, 25.5, 4],
			"to": [10.5, 30.5, 12],
			"faces": {
				"north": {"uv": [7.25, 2.75, 7.875, 3.375], "texture": "#0"},
				"east": {"uv": [6.5, 1.25, 7.5, 1.875], "texture": "#0"},
				"south": {"uv": [6, 7.25, 6.625, 7.875], "texture": "#0"},
				"west": {"uv": [6.5, 2, 7.5, 2.625], "texture": "#0"},
				"up": {"uv": [5.875, 7.25, 5.25, 6.25], "texture": "#0"},
				"down": {"uv": [7.125, 2.75, 6.5, 3.75], "texture": "#0"}
			}
		},
		{
			"from": [5, 23, 12],
			"to": [11, 32, 20],
			"faces": {
				"north": {"uv": [5.25, 5, 6, 6.125], "texture": "#0"},
				"east": {"uv": [4.5, 1.25, 5.5, 2.375], "texture": "#0"},
				"south": {"uv": [5.625, 1.25, 6.375, 2.375], "texture": "#0"},
				"west": {"uv": [4.5, 2.5, 5.5, 3.625], "texture": "#0"},
				"up": {"uv": [3.375, 4.75, 2.625, 3.75], "texture": "#0"},
				"down": {"uv": [3.375, 6.125, 2.625, 7.125], "texture": "#0"}
			}
		},
		{
			"from": [5, 23, -4],
			"to": [11, 32, 4],
			"rotation": {"angle": 0, "axis": "y", "origin": [0, 0, 16]},
			"faces": {
				"north": {"uv": [6.375, 1.25, 5.625, 2.375], "texture": "#0"},
				"east": {"uv": [5.5, 1.25, 4.5, 2.375], "texture": "#0"},
				"south": {"uv": [6, 5, 5.25, 6.125], "texture": "#0"},
				"west": {"uv": [5.5, 2.5, 4.5, 3.625], "texture": "#0"},
				"up": {"uv": [3.375, 3.75, 2.625, 4.75], "texture": "#0"},
				"down": {"uv": [3.375, 7.125, 2.625, 6.125], "texture": "#0"}
			}
		},
		{
			"name": "flat",
			"from": [5, 23, -6],
			"to": [11, 23, 22],
			"rotation": {"angle": 0, "axis": "y", "origin": [16, 0, 0]},
			"faces": {
				"north": {"uv": [7.375, 4.125, 8.125, 4.125], "texture": "#0"},
				"east": {"uv": [7.375, 4.25, 10.875, 4.25], "texture": "#0"},
				"south": {"uv": [7.375, 4.375, 8.125, 4.375], "texture": "#0"},
				"west": {"uv": [7.375, 4.5, 10.875, 4.5], "texture": "#0"},
				"up": {"uv": [1.625, 7.25, 0.875, 3.75], "texture": "#0"},
				"down": {"uv": [2.5, 3.75, 1.75, 7.25], "texture": "#0"}
			}
		},
		{
			"name": "flat",
			"from": [5, 32, -6],
			"to": [11, 32, 22],
			"rotation": {"angle": 0, "axis": "y", "origin": [16, 0, 0]},
			"faces": {
				"north": {"uv": [0.5, 7.375, 1.25, 7.375], "texture": "#0"},
				"east": {"uv": [7.375, 3.875, 10.875, 3.875], "texture": "#0"},
				"south": {"uv": [1.375, 7.375, 2.125, 7.375], "texture": "#0"},
				"west": {"uv": [7.375, 4, 10.875, 4], "texture": "#0"},
				"up": {"uv": [4.375, 4.75, 3.625, 1.25], "texture": "#0"},
				"down": {"uv": [0.75, 3.75, 0, 7.25], "texture": "#0"}
			}
		},
		{
			"name": "flat",
			"from": [11, 23, -6],
			"to": [11, 32, 22],
			"rotation": {"angle": 0, "axis": "y", "origin": [16, 0, 0]},
			"faces": {
				"north": {"uv": [0, 7.375, 0, 8.5], "texture": "#0"},
				"east": {"uv": [0, 2.5, 3.5, 3.625], "texture": "#0"},
				"south": {"uv": [0.125, 7.375, 0.125, 8.5], "texture": "#0"},
				"west": {"uv": [3.625, 0, 7.125, 1.125], "texture": "#0"},
				"up": {"uv": [0.25, 10.875, 0.25, 7.375], "texture": "#0"},
				"down": {"uv": [0.375, 7.375, 0.375, 10.875], "texture": "#0"}
			}
		},
		{
			"name": "flat",
			"from": [5, 23, -6],
			"to": [5, 32, 22],
			"faces": {
				"north": {"uv": [3.5, 6.125, 3.5, 7.25], "texture": "#0"},
				"east": {"uv": [0, 0, 3.5, 1.125], "texture": "#0"},
				"south": {"uv": [3.625, 6.125, 3.625, 7.25], "texture": "#0"},
				"west": {"uv": [0, 1.25, 3.5, 2.375], "texture": "#0"},
				"up": {"uv": [6.75, 10.75, 6.75, 7.25], "texture": "#0"},
				"down": {"uv": [6.875, 7.25, 6.875, 10.75], "texture": "#0"}
			}
		}
	],
	"gui_light": "front",
	"display": {
		"thirdperson_righthand": {
			"translation": [0, -1.5, 1.75],
			"scale": [0.8, 0.8, 0.8]
		},
		"thirdperson_lefthand": {
			"translation": [0, -1.5, 1.75],
			"scale": [0.8, 0.8, 0.8]
		},
		"firstperson_righthand": {
			"translation": [0, -1.75, -0.25],
			"scale": [0.5, 0.5, 0.5]
		},
		"firstperson_lefthand": {
			"translation": [0, -1.75, -0.25],
			"scale": [0.5, 0.5, 0.5]
		},
		"ground": {
			"rotation": [45, 0, 0],
			"scale": [0.3, 0.3, 0.3]
		},
		"gui": {
			"rotation": [-134.37, -32.84, -132.63],
			"translation": [-3.75, -4.5, 0],
			"scale": [0.45, 0.45, 0.45]
		},
		"fixed": {
			"rotation": [90, -42.5, 90],
			"translation": [4.75, -4.5, 0],
			"scale": [0.5, 0.5, 0.5]
		}
	},
	"groups": [
		0,
		1,
		2,
		3,
		4,
		{
			"name": "group",
			"origin": [0, 0, 0],
			"color": 0,
			"children": [5, 6, 7, 8]
		}
	]
}