{
	"credit": "Made with Blockbench",
	"texture_size": [64, 64],
	"textures": {
		"1": "cosmetics/eagle_wings"
	},
	"elements": [
		{
			"from": [7.99962, 7, 7.99908],
			"to": [31.99962, 26, 7.99908],
			"rotation": {"angle": 0, "axis": "y", "origin": [19.80693, 14.5, 12.99908]},
			"faces": {
				"north": {"uv": [0, 0, 6, 4.75], "texture": "#1"},
				"east": {"uv": [6.25, 9, 6.25, 13.75], "texture": "#1"},
				"south": {"uv": [0, 5, 6, 9.75], "texture": "#1"},
				"west": {"uv": [6.5, 9, 6.5, 13.75], "texture": "#1"},
				"up": {"uv": [15, 0, 9, 0], "texture": "#1"},
				"down": {"uv": [15, 0.25, 9, 0.25], "texture": "#1"}
			}
		},
		{
			"from": [8, 19.75, 7],
			"to": [18, 21.75, 9],
			"rotation": {"angle": 22.5, "axis": "z", "origin": [8, 20, 8]},
			"faces": {
				"north": {"uv": [6.25, 0, 8.75, 0.5], "texture": "#1"},
				"east": {"uv": [8.25, 7, 8.75, 7.5], "texture": "#1"},
				"south": {"uv": [6.25, 0.75, 8.75, 1.25], "texture": "#1"},
				"west": {"uv": [8.25, 7.75, 8.75, 8.25], "texture": "#1"},
				"up": {"uv": [8.75, 2, 6.25, 1.5], "texture": "#1"},
				"down": {"uv": [8.75, 2.25, 6.25, 2.75], "texture": "#1"}
			}
		},
		{
			"from": [10, 26.75, 7.5],
			"to": [21, 27.75, 8.5],
			"rotation": {"angle": -45, "axis": "z", "origin": [8, 20, 8]},
			"faces": {
				"north": {"uv": [6.25, 5, 9, 5.25], "texture": "#1"},
				"east": {"uv": [6.25, 8.5, 6.5, 8.75], "texture": "#1"},
				"south": {"uv": [6.25, 5.5, 9, 5.75], "texture": "#1"},
				"west": {"uv": [6.75, 8.5, 7, 8.75], "texture": "#1"},
				"up": {"uv": [9, 6.25, 6.25, 6], "texture": "#1"},
				"down": {"uv": [9, 6.5, 6.25, 6.75], "texture": "#1"}
			}
		},
		{
			"from": [13.75554, 25.79892, 7.5],
			"to": [29, 26.79892, 8.5],
			"rotation": {"angle": -22.5, "axis": "z", "origin": [11.75554, 19.04892, 7.5]},
			"faces": {
				"north": {"uv": [6.25, 3, 10, 3.25], "texture": "#1"},
				"east": {"uv": [7.25, 8.5, 7.5, 8.75], "texture": "#1"},
				"south": {"uv": [6.25, 3.5, 10, 3.75], "texture": "#1"},
				"west": {"uv": [7.75, 8.5, 8, 8.75], "texture": "#1"},
				"up": {"uv": [10, 4.25, 6.25, 4], "texture": "#1"},
				"down": {"uv": [10, 4.5, 6.25, 4.75], "texture": "#1"}
			}
		},
		{
			"from": [11.75, 15, 7.5],
			"to": [12.75, 20, 8.5],
			"rotation": {"angle": 22.5, "axis": "z", "origin": [8, 20, 8]},
			"faces": {
				"north": {"uv": [6.25, 7, 6.5, 8.25], "texture": "#1"},
				"east": {"uv": [6.75, 7, 7, 8.25], "texture": "#1"},
				"south": {"uv": [7.25, 7, 7.5, 8.25], "texture": "#1"},
				"west": {"uv": [7.75, 7, 8, 8.25], "texture": "#1"},
				"up": {"uv": [8.5, 8.75, 8.25, 8.5], "texture": "#1"},
				"down": {"uv": [9, 8.5, 8.75, 8.75], "texture": "#1"}
			}
		},
		{
			"from": [-15.99962, 7, 7.99908],
			"to": [8.00038, 26, 7.99908],
			"rotation": {"angle": 0, "axis": "y", "origin": [-3.80693, 14.5, 12.99908]},
			"faces": {
				"north": {"uv": [6, 0, 0, 4.75], "texture": "#1"},
				"east": {"uv": [6.5, 9, 6.5, 13.75], "texture": "#1"},
				"south": {"uv": [6, 5, 0, 9.75], "texture": "#1"},
				"west": {"uv": [6.25, 9, 6.25, 13.75], "texture": "#1"},
				"up": {"uv": [9, 0, 15, 0], "texture": "#1"},
				"down": {"uv": [9, 0.25, 15, 0.25], "texture": "#1"}
			}
		},
		{
			"from": [-2, 19.75, 7],
			"to": [8, 21.75, 9],
			"rotation": {"angle": -22.5, "axis": "z", "origin": [8, 20, 8]},
			"faces": {
				"north": {"uv": [8.75, 0, 6.25, 0.5], "texture": "#1"},
				"east": {"uv": [8.75, 7.75, 8.25, 8.25], "texture": "#1"},
				"south": {"uv": [8.75, 0.75, 6.25, 1.25], "texture": "#1"},
				"west": {"uv": [8.75, 7, 8.25, 7.5], "texture": "#1"},
				"up": {"uv": [6.25, 2, 8.75, 1.5], "texture": "#1"},
				"down": {"uv": [6.25, 2.25, 8.75, 2.75], "texture": "#1"}
			}
		},
		{
			"from": [-5, 26.75, 7.5],
			"to": [6, 27.75, 8.5],
			"rotation": {"angle": 45, "axis": "z", "origin": [8, 20, 8]},
			"faces": {
				"north": {"uv": [9, 5, 6.25, 5.25], "texture": "#1"},
				"east": {"uv": [7, 8.5, 6.75, 8.75], "texture": "#1"},
				"south": {"uv": [9, 5.5, 6.25, 5.75], "texture": "#1"},
				"west": {"uv": [6.5, 8.5, 6.25, 8.75], "texture": "#1"},
				"up": {"uv": [6.25, 6.25, 9, 6], "texture": "#1"},
				"down": {"uv": [6.25, 6.5, 9, 6.75], "texture": "#1"}
			}
		},
		{
			"from": [-13, 25.79892, 7.5],
			"to": [2.24446, 26.79892, 8.5],
			"rotation": {"angle": 22.5, "axis": "z", "origin": [4.24446, 19.04892, 7.5]},
			"faces": {
				"north": {"uv": [10, 3, 6.25, 3.25], "texture": "#1"},
				"east": {"uv": [8, 8.5, 7.75, 8.75], "texture": "#1"},
				"south": {"uv": [10, 3.5, 6.25, 3.75], "texture": "#1"},
				"west": {"uv": [7.5, 8.5, 7.25, 8.75], "texture": "#1"},
				"up": {"uv": [6.25, 4.25, 10, 4], "texture": "#1"},
				"down": {"uv": [6.25, 4.5, 10, 4.75], "texture": "#1"}
			}
		},
		{
			"from": [3.25, 15, 7.5],
			"to": [4.25, 20, 8.5],
			"rotation": {"angle": -22.5, "axis": "z", "origin": [8, 20, 8]},
			"faces": {
				"north": {"uv": [6.5, 7, 6.25, 8.25], "texture": "#1"},
				"east": {"uv": [8, 7, 7.75, 8.25], "texture": "#1"},
				"south": {"uv": [7.5, 7, 7.25, 8.25], "texture": "#1"},
				"west": {"uv": [7, 7, 6.75, 8.25], "texture": "#1"},
				"up": {"uv": [8.25, 8.75, 8.5, 8.5], "texture": "#1"},
				"down": {"uv": [8.75, 8.5, 9, 8.75], "texture": "#1"}
			}
		}
	],
	"gui_light": "front",
	"display": {
		"thirdperson_righthand": {
			"rotation": [-56.25, 0, 0],
			"translation": [0, -1.25, 3],
			"scale": [0.4, 0.4, 0.4]
		},
		"thirdperson_lefthand": {
			"rotation": [-56.25, 0, 0],
			"translation": [0, -1.25, 3],
			"scale": [0.4, 0.4, 0.4]
		},
		"firstperson_righthand": {
			"rotation": [-22.16, -23.09, -9.04],
			"translation": [-0.75, -2, 0.5],
			"scale": [0.4, 0.4, 0.4]
		},
		"firstperson_lefthand": {
			"rotation": [-22.16, -23.09, -9.04],
			"translation": [-0.75, -2, 0.5],
			"scale": [0.4, 0.4, 0.4]
		},
		"ground": {
			"scale": [0.34, 0.34, 0.34]
		},
		"gui": {
			"rotation": [-1.6, -24.39, -20.71],
			"translation": [0.25, -4.25, 0],
			"scale": [0.4, 0.4, 0.4]
		},
		"head": {
			"translation": [0, -62, 4.75],
			"scale": [1.6, 1.6, 1.6]
		},
		"fixed": {
			"rotation": [0, -180, 0],
			"translation": [0, -5.75, 1],
			"scale": [0.5, 0.5, 0.5]
		}
	},
	"groups": [
		{
			"name": "group",
			"origin": [8, 20, 8],
			"color": 0,
			"children": [0, 1, 2, 3, 4]
		},
		{
			"name": "group",
			"origin": [8, 20, 8],
			"color": 0,
			"children": [5, 6, 7, 8, 9]
		}
	]
}