{
	"credit": "Made with Blockbench",
	"texture_size": [32, 32],
	"textures": {
		"0": "cosmetics/fire_extinguisher",
		"particle": "cosmetics/fire_extinguisher"
	},
	"elements": [
		{
			"from": [6, 0, 6],
			"to": [10, 10, 10],
			"rotation": {"angle": 0, "axis": "y", "origin": [8, 5, 8]},
			"faces": {
				"north": {"uv": [0, 0, 2, 5], "texture": "#0"},
				"east": {"uv": [2.5, 0, 4.5, 5], "texture": "#0"},
				"south": {"uv": [5, 0, 7, 5], "texture": "#0"},
				"west": {"uv": [0, 5.5, 2, 10.5], "texture": "#0"},
				"up": {"uv": [9.5, 2, 7.5, 0], "texture": "#0"},
				"down": {"uv": [9.5, 2.5, 7.5, 4.5], "texture": "#0"}
			}
		},
		{
			"from": [5.5, 2.5, 5.5],
			"to": [10.5, 3.5, 10.5],
			"rotation": {"angle": 0, "axis": "y", "origin": [8, 5, 8]},
			"faces": {
				"north": {"uv": [10, 3, 12.5, 3.5], "texture": "#0"},
				"east": {"uv": [10, 4, 12.5, 4.5], "texture": "#0"},
				"south": {"uv": [2.5, 10.5, 5, 11], "texture": "#0"},
				"west": {"uv": [10.5, 6, 13, 6.5], "texture": "#0"},
				"up": {"uv": [5, 8, 2.5, 5.5], "texture": "#0"},
				"down": {"uv": [8, 5.5, 5.5, 8], "texture": "#0"}
			}
		},
		{
			"from": [7, 10, 7],
			"to": [9, 12, 9],
			"faces": {
				"north": {"uv": [10.5, 7, 11.5, 8], "texture": "#0"},
				"east": {"uv": [10.5, 8.5, 11.5, 9.5], "texture": "#0"},
				"south": {"uv": [10.5, 10, 11.5, 11], "texture": "#0"},
				"west": {"uv": [0, 11, 1, 12], "texture": "#0"},
				"up": {"uv": [12, 1, 11, 0], "texture": "#0"},
				"down": {"uv": [12, 1.5, 11, 2.5], "texture": "#0"}
			}
		},
		{
			"from": [7.5, 10.75, 5],
			"to": [8.5, 11.75, 7],
			"faces": {
				"north": {"uv": [5.5, 13, 6, 13.5], "texture": "#0"},
				"east": {"uv": [11.5, 5, 12.5, 5.5], "texture": "#0"},
				"south": {"uv": [6.5, 13, 7, 13.5], "texture": "#0"},
				"west": {"uv": [10.5, 11.5, 11.5, 12], "texture": "#0"},
				"up": {"uv": [6, 12.5, 5.5, 11.5], "texture": "#0"},
				"down": {"uv": [12.5, 7, 12, 8], "texture": "#0"}
			}
		},
		{
			"from": [7.525, 8.63478, 4.57926],
			"to": [8.475, 11.63478, 5.57926],
			"rotation": {"angle": 22.5, "axis": "x", "origin": [8, 10.63478, 5.07926]},
			"faces": {
				"north": {"uv": [1.5, 11, 2, 12.5], "texture": "#0"},
				"east": {"uv": [2.5, 11.5, 3, 13], "texture": "#0"},
				"south": {"uv": [3.5, 11.5, 4, 13], "texture": "#0"},
				"west": {"uv": [4.5, 11.5, 5, 13], "texture": "#0"},
				"up": {"uv": [13.5, 7.5, 13, 7], "texture": "#0"},
				"down": {"uv": [8, 13, 7.5, 13.5], "texture": "#0"}
			}
		},
		{
			"from": [7.5, 6.97836, 3.85195],
			"to": [8.5, 8.97836, 4.85195],
			"rotation": {"angle": 0, "axis": "x", "origin": [8, 7.97836, 4.35195]},
			"faces": {
				"north": {"uv": [12, 8.5, 12.5, 9.5], "texture": "#0"},
				"east": {"uv": [9.5, 12, 10, 13], "texture": "#0"},
				"south": {"uv": [12, 10, 12.5, 11], "texture": "#0"},
				"west": {"uv": [12, 11.5, 12.5, 12.5], "texture": "#0"},
				"up": {"uv": [13.5, 8.5, 13, 8], "texture": "#0"},
				"down": {"uv": [9, 13, 8.5, 13.5], "texture": "#0"}
			}
		},
		{
			"from": [7.5, 0.51329, 4.5412],
			"to": [8.5, 5.51329, 5.5412],
			"rotation": {"angle": 0, "axis": "x", "origin": [8, 9.51329, 5.0412]},
			"faces": {
				"north": {"uv": [10, 0, 10.5, 2.5], "texture": "#0"},
				"east": {"uv": [6.5, 10, 7, 12.5], "texture": "#0"},
				"south": {"uv": [7.5, 10, 8, 12.5], "texture": "#0"},
				"west": {"uv": [8.5, 10, 9, 12.5], "texture": "#0"},
				"up": {"uv": [13.5, 11.5, 13, 11], "texture": "#0"},
				"down": {"uv": [12, 13, 11.5, 13.5], "texture": "#0"}
			}
		},
		{
			"from": [7.5, 2.51329, 4.5412],
			"to": [8.5, 3.51329, 5.5412],
			"rotation": {"angle": -45, "axis": "y", "origin": [8, 3.01329, 5.0412]},
			"faces": {
				"north": {"uv": [13, 12, 13.5, 12.5], "texture": "#0"},
				"east": {"uv": [12.5, 13, 13, 13.5], "texture": "#0"},
				"south": {"uv": [13.5, 0, 14, 0.5], "texture": "#0"},
				"west": {"uv": [13.5, 1, 14, 1.5], "texture": "#0"},
				"up": {"uv": [2.5, 14, 2, 13.5], "texture": "#0"},
				"down": {"uv": [14, 2, 13.5, 2.5], "texture": "#0"}
			}
		},
		{
			"from": [7.525, 5.24582, 4.19657],
			"to": [8.475, 7.24582, 5.19657],
			"rotation": {"angle": -22.5, "axis": "x", "origin": [8, 6.24582, 4.69657]},
			"faces": {
				"north": {"uv": [0, 12.5, 0.5, 13.5], "texture": "#0"},
				"east": {"uv": [12.5, 0, 13, 1], "texture": "#0"},
				"south": {"uv": [12.5, 1.5, 13, 2.5], "texture": "#0"},
				"west": {"uv": [10.5, 12.5, 11, 13.5], "texture": "#0"},
				"up": {"uv": [13.5, 9.5, 13, 9], "texture": "#0"},
				"down": {"uv": [13.5, 10, 13, 10.5], "texture": "#0"}
			}
		},
		{
			"from": [7.525, 11.75, 7.5],
			"to": [8.475, 12.75, 12.5],
			"rotation": {"angle": -22.5, "axis": "x", "origin": [8, 11, 8]},
			"faces": {
				"north": {"uv": [1, 13, 1.5, 13.5], "texture": "#0"},
				"east": {"uv": [2.5, 8.5, 5, 9], "texture": "#0"},
				"south": {"uv": [13, 3, 13.5, 3.5], "texture": "#0"},
				"west": {"uv": [8.5, 5, 11, 5.5], "texture": "#0"},
				"up": {"uv": [6, 11, 5.5, 8.5], "texture": "#0"},
				"down": {"uv": [9, 6, 8.5, 8.5], "texture": "#0"}
			}
		},
		{
			"from": [7.5, 11.75, 7.5],
			"to": [8.5, 12.75, 12.5],
			"rotation": {"angle": 22.5, "axis": "x", "origin": [8, 11, 8]},
			"faces": {
				"north": {"uv": [13, 4, 13.5, 4.5], "texture": "#0"},
				"east": {"uv": [6.5, 9, 9, 9.5], "texture": "#0"},
				"south": {"uv": [13, 5, 13.5, 5.5], "texture": "#0"},
				"west": {"uv": [2.5, 9.5, 5, 10], "texture": "#0"},
				"up": {"uv": [10, 8.5, 9.5, 6], "texture": "#0"},
				"down": {"uv": [10, 9, 9.5, 11.5], "texture": "#0"}
			}
		}
	],
	"gui_light": "front",
	"display": {
		"thirdperson_righthand": {
			"rotation": [47.5, 0, 0],
			"translation": [-1.75, 0.5, 0.75]
		},
		"thirdperson_lefthand": {
			"rotation": [47.5, 0, 0],
			"translation": [-1.75, 0.5, 0.75]
		},
		"firstperson_righthand": {
			"translation": [0, 2, 0]
		},
		"firstperson_lefthand": {
			"translation": [0, 2, 0]
		},
		"ground": {
			"translation": [0, 3.25, 0],
			"scale": [0.6, 0.6, 0.6]
		},
		"gui": {
			"rotation": [-166.81, 60.98, 177.93],
			"translation": [0, 1, 0],
			"scale": [0.95, 0.95, 0.95]
		},
		"head": {
			"translation": [0, 14, 0]
		},
		"fixed": {
			"rotation": [0, -90, 0],
			"translation": [0, 1, -0.5]
		}
	}
}