{
	"credit": "Made with Blockbench",
	"texture_size": [64, 64],
	"textures": {
		"1": "cosmetics/flower_back"
	},
	"elements": [
		{
			"from": [6, 12, 2],
			"to": [10, 16, 6],
			"rotation": {"angle": 0, "axis": "y", "origin": [0, -5, -6]},
			"faces": {
				"north": {"uv": [0, 7.75, 1, 8.75], "texture": "#1"},
				"east": {"uv": [9.75, 10.5, 10.75, 11.5], "texture": "#1"},
				"south": {"uv": [11, 10.5, 12, 11.5], "texture": "#1"},
				"west": {"uv": [0, 11.25, 1, 12.25], "texture": "#1"},
				"up": {"uv": [2.25, 12.25, 1.25, 11.25], "texture": "#1"},
				"down": {"uv": [12.25, 6, 11.25, 7], "texture": "#1"}
			}
		},
		{
			"name": "flat_middle",
			"from": [4.5, 14, 6],
			"to": [12.5, 14, 17],
			"rotation": {"angle": 0, "axis": "y", "origin": [8, 14, 11.5]},
			"faces": {
				"north": {"uv": [12, 8.75, 14, 8.75], "texture": "#1"},
				"east": {"uv": [12, 9, 14.75, 9], "texture": "#1"},
				"south": {"uv": [10, 12, 12, 12], "texture": "#1"},
				"west": {"uv": [12, 11.75, 14.75, 11.75], "texture": "#1"},
				"up": {"uv": [5, 2.75, 3, 0], "texture": "#1"},
				"down": {"uv": [5, 3, 3, 5.75], "texture": "#1"}
			}
		},
		{
			"name": "flat_middle",
			"from": [8, 10.5, 6],
			"to": [8, 18.5, 17],
			"rotation": {"angle": 0, "axis": "y", "origin": [8, 14, 11.5]},
			"faces": {
				"north": {"uv": [12, 8.75, 14, 8.75], "rotation": 90, "texture": "#1"},
				"east": {"uv": [5, 3, 3, 5.75], "rotation": 270, "texture": "#1"},
				"south": {"uv": [10, 12, 12, 12], "rotation": 270, "texture": "#1"},
				"west": {"uv": [5, 2.75, 3, 0], "rotation": 270, "texture": "#1"},
				"up": {"uv": [12, 9, 14.75, 9], "rotation": 270, "texture": "#1"},
				"down": {"uv": [12, 11.75, 14.75, 11.75], "rotation": 270, "texture": "#1"}
			}
		},
		{
			"from": [6, 8, 4],
			"to": [6, 20, 11],
			"rotation": {"angle": -45, "axis": "y", "origin": [6, 14, 4]},
			"faces": {
				"north": {"uv": [2.5, 11.25, 2.5, 14.25], "texture": "#1"},
				"east": {"uv": [0, 4.5, 1.75, 7.5], "texture": "#1"},
				"south": {"uv": [2.75, 11.25, 2.75, 14.25], "texture": "#1"},
				"west": {"uv": [5.25, 0, 7, 3], "texture": "#1"},
				"up": {"uv": [3, 13, 3, 11.25], "texture": "#1"},
				"down": {"uv": [11.25, 7.25, 11.25, 9], "texture": "#1"}
			}
		},
		{
			"from": [-5.95013, 8, 8.94882],
			"to": [1.04987, 20, 8.94882],
			"rotation": {"angle": 22.5, "axis": "y", "origin": [1.04987, 14, 8.94882]},
			"faces": {
				"north": {"uv": [5.25, 3.25, 7, 6.25], "texture": "#1"},
				"east": {"uv": [11.5, 7.25, 11.5, 10.25], "texture": "#1"},
				"south": {"uv": [2, 6, 3.75, 9], "texture": "#1"},
				"west": {"uv": [3.25, 11.75, 3.25, 14.75], "texture": "#1"},
				"up": {"uv": [1.75, 9, 0, 9], "texture": "#1"},
				"down": {"uv": [11, 6, 9.25, 6], "texture": "#1"}
			}
		},
		{
			"from": [14.95013, 8, 8.94882],
			"to": [21.95013, 20, 8.94882],
			"rotation": {"angle": -22.5, "axis": "y", "origin": [14.95013, 14, 8.94882]},
			"faces": {
				"north": {"uv": [7, 3.25, 5.25, 6.25], "texture": "#1"},
				"east": {"uv": [3.25, 11.75, 3.25, 14.75], "texture": "#1"},
				"south": {"uv": [3.75, 6, 2, 9], "texture": "#1"},
				"west": {"uv": [11.5, 7.25, 11.5, 10.25], "texture": "#1"},
				"up": {"uv": [0, 9, 1.75, 9], "texture": "#1"},
				"down": {"uv": [9.25, 6, 11, 6], "texture": "#1"}
			}
		},
		{
			"from": [10, 8, 4],
			"to": [10, 20, 11],
			"rotation": {"angle": 45, "axis": "y", "origin": [10, 14, 4]},
			"faces": {
				"north": {"uv": [6, 11.75, 6, 14.75], "texture": "#1"},
				"east": {"uv": [7.25, 0, 9, 3], "texture": "#1"},
				"south": {"uv": [6.25, 11.75, 6.25, 14.75], "texture": "#1"},
				"west": {"uv": [7.25, 3.25, 9, 6.25], "texture": "#1"},
				"up": {"uv": [11.75, 9, 11.75, 7.25], "texture": "#1"},
				"down": {"uv": [9.75, 11.75, 9.75, 13.5], "texture": "#1"}
			}
		},
		{
			"from": [2, 20.94942, 8.94953],
			"to": [14, 27.94942, 8.94953],
			"rotation": {"angle": 22.5, "axis": "x", "origin": [8, 20.94942, 8.94953]},
			"faces": {
				"north": {"uv": [4, 6.5, 5.75, 9.5], "rotation": 90, "texture": "#1"},
				"east": {"uv": [5.75, 11.75, 4, 11.75], "rotation": 270, "texture": "#1"},
				"south": {"uv": [6, 6.5, 7.75, 9.5], "rotation": 270, "texture": "#1"},
				"west": {"uv": [11, 6.25, 9.25, 6.25], "rotation": 270, "texture": "#1"},
				"up": {"uv": [3.5, 11.75, 3.5, 14.75], "rotation": 270, "texture": "#1"},
				"down": {"uv": [3.75, 11.75, 3.75, 14.75], "rotation": 270, "texture": "#1"}
			}
		},
		{
			"from": [2, 20.65843, 1.51565],
			"to": [14, 20.65843, 8.51565],
			"rotation": {"angle": -45, "axis": "x", "origin": [8, 21.32858, 8.38225]},
			"faces": {
				"north": {"uv": [11.75, 9.25, 14.75, 9.25], "texture": "#1"},
				"east": {"uv": [11.75, 9.5, 13.5, 9.5], "texture": "#1"},
				"south": {"uv": [11.75, 9.75, 14.75, 9.75], "texture": "#1"},
				"west": {"uv": [10, 11.75, 11.75, 11.75], "texture": "#1"},
				"up": {"uv": [11, 8.25, 8, 6.5], "texture": "#1"},
				"down": {"uv": [11, 8.5, 8, 10.25], "texture": "#1"}
			}
		},
		{
			"from": [2, 7.34087, 1.51495],
			"to": [14, 7.34087, 8.51495],
			"rotation": {"angle": 45, "axis": "x", "origin": [8, 6.67071, 8.38154]},
			"faces": {
				"north": {"uv": [11.75, 9.25, 14.75, 9.25], "texture": "#1"},
				"east": {"uv": [11.75, 9.5, 13.5, 9.5], "texture": "#1"},
				"south": {"uv": [11.75, 9.75, 14.75, 9.75], "texture": "#1"},
				"west": {"uv": [10, 11.75, 11.75, 11.75], "texture": "#1"},
				"up": {"uv": [11, 10.25, 8, 8.5], "texture": "#1"},
				"down": {"uv": [11, 6.5, 8, 8.25], "texture": "#1"}
			}
		},
		{
			"from": [2, -0.19537, 9.05145],
			"to": [14, 6.80463, 9.05145],
			"rotation": {"angle": -22.5, "axis": "x", "origin": [8, 6.67142, 8.38225]},
			"faces": {
				"north": {"uv": [9.25, 2, 12.25, 3.75], "texture": "#1"},
				"east": {"uv": [4.5, 12, 4.5, 13.75], "texture": "#1"},
				"south": {"uv": [9.25, 4, 12.25, 5.75], "texture": "#1"},
				"west": {"uv": [4.75, 12, 4.75, 13.75], "texture": "#1"},
				"up": {"uv": [15, 7.25, 12, 7.25], "texture": "#1"},
				"down": {"uv": [15, 7.5, 12, 7.5], "texture": "#1"}
			}
		}
	],
	"gui_light": "front",
	"display": {
		"thirdperson_righthand": {
			"rotation": [-86, 0, 0],
			"translation": [0, 1.5, 3.5],
			"scale": [0.4, 0.4, 0.4]
		},
		"thirdperson_lefthand": {
			"rotation": [-86, 0, 0],
			"translation": [0, 1.5, 3.5],
			"scale": [0.4, 0.4, 0.4]
		},
		"firstperson_righthand": {
			"rotation": [-70.22, -19.47, 13.69],
			"translation": [2.5, 0, 0],
			"scale": [0.4, 0.4, 0.4]
		},
		"firstperson_lefthand": {
			"rotation": [-70.22, -19.47, 13.69],
			"translation": [2.5, 0, 0],
			"scale": [0.4, 0.4, 0.4]
		},
		"ground": {
			"rotation": [-90, 0, 0],
			"translation": [0, 0, 2.25],
			"scale": [0.4, 0.4, 0.4]
		},
		"gui": {
			"rotation": [-12.78, -29.1, -22.01],
			"translation": [0, -3.25, 0],
			"scale": [0.5, 0.5, 0.5]
		},
		"head": {
			"rotation": [-17, 0, 0],
			"translation": [0, -55, 11.5],
			"scale": [1.2, 1.2, 1.2]
		},
		"fixed": {
			"rotation": [-180, 0, 0],
			"translation": [0, 4.25, -1.5],
			"scale": [0.6, 0.6, 0.6]
		}
	},
	"groups": [
		0,
		1,
		2,
		3,
		4,
		5,
		{
			"name": "group",
			"origin": [14.95013, 14, 8.94882],
			"color": 0,
			"children": [6, 7]
		},
		{
			"name": "group",
			"origin": [14.95013, 14, 8.94882],
			"color": 0,
			"children": [8, 9, 10]
		}
	]
}