{
	"credit": "Made with Blockbench",
	"texture_size": [128, 128],
	"textures": {
		"1": "cosmetics/glider_shadow",
		"particle": "cosmetics/glider_shadow"
	},
	"elements": [
		{
			"from": [3, 4, 0],
			"to": [13, 6, 2],
			"rotation": {"angle": 0, "axis": "y", "origin": [0, -3.25, 6]},
			"faces": {
				"north": {"uv": [6, 1, 7.25, 1.25], "texture": "#1"},
				"east": {"uv": [2.25, 6.25, 2.5, 6.5], "texture": "#1"},
				"south": {"uv": [6, 1.375, 7.25, 1.625], "texture": "#1"},
				"west": {"uv": [2.625, 6.25, 2.875, 6.5], "texture": "#1"},
				"up": {"uv": [7.25, 2, 6, 1.75], "texture": "#1"},
				"down": {"uv": [7.25, 2.125, 6, 2.375], "texture": "#1"}
			}
		},
		{
			"from": [11, 6, 0],
			"to": [13, 10, 2],
			"rotation": {"angle": 0, "axis": "y", "origin": [0, -3.25, 6]},
			"faces": {
				"north": {"uv": [6, 4, 6.25, 4.5], "texture": "#1"},
				"east": {"uv": [6, 4.625, 6.25, 5.125], "texture": "#1"},
				"south": {"uv": [5.625, 6, 5.875, 6.5], "texture": "#1"},
				"west": {"uv": [6, 5.625, 6.25, 6.125], "texture": "#1"},
				"up": {"uv": [4, 6.5, 3.75, 6.25], "texture": "#1"},
				"down": {"uv": [4.375, 6.25, 4.125, 6.5], "texture": "#1"}
			}
		},
		{
			"from": [3, 6, 0],
			"to": [5, 10, 2],
			"rotation": {"angle": 0, "axis": "y", "origin": [16, -3.25, 6]},
			"faces": {
				"north": {"uv": [0.75, 6.25, 1, 6.75], "texture": "#1"},
				"east": {"uv": [1.125, 6.25, 1.375, 6.75], "texture": "#1"},
				"south": {"uv": [1.5, 6.25, 1.75, 6.75], "texture": "#1"},
				"west": {"uv": [1.875, 6.25, 2.125, 6.75], "texture": "#1"},
				"up": {"uv": [4.75, 6.5, 4.5, 6.25], "texture": "#1"},
				"down": {"uv": [6.25, 6.25, 6, 6.5], "texture": "#1"}
			}
		},
		{
			"from": [3, 10, 0],
			"to": [13, 12, 2],
			"rotation": {"angle": 0, "axis": "y", "origin": [0, -2.75, 6]},
			"faces": {
				"north": {"uv": [6, 2.5, 7.25, 2.75], "texture": "#1"},
				"east": {"uv": [3, 6.25, 3.25, 6.5], "texture": "#1"},
				"south": {"uv": [6, 2.875, 7.25, 3.125], "texture": "#1"},
				"west": {"uv": [3.375, 6.25, 3.625, 6.5], "texture": "#1"},
				"up": {"uv": [7.25, 3.5, 6, 3.25], "texture": "#1"},
				"down": {"uv": [7.25, 3.625, 6, 3.875], "texture": "#1"}
			}
		},
		{
			"name": "stick",
			"from": [-6, 12.5, -11],
			"to": [-5, 13.5, 32],
			"rotation": {"angle": 0, "axis": "y", "origin": [-7, 12.5, -18]},
			"faces": {
				"north": {"uv": [4.875, 6.25, 5, 6.375], "texture": "#1"},
				"east": {"uv": [0.75, 6, 5, 6.125], "texture": "#1"},
				"south": {"uv": [6.375, 6, 6.5, 6.125], "texture": "#1"},
				"west": {"uv": [6, 0.75, 10.25, 0.875], "texture": "#1"},
				"up": {"uv": [5.25, 10.25, 5.125, 6], "texture": "#1"},
				"down": {"uv": [5.5, 6, 5.375, 10.25], "texture": "#1"}
			}
		},
		{
			"name": "stick",
			"from": [21, 12.5, -11],
			"to": [22, 13.5, 32],
			"rotation": {"angle": 0, "axis": "y", "origin": [23, 12.5, -18]},
			"faces": {
				"north": {"uv": [5, 6.25, 4.875, 6.375], "texture": "#1"},
				"east": {"uv": [10.25, 0.75, 6, 0.875], "texture": "#1"},
				"south": {"uv": [6.5, 6, 6.375, 6.125], "texture": "#1"},
				"west": {"uv": [5, 6, 0.75, 6.125], "texture": "#1"},
				"up": {"uv": [5.125, 10.25, 5.25, 6], "texture": "#1"},
				"down": {"uv": [5.375, 6, 5.5, 10.25], "texture": "#1"}
			}
		},
		{
			"from": [3, 12, -16],
			"to": [5, 14, 9],
			"rotation": {"angle": 0, "axis": "y", "origin": [2, 12, -16]},
			"faces": {
				"north": {"uv": [6.375, 4.75, 6.625, 5], "texture": "#1"},
				"east": {"uv": [0, 5.25, 3.125, 5.5], "texture": "#1"},
				"south": {"uv": [6.375, 5.625, 6.625, 5.875], "texture": "#1"},
				"west": {"uv": [3.25, 5.25, 6.375, 5.5], "texture": "#1"},
				"up": {"uv": [0.25, 8.75, 0, 5.625], "texture": "#1"},
				"down": {"uv": [0.625, 5.625, 0.375, 8.75], "texture": "#1"}
			}
		},
		{
			"from": [-15, 13, -16],
			"to": [8, 13, 25],
			"rotation": {"angle": 0, "axis": "y", "origin": [0, 12, -16]},
			"faces": {
				"north": {"uv": [6.375, 5.125, 9.25, 5.125], "texture": "#1"},
				"east": {"uv": [6.375, 6.25, 11.5, 6.25], "texture": "#1"},
				"south": {"uv": [6.375, 6.375, 9.25, 6.375], "texture": "#1"},
				"west": {"uv": [6.5, 5.25, 11.625, 5.25], "texture": "#1"},
				"up": {"uv": [2.875, 5.125, 0, 0], "texture": "#1"},
				"down": {"uv": [5.875, 0, 3, 5.125], "texture": "#1"}
			}
		},
		{
			"from": [-15.76158, 12, -11.77402],
			"to": [4.23842, 14, -9.77402],
			"rotation": {"angle": 22.5, "axis": "y", "origin": [-7.00351, 13, -10.77402]},
			"faces": {
				"north": {"uv": [0.75, 5.625, 3.25, 5.875], "texture": "#1"},
				"east": {"uv": [6.375, 4, 6.625, 4.25], "texture": "#1"},
				"south": {"uv": [3.375, 5.625, 5.875, 5.875], "texture": "#1"},
				"west": {"uv": [6.375, 4.375, 6.625, 4.625], "texture": "#1"},
				"up": {"uv": [8.5, 0.25, 6, 0], "texture": "#1"},
				"down": {"uv": [8.5, 0.375, 6, 0.625], "texture": "#1"}
			}
		},
		{
			"from": [11, 12, -16],
			"to": [13, 14, 9],
			"rotation": {"angle": 0, "axis": "y", "origin": [14, 12, -16]},
			"faces": {
				"north": {"uv": [6.625, 4.75, 6.375, 5], "texture": "#1"},
				"east": {"uv": [6.375, 5.25, 3.25, 5.5], "texture": "#1"},
				"south": {"uv": [6.625, 5.625, 6.375, 5.875], "texture": "#1"},
				"west": {"uv": [3.125, 5.25, 0, 5.5], "texture": "#1"},
				"up": {"uv": [0, 8.75, 0.25, 5.625], "texture": "#1"},
				"down": {"uv": [0.375, 5.625, 0.625, 8.75], "texture": "#1"}
			}
		},
		{
			"from": [8, 13, -16],
			"to": [31, 13, 25],
			"rotation": {"angle": 0, "axis": "y", "origin": [16, 12, -16]},
			"faces": {
				"north": {"uv": [9.25, 5.125, 6.375, 5.125], "texture": "#1"},
				"east": {"uv": [11.625, 5.25, 6.5, 5.25], "texture": "#1"},
				"south": {"uv": [9.25, 6.375, 6.375, 6.375], "texture": "#1"},
				"west": {"uv": [11.5, 6.25, 6.375, 6.25], "texture": "#1"},
				"up": {"uv": [0, 5.125, 2.875, 0], "texture": "#1"},
				"down": {"uv": [3, 0, 5.875, 5.125], "texture": "#1"}
			}
		},
		{
			"from": [11.76158, 12, -11.77402],
			"to": [31.76158, 14, -9.77402],
			"rotation": {"angle": -22.5, "axis": "y", "origin": [23.00351, 13, -10.77402]},
			"faces": {
				"north": {"uv": [3.25, 5.625, 0.75, 5.875], "texture": "#1"},
				"east": {"uv": [6.625, 4.375, 6.375, 4.625], "texture": "#1"},
				"south": {"uv": [5.875, 5.625, 3.375, 5.875], "texture": "#1"},
				"west": {"uv": [6.625, 4, 6.375, 4.25], "texture": "#1"},
				"up": {"uv": [6, 0.25, 8.5, 0], "texture": "#1"},
				"down": {"uv": [6, 0.375, 8.5, 0.625], "texture": "#1"}
			}
		}
	],
	"gui_light": "front",
	"display": {
		"thirdperson_righthand": {
			"rotation": [-1, 0, 0],
			"translation": [0, -0.5, 4.5],
			"scale": [0.3, 0.3, 0.3]
		},
		"thirdperson_lefthand": {
			"rotation": [-1, 0, 0],
			"translation": [0, -0.5, 4.5],
			"scale": [0.3, 0.3, 0.3]
		},
		"firstperson_righthand": {
			"translation": [0, -1.25, 0],
			"scale": [0.3, 0.3, 0.3]
		},
		"firstperson_lefthand": {
			"translation": [0, -1.25, 0],
			"scale": [0.3, 0.3, 0.3]
		},
		"ground": {
			"scale": [0.3, 0.3, 0.3]
		},
		"gui": {
			"rotation": [52.22, 34.85, -16.8],
			"translation": [0.25, -2, 0],
			"scale": [0.27, 0.27, 0.27]
		},
		"head": {
			"rotation": [90, 0, 0],
			"translation": [0, -37.5, 0.25],
			"scale": [2, 2, 2]
		},
		"fixed": {
			"rotation": [90, 0, -180],
			"translation": [0, 0, 1.5],
			"scale": [0.3, 0.3, 0.3]
		}
	}
}