{
	"credit": "Made with Blockbench",
	"texture_size": [128, 128],
	"textures": {
		"1": "cosmetics/glider_blue",
		"particle": "cosmetics/glider_blue"
	},
	"elements": [
		{
			"from": [3, 3.7, -4.25],
			"to": [13, 5.7, -2.25],
			"rotation": {"angle": 0, "axis": "y", "origin": [0, -3.3, 2]},
			"faces": {
				"north": {"uv": [4.625, 3.5, 5.875, 3.75], "texture": "#1"},
				"east": {"uv": [2.625, 5.75, 2.875, 6], "texture": "#1"},
				"south": {"uv": [4.625, 3.875, 5.875, 4.125], "texture": "#1"},
				"west": {"uv": [1.375, 6, 1.625, 6.25], "texture": "#1"},
				"up": {"uv": [5.875, 4.5, 4.625, 4.25], "texture": "#1"},
				"down": {"uv": [5.875, 4.625, 4.625, 4.875], "texture": "#1"}
			}
		},
		{
			"from": [11, 5.7, -4.25],
			"to": [13, 9.7, -2.25],
			"rotation": {"angle": 0, "axis": "y", "origin": [0, -3.3, 2]},
			"faces": {
				"north": {"uv": [4.125, 5.375, 4.375, 5.875], "texture": "#1"},
				"east": {"uv": [4.5, 5.375, 4.75, 5.875], "texture": "#1"},
				"south": {"uv": [4.875, 5.375, 5.125, 5.875], "texture": "#1"},
				"west": {"uv": [5.25, 5.375, 5.5, 5.875], "texture": "#1"},
				"up": {"uv": [6.25, 2.5, 6, 2.25], "texture": "#1"},
				"down": {"uv": [6.25, 2.625, 6, 2.875], "texture": "#1"}
			}
		},
		{
			"from": [3, 5.7, -4.25],
			"to": [5, 9.7, -2.25],
			"rotation": {"angle": 0, "axis": "y", "origin": [16, -3.3, 2]},
			"faces": {
				"north": {"uv": [5.625, 2.25, 5.875, 2.75], "texture": "#1"},
				"east": {"uv": [5.625, 2.875, 5.875, 3.375], "texture": "#1"},
				"south": {"uv": [5.625, 5.375, 5.875, 5.875], "texture": "#1"},
				"west": {"uv": [0, 5.75, 0.25, 6.25], "texture": "#1"},
				"up": {"uv": [6.25, 3.25, 6, 3], "texture": "#1"},
				"down": {"uv": [6.25, 3.375, 6, 3.625], "texture": "#1"}
			}
		},
		{
			"from": [3, 9.7, -4.25],
			"to": [13, 11.7, -2.25],
			"rotation": {"angle": 0, "axis": "y", "origin": [0, -2.75, 2]},
			"faces": {
				"north": {"uv": [3, 5, 4.25, 5.25], "texture": "#1"},
				"east": {"uv": [1.75, 6, 2, 6.25], "texture": "#1"},
				"south": {"uv": [4.375, 5, 5.625, 5.25], "texture": "#1"},
				"west": {"uv": [2.125, 6, 2.375, 6.25], "texture": "#1"},
				"up": {"uv": [6.5, 0.25, 5.25, 0], "texture": "#1"},
				"down": {"uv": [6.5, 0.375, 5.25, 0.625], "texture": "#1"}
			}
		},
		{
			"from": [-8, 10, -11],
			"to": [4, 12, -9],
			"rotation": {"angle": -22.5, "axis": "z", "origin": [3, 11, -10]},
			"faces": {
				"north": {"uv": [3, 3.5, 4.5, 3.75], "texture": "#1"},
				"east": {"uv": [6, 3.75, 6.25, 4], "texture": "#1"},
				"south": {"uv": [3, 3.875, 4.5, 4.125], "texture": "#1"},
				"west": {"uv": [4.125, 6, 4.375, 6.25], "texture": "#1"},
				"up": {"uv": [4.5, 4.5, 3, 4.25], "texture": "#1"},
				"down": {"uv": [4.5, 4.625, 3, 4.875], "texture": "#1"}
			}
		},
		{
			"from": [2, 10, -9],
			"to": [4, 12, -2],
			"rotation": {"angle": -22.5, "axis": "z", "origin": [3, 11, -10]},
			"faces": {
				"north": {"uv": [6, 4.125, 6.25, 4.375], "texture": "#1"},
				"east": {"uv": [5.25, 1.5, 6.125, 1.75], "texture": "#1"},
				"south": {"uv": [4.5, 6, 4.75, 6.25], "texture": "#1"},
				"west": {"uv": [5.25, 1.875, 6.125, 2.125], "texture": "#1"},
				"up": {"uv": [5.5, 3.125, 5.25, 2.25], "texture": "#1"},
				"down": {"uv": [3.25, 5.375, 3, 6.25], "texture": "#1"}
			}
		},
		{
			"from": [-4, 8, -11],
			"to": [4, 9, -9],
			"rotation": {"angle": 22.5, "axis": "z", "origin": [3, 8, -10]},
			"faces": {
				"north": {"uv": [0.375, 5.75, 1.375, 5.875], "texture": "#1"},
				"east": {"uv": [5.25, 3.25, 5.5, 3.375], "texture": "#1"},
				"south": {"uv": [1.5, 5.75, 2.5, 5.875], "texture": "#1"},
				"west": {"uv": [6, 4.5, 6.25, 4.625], "texture": "#1"},
				"up": {"uv": [6.25, 1, 5.25, 0.75], "texture": "#1"},
				"down": {"uv": [6.25, 1.125, 5.25, 1.375], "texture": "#1"}
			}
		},
		{
			"from": [2, 8, -9],
			"to": [4, 9, -2],
			"rotation": {"angle": 22.5, "axis": "z", "origin": [3, 8, -10]},
			"faces": {
				"north": {"uv": [6, 4.75, 6.25, 4.875], "texture": "#1"},
				"east": {"uv": [5.75, 5, 6.625, 5.125], "texture": "#1"},
				"south": {"uv": [4.875, 6, 5.125, 6.125], "texture": "#1"},
				"west": {"uv": [0.375, 6, 1.25, 6.125], "texture": "#1"},
				"up": {"uv": [3.625, 6.25, 3.375, 5.375], "texture": "#1"},
				"down": {"uv": [4, 5.375, 3.75, 6.25], "texture": "#1"}
			}
		},
		{
			"from": [-7, 8.5, -11],
			"to": [4, 8.5, 6],
			"rotation": {"angle": 22.5, "axis": "z", "origin": [3, 8, -8]},
			"faces": {
				"north": {"uv": [6, 5.625, 7.375, 5.625], "texture": "#1"},
				"east": {"uv": [6, 5.75, 8.125, 5.75], "texture": "#1"},
				"south": {"uv": [6, 5.875, 7.375, 5.875], "texture": "#1"},
				"west": {"uv": [5.25, 6.125, 7.375, 6.125], "texture": "#1"},
				"up": {"uv": [1.375, 5.625, 0, 3.5], "texture": "#1"},
				"down": {"uv": [2.875, 3.5, 1.5, 5.625], "texture": "#1"}
			}
		},
		{
			"from": [-16, 11, -11],
			"to": [4, 11, 16],
			"rotation": {"angle": -22.5, "axis": "z", "origin": [3, 11, -10]},
			"faces": {
				"north": {"uv": [5.75, 5.25, 8.25, 5.25], "texture": "#1"},
				"east": {"uv": [5.25, 6, 8.625, 6], "texture": "#1"},
				"south": {"uv": [6, 5.375, 8.5, 5.375], "texture": "#1"},
				"west": {"uv": [6, 5.5, 9.375, 5.5], "texture": "#1"},
				"up": {"uv": [2.5, 3.375, 0, 0], "texture": "#1"},
				"down": {"uv": [5.125, 0, 2.625, 3.375], "texture": "#1"}
			}
		},
		{
			"from": [12, 10, -11],
			"to": [24, 12, -9],
			"rotation": {"angle": 22.5, "axis": "z", "origin": [13, 11, -10]},
			"faces": {
				"north": {"uv": [4.5, 3.5, 3, 3.75], "texture": "#1"},
				"east": {"uv": [4.375, 6, 4.125, 6.25], "texture": "#1"},
				"south": {"uv": [4.5, 3.875, 3, 4.125], "texture": "#1"},
				"west": {"uv": [6.25, 3.75, 6, 4], "texture": "#1"},
				"up": {"uv": [3, 4.5, 4.5, 4.25], "texture": "#1"},
				"down": {"uv": [3, 4.625, 4.5, 4.875], "texture": "#1"}
			}
		},
		{
			"from": [12, 11, -11],
			"to": [32, 11, 16],
			"rotation": {"angle": 22.5, "axis": "z", "origin": [13, 11, -10]},
			"faces": {
				"north": {"uv": [8.25, 5.25, 5.75, 5.25], "texture": "#1"},
				"east": {"uv": [9.375, 5.5, 6, 5.5], "texture": "#1"},
				"south": {"uv": [8.5, 5.375, 6, 5.375], "texture": "#1"},
				"west": {"uv": [8.625, 6, 5.25, 6], "texture": "#1"},
				"up": {"uv": [0, 3.375, 2.5, 0], "texture": "#1"},
				"down": {"uv": [2.625, 0, 5.125, 3.375], "texture": "#1"}
			}
		},
		{
			"from": [12, 8, -11],
			"to": [20, 9, -9],
			"rotation": {"angle": -22.5, "axis": "z", "origin": [13, 8, -10]},
			"faces": {
				"north": {"uv": [1.375, 5.75, 0.375, 5.875], "texture": "#1"},
				"east": {"uv": [6.25, 4.5, 6, 4.625], "texture": "#1"},
				"south": {"uv": [2.5, 5.75, 1.5, 5.875], "texture": "#1"},
				"west": {"uv": [5.5, 3.25, 5.25, 3.375], "texture": "#1"},
				"up": {"uv": [5.25, 1, 6.25, 0.75], "texture": "#1"},
				"down": {"uv": [5.25, 1.125, 6.25, 1.375], "texture": "#1"}
			}
		},
		{
			"from": [12, 8.5, -11],
			"to": [23, 8.5, 6],
			"rotation": {"angle": -22.5, "axis": "z", "origin": [13, 8, -8]},
			"faces": {
				"north": {"uv": [7.375, 5.625, 6, 5.625], "texture": "#1"},
				"east": {"uv": [7.375, 6.125, 5.25, 6.125], "texture": "#1"},
				"south": {"uv": [7.375, 5.875, 6, 5.875], "texture": "#1"},
				"west": {"uv": [8.125, 5.75, 6, 5.75], "texture": "#1"},
				"up": {"uv": [0, 5.625, 1.375, 3.5], "texture": "#1"},
				"down": {"uv": [1.5, 3.5, 2.875, 5.625], "texture": "#1"}
			}
		},
		{
			"from": [12, 10, -9],
			"to": [14, 12, -2],
			"rotation": {"angle": 22.5, "axis": "z", "origin": [13, 11, -10]},
			"faces": {
				"north": {"uv": [6.25, 4.125, 6, 4.375], "texture": "#1"},
				"east": {"uv": [6.125, 1.875, 5.25, 2.125], "texture": "#1"},
				"south": {"uv": [4.75, 6, 4.5, 6.25], "texture": "#1"},
				"west": {"uv": [6.125, 1.5, 5.25, 1.75], "texture": "#1"},
				"up": {"uv": [5.25, 3.125, 5.5, 2.25], "texture": "#1"},
				"down": {"uv": [3, 5.375, 3.25, 6.25], "texture": "#1"}
			}
		},
		{
			"from": [12, 8, -9],
			"to": [14, 9, -2],
			"rotation": {"angle": -22.5, "axis": "z", "origin": [13, 8, -10]},
			"faces": {
				"north": {"uv": [6.25, 4.75, 6, 4.875], "texture": "#1"},
				"east": {"uv": [1.25, 6, 0.375, 6.125], "texture": "#1"},
				"south": {"uv": [5.125, 6, 4.875, 6.125], "texture": "#1"},
				"west": {"uv": [6.625, 5, 5.75, 5.125], "texture": "#1"},
				"up": {"uv": [3.375, 6.25, 3.625, 5.375], "texture": "#1"},
				"down": {"uv": [3.75, 5.375, 4, 6.25], "texture": "#1"}
			}
		}
	],
	"gui_light": "front",
	"display": {
		"thirdperson_righthand": {
			"rotation": [180, 0, 0],
			"translation": [-6, -3, -6.5]
		},
		"thirdperson_lefthand": {
			"rotation": [180, 0, 0],
			"translation": [-6, -3, -6.5]
		},
		"firstperson_righthand": {
			"translation": [0, -1.25, 0],
			"scale": [0, 0, 0]
		},
		"firstperson_lefthand": {
			"translation": [0, -1.25, 0],
			"scale": [0, 0, 0]
		},
		"ground": {
			"scale": [0.3, 0.3, 0.3]
		},
		"gui": {
			"rotation": [36.8, 39.59, -9.48],
			"translation": [1, -3, 0],
			"scale": [0.3, 0.3, 0.3]
		},
		"head": {
			"rotation": [90, 0, 0],
			"translation": [0, -44.25, 1],
			"scale": [2, 2, 2]
		},
		"fixed": {
			"rotation": [90, 0, -180],
			"translation": [0, -2, 0],
			"scale": [0.3, 0.3, 0.3]
		}
	}
}