{
	"credit": "Made with Blockbench",
	"parent": "glider_two_v1",
	"texture_size": [128, 128],
	"textures": {
		"1": "cosmetics/glider_angelic"
	},
	"elements": [
		{
			"from": [7.5, 0.5, 1],
			"to": [8.5, 1.5, 2],
			"rotation": {"angle": 0, "axis": "y", "origin": [0, 0.5, 0]},
			"faces": {
				"north": {"uv": [6.75, 0.5, 6.875, 0.625], "texture": "#1"},
				"east": {"uv": [6.75, 0.75, 6.875, 0.875], "texture": "#1"},
				"south": {"uv": [6.75, 1, 6.875, 1.125], "texture": "#1"},
				"west": {"uv": [6.75, 1.25, 6.875, 1.375], "texture": "#1"},
				"up": {"uv": [2.5, 6.875, 2.375, 6.75], "texture": "#1"},
				"down": {"uv": [3.875, 6.75, 3.75, 6.875], "texture": "#1"}
			}
		},
		{
			"from": [7, 0.525, 2],
			"to": [9, 1.475, 8],
			"rotation": {"angle": 0, "axis": "y", "origin": [0, 0.5, 0]},
			"faces": {
				"north": {"uv": [6.625, 1.875, 6.875, 2], "texture": "#1"},
				"east": {"uv": [5.25, 3.375, 6, 3.5], "texture": "#1"},
				"south": {"uv": [2, 6.625, 2.25, 6.75], "texture": "#1"},
				"west": {"uv": [5.25, 3.625, 6, 3.75], "texture": "#1"},
				"up": {"uv": [2.5, 6, 2.25, 5.25], "texture": "#1"},
				"down": {"uv": [2.875, 5.25, 2.625, 6], "texture": "#1"}
			}
		},
		{
			"from": [4, 0.5, 8],
			"to": [7, 1.5, 9],
			"rotation": {"angle": -45, "axis": "y", "origin": [8, 1.5, 8.5]},
			"faces": {
				"north": {"uv": [0.25, 6.125, 0.625, 6.25], "texture": "#1"},
				"east": {"uv": [6.625, 3.125, 6.75, 3.25], "texture": "#1"},
				"south": {"uv": [0.75, 6.125, 1.125, 6.25], "texture": "#1"},
				"west": {"uv": [6.625, 3.375, 6.75, 3.5], "texture": "#1"},
				"up": {"uv": [1.625, 6.25, 1.25, 6.125], "texture": "#1"},
				"down": {"uv": [2.125, 6.125, 1.75, 6.25], "texture": "#1"}
			}
		},
		{
			"from": [3.75, 0.525, 5.5],
			"to": [6.75, 1.475, 6.5],
			"rotation": {"angle": 22.5, "axis": "y", "origin": [8, 1.5, 8.5]},
			"faces": {
				"north": {"uv": [6.125, 1.75, 6.5, 1.875], "texture": "#1"},
				"east": {"uv": [3.5, 6.625, 3.625, 6.75], "texture": "#1"},
				"south": {"uv": [6.125, 2, 6.5, 2.125], "texture": "#1"},
				"west": {"uv": [6.625, 3.625, 6.75, 3.75], "texture": "#1"},
				"up": {"uv": [2.625, 6.25, 2.25, 6.125], "texture": "#1"},
				"down": {"uv": [6.5, 2.25, 6.125, 2.375], "texture": "#1"}
			}
		},
		{
			"from": [9, 0.5, 8],
			"to": [12, 1.5, 9],
			"rotation": {"angle": 45, "axis": "y", "origin": [8, 1.5, 8.5]},
			"faces": {
				"north": {"uv": [6.25, 0.5, 6.625, 0.625], "texture": "#1"},
				"east": {"uv": [6.875, 4.375, 7, 4.5], "texture": "#1"},
				"south": {"uv": [6.25, 0.75, 6.625, 0.875], "texture": "#1"},
				"west": {"uv": [4.5, 6.875, 4.625, 7], "texture": "#1"},
				"up": {"uv": [6.625, 1.125, 6.25, 1], "texture": "#1"},
				"down": {"uv": [6.625, 1.25, 6.25, 1.375], "texture": "#1"}
			}
		},
		{
			"from": [9.25, 0.525, 5.5],
			"to": [12.25, 1.475, 6.5],
			"rotation": {"angle": -22.5, "axis": "y", "origin": [8, 1.5, 8.5]},
			"faces": {
				"north": {"uv": [4.375, 6.125, 4.75, 6.25], "texture": "#1"},
				"east": {"uv": [6.875, 4.125, 7, 4.25], "texture": "#1"},
				"south": {"uv": [6.125, 4.5, 6.5, 4.625], "texture": "#1"},
				"west": {"uv": [4.25, 6.875, 4.375, 7], "texture": "#1"},
				"up": {"uv": [5.25, 6.25, 4.875, 6.125], "texture": "#1"},
				"down": {"uv": [6.625, 0.25, 6.25, 0.375], "texture": "#1"}
			}
		},
		{
			"from": [5, 0.5, 3],
			"to": [7, 1.5, 4],
			"rotation": {"angle": 0, "axis": "y", "origin": [0, 0.5, 0]},
			"faces": {
				"north": {"uv": [6.625, 2.625, 6.875, 2.75], "texture": "#1"},
				"east": {"uv": [6.625, 6.75, 6.75, 6.875], "texture": "#1"},
				"south": {"uv": [2.75, 6.625, 3, 6.75], "texture": "#1"},
				"west": {"uv": [0.25, 6.875, 0.375, 7], "texture": "#1"},
				"up": {"uv": [6.875, 3, 6.625, 2.875], "texture": "#1"},
				"down": {"uv": [3.375, 6.625, 3.125, 6.75], "texture": "#1"}
			}
		},
		{
			"from": [4.06358, 0.525, 0.6257],
			"to": [7.06358, 1.475, 1.6257],
			"rotation": {"angle": -22.5, "axis": "y", "origin": [0.06358, 0.5, -2.3743]},
			"faces": {
				"north": {"uv": [6.125, 2.5, 6.5, 2.625], "texture": "#1"},
				"east": {"uv": [0.5, 6.875, 0.625, 7], "texture": "#1"},
				"south": {"uv": [2.75, 6.125, 3.125, 6.25], "texture": "#1"},
				"west": {"uv": [0.75, 6.875, 0.875, 7], "texture": "#1"},
				"up": {"uv": [6.5, 2.875, 6.125, 2.75], "texture": "#1"},
				"down": {"uv": [6.5, 3.25, 6.125, 3.375], "texture": "#1"}
			}
		},
		{
			"from": [3.10704, 0.5, -1.92622],
			"to": [7.10704, 1.5, -0.92622],
			"rotation": {"angle": -45, "axis": "y", "origin": [0.10704, 0.5, -4.92622]},
			"faces": {
				"north": {"uv": [5.5, 1.75, 6, 1.875], "texture": "#1"},
				"east": {"uv": [1, 6.875, 1.125, 7], "texture": "#1"},
				"south": {"uv": [5.5, 2, 6, 2.125], "texture": "#1"},
				"west": {"uv": [1.25, 6.875, 1.375, 7], "texture": "#1"},
				"up": {"uv": [6, 2.375, 5.5, 2.25], "texture": "#1"},
				"down": {"uv": [6, 2.5, 5.5, 2.625], "texture": "#1"}
			}
		},
		{
			"from": [-3.58333, 0.525, -4.97437],
			"to": [-2.58333, 1.475, -0.97437],
			"rotation": {"angle": 22.5, "axis": "y", "origin": [0.41667, 0.5, -7.97437]},
			"faces": {
				"north": {"uv": [1.5, 6.875, 1.625, 7], "texture": "#1"},
				"east": {"uv": [5.5, 2.75, 6, 2.875], "texture": "#1"},
				"south": {"uv": [6.875, 1.5, 7, 1.625], "texture": "#1"},
				"west": {"uv": [3.75, 5.5, 4.25, 5.625], "texture": "#1"},
				"up": {"uv": [4.5, 6, 4.375, 5.5], "texture": "#1"},
				"down": {"uv": [5.25, 5.5, 5.125, 6], "texture": "#1"}
			}
		},
		{
			"from": [-2.1308, 0.5, -7.672],
			"to": [-1.1308, 1.5, -3.672],
			"rotation": {"angle": 0, "axis": "y", "origin": [1.8692, 0.5, -10.672]},
			"faces": {
				"north": {"uv": [2, 6.875, 2.125, 7], "texture": "#1"},
				"east": {"uv": [5.375, 5.5, 5.875, 5.625], "texture": "#1"},
				"south": {"uv": [2.625, 6.875, 2.75, 7], "texture": "#1"},
				"west": {"uv": [3, 5.625, 3.5, 5.75], "texture": "#1"},
				"up": {"uv": [3.75, 6.25, 3.625, 5.75], "texture": "#1"},
				"down": {"uv": [4, 5.75, 3.875, 6.25], "texture": "#1"}
			}
		},
		{
			"from": [0.2435, 0.525, -9.60842],
			"to": [1.2435, 1.475, -5.60842],
			"rotation": {"angle": -22.5, "axis": "y", "origin": [4.2435, 0.5, -12.60842]},
			"faces": {
				"north": {"uv": [2.875, 6.875, 3, 7], "texture": "#1"},
				"east": {"uv": [5.375, 5.75, 5.875, 5.875], "texture": "#1"},
				"south": {"uv": [3.125, 6.875, 3.25, 7], "texture": "#1"},
				"west": {"uv": [3, 5.875, 3.5, 6], "texture": "#1"},
				"up": {"uv": [4.25, 6.25, 4.125, 5.75], "texture": "#1"},
				"down": {"uv": [6.125, 5.25, 6, 5.75], "texture": "#1"}
			}
		},
		{
			"from": [3.17811, 0.5, -9.48883],
			"to": [4.17811, 1.5, -6.48883],
			"rotation": {"angle": -45, "axis": "y", "origin": [7.17811, 0.5, -13.48883]},
			"faces": {
				"north": {"uv": [6.875, 3.125, 7, 3.25], "texture": "#1"},
				"east": {"uv": [6.125, 3.5, 6.5, 3.625], "texture": "#1"},
				"south": {"uv": [3.375, 6.875, 3.5, 7], "texture": "#1"},
				"west": {"uv": [6.125, 3.75, 6.5, 3.875], "texture": "#1"},
				"up": {"uv": [3.375, 6.5, 3.25, 6.125], "texture": "#1"},
				"down": {"uv": [6.25, 4, 6.125, 4.375], "texture": "#1"}
			}
		},
		{
			"from": [-6.38109, 0.525, 4.29997],
			"to": [-4.38109, 1.475, 5.29997],
			"rotation": {"angle": 45, "axis": "y", "origin": [-5.38109, 1.5, 6.79997]},
			"faces": {
				"north": {"uv": [6.25, 1.5, 6.5, 1.625], "texture": "#1"},
				"east": {"uv": [6.625, 3.875, 6.75, 4], "texture": "#1"},
				"south": {"uv": [6.25, 5.25, 6.5, 5.375], "texture": "#1"},
				"west": {"uv": [4.125, 6.625, 4.25, 6.75], "texture": "#1"},
				"up": {"uv": [5.625, 6.375, 5.375, 6.25], "texture": "#1"},
				"down": {"uv": [6.5, 5.5, 6.25, 5.625], "texture": "#1"}
			}
		},
		{
			"from": [-6.38109, 0.5, 4.29997],
			"to": [-4.38109, 1.5, 5.29997],
			"rotation": {"angle": 0, "axis": "y", "origin": [-5.38109, 1.5, 6.79997]},
			"faces": {
				"north": {"uv": [6.25, 5.75, 6.5, 5.875], "texture": "#1"},
				"east": {"uv": [6.625, 4.125, 6.75, 4.25], "texture": "#1"},
				"south": {"uv": [6.25, 6, 6.5, 6.125], "texture": "#1"},
				"west": {"uv": [4.375, 6.625, 4.5, 6.75], "texture": "#1"},
				"up": {"uv": [6.5, 6.375, 6.25, 6.25], "texture": "#1"},
				"down": {"uv": [6.625, 0, 6.375, 0.125], "texture": "#1"}
			}
		},
		{
			"from": [-6.38109, 0.525, 4.29997],
			"to": [-4.38109, 1.475, 5.29997],
			"rotation": {"angle": -45, "axis": "y", "origin": [-5.38109, 1.5, 6.79997]},
			"faces": {
				"north": {"uv": [0.25, 6.375, 0.5, 6.5], "texture": "#1"},
				"east": {"uv": [6.625, 4.375, 6.75, 4.5], "texture": "#1"},
				"south": {"uv": [0.625, 6.375, 0.875, 6.5], "texture": "#1"},
				"west": {"uv": [4.625, 6.625, 4.75, 6.75], "texture": "#1"},
				"up": {"uv": [1.25, 6.5, 1, 6.375], "texture": "#1"},
				"down": {"uv": [1.625, 6.375, 1.375, 6.5], "texture": "#1"}
			}
		},
		{
			"from": [-3.88109, 0.5, 5.79997],
			"to": [-2.88109, 1.5, 7.79997],
			"rotation": {"angle": 0, "axis": "y", "origin": [-5.38109, 1.5, 6.79997]},
			"faces": {
				"north": {"uv": [4.875, 6.625, 5, 6.75], "texture": "#1"},
				"east": {"uv": [1.75, 6.375, 2, 6.5], "texture": "#1"},
				"south": {"uv": [6.625, 5.25, 6.75, 5.375], "texture": "#1"},
				"west": {"uv": [2.125, 6.375, 2.375, 6.5], "texture": "#1"},
				"up": {"uv": [5.875, 6.5, 5.75, 6.25], "texture": "#1"},
				"down": {"uv": [2.625, 6.375, 2.5, 6.625], "texture": "#1"}
			}
		},
		{
			"from": [-3.88109, 0.525, 5.79997],
			"to": [-2.88109, 1.475, 7.79997],
			"rotation": {"angle": -45, "axis": "y", "origin": [-5.38109, 1.5, 6.79997]},
			"faces": {
				"north": {"uv": [6.625, 5.5, 6.75, 5.625], "texture": "#1"},
				"east": {"uv": [2.75, 6.375, 3, 6.5], "texture": "#1"},
				"south": {"uv": [5.625, 6.625, 5.75, 6.75], "texture": "#1"},
				"west": {"uv": [3.5, 6.375, 3.75, 6.5], "texture": "#1"},
				"up": {"uv": [4, 6.625, 3.875, 6.375], "texture": "#1"},
				"down": {"uv": [6.5, 4, 6.375, 4.25], "texture": "#1"}
			}
		},
		{
			"from": [-6.38109, 0.5, 8.29997],
			"to": [-4.38109, 1.5, 9.29997],
			"rotation": {"angle": 0, "axis": "y", "origin": [-5.38109, 1.5, 6.79997]},
			"faces": {
				"north": {"uv": [4.125, 6.375, 4.375, 6.5], "texture": "#1"},
				"east": {"uv": [6.625, 5.75, 6.75, 5.875], "texture": "#1"},
				"south": {"uv": [4.5, 6.375, 4.75, 6.5], "texture": "#1"},
				"west": {"uv": [6.625, 6, 6.75, 6.125], "texture": "#1"},
				"up": {"uv": [5.125, 6.5, 4.875, 6.375], "texture": "#1"},
				"down": {"uv": [5.5, 6.5, 5.25, 6.625], "texture": "#1"}
			}
		},
		{
			"from": [-6.38109, 0.525, 8.29997],
			"to": [-4.38109, 1.475, 9.29997],
			"rotation": {"angle": -45, "axis": "y", "origin": [-5.38109, 1.5, 6.79997]},
			"faces": {
				"north": {"uv": [6, 6.5, 6.25, 6.625], "texture": "#1"},
				"east": {"uv": [6.625, 6.25, 6.75, 6.375], "texture": "#1"},
				"south": {"uv": [6.375, 6.5, 6.625, 6.625], "texture": "#1"},
				"west": {"uv": [0, 6.75, 0.125, 6.875], "texture": "#1"},
				"up": {"uv": [0.5, 6.75, 0.25, 6.625], "texture": "#1"},
				"down": {"uv": [0.875, 6.625, 0.625, 6.75], "texture": "#1"}
			}
		},
		{
			"from": [-7.88109, 0.5, 5.79997],
			"to": [-6.88109, 1.5, 7.79997],
			"rotation": {"angle": 0, "axis": "y", "origin": [-5.38109, 1.5, 6.79997]},
			"faces": {
				"north": {"uv": [6.75, 0, 6.875, 0.125], "texture": "#1"},
				"east": {"uv": [1, 6.625, 1.25, 6.75], "texture": "#1"},
				"south": {"uv": [6.75, 0.25, 6.875, 0.375], "texture": "#1"},
				"west": {"uv": [1.375, 6.625, 1.625, 6.75], "texture": "#1"},
				"up": {"uv": [6.75, 1.75, 6.625, 1.5], "texture": "#1"},
				"down": {"uv": [1.875, 6.625, 1.75, 6.875], "texture": "#1"}
			}
		},
		{
			"from": [-3.91852, 0.55, -5.14035],
			"to": [2.08148, 1.45, -4.14035],
			"rotation": {"angle": -45, "axis": "y", "origin": [8.39949, 1.5, -5.80761]},
			"faces": {
				"north": {"uv": [5.25, 4.125, 6, 4.25], "texture": "#1"},
				"east": {"uv": [6.375, 6.75, 6.5, 6.875], "texture": "#1"},
				"south": {"uv": [5.25, 4.375, 6, 4.5], "texture": "#1"},
				"west": {"uv": [6.75, 6.5, 6.875, 6.625], "texture": "#1"},
				"up": {"uv": [5.875, 5.375, 5.125, 5.25], "texture": "#1"},
				"down": {"uv": [6.25, 0, 5.5, 0.125], "texture": "#1"}
			}
		},
		{
			"from": [2.08148, 0.525, -7.14035],
			"to": [3.08148, 1.475, -3.14035],
			"rotation": {"angle": -45, "axis": "y", "origin": [8.39949, 1.5, -5.80761]},
			"faces": {
				"north": {"uv": [6.875, 3.375, 7, 3.5], "texture": "#1"},
				"east": {"uv": [6, 3, 6.5, 3.125], "texture": "#1"},
				"south": {"uv": [6.875, 3.625, 7, 3.75], "texture": "#1"},
				"west": {"uv": [5.375, 6, 5.875, 6.125], "texture": "#1"},
				"up": {"uv": [6.125, 6.375, 6, 5.875], "texture": "#1"},
				"down": {"uv": [0.125, 6.125, 0, 6.625], "texture": "#1"}
			}
		},
		{
			"from": [2.04594, 0.5, -8.38909],
			"to": [3.04594, 1.5, -2.38909],
			"rotation": {"angle": 0, "axis": "y", "origin": [8.54594, 1.5, -3.88909]},
			"faces": {
				"north": {"uv": [5.875, 6.75, 6, 6.875], "texture": "#1"},
				"east": {"uv": [3.75, 5.25, 4.5, 5.375], "texture": "#1"},
				"south": {"uv": [6.125, 6.75, 6.25, 6.875], "texture": "#1"},
				"west": {"uv": [5.25, 3.875, 6, 4], "texture": "#1"},
				"up": {"uv": [4.75, 6, 4.625, 5.25], "texture": "#1"},
				"down": {"uv": [5, 5.25, 4.875, 6], "texture": "#1"}
			}
		},
		{
			"from": [-15.73654, 0.55, -4.68629],
			"to": [2.26346, 1.45, -3.68629],
			"rotation": {"angle": 22.5, "axis": "y", "origin": [8.08148, 1.5, -5.35355]},
			"faces": {
				"north": {"uv": [2.25, 4.75, 4.5, 4.875], "texture": "#1"},
				"east": {"uv": [6.875, 3.875, 7, 4], "texture": "#1"},
				"south": {"uv": [4.625, 4.75, 6.875, 4.875], "texture": "#1"},
				"west": {"uv": [4, 6.875, 4.125, 7], "texture": "#1"},
				"up": {"uv": [4.5, 5.125, 2.25, 5], "texture": "#1"},
				"down": {"uv": [6.875, 5, 4.625, 5.125], "texture": "#1"}
			}
		},
		{
			"from": [5.74874, 0.525, -0.03553],
			"to": [10.74874, 1.475, 0.96447],
			"rotation": {"angle": -45, "axis": "y", "origin": [8.08148, 1.5, -5.35355]},
			"faces": {
				"north": {"uv": [5.5, 0.75, 6.125, 0.875], "texture": "#1"},
				"east": {"uv": [5.125, 6.75, 5.25, 6.875], "texture": "#1"},
				"south": {"uv": [5.5, 1, 6.125, 1.125], "texture": "#1"},
				"west": {"uv": [5.375, 6.75, 5.5, 6.875], "texture": "#1"},
				"up": {"uv": [6.125, 1.375, 5.5, 1.25], "texture": "#1"},
				"down": {"uv": [6.125, 1.5, 5.5, 1.625], "texture": "#1"}
			}
		},
		{
			"from": [5.5, 0.5, -1],
			"to": [10.5, 1.5, 1],
			"rotation": {"angle": 0, "axis": "y", "origin": [8, 1.5, -5.5]},
			"faces": {
				"north": {"uv": [5.5, 0.25, 6.125, 0.375], "texture": "#1"},
				"east": {"uv": [6.625, 2.125, 6.875, 2.25], "texture": "#1"},
				"south": {"uv": [5.5, 0.5, 6.125, 0.625], "texture": "#1"},
				"west": {"uv": [6.625, 2.375, 6.875, 2.5], "texture": "#1"},
				"up": {"uv": [3.625, 5.5, 3, 5.25], "texture": "#1"},
				"down": {"uv": [5.875, 3, 5.25, 3.25], "texture": "#1"}
			}
		},
		{
			"name": "flat_back",
			"from": [-16, 1, 8],
			"to": [5, 1, 31],
			"rotation": {"angle": 0, "axis": "y", "origin": [8, 0, 0]},
			"faces": {
				"north": {"uv": [6.625, 4.625, 9.25, 4.625], "texture": "#1"},
				"east": {"uv": [6.875, 1.75, 9.75, 1.75], "texture": "#1"},
				"south": {"uv": [6.875, 5.25, 9.5, 5.25], "texture": "#1"},
				"west": {"uv": [6.875, 5.375, 9.75, 5.375], "texture": "#1"},
				"up": {"uv": [2.625, 2.875, 0, 0], "texture": "#1"},
				"down": {"uv": [5.375, 0, 2.75, 2.875], "texture": "#1"}
			}
		},
		{
			"name": "flat_front",
			"from": [-16, 0, -1],
			"to": [7, 0, 5],
			"rotation": {"angle": -22.5, "axis": "z", "origin": [8, -1, 0]},
			"faces": {
				"north": {"uv": [6.875, 5.5, 9.75, 5.5], "texture": "#1"},
				"east": {"uv": [5.25, 4.625, 6, 4.625], "texture": "#1"},
				"south": {"uv": [6.875, 5.625, 9.75, 5.625], "texture": "#1"},
				"west": {"uv": [6.875, 5.75, 7.625, 5.75], "texture": "#1"},
				"up": {"uv": [5.125, 3.75, 2.25, 3], "texture": "#1"},
				"down": {"uv": [5.125, 3.875, 2.25, 4.625], "texture": "#1"}
			}
		},
		{
			"name": "flat_mid",
			"from": [0, 1, 7],
			"to": [8, 1, 31],
			"rotation": {"angle": 22.5, "axis": "z", "origin": [8, 0, 0]},
			"faces": {
				"north": {"uv": [6.875, 5.875, 7.875, 5.875], "texture": "#1"},
				"east": {"uv": [6.875, 6, 9.875, 6], "texture": "#1"},
				"south": {"uv": [6.875, 6.125, 7.875, 6.125], "texture": "#1"},
				"west": {"uv": [6.875, 6.25, 9.875, 6.25], "texture": "#1"},
				"up": {"uv": [1, 6, 0, 3], "texture": "#1"},
				"down": {"uv": [2.125, 3, 1.125, 6], "texture": "#1"}
			}
		},
		{
			"from": [20.38109, 0.525, 4.29997],
			"to": [22.38109, 1.475, 5.29997],
			"rotation": {"angle": -45, "axis": "y", "origin": [21.38109, 1.5, 6.79997]},
			"faces": {
				"north": {"uv": [6.5, 1.5, 6.25, 1.625], "texture": "#1"},
				"east": {"uv": [4.25, 6.625, 4.125, 6.75], "texture": "#1"},
				"south": {"uv": [6.5, 5.25, 6.25, 5.375], "texture": "#1"},
				"west": {"uv": [6.75, 3.875, 6.625, 4], "texture": "#1"},
				"up": {"uv": [5.375, 6.375, 5.625, 6.25], "texture": "#1"},
				"down": {"uv": [6.25, 5.5, 6.5, 5.625], "texture": "#1"}
			}
		},
		{
			"from": [20.38109, 0.5, 4.29997],
			"to": [22.38109, 1.5, 5.29997],
			"rotation": {"angle": 0, "axis": "y", "origin": [21.38109, 1.5, 6.79997]},
			"faces": {
				"north": {"uv": [6.5, 5.75, 6.25, 5.875], "texture": "#1"},
				"east": {"uv": [4.5, 6.625, 4.375, 6.75], "texture": "#1"},
				"south": {"uv": [6.5, 6, 6.25, 6.125], "texture": "#1"},
				"west": {"uv": [6.75, 4.125, 6.625, 4.25], "texture": "#1"},
				"up": {"uv": [6.25, 6.375, 6.5, 6.25], "texture": "#1"},
				"down": {"uv": [6.375, 0, 6.625, 0.125], "texture": "#1"}
			}
		},
		{
			"from": [20.38109, 0.525, 4.29997],
			"to": [22.38109, 1.475, 5.29997],
			"rotation": {"angle": 45, "axis": "y", "origin": [21.38109, 1.5, 6.79997]},
			"faces": {
				"north": {"uv": [0.5, 6.375, 0.25, 6.5], "texture": "#1"},
				"east": {"uv": [4.75, 6.625, 4.625, 6.75], "texture": "#1"},
				"south": {"uv": [0.875, 6.375, 0.625, 6.5], "texture": "#1"},
				"west": {"uv": [6.75, 4.375, 6.625, 4.5], "texture": "#1"},
				"up": {"uv": [1, 6.5, 1.25, 6.375], "texture": "#1"},
				"down": {"uv": [1.375, 6.375, 1.625, 6.5], "texture": "#1"}
			}
		},
		{
			"from": [18.88109, 0.5, 5.79997],
			"to": [19.88109, 1.5, 7.79997],
			"rotation": {"angle": 0, "axis": "y", "origin": [21.38109, 1.5, 6.79997]},
			"faces": {
				"north": {"uv": [5, 6.625, 4.875, 6.75], "texture": "#1"},
				"east": {"uv": [2.375, 6.375, 2.125, 6.5], "texture": "#1"},
				"south": {"uv": [6.75, 5.25, 6.625, 5.375], "texture": "#1"},
				"west": {"uv": [2, 6.375, 1.75, 6.5], "texture": "#1"},
				"up": {"uv": [5.75, 6.5, 5.875, 6.25], "texture": "#1"},
				"down": {"uv": [2.5, 6.375, 2.625, 6.625], "texture": "#1"}
			}
		},
		{
			"from": [18.88109, 0.525, 5.79997],
			"to": [19.88109, 1.475, 7.79997],
			"rotation": {"angle": 45, "axis": "y", "origin": [21.38109, 1.5, 6.79997]},
			"faces": {
				"north": {"uv": [6.75, 5.5, 6.625, 5.625], "texture": "#1"},
				"east": {"uv": [3.75, 6.375, 3.5, 6.5], "texture": "#1"},
				"south": {"uv": [5.75, 6.625, 5.625, 6.75], "texture": "#1"},
				"west": {"uv": [3, 6.375, 2.75, 6.5], "texture": "#1"},
				"up": {"uv": [3.875, 6.625, 4, 6.375], "texture": "#1"},
				"down": {"uv": [6.375, 4, 6.5, 4.25], "texture": "#1"}
			}
		},
		{
			"from": [20.38109, 0.5, 8.29997],
			"to": [22.38109, 1.5, 9.29997],
			"rotation": {"angle": 0, "axis": "y", "origin": [21.38109, 1.5, 6.79997]},
			"faces": {
				"north": {"uv": [4.375, 6.375, 4.125, 6.5], "texture": "#1"},
				"east": {"uv": [6.75, 6, 6.625, 6.125], "texture": "#1"},
				"south": {"uv": [4.75, 6.375, 4.5, 6.5], "texture": "#1"},
				"west": {"uv": [6.75, 5.75, 6.625, 5.875], "texture": "#1"},
				"up": {"uv": [4.875, 6.5, 5.125, 6.375], "texture": "#1"},
				"down": {"uv": [5.25, 6.5, 5.5, 6.625], "texture": "#1"}
			}
		},
		{
			"from": [20.38109, 0.525, 8.29997],
			"to": [22.38109, 1.475, 9.29997],
			"rotation": {"angle": 45, "axis": "y", "origin": [21.38109, 1.5, 6.79997]},
			"faces": {
				"north": {"uv": [6.25, 6.5, 6, 6.625], "texture": "#1"},
				"east": {"uv": [0.125, 6.75, 0, 6.875], "texture": "#1"},
				"south": {"uv": [6.625, 6.5, 6.375, 6.625], "texture": "#1"},
				"west": {"uv": [6.75, 6.25, 6.625, 6.375], "texture": "#1"},
				"up": {"uv": [0.25, 6.75, 0.5, 6.625], "texture": "#1"},
				"down": {"uv": [0.625, 6.625, 0.875, 6.75], "texture": "#1"}
			}
		},
		{
			"from": [22.88109, 0.5, 5.79997],
			"to": [23.88109, 1.5, 7.79997],
			"rotation": {"angle": 0, "axis": "y", "origin": [21.38109, 1.5, 6.79997]},
			"faces": {
				"north": {"uv": [6.875, 0, 6.75, 0.125], "texture": "#1"},
				"east": {"uv": [1.625, 6.625, 1.375, 6.75], "texture": "#1"},
				"south": {"uv": [6.875, 0.25, 6.75, 0.375], "texture": "#1"},
				"west": {"uv": [1.25, 6.625, 1, 6.75], "texture": "#1"},
				"up": {"uv": [6.625, 1.75, 6.75, 1.5], "texture": "#1"},
				"down": {"uv": [1.75, 6.625, 1.875, 6.875], "texture": "#1"}
			}
		},
		{
			"name": "flat_back",
			"from": [11, 1, 8],
			"to": [32, 1, 31],
			"rotation": {"angle": 0, "axis": "y", "origin": [8, 0, 0]},
			"faces": {
				"north": {"uv": [9.25, 4.625, 6.625, 4.625], "texture": "#1"},
				"east": {"uv": [9.75, 5.375, 6.875, 5.375], "texture": "#1"},
				"south": {"uv": [9.5, 5.25, 6.875, 5.25], "texture": "#1"},
				"west": {"uv": [9.75, 1.75, 6.875, 1.75], "texture": "#1"},
				"up": {"uv": [0, 2.875, 2.625, 0], "texture": "#1"},
				"down": {"uv": [2.75, 0, 5.375, 2.875], "texture": "#1"}
			}
		},
		{
			"name": "flat_front",
			"from": [9, 0, -1],
			"to": [32, 0, 5],
			"rotation": {"angle": 22.5, "axis": "z", "origin": [8, -1, 0]},
			"faces": {
				"north": {"uv": [9.75, 5.5, 6.875, 5.5], "texture": "#1"},
				"east": {"uv": [7.625, 5.75, 6.875, 5.75], "texture": "#1"},
				"south": {"uv": [9.75, 5.625, 6.875, 5.625], "texture": "#1"},
				"west": {"uv": [6, 4.625, 5.25, 4.625], "texture": "#1"},
				"up": {"uv": [2.25, 3.75, 5.125, 3], "texture": "#1"},
				"down": {"uv": [2.25, 3.875, 5.125, 4.625], "texture": "#1"}
			}
		},
		{
			"name": "flat_mid",
			"from": [8, 1, 7],
			"to": [16, 1, 31],
			"rotation": {"angle": -22.5, "axis": "z", "origin": [8, 0, 0]},
			"faces": {
				"north": {"uv": [7.875, 5.875, 6.875, 5.875], "texture": "#1"},
				"east": {"uv": [9.875, 6.25, 6.875, 6.25], "texture": "#1"},
				"south": {"uv": [7.875, 6.125, 6.875, 6.125], "texture": "#1"},
				"west": {"uv": [9.875, 6, 6.875, 6], "texture": "#1"},
				"up": {"uv": [0, 6, 1, 3], "texture": "#1"},
				"down": {"uv": [1.125, 3, 2.125, 6], "texture": "#1"}
			}
		},
		{
			"from": [13.91852, 0.55, -5.14035],
			"to": [19.91852, 1.45, -4.14035],
			"rotation": {"angle": 45, "axis": "y", "origin": [7.60051, 1.5, -5.80761]},
			"faces": {
				"north": {"uv": [6, 4.125, 5.25, 4.25], "texture": "#1"},
				"east": {"uv": [6.875, 6.5, 6.75, 6.625], "texture": "#1"},
				"south": {"uv": [6, 4.375, 5.25, 4.5], "texture": "#1"},
				"west": {"uv": [6.5, 6.75, 6.375, 6.875], "texture": "#1"},
				"up": {"uv": [5.125, 5.375, 5.875, 5.25], "texture": "#1"},
				"down": {"uv": [5.5, 0, 6.25, 0.125], "texture": "#1"}
			}
		},
		{
			"from": [12.91852, 0.525, -7.14035],
			"to": [13.91852, 1.475, -3.14035],
			"rotation": {"angle": 45, "axis": "y", "origin": [7.60051, 1.5, -5.80761]},
			"faces": {
				"north": {"uv": [7, 3.375, 6.875, 3.5], "texture": "#1"},
				"east": {"uv": [5.875, 6, 5.375, 6.125], "texture": "#1"},
				"south": {"uv": [7, 3.625, 6.875, 3.75], "texture": "#1"},
				"west": {"uv": [6.5, 3, 6, 3.125], "texture": "#1"},
				"up": {"uv": [6, 6.375, 6.125, 5.875], "texture": "#1"},
				"down": {"uv": [0, 6.125, 0.125, 6.625], "texture": "#1"}
			}
		},
		{
			"from": [12.95406, 0.5, -8.38909],
			"to": [13.95406, 1.5, -2.38909],
			"rotation": {"angle": 0, "axis": "y", "origin": [7.45406, 1.5, -3.88909]},
			"faces": {
				"north": {"uv": [6, 6.75, 5.875, 6.875], "texture": "#1"},
				"east": {"uv": [6, 3.875, 5.25, 4], "texture": "#1"},
				"south": {"uv": [6.25, 6.75, 6.125, 6.875], "texture": "#1"},
				"west": {"uv": [4.5, 5.25, 3.75, 5.375], "texture": "#1"},
				"up": {"uv": [4.625, 6, 4.75, 5.25], "texture": "#1"},
				"down": {"uv": [4.875, 5.25, 5, 6], "texture": "#1"}
			}
		},
		{
			"from": [13.73654, 0.55, -4.68629],
			"to": [31.73654, 1.45, -3.68629],
			"rotation": {"angle": -22.5, "axis": "y", "origin": [7.91852, 1.5, -5.35355]},
			"faces": {
				"north": {"uv": [4.5, 4.75, 2.25, 4.875], "texture": "#1"},
				"east": {"uv": [4.125, 6.875, 4, 7], "texture": "#1"},
				"south": {"uv": [6.875, 4.75, 4.625, 4.875], "texture": "#1"},
				"west": {"uv": [7, 3.875, 6.875, 4], "texture": "#1"},
				"up": {"uv": [2.25, 5.125, 4.5, 5], "texture": "#1"},
				"down": {"uv": [4.625, 5, 6.875, 5.125], "texture": "#1"}
			}
		},
		{
			"from": [5.25126, 0.525, -0.03553],
			"to": [10.25126, 1.475, 0.96447],
			"rotation": {"angle": 45, "axis": "y", "origin": [7.91852, 1.5, -5.35355]},
			"faces": {
				"north": {"uv": [6.125, 0.75, 5.5, 0.875], "texture": "#1"},
				"east": {"uv": [5.5, 6.75, 5.375, 6.875], "texture": "#1"},
				"south": {"uv": [6.125, 1, 5.5, 1.125], "texture": "#1"},
				"west": {"uv": [5.25, 6.75, 5.125, 6.875], "texture": "#1"},
				"up": {"uv": [5.5, 1.375, 6.125, 1.25], "texture": "#1"},
				"down": {"uv": [5.5, 1.5, 6.125, 1.625], "texture": "#1"}
			}
		},
		{
			"from": [5.5, 0.5, -1],
			"to": [10.5, 1.5, 1],
			"rotation": {"angle": 0, "axis": "y", "origin": [8, 1.5, -5.5]},
			"faces": {
				"north": {"uv": [6.125, 0.25, 5.5, 0.375], "texture": "#1"},
				"east": {"uv": [6.875, 2.375, 6.625, 2.5], "texture": "#1"},
				"south": {"uv": [6.125, 0.5, 5.5, 0.625], "texture": "#1"},
				"west": {"uv": [6.875, 2.125, 6.625, 2.25], "texture": "#1"},
				"up": {"uv": [3, 5.5, 3.625, 5.25], "texture": "#1"},
				"down": {"uv": [5.25, 3, 5.875, 3.25], "texture": "#1"}
			}
		},
		{
			"from": [9, 0.5, 3],
			"to": [11, 1.5, 4],
			"rotation": {"angle": 0, "axis": "y", "origin": [16, 0.5, 0]},
			"faces": {
				"north": {"uv": [6.875, 2.625, 6.625, 2.75], "texture": "#1"},
				"east": {"uv": [0.375, 6.875, 0.25, 7], "texture": "#1"},
				"south": {"uv": [3, 6.625, 2.75, 6.75], "texture": "#1"},
				"west": {"uv": [6.75, 6.75, 6.625, 6.875], "texture": "#1"},
				"up": {"uv": [6.625, 3, 6.875, 2.875], "texture": "#1"},
				"down": {"uv": [3.125, 6.625, 3.375, 6.75], "texture": "#1"}
			}
		},
		{
			"from": [8.93642, 0.525, 0.6257],
			"to": [11.93642, 1.475, 1.6257],
			"rotation": {"angle": 22.5, "axis": "y", "origin": [15.93642, 0.5, -2.3743]},
			"faces": {
				"north": {"uv": [6.5, 2.5, 6.125, 2.625], "texture": "#1"},
				"east": {"uv": [0.875, 6.875, 0.75, 7], "texture": "#1"},
				"south": {"uv": [3.125, 6.125, 2.75, 6.25], "texture": "#1"},
				"west": {"uv": [0.625, 6.875, 0.5, 7], "texture": "#1"},
				"up": {"uv": [6.125, 2.875, 6.5, 2.75], "texture": "#1"},
				"down": {"uv": [6.125, 3.25, 6.5, 3.375], "texture": "#1"}
			}
		},
		{
			"from": [8.89296, 0.5, -1.92622],
			"to": [12.89296, 1.5, -0.92622],
			"rotation": {"angle": 45, "axis": "y", "origin": [15.89296, 0.5, -4.92622]},
			"faces": {
				"north": {"uv": [6, 1.75, 5.5, 1.875], "texture": "#1"},
				"east": {"uv": [1.375, 6.875, 1.25, 7], "texture": "#1"},
				"south": {"uv": [6, 2, 5.5, 2.125], "texture": "#1"},
				"west": {"uv": [1.125, 6.875, 1, 7], "texture": "#1"},
				"up": {"uv": [5.5, 2.375, 6, 2.25], "texture": "#1"},
				"down": {"uv": [5.5, 2.5, 6, 2.625], "texture": "#1"}
			}
		},
		{
			"from": [18.58333, 0.525, -4.97437],
			"to": [19.58333, 1.475, -0.97437],
			"rotation": {"angle": -22.5, "axis": "y", "origin": [15.58333, 0.5, -7.97437]},
			"faces": {
				"north": {"uv": [1.625, 6.875, 1.5, 7], "texture": "#1"},
				"east": {"uv": [4.25, 5.5, 3.75, 5.625], "texture": "#1"},
				"south": {"uv": [7, 1.5, 6.875, 1.625], "texture": "#1"},
				"west": {"uv": [6, 2.75, 5.5, 2.875], "texture": "#1"},
				"up": {"uv": [4.375, 6, 4.5, 5.5], "texture": "#1"},
				"down": {"uv": [5.125, 5.5, 5.25, 6], "texture": "#1"}
			}
		},
		{
			"from": [17.1308, 0.5, -7.672],
			"to": [18.1308, 1.5, -3.672],
			"rotation": {"angle": 0, "axis": "y", "origin": [14.1308, 0.5, -10.672]},
			"faces": {
				"north": {"uv": [2.125, 6.875, 2, 7], "texture": "#1"},
				"east": {"uv": [3.5, 5.625, 3, 5.75], "texture": "#1"},
				"south": {"uv": [2.75, 6.875, 2.625, 7], "texture": "#1"},
				"west": {"uv": [5.875, 5.5, 5.375, 5.625], "texture": "#1"},
				"up": {"uv": [3.625, 6.25, 3.75, 5.75], "texture": "#1"},
				"down": {"uv": [3.875, 5.75, 4, 6.25], "texture": "#1"}
			}
		},
		{
			"from": [14.7565, 0.525, -9.60842],
			"to": [15.7565, 1.475, -5.60842],
			"rotation": {"angle": 22.5, "axis": "y", "origin": [11.7565, 0.5, -12.60842]},
			"faces": {
				"north": {"uv": [3, 6.875, 2.875, 7], "texture": "#1"},
				"east": {"uv": [3.5, 5.875, 3, 6], "texture": "#1"},
				"south": {"uv": [3.25, 6.875, 3.125, 7], "texture": "#1"},
				"west": {"uv": [5.875, 5.75, 5.375, 5.875], "texture": "#1"},
				"up": {"uv": [4.125, 6.25, 4.25, 5.75], "texture": "#1"},
				"down": {"uv": [6, 5.25, 6.125, 5.75], "texture": "#1"}
			}
		},
		{
			"from": [11.82189, 0.5, -9.48883],
			"to": [12.82189, 1.5, -6.48883],
			"rotation": {"angle": 45, "axis": "y", "origin": [8.82189, 0.5, -13.48883]},
			"faces": {
				"north": {"uv": [7, 3.125, 6.875, 3.25], "texture": "#1"},
				"east": {"uv": [6.5, 3.75, 6.125, 3.875], "texture": "#1"},
				"south": {"uv": [3.5, 6.875, 3.375, 7], "texture": "#1"},
				"west": {"uv": [6.5, 3.5, 6.125, 3.625], "texture": "#1"},
				"up": {"uv": [3.25, 6.5, 3.375, 6.125], "texture": "#1"},
				"down": {"uv": [6.125, 4, 6.25, 4.375], "texture": "#1"}
			}
		}
	],
	"gui_light": "front",
	"display": {
		"thirdperson_righthand": {
			"rotation": [157.75, 0, 0],
			"translation": [-6, -18.75, 8.5],
			"scale": [1.6, 1.6, 1.6]
		},
		"thirdperson_lefthand": {
			"rotation": [157.75, 0, 0],
			"translation": [-6, -18.75, 8.5],
			"scale": [1.6, 1.6, 1.6]
		},
		"firstperson_righthand": {
			"rotation": [0, 9, 0],
			"translation": [0, 4.75, 1.25],
			"scale": [0, 0, 0]
		},
		"firstperson_lefthand": {
			"rotation": [0, 9, 0],
			"translation": [0, 4.75, 1.25],
			"scale": [0, 0, 0]
		},
		"ground": {
			"scale": [0.4, 0.4, 0.4]
		},
		"gui": {
			"rotation": [67.12, 44.76, -8.55],
			"translation": [-1.5, 2, 0],
			"scale": [0.28, 0.28, 0.28]
		},
		"head": {
			"rotation": [90, 0, 0],
			"translation": [0, -16.75, 23.75],
			"scale": [2.47, 2.48, 2.48]
		},
		"fixed": {
			"rotation": [88.69, -48.96, 176.97],
			"translation": [1.75, 2.25, -3.25],
			"scale": [0.34, 0.34, 0.34]
		}
	},
	"groups": [
		0,
		1,
		2,
		3,
		4,
		5,
		{
			"name": "group",
			"origin": [7.17811, 0, -13.48883],
			"color": 0,
			"children": [6, 7, 8, 9, 10, 11, 12]
		},
		{
			"name": "group",
			"origin": [7.17811, 0, -13.48883],
			"color": 0,
			"children": []
		},
		{
			"name": "group",
			"origin": [-5.38109, 1, 6.79997],
			"color": 0,
			"children": [13, 14, 15, 16, 17, 18, 19, 20]
		},
		{
			"name": "group",
			"origin": [8, 1, -5.5],
			"color": 0,
			"children": [21, 22, 23, 24, 25, 26]
		},
		{
			"name": "group",
			"origin": [8, 0, 0],
			"color": 0,
			"children": [27, 28, 29]
		},
		{
			"name": "group",
			"origin": [-5.38109, 1, 6.79997],
			"color": 0,
			"children": [30, 31, 32, 33, 34, 35, 36, 37]
		},
		{
			"name": "group",
			"origin": [8, 0, 0],
			"color": 0,
			"children": [38, 39, 40]
		},
		{
			"name": "group",
			"origin": [8, 1, -5.5],
			"color": 0,
			"children": [41, 42, 43, 44, 45, 46]
		},
		{
			"name": "group",
			"origin": [7.17811, 0, -13.48883],
			"color": 0,
			"children": [47, 48, 49, 50, 51, 52, 53]
		}
	]
}