{
	"credit": "Made with Blockbench",
	"texture_size": [128, 128],
	"textures": {
		"0": "cosmetics/glider_default_brown",
		"particle": "cosmetics/glider_default_brown"
	},
	"elements": [
		{
			"from": [7, 13, -16],
			"to": [9, 15, 32],
			"faces": {
				"north": {"uv": [6.875, 6.375, 7.125, 6.625], "texture": "#0"},
				"east": {"uv": [6.125, 0, 12.125, 0.25], "texture": "#0"},
				"south": {"uv": [0.375, 7.75, 0.625, 8], "texture": "#0"},
				"west": {"uv": [6.125, 0.375, 12.125, 0.625], "texture": "#0"},
				"up": {"uv": [6.375, 6.75, 6.125, 0.75], "texture": "#0"},
				"down": {"uv": [6.75, 0.75, 6.5, 6.75], "texture": "#0"}
			}
		},
		{
			"from": [3, 6.45, 2],
			"to": [13, 8.45, 4],
			"rotation": {"angle": 0, "axis": "y", "origin": [0, -0.55, 0]},
			"faces": {
				"north": {"uv": [6.875, 3.75, 8.125, 4], "texture": "#0"},
				"east": {"uv": [2.25, 7.75, 2.5, 8], "texture": "#0"},
				"south": {"uv": [6.875, 4.125, 8.125, 4.375], "texture": "#0"},
				"west": {"uv": [2.625, 7.75, 2.875, 8], "texture": "#0"},
				"up": {"uv": [8.125, 4.75, 6.875, 4.5], "texture": "#0"},
				"down": {"uv": [8.125, 4.875, 6.875, 5.125], "texture": "#0"}
			}
		},
		{
			"from": [11, 8.45, 2],
			"to": [13, 12.45, 4],
			"rotation": {"angle": 0, "axis": "y", "origin": [0, -0.55, 0]},
			"faces": {
				"north": {"uv": [6.125, 7.25, 6.375, 7.75], "texture": "#0"},
				"east": {"uv": [6.5, 7.25, 6.75, 7.75], "texture": "#0"},
				"south": {"uv": [6.875, 7.25, 7.125, 7.75], "texture": "#0"},
				"west": {"uv": [7.25, 7.25, 7.5, 7.75], "texture": "#0"},
				"up": {"uv": [4, 8, 3.75, 7.75], "texture": "#0"},
				"down": {"uv": [4.375, 7.75, 4.125, 8], "texture": "#0"}
			}
		},
		{
			"from": [3, 8.45, 2],
			"to": [5, 12.45, 4],
			"rotation": {"angle": 0, "axis": "y", "origin": [16, -0.55, 0]},
			"faces": {
				"north": {"uv": [7.5, 6.375, 7.75, 6.875], "texture": "#0"},
				"east": {"uv": [7.625, 7, 7.875, 7.5], "texture": "#0"},
				"south": {"uv": [7.625, 7.625, 7.875, 8.125], "texture": "#0"},
				"west": {"uv": [0, 7.75, 0.25, 8.25], "texture": "#0"},
				"up": {"uv": [4.75, 8, 4.5, 7.75], "texture": "#0"},
				"down": {"uv": [5.125, 7.75, 4.875, 8], "texture": "#0"}
			}
		},
		{
			"from": [3, 12.45, 2],
			"to": [13, 14.45, 4],
			"faces": {
				"north": {"uv": [6.875, 5.25, 8.125, 5.5], "texture": "#0"},
				"east": {"uv": [3, 7.75, 3.25, 8], "texture": "#0"},
				"south": {"uv": [6.875, 5.625, 8.125, 5.875], "texture": "#0"},
				"west": {"uv": [3.375, 7.75, 3.625, 8], "texture": "#0"},
				"up": {"uv": [8.125, 6.25, 6.875, 6], "texture": "#0"},
				"down": {"uv": [7.375, 6.875, 6.125, 7.125], "texture": "#0"}
			}
		},
		{
			"name": "flat",
			"from": [-16, 14, -16],
			"to": [32, 14, 14],
			"faces": {
				"north": {"uv": [7.875, 6.375, 13.875, 6.375], "texture": "#0"},
				"east": {"uv": [7.875, 6.5, 11.625, 6.5], "texture": "#0"},
				"south": {"uv": [7.875, 6.625, 13.875, 6.625], "texture": "#0"},
				"west": {"uv": [7.875, 6.75, 11.625, 6.75], "texture": "#0"},
				"up": {"uv": [6, 3.75, 0, 0], "texture": "#0"},
				"down": {"uv": [6, 3.875, 0, 7.625], "texture": "#0"}
			}
		},
		{
			"from": [-15.74544, 13.025, -11.69291],
			"to": [8.25456, 14.975, -9.69291],
			"rotation": {"angle": 22.5, "axis": "y", "origin": [-3.19931, 14, -10.69291]},
			"faces": {
				"north": {"uv": [6.875, 0.75, 9.875, 1], "texture": "#0"},
				"east": {"uv": [0.75, 7.75, 1, 8], "texture": "#0"},
				"south": {"uv": [6.875, 1.125, 9.875, 1.375], "texture": "#0"},
				"west": {"uv": [1.125, 7.75, 1.375, 8], "texture": "#0"},
				"up": {"uv": [9.875, 1.75, 6.875, 1.5], "texture": "#0"},
				"down": {"uv": [9.875, 1.875, 6.875, 2.125], "texture": "#0"}
			}
		},
		{
			"from": [7.74544, 13.025, -11.69291],
			"to": [31.74544, 14.975, -9.69291],
			"rotation": {"angle": -22.5, "axis": "y", "origin": [19.19931, 14, -10.69291]},
			"faces": {
				"north": {"uv": [6.875, 2.25, 9.875, 2.5], "texture": "#0"},
				"east": {"uv": [1.5, 7.75, 1.75, 8], "texture": "#0"},
				"south": {"uv": [6.875, 2.625, 9.875, 2.875], "texture": "#0"},
				"west": {"uv": [1.875, 7.75, 2.125, 8], "texture": "#0"},
				"up": {"uv": [9.875, 3.25, 6.875, 3], "texture": "#0"},
				"down": {"uv": [9.875, 3.375, 6.875, 3.625], "texture": "#0"}
			}
		}
	],
	"gui_light": "front",
	"display": {
		"thirdperson_righthand": {
			"rotation": [-1, 0, 0],
			"translation": [0, -1.5, 3],
			"scale": [0.3, 0.3, 0.3]
		},
		"thirdperson_lefthand": {
			"rotation": [-1, 0, 0],
			"translation": [0, -1.5, 3],
			"scale": [0.3, 0.3, 0.3]
		},
		"firstperson_righthand": {
			"translation": [0, -1.25, 0],
			"scale": [0.3, 0.3, 0.3]
		},
		"firstperson_lefthand": {
			"translation": [0, -1.25, 0],
			"scale": [0.3, 0.3, 0.3]
		},
		"ground": {
			"scale": [0.3, 0.3, 0.3]
		},
		"gui": {
			"rotation": [52.22, 34.85, -16.8],
			"translation": [0.5, -1.5, 0],
			"scale": [0.3, 0.3, 0.3]
		},
		"head": {
			"rotation": [90, 0, 0],
			"translation": [0, -31.75, -4.75],
			"scale": [2, 2, 2]
		},
		"fixed": {
			"rotation": [90, 0, -180],
			"translation": [0, 0, 2.5],
			"scale": [0.3, 0.3, 0.3]
		}
	}
}