{
	"credit": "Made with Blockbench",
	"texture_size": [32, 32],
	"textures": {
		"1": "cosmetics/halo_anim",
		"particle": "cosmetics/halo_anim"
	},
	"elements": [
		{
			"from": [5.5, 11, 3.5],
			"to": [10.5, 12, 4.5],
			"faces": {
				"north": {"uv": [0, 0, 2.5, 0.5], "texture": "#1"},
				"east": {"uv": [8, 5, 8.5, 5.5], "texture": "#1"},
				"south": {"uv": [0, 1, 2.5, 1.5], "texture": "#1"},
				"west": {"uv": [7, 8, 7.5, 8.5], "texture": "#1"},
				"up": {"uv": [2.5, 2.5, 0, 2], "texture": "#1"},
				"down": {"uv": [2.5, 3, 0, 3.5], "texture": "#1"}
			}
		},
		{
			"from": [3.58579, 11.025, 5.12132],
			"to": [6.58579, 11.975, 6.12132],
			"rotation": {"angle": 45, "axis": "y", "origin": [4.08579, 11.5, 5.62132]},
			"faces": {
				"north": {"uv": [3, 6, 4.5, 6.5], "texture": "#1"},
				"east": {"uv": [9, 2, 9.5, 2.5], "texture": "#1"},
				"south": {"uv": [6, 3, 7.5, 3.5], "texture": "#1"},
				"west": {"uv": [3, 9, 3.5, 9.5], "texture": "#1"},
				"up": {"uv": [7.5, 4.5, 6, 4], "texture": "#1"},
				"down": {"uv": [6.5, 6, 5, 6.5], "texture": "#1"}
			}
		},
		{
			"from": [9.41421, 11.025, 5.12132],
			"to": [12.41421, 11.975, 6.12132],
			"rotation": {"angle": -45, "axis": "y", "origin": [11.91421, 11.5, 5.62132]},
			"faces": {
				"north": {"uv": [7, 0, 8.5, 0.5], "texture": "#1"},
				"east": {"uv": [4, 9, 4.5, 9.5], "texture": "#1"},
				"south": {"uv": [7, 1, 8.5, 1.5], "texture": "#1"},
				"west": {"uv": [5, 9, 5.5, 9.5], "texture": "#1"},
				"up": {"uv": [8.5, 2.5, 7, 2], "texture": "#1"},
				"down": {"uv": [4.5, 7, 3, 7.5], "texture": "#1"}
			}
		},
		{
			"from": [9.41421, 11.025, 10.12868],
			"to": [12.41421, 11.975, 11.12868],
			"rotation": {"angle": 45, "axis": "y", "origin": [11.91421, 11.5, 10.62868]},
			"faces": {
				"north": {"uv": [3, 8, 4.5, 8.5], "texture": "#1"},
				"east": {"uv": [9, 6, 9.5, 6.5], "texture": "#1"},
				"south": {"uv": [8, 3, 9.5, 3.5], "texture": "#1"},
				"west": {"uv": [7, 9, 7.5, 9.5], "texture": "#1"},
				"up": {"uv": [9.5, 4.5, 8, 4], "texture": "#1"},
				"down": {"uv": [6.5, 8, 5, 8.5], "texture": "#1"}
			}
		},
		{
			"from": [3.58579, 11.025, 10.12868],
			"to": [6.58579, 11.975, 11.12868],
			"rotation": {"angle": -45, "axis": "y", "origin": [4.08579, 11.5, 10.62868]},
			"faces": {
				"north": {"uv": [5, 7, 6.5, 7.5], "texture": "#1"},
				"east": {"uv": [9, 5, 9.5, 5.5], "texture": "#1"},
				"south": {"uv": [7, 6, 8.5, 6.5], "texture": "#1"},
				"west": {"uv": [6, 9, 6.5, 9.5], "texture": "#1"},
				"up": {"uv": [8.5, 7.5, 7, 7], "texture": "#1"},
				"down": {"uv": [1.5, 8, 0, 8.5], "texture": "#1"}
			}
		},
		{
			"from": [5.5, 11, 11.75],
			"to": [10.5, 12, 12.75],
			"rotation": {"angle": 0, "axis": "y", "origin": [0, 0, 16.25]},
			"faces": {
				"north": {"uv": [3, 0, 5.5, 0.5], "texture": "#1"},
				"east": {"uv": [8, 8, 8.5, 8.5], "texture": "#1"},
				"south": {"uv": [3, 1, 5.5, 1.5], "texture": "#1"},
				"west": {"uv": [0, 9, 0.5, 9.5], "texture": "#1"},
				"up": {"uv": [5.5, 2.5, 3, 2], "texture": "#1"},
				"down": {"uv": [5.5, 3, 3, 3.5], "texture": "#1"}
			}
		},
		{
			"from": [3.37868, 11, 5.62132],
			"to": [4.37868, 12, 10.62132],
			"rotation": {"angle": 0, "axis": "y", "origin": [-0.12132, 0, 16.12132]},
			"faces": {
				"north": {"uv": [9, 0, 9.5, 0.5], "texture": "#1"},
				"east": {"uv": [0, 4, 2.5, 4.5], "texture": "#1"},
				"south": {"uv": [1, 9, 1.5, 9.5], "texture": "#1"},
				"west": {"uv": [3, 4, 5.5, 4.5], "texture": "#1"},
				"up": {"uv": [0.5, 7.5, 0, 5], "texture": "#1"},
				"down": {"uv": [1.5, 5, 1, 7.5], "texture": "#1"}
			}
		},
		{
			"from": [11.62132, 11, 5.62132],
			"to": [12.62132, 12, 10.62132],
			"rotation": {"angle": 0, "axis": "y", "origin": [16.12132, 0, 16.12132]},
			"faces": {
				"north": {"uv": [9, 1, 9.5, 1.5], "texture": "#1"},
				"east": {"uv": [2, 5, 4.5, 5.5], "texture": "#1"},
				"south": {"uv": [2, 9, 2.5, 9.5], "texture": "#1"},
				"west": {"uv": [5, 5, 7.5, 5.5], "texture": "#1"},
				"up": {"uv": [6.5, 2.5, 6, 0], "texture": "#1"},
				"down": {"uv": [2.5, 6, 2, 8.5], "texture": "#1"}
			}
		}
	],
	"gui_light": "front",
	"display": {
		"thirdperson_righthand": {
			"translation": [-2.5, -3.25, 0],
			"scale": [0.8, 0.8, 0.8]
		},
		"thirdperson_lefthand": {
			"translation": [-2.5, -3.25, 0],
			"scale": [0.8, 0.8, 0.8]
		},
		"firstperson_righthand": {
			"translation": [0, -3.25, 0],
			"scale": [0.8, 0.8, 0.8]
		},
		"firstperson_lefthand": {
			"translation": [0, -3.25, 0],
			"scale": [0.8, 0.8, 0.8]
		},
		"ground": {
			"translation": [0, -3.75, 0],
			"scale": [0.8, 0.8, 0.8]
		},
		"gui": {
			"rotation": [30.54, -24.2, 1.51],
			"translation": [0.5, -3.25, 0],
			"scale": [1.2, 1.2, 1.2]
		},
		"head": {
			"translation": [0, 7, 0],
			"scale": [1.5, 1.5, 1.5]
		},
		"fixed": {
			"translation": [0, -4.75, -4.75],
			"scale": [1.2, 1.2, 1.2]
		}
	}
}