{
	"credit": "Made with Blockbench",
	"texture_size": [128, 128],
	"textures": {
		"0": "cosmetics/kabuto",
		"particle": "cosmetics/kabuto"
	},
	"elements": [
		{
			"from": [3.5, 7, 3.5],
			"to": [12.5, 12, 12.5],
			"faces": {
				"north": {"uv": [1, 3.875, 2.125, 4.5], "texture": "#0"},
				"east": {"uv": [4.125, 0, 5.25, 0.625], "texture": "#0"},
				"south": {"uv": [4.125, 0.75, 5.25, 1.375], "texture": "#0"},
				"west": {"uv": [4.25, 1.5, 5.375, 2.125], "texture": "#0"},
				"up": {"uv": [1.125, 1.125, 0, 0], "texture": "#0"},
				"down": {"uv": [1.125, 1.25, 0, 2.375], "texture": "#0"}
			}
		},
		{
			"from": [6.5, 12, 6.5],
			"to": [9.5, 13, 9.5],
			"faces": {
				"north": {"uv": [2.25, 3.875, 2.625, 4], "texture": "#0"},
				"east": {"uv": [4.25, 2.875, 4.625, 3], "texture": "#0"},
				"south": {"uv": [3, 5.375, 3.375, 5.5], "texture": "#0"},
				"west": {"uv": [4.25, 5.5, 4.625, 5.625], "texture": "#0"},
				"up": {"uv": [1.125, 2.875, 0.75, 2.5], "texture": "#0"},
				"down": {"uv": [4.625, 5, 4.25, 5.375], "texture": "#0"}
			}
		},
		{
			"from": [3, 5, 3],
			"to": [13, 8, 4],
			"rotation": {"angle": 22.5, "axis": "x", "origin": [7.5, 6.5, 3.5]},
			"faces": {
				"north": {"uv": [4.75, 4.375, 6, 4.75], "texture": "#0"},
				"east": {"uv": [3.875, 1, 4, 1.375], "texture": "#0"},
				"south": {"uv": [2.125, 4.875, 3.375, 5.25], "texture": "#0"},
				"west": {"uv": [0.75, 4.875, 0.875, 5.25], "texture": "#0"},
				"up": {"uv": [7.375, 0.125, 6.125, 0], "texture": "#0"},
				"down": {"uv": [7.375, 0.25, 6.125, 0.375], "texture": "#0"}
			}
		},
		{
			"from": [12, 0, 7],
			"to": [13, 9, 8],
			"rotation": {"angle": 22.5, "axis": "x", "origin": [7.5, 6.5, 3.5]},
			"faces": {
				"north": {"uv": [2.625, 6.125, 2.75, 7.25], "texture": "#0"},
				"east": {"uv": [5.5, 6.125, 5.625, 7.25], "texture": "#0"},
				"south": {"uv": [5.75, 6.125, 5.875, 7.25], "texture": "#0"},
				"west": {"uv": [6, 6.125, 6.125, 7.25], "texture": "#0"},
				"up": {"uv": [7.125, 7, 7, 6.875], "texture": "#0"},
				"down": {"uv": [7.25, 4.5, 7.125, 4.625], "texture": "#0"}
			}
		},
		{
			"from": [3, 0, 7],
			"to": [4, 9, 8],
			"rotation": {"angle": 22.5, "axis": "x", "origin": [8.5, 6.5, 3.5]},
			"faces": {
				"north": {"uv": [2.875, 6.25, 3, 7.375], "texture": "#0"},
				"east": {"uv": [3.125, 6.25, 3.25, 7.375], "texture": "#0"},
				"south": {"uv": [3.375, 6.25, 3.5, 7.375], "texture": "#0"},
				"west": {"uv": [3.625, 6.25, 3.75, 7.375], "texture": "#0"},
				"up": {"uv": [7.25, 4.875, 7.125, 4.75], "texture": "#0"},
				"down": {"uv": [6.625, 7.125, 6.5, 7.25], "texture": "#0"}
			}
		},
		{
			"from": [4, 0, 7],
			"to": [12, 1, 8],
			"rotation": {"angle": 22.5, "axis": "x", "origin": [8.5, 6.5, 3.5]},
			"faces": {
				"north": {"uv": [6.125, 0.75, 7.125, 0.875], "texture": "#0"},
				"east": {"uv": [7, 7.125, 7.125, 7.25], "texture": "#0"},
				"south": {"uv": [6.125, 1, 7.125, 1.125], "texture": "#0"},
				"west": {"uv": [7.25, 0.75, 7.375, 0.875], "texture": "#0"},
				"up": {"uv": [7.125, 1.375, 6.125, 1.25], "texture": "#0"},
				"down": {"uv": [7.125, 4.25, 6.125, 4.375], "texture": "#0"}
			}
		},
		{
			"from": [3, 4.97487, 9.67462],
			"to": [13, 8.97487, 10.67462],
			"rotation": {"angle": -45, "axis": "x", "origin": [8, 9.97487, 10.92462]},
			"faces": {
				"north": {"uv": [2.25, 4.25, 3.5, 4.75], "texture": "#0"},
				"east": {"uv": [6.75, 6.75, 6.875, 7.25], "texture": "#0"},
				"south": {"uv": [4.25, 2.25, 5.5, 2.75], "texture": "#0"},
				"west": {"uv": [6.875, 4.5, 7, 5], "texture": "#0"},
				"up": {"uv": [7.375, 0.625, 6.125, 0.5], "texture": "#0"},
				"down": {"uv": [2, 6.125, 0.75, 6.25], "texture": "#0"}
			}
		},
		{
			"from": [5.5, 1.22487, 6.67462],
			"to": [6.5, 5.22487, 12.67462],
			"rotation": {"angle": -45, "axis": "z", "origin": [8, 8.97487, 10.92462]},
			"faces": {
				"north": {"uv": [7, 1.5, 7.125, 2], "texture": "#0"},
				"east": {"uv": [5.5, 1.5, 6.25, 2], "texture": "#0"},
				"south": {"uv": [7, 3, 7.125, 3.5], "texture": "#0"},
				"west": {"uv": [5.5, 4.875, 6.25, 5.375], "texture": "#0"},
				"up": {"uv": [1.625, 7.125, 1.5, 6.375], "texture": "#0"},
				"down": {"uv": [1.875, 6.375, 1.75, 7.125], "texture": "#0"}
			}
		},
		{
			"from": [10.53283, 11.19238, 3],
			"to": [17.53283, 18.19238, 3],
			"rotation": {"angle": 22.5, "axis": "z", "origin": [10.53283, 10.69238, 3]},
			"faces": {
				"north": {"uv": [3.75, 3.25, 4.625, 4.125], "texture": "#0"},
				"east": {"uv": [6.25, 7.25, 6.25, 8.125], "texture": "#0"},
				"south": {"uv": [0, 3.875, 0.875, 4.75], "texture": "#0"},
				"west": {"uv": [6.375, 7.25, 6.375, 8.125], "texture": "#0"},
				"up": {"uv": [8.125, 2.625, 7.25, 2.625], "texture": "#0"},
				"down": {"uv": [8.125, 3, 7.25, 3], "texture": "#0"}
			}
		},
		{
			"from": [9.53283, 8.19238, 2.525],
			"to": [11.53283, 15.19238, 3.475],
			"rotation": {"angle": -22.5, "axis": "z", "origin": [10.53283, 10.69238, 3]},
			"faces": {
				"north": {"uv": [0, 5.625, 0.25, 6.5], "texture": "#0"},
				"east": {"uv": [6.25, 3, 6.375, 3.875], "texture": "#0"},
				"south": {"uv": [0.375, 5.625, 0.625, 6.5], "texture": "#0"},
				"west": {"uv": [0.75, 6.375, 0.875, 7.25], "texture": "#0"},
				"up": {"uv": [7.25, 2.25, 7, 2.125], "texture": "#0"},
				"down": {"uv": [7.25, 6.125, 7, 6.25], "texture": "#0"}
			}
		},
		{
			"from": [5.5, 8, 2.5],
			"to": [10.5, 10, 3.5],
			"faces": {
				"north": {"uv": [0, 2.5, 0.625, 2.75], "texture": "#0"},
				"east": {"uv": [6.125, 4.5, 6.25, 4.75], "texture": "#0"},
				"south": {"uv": [3.125, 1, 3.75, 1.25], "texture": "#0"},
				"west": {"uv": [7, 5.75, 7.125, 6], "texture": "#0"},
				"up": {"uv": [7.125, 2.5, 6.5, 2.375], "texture": "#0"},
				"down": {"uv": [7.375, 3.75, 6.75, 3.875], "texture": "#0"}
			}
		},
		{
			"from": [4.46717, 8.19238, 2.525],
			"to": [6.46717, 15.19238, 3.475],
			"rotation": {"angle": 22.5, "axis": "z", "origin": [5.46717, 10.69238, 3]},
			"faces": {
				"north": {"uv": [4.875, 5.625, 5.125, 6.5], "texture": "#0"},
				"east": {"uv": [1, 6.375, 1.125, 7.25], "texture": "#0"},
				"south": {"uv": [5.875, 3, 6.125, 3.875], "texture": "#0"},
				"west": {"uv": [1.25, 6.375, 1.375, 7.25], "texture": "#0"},
				"up": {"uv": [7.25, 6.5, 7, 6.375], "texture": "#0"},
				"down": {"uv": [7.25, 6.625, 7, 6.75], "texture": "#0"}
			}
		},
		{
			"from": [-1.53283, 11.19238, 3],
			"to": [5.46717, 18.19238, 3],
			"rotation": {"angle": -22.5, "axis": "z", "origin": [5.46717, 10.69238, 3]},
			"faces": {
				"north": {"uv": [3.125, 0, 4, 0.875], "texture": "#0"},
				"east": {"uv": [1.875, 7.25, 1.875, 8.125], "texture": "#0"},
				"south": {"uv": [2.75, 3.25, 3.625, 4.125], "texture": "#0"},
				"west": {"uv": [7.25, 5.125, 7.25, 6], "texture": "#0"},
				"up": {"uv": [8.125, 2.375, 7.25, 2.375], "texture": "#0"},
				"down": {"uv": [8.125, 2.5, 7.25, 2.5], "texture": "#0"}
			}
		},
		{
			"from": [-5.32276, 6.22487, 5.64913],
			"to": [-0.32276, 11.22487, 5.67413],
			"rotation": {"angle": 22.5, "axis": "y", "origin": [-2.82276, 7.22487, 5.64913]},
			"faces": {
				"north": {"uv": [3.5, 5, 4.125, 5.625], "texture": "#0"},
				"east": {"uv": [5.375, 7, 5.375, 7.625], "texture": "#0"},
				"south": {"uv": [5.375, 0, 6, 0.625], "texture": "#0"},
				"west": {"uv": [2, 7.125, 2, 7.75], "texture": "#0"},
				"up": {"uv": [7.125, 2.625, 6.5, 2.625], "texture": "#0"},
				"down": {"uv": [7.625, 3.625, 7, 3.625], "texture": "#0"}
			}
		},
		{
			"from": [-2.25, 5.22487, 8.42462],
			"to": [2.75, 10.22487, 8.44962],
			"rotation": {"angle": -22.5, "axis": "y", "origin": [8, 8.97487, 10.92462]},
			"faces": {
				"north": {"uv": [0, 4.875, 0.625, 5.5], "texture": "#0"},
				"east": {"uv": [2, 6.375, 2, 7], "texture": "#0"},
				"south": {"uv": [4.75, 4.875, 5.375, 5.5], "texture": "#0"},
				"west": {"uv": [6.375, 5.375, 6.375, 6], "texture": "#0"},
				"up": {"uv": [0.625, 2.875, 0, 2.875], "texture": "#0"},
				"down": {"uv": [3.75, 1.375, 3.125, 1.375], "texture": "#0"}
			}
		},
		{
			"from": [13.25, 5.22487, 8.42462],
			"to": [18.25, 10.22487, 8.44962],
			"rotation": {"angle": 22.5, "axis": "y", "origin": [8, 8.97487, 10.92462]},
			"faces": {
				"north": {"uv": [0.625, 4.875, 0, 5.5], "texture": "#0"},
				"east": {"uv": [6.375, 5.375, 6.375, 6], "texture": "#0"},
				"south": {"uv": [5.375, 4.875, 4.75, 5.5], "texture": "#0"},
				"west": {"uv": [2, 6.375, 2, 7], "texture": "#0"},
				"up": {"uv": [0, 2.875, 0.625, 2.875], "texture": "#0"},
				"down": {"uv": [3.125, 1.375, 3.75, 1.375], "texture": "#0"}
			}
		},
		{
			"from": [16.32276, 6.22487, 5.64913],
			"to": [21.32276, 11.22487, 5.67413],
			"rotation": {"angle": -22.5, "axis": "y", "origin": [18.82276, 7.22487, 5.64913]},
			"faces": {
				"north": {"uv": [4.125, 5, 3.5, 5.625], "texture": "#0"},
				"east": {"uv": [2, 7.125, 2, 7.75], "texture": "#0"},
				"south": {"uv": [6, 0, 5.375, 0.625], "texture": "#0"},
				"west": {"uv": [5.375, 7, 5.375, 7.625], "texture": "#0"},
				"up": {"uv": [6.5, 2.625, 7.125, 2.625], "texture": "#0"},
				"down": {"uv": [7, 3.625, 7.625, 3.625], "texture": "#0"}
			}
		},
		{
			"from": [6.5, -1.77513, 5.67462],
			"to": [7.5, 3.22487, 13.67462],
			"rotation": {"angle": -45, "axis": "z", "origin": [8, 8.97487, 10.92462]},
			"faces": {
				"north": {"uv": [6.75, 1.5, 6.875, 2.125], "texture": "#0"},
				"east": {"uv": [3.625, 4.25, 4.625, 4.875], "texture": "#0"},
				"south": {"uv": [6.75, 3, 6.875, 3.625], "texture": "#0"},
				"west": {"uv": [1, 4.625, 2, 5.25], "texture": "#0"},
				"up": {"uv": [4, 7.25, 3.875, 6.25], "texture": "#0"},
				"down": {"uv": [4.25, 6.25, 4.125, 7.25], "texture": "#0"}
			}
		},
		{
			"from": [7.5, -5.77513, 4.67462],
			"to": [8.5, 0.22487, 14.67462],
			"rotation": {"angle": -45, "axis": "z", "origin": [8, 8.97487, 10.92462]},
			"faces": {
				"north": {"uv": [6.375, 4.5, 6.5, 5.25], "texture": "#0"},
				"east": {"uv": [2.875, 1.5, 4.125, 2.25], "texture": "#0"},
				"south": {"uv": [6.5, 1.5, 6.625, 2.25], "texture": "#0"},
				"west": {"uv": [2.875, 2.375, 4.125, 3.125], "texture": "#0"},
				"up": {"uv": [5.375, 6.875, 5.25, 5.625], "texture": "#0"},
				"down": {"uv": [4.75, 6, 4.625, 7.25], "texture": "#0"}
			}
		},
		{
			"from": [7.5, -5.77513, 4.67462],
			"to": [8.5, 0.22487, 14.67462],
			"rotation": {"angle": 45, "axis": "z", "origin": [8, 8.97487, 10.92462]},
			"faces": {
				"north": {"uv": [6.5, 4.5, 6.375, 5.25], "texture": "#0"},
				"east": {"uv": [4.125, 2.375, 2.875, 3.125], "texture": "#0"},
				"south": {"uv": [6.625, 1.5, 6.5, 2.25], "texture": "#0"},
				"west": {"uv": [4.125, 1.5, 2.875, 2.25], "texture": "#0"},
				"up": {"uv": [5.25, 6.875, 5.375, 5.625], "texture": "#0"},
				"down": {"uv": [4.625, 6, 4.75, 7.25], "texture": "#0"}
			}
		},
		{
			"from": [8.5, -1.77513, 5.67462],
			"to": [9.5, 3.22487, 13.67462],
			"rotation": {"angle": 45, "axis": "z", "origin": [8, 8.97487, 10.92462]},
			"faces": {
				"north": {"uv": [6.75, 5.25, 6.875, 5.875], "texture": "#0"},
				"east": {"uv": [4.75, 2.875, 5.75, 3.5], "texture": "#0"},
				"south": {"uv": [6.75, 6, 6.875, 6.625], "texture": "#0"},
				"west": {"uv": [4.75, 3.625, 5.75, 4.25], "texture": "#0"},
				"up": {"uv": [4.5, 7.25, 4.375, 6.25], "texture": "#0"},
				"down": {"uv": [6.375, 6.125, 6.25, 7.125], "texture": "#0"}
			}
		},
		{
			"from": [9.5, 1.22487, 6.67462],
			"to": [10.5, 5.22487, 12.67462],
			"rotation": {"angle": 45, "axis": "z", "origin": [8, 8.97487, 10.92462]},
			"faces": {
				"north": {"uv": [5.125, 7, 5.25, 7.5], "texture": "#0"},
				"east": {"uv": [5.5, 5.5, 6.25, 6], "texture": "#0"},
				"south": {"uv": [7, 5.125, 7.125, 5.625], "texture": "#0"},
				"west": {"uv": [5.625, 2.125, 6.375, 2.625], "texture": "#0"},
				"up": {"uv": [6.625, 3.75, 6.5, 3], "texture": "#0"},
				"down": {"uv": [6.625, 5.375, 6.5, 6.125], "texture": "#0"}
			}
		},
		{
			"from": [2, 1.97487, 8.67462],
			"to": [14, 6.97487, 9.67462],
			"rotation": {"angle": -45, "axis": "x", "origin": [8, 9.97487, 10.92462]},
			"faces": {
				"north": {"uv": [1.25, 1.5, 2.75, 2.125], "texture": "#0"},
				"east": {"uv": [0.25, 6.625, 0.375, 7.25], "texture": "#0"},
				"south": {"uv": [1.25, 2.25, 2.75, 2.875], "texture": "#0"},
				"west": {"uv": [0.5, 6.625, 0.625, 7.25], "texture": "#0"},
				"up": {"uv": [7.375, 4.125, 5.875, 4], "texture": "#0"},
				"down": {"uv": [4.5, 6, 3, 6.125], "texture": "#0"}
			}
		},
		{
			"from": [1, -1.02513, 7.67462],
			"to": [15, 3.97487, 8.67462],
			"rotation": {"angle": -45, "axis": "x", "origin": [8, 9.97487, 10.92462]},
			"faces": {
				"north": {"uv": [1.25, 0, 3, 0.625], "texture": "#0"},
				"east": {"uv": [6.625, 4.5, 6.75, 5.125], "texture": "#0"},
				"south": {"uv": [1.25, 0.75, 3, 1.375], "texture": "#0"},
				"west": {"uv": [4.875, 6.625, 5, 7.25], "texture": "#0"},
				"up": {"uv": [4.75, 5.875, 3, 5.75], "texture": "#0"},
				"down": {"uv": [7.625, 2.75, 5.875, 2.875], "texture": "#0"}
			}
		}
	],
	"gui_light": "front",
	"display": {
		"thirdperson_righthand": {
			"translation": [-3, 0, 0],
			"scale": [0.7, 0.7, 0.7]
		},
		"thirdperson_lefthand": {
			"translation": [-3, 0, 0],
			"scale": [0.7, 0.7, 0.7]
		},
		"firstperson_righthand": {
			"rotation": [-180, 63.75, -180],
			"translation": [0, 1, 0],
			"scale": [0.5, 0.5, 0.5]
		},
		"firstperson_lefthand": {
			"rotation": [-180, 63.75, -180],
			"translation": [0, 1, 0],
			"scale": [0.5, 0.5, 0.5]
		},
		"ground": {
			"translation": [0, 1, 0],
			"scale": [0.5, 0.5, 0.5]
		},
		"gui": {
			"rotation": [-172, 12.74, 179.07],
			"scale": [0.6, 0.6, 0.6]
		},
		"head": {
			"translation": [0, 6.25, 0],
			"scale": [1.61, 1.61, 1.61]
		},
		"fixed": {
			"translation": [0, 0, -4.75],
			"scale": [0.8, 0.8, 0.8]
		}
	},
	"groups": [
		{
			"name": "group",
			"origin": [8, 8.97487, 10.92462],
			"color": 0,
			"children": [
				0,
				1,
				2,
				3,
				4,
				5,
				6,
				7,
				{
					"name": "group",
					"origin": [18.82276, 7.22487, 5.64913],
					"color": 0,
					"children": [8, 9, 10, 11, 12, 13, 14, 15, 16]
				},
				17,
				18,
				19,
				20,
				21,
				22,
				23
			]
		}
	]
}