{
	"credit": "Made with Blockbench",
	"texture_size": [64, 64],
	"textures": {
		"0": "cosmetics/mushroom_hat",
		"particle": "cosmetics/mushroom_hat"
	},
	"elements": [
		{
			"from": [-1, 10, -1],
			"to": [17, 13, 17],
			"faces": {
				"north": {"uv": [4.75, 5.5, 9.25, 6.25], "texture": "#0"},
				"east": {"uv": [4.75, 6.5, 9.25, 7.25], "texture": "#0"},
				"south": {"uv": [7.5, 0, 12, 0.75], "texture": "#0"},
				"west": {"uv": [7.5, 1, 12, 1.75], "texture": "#0"},
				"up": {"uv": [4.5, 4.5, 0, 0], "texture": "#0"},
				"down": {"uv": [4.5, 4.75, 0, 9.25], "texture": "#0"}
			}
		},
		{
			"from": [3, 13, 3],
			"to": [13, 15, 13],
			"faces": {
				"north": {"uv": [7.5, 2, 10, 2.5], "texture": "#0"},
				"east": {"uv": [7.5, 2.75, 10, 3.25], "texture": "#0"},
				"south": {"uv": [7.5, 3.5, 10, 4], "texture": "#0"},
				"west": {"uv": [7.5, 4.25, 10, 4.75], "texture": "#0"},
				"up": {"uv": [7.25, 2.5, 4.75, 0], "texture": "#0"},
				"down": {"uv": [7.25, 2.75, 4.75, 5.25], "texture": "#0"}
			}
		}
	],
	"gui_light": "front",
	"display": {
		"thirdperson_righthand": {
			"rotation": [12.58, -14.89, 10.24],
			"translation": [-2.5, -3.5, -1.5],
			"scale": [0.4, 0.4, 0.4]
		},
		"thirdperson_lefthand": {
			"rotation": [12.58, -14.89, 10.24],
			"translation": [-2.5, -3.5, -1.5],
			"scale": [0.4, 0.4, 0.4]
		},
		"firstperson_righthand": {
			"rotation": [6.77, 17.58, 11.11],
			"scale": [0.4, 0.4, 0.4]
		},
		"firstperson_lefthand": {
			"rotation": [6.77, 17.58, 11.11],
			"scale": [0.4, 0.4, 0.4]
		},
		"ground": {
			"scale": [0.4, 0.4, 0.4]
		},
		"gui": {
			"rotation": [-156.5, 24.75, -180],
			"translation": [0, -2.75, 0],
			"scale": [0.6, 0.6, 0.6]
		},
		"head": {
			"rotation": [4, 0, 0],
			"translation": [0, -2.5, -0.25],
			"scale": [1.61, 1.61, 1.61]
		},
		"fixed": {
			"rotation": [-33.5, 0, 0],
			"translation": [0, -3, -2.5],
			"scale": [0.7, 0.7, 0.7]
		}
	}
}