{
	"credit": "Made with Blockbench",
	"texture_size": [32, 32],
	"textures": {
		"0": "cosmetics/newsboy_hat",
		"particle": "cosmetics/newsboy_hat"
	},
	"elements": [
		{
			"from": [3.5, 9.025, 3.5],
			"to": [12.5, 13.025, 7.5],
			"faces": {
				"north": {"uv": [5.5, 9, 10, 11], "texture": "#0"},
				"east": {"uv": [5, 11.5, 7, 13.5], "texture": "#0"},
				"south": {"uv": [0, 10, 4.5, 12], "texture": "#0"},
				"west": {"uv": [7.5, 11.5, 9.5, 13.5], "texture": "#0"},
				"up": {"uv": [15, 11, 10.5, 9], "texture": "#0"},
				"down": {"uv": [15.5, 0, 11, 2], "texture": "#0"}
			}
		},
		{
			"from": [3, 9, 2.5],
			"to": [13, 9, 7.5],
			"faces": {
				"north": {"uv": [11, 8.5, 16, 8.5], "texture": "#0"},
				"east": {"uv": [10, 12.5, 12.5, 12.5], "texture": "#0"},
				"south": {"uv": [10, 13, 15, 13], "texture": "#0"},
				"west": {"uv": [13, 11.5, 15.5, 11.5], "texture": "#0"},
				"up": {"uv": [10.5, 8.5, 5.5, 6], "texture": "#0"},
				"down": {"uv": [5, 7, 0, 9.5], "texture": "#0"}
			}
		},
		{
			"from": [3, 9, 7.5],
			"to": [13, 14, 13.5],
			"faces": {
				"north": {"uv": [5.5, 0, 10.5, 2.5], "texture": "#0"},
				"east": {"uv": [11, 2.5, 14, 5], "texture": "#0"},
				"south": {"uv": [5.5, 3, 10.5, 5.5], "texture": "#0"},
				"west": {"uv": [11, 5.5, 14, 8], "texture": "#0"},
				"up": {"uv": [5, 3, 0, 0], "texture": "#0"},
				"down": {"uv": [5, 3.5, 0, 6.5], "texture": "#0"}
			}
		},
		{
			"from": [7.5, 13.5, 8],
			"to": [8.5, 14.5, 9],
			"faces": {
				"north": {"uv": [10, 11.5, 10.5, 12], "texture": "#0"},
				"east": {"uv": [11, 11.5, 11.5, 12], "texture": "#0"},
				"south": {"uv": [12, 11.5, 12.5, 12], "texture": "#0"},
				"west": {"uv": [0, 12.5, 0.5, 13], "texture": "#0"},
				"up": {"uv": [1.5, 13, 1, 12.5], "texture": "#0"},
				"down": {"uv": [2.5, 12.5, 2, 13], "texture": "#0"}
			}
		}
	],
	"gui_light": "front",
	"display": {
		"thirdperson_righthand": {
			"translation": [-2.5, -1.5, 0],
			"scale": [0.5, 0.5, 0.5]
		},
		"thirdperson_lefthand": {
			"translation": [-2.5, -1.5, 0],
			"scale": [0.5, 0.5, 0.5]
		},
		"firstperson_righthand": {
			"rotation": [-180, 77.25, -180],
			"scale": [0.6, 0.6, 0.6]
		},
		"firstperson_lefthand": {
			"rotation": [-180, 77.25, -180],
			"scale": [0.6, 0.6, 0.6]
		},
		"ground": {
			"translation": [0, -2.5, 0],
			"scale": [0.5, 0.5, 0.5]
		},
		"gui": {
			"rotation": [-162, -21.75, -180],
			"translation": [0.5, -4, 0]
		},
		"head": {
			"rotation": [3, 0, 0],
			"translation": [0, -0.75, -0.75],
			"scale": [1.61, 1.61, 1.61]
		},
		"fixed": {
			"rotation": [-18.75, 0, 0],
			"translation": [0, -5.75, -3.25]
		}
	}
}