{
	"credit": "Made with Blockbench",
	"texture_size": [64, 64],
	"textures": {
		"0": "cosmetics/octopus_back",
		"particle": "cosmetics/octopus_back"
	},
	"elements": [
		{
			"from": [5, 16, 9.25],
			"to": [11, 22, 15.25],
			"rotation": {"angle": 0, "axis": "y", "origin": [0, 0, 17.25]},
			"faces": {
				"north": {"uv": [2.25, 4.5, 3.75, 6], "texture": "#0"},
				"east": {"uv": [4.5, 2.25, 6, 3.75], "texture": "#0"},
				"south": {"uv": [4, 4.5, 5.5, 6], "texture": "#0"},
				"west": {"uv": [5.75, 4, 7.25, 5.5], "texture": "#0"},
				"up": {"uv": [7.25, 7.25, 5.75, 5.75], "texture": "#0"},
				"down": {"uv": [3.75, 6.25, 2.25, 7.75], "texture": "#0"}
			}
		},
		{
			"from": [4, 15.5, 13.25],
			"to": [12, 23.5, 21.25],
			"rotation": {"angle": 22.5, "axis": "x", "origin": [8, 19, 12.25]},
			"faces": {
				"north": {"uv": [0, 0, 2, 2], "texture": "#0"},
				"east": {"uv": [0, 2.25, 2, 4.25], "texture": "#0"},
				"south": {"uv": [2.25, 0, 4.25, 2], "texture": "#0"},
				"west": {"uv": [2.25, 2.25, 4.25, 4.25], "texture": "#0"},
				"up": {"uv": [2, 6.5, 0, 4.5], "texture": "#0"},
				"down": {"uv": [6.5, 0, 4.5, 2], "texture": "#0"}
			}
		},
		{
			"from": [3.525, 20.04433, 12.84736],
			"to": [5.525, 21.04433, 14.84736],
			"rotation": {"angle": 45, "axis": "x", "origin": [4.5, 20.54433, 14.34736]},
			"faces": {
				"north": {"uv": [4.5, 4, 5, 4.25], "texture": "#0"},
				"east": {"uv": [7.75, 3, 8.25, 3.25], "texture": "#0"},
				"south": {"uv": [8.5, 3, 9, 3.25], "texture": "#0"},
				"west": {"uv": [10.75, 3.75, 11.25, 4], "texture": "#0"},
				"up": {"uv": [11, 1.25, 10.5, 0.75], "texture": "#0"},
				"down": {"uv": [11, 1.5, 10.5, 2], "texture": "#0"}
			}
		},
		{
			"from": [3.5, 18.5, 13.25],
			"to": [4.5, 21.5, 14.25],
			"rotation": {"angle": 22.5, "axis": "x", "origin": [8.5, 19, 12.25]},
			"faces": {
				"north": {"uv": [7.5, 11.5, 7.75, 12.25], "texture": "#0"},
				"east": {"uv": [8, 11.5, 8.25, 12.25], "texture": "#0"},
				"south": {"uv": [8.5, 11.5, 8.75, 12.25], "texture": "#0"},
				"west": {"uv": [9, 11.5, 9.25, 12.25], "texture": "#0"},
				"up": {"uv": [5.5, 4.25, 5.25, 4], "texture": "#0"},
				"down": {"uv": [7.25, 3.5, 7, 3.75], "texture": "#0"}
			}
		},
		{
			"from": [3.7, 19.75, 12.5],
			"to": [3.7, 20.25, 14],
			"rotation": {"angle": -22.5, "axis": "x", "origin": [4.225, 20, 13.25]},
			"faces": {
				"north": {"uv": [5.5, 6.25, 5.5, 6.5], "texture": "#0"},
				"east": {"uv": [11.5, 11.5, 12, 11.75], "texture": "#0"},
				"south": {"uv": [6.75, 1.75, 6.75, 2], "texture": "#0"},
				"west": {"uv": [0, 11.75, 0.5, 12], "texture": "#0"},
				"up": {"uv": [5.5, 7.25, 5.5, 6.75], "texture": "#0"},
				"down": {"uv": [9.25, 0.75, 9.25, 1.25], "texture": "#0"}
			}
		},
		{
			"from": [3.75, 19, 12.25],
			"to": [5.75, 21, 14.25],
			"rotation": {"angle": -22.5, "axis": "x", "origin": [4.225, 20, 13.25]},
			"faces": {
				"north": {"uv": [10.5, 9, 11, 9.5], "texture": "#0"},
				"east": {"uv": [10.75, 2.25, 11.25, 2.75], "texture": "#0"},
				"south": {"uv": [10.75, 3, 11.25, 3.5], "texture": "#0"},
				"west": {"uv": [6.75, 10.75, 7.25, 11.25], "texture": "#0"},
				"up": {"uv": [11.25, 7.5, 10.75, 7], "texture": "#0"},
				"down": {"uv": [8, 10.75, 7.5, 11.25], "texture": "#0"}
			}
		},
		{
			"from": [10.475, 20.04433, 12.84736],
			"to": [12.475, 21.04433, 14.84736],
			"rotation": {"angle": 45, "axis": "x", "origin": [11.5, 20.54433, 14.34736]},
			"faces": {
				"north": {"uv": [11.75, 0, 12.25, 0.25], "texture": "#0"},
				"east": {"uv": [0.75, 11.75, 1.25, 12], "texture": "#0"},
				"south": {"uv": [11.75, 6, 12.25, 6.25], "texture": "#0"},
				"west": {"uv": [11.75, 6.5, 12.25, 6.75], "texture": "#0"},
				"up": {"uv": [8.75, 11.25, 8.25, 10.75], "texture": "#0"},
				"down": {"uv": [9.5, 10.75, 9, 11.25], "texture": "#0"}
			}
		},
		{
			"from": [11.5, 18.5, 13.25],
			"to": [12.5, 21.5, 14.25],
			"rotation": {"angle": 22.5, "axis": "x", "origin": [7.5, 19, 12.25]},
			"faces": {
				"north": {"uv": [9.5, 11.5, 9.75, 12.25], "texture": "#0"},
				"east": {"uv": [10, 11.5, 10.25, 12.25], "texture": "#0"},
				"south": {"uv": [10.5, 11.5, 10.75, 12.25], "texture": "#0"},
				"west": {"uv": [11, 11.5, 11.25, 12.25], "texture": "#0"},
				"up": {"uv": [11, 10, 10.75, 9.75], "texture": "#0"},
				"down": {"uv": [12.25, 1, 12, 1.25], "texture": "#0"}
			}
		},
		{
			"from": [12.3, 19.75, 12.5],
			"to": [12.3, 20.25, 14],
			"rotation": {"angle": -22.5, "axis": "x", "origin": [11.775, 20, 13.25]},
			"faces": {
				"north": {"uv": [9.5, 2.5, 9.5, 2.75], "texture": "#0"},
				"east": {"uv": [11.75, 7.75, 12.25, 8], "texture": "#0"},
				"south": {"uv": [11, 8.5, 11, 8.75], "texture": "#0"},
				"west": {"uv": [12, 0.5, 12.5, 0.75], "texture": "#0"},
				"up": {"uv": [11.5, 12.5, 11.5, 12], "texture": "#0"},
				"down": {"uv": [11.75, 12, 11.75, 12.5], "texture": "#0"}
			}
		},
		{
			"from": [10.25, 19, 12.25],
			"to": [12.25, 21, 14.25],
			"rotation": {"angle": -22.5, "axis": "x", "origin": [11.775, 20, 13.25]},
			"faces": {
				"north": {"uv": [9.75, 10.75, 10.25, 11.25], "texture": "#0"},
				"east": {"uv": [10.5, 10.75, 11, 11.25], "texture": "#0"},
				"south": {"uv": [0, 11, 0.5, 11.5], "texture": "#0"},
				"west": {"uv": [11, 0, 11.5, 0.5], "texture": "#0"},
				"up": {"uv": [1.25, 11.5, 0.75, 11], "texture": "#0"},
				"down": {"uv": [11.5, 6.25, 11, 6.75], "texture": "#0"}
			}
		},
		{
			"from": [-5, 18.5, 9.57193],
			"to": [1, 19.5, 10.57193],
			"rotation": {"angle": -22.5, "axis": "y", "origin": [-2.16687, 21, 10.07193]},
			"faces": {
				"north": {"uv": [6.75, 10.25, 8.25, 10.5], "texture": "#0"},
				"east": {"uv": [12, 10.25, 12.25, 10.5], "texture": "#0"},
				"south": {"uv": [8.5, 10.25, 10, 10.5], "texture": "#0"},
				"west": {"uv": [12, 10.75, 12.25, 11], "texture": "#0"},
				"up": {"uv": [11.75, 10.5, 10.25, 10.25], "texture": "#0"},
				"down": {"uv": [1.5, 10.5, 0, 10.75], "texture": "#0"}
			}
		},
		{
			"from": [-3.30035, 24.99264, 8.59518],
			"to": [2.69965, 25.99264, 9.59518],
			"rotation": {"angle": -22.5, "axis": "y", "origin": [-0.46722, 27.49264, 9.09518]},
			"faces": {
				"north": {"uv": [6.75, 10.25, 8.25, 10.5], "texture": "#0"},
				"east": {"uv": [12, 10.25, 12.25, 10.5], "texture": "#0"},
				"south": {"uv": [8.5, 10.25, 10, 10.5], "texture": "#0"},
				"west": {"uv": [12, 10.75, 12.25, 11], "texture": "#0"},
				"up": {"uv": [11.75, 10.5, 10.25, 10.25], "texture": "#0"},
				"down": {"uv": [1.5, 10.5, 0, 10.75], "texture": "#0"}
			}
		},
		{
			"from": [-0.38896, 18, 9.07193],
			"to": [5.61104, 20, 11.07193],
			"rotation": {"angle": 22.5, "axis": "y", "origin": [2.61104, 21, 10.07193]},
			"faces": {
				"north": {"uv": [9, 7.25, 10.5, 7.75], "texture": "#0"},
				"east": {"uv": [6.75, 11.5, 7.25, 12], "texture": "#0"},
				"south": {"uv": [8.75, 9, 10.25, 9.5], "texture": "#0"},
				"west": {"uv": [11.5, 7, 12, 7.5], "texture": "#0"},
				"up": {"uv": [1.5, 9.75, 0, 9.25], "texture": "#0"},
				"down": {"uv": [10.75, 0, 9.25, 0.5], "texture": "#0"}
			}
		},
		{
			"from": [2, 21.82843, 9],
			"to": [8, 23.82843, 11],
			"rotation": {"angle": -45, "axis": "z", "origin": [5, 24.82843, 10]},
			"faces": {
				"north": {"uv": [9, 7.25, 10.5, 7.75], "texture": "#0"},
				"east": {"uv": [6.75, 11.5, 7.25, 12], "texture": "#0"},
				"south": {"uv": [8.75, 9, 10.25, 9.5], "texture": "#0"},
				"west": {"uv": [11.5, 7, 12, 7.5], "texture": "#0"},
				"up": {"uv": [1.5, 9.75, 0, 9.25], "texture": "#0"},
				"down": {"uv": [10.75, 0, 9.25, 0.5], "texture": "#0"}
			}
		},
		{
			"from": [13.30035, 12.00736, 8.59518],
			"to": [19.30035, 13.00736, 9.59518],
			"rotation": {"angle": 22.5, "axis": "y", "origin": [16.46722, 10.50736, 9.09518]},
			"faces": {
				"north": {"uv": [8.25, 10.5, 6.75, 10.25], "texture": "#0"},
				"east": {"uv": [12.25, 11, 12, 10.75], "texture": "#0"},
				"south": {"uv": [10, 10.5, 8.5, 10.25], "texture": "#0"},
				"west": {"uv": [12.25, 10.5, 12, 10.25], "texture": "#0"},
				"up": {"uv": [0, 10.75, 1.5, 10.5], "texture": "#0"},
				"down": {"uv": [10.25, 10.25, 11.75, 10.5], "texture": "#0"}
			}
		},
		{
			"from": [8, 14.17157, 9],
			"to": [14, 16.17157, 11],
			"rotation": {"angle": -45, "axis": "z", "origin": [11, 13.17157, 10]},
			"faces": {
				"north": {"uv": [10.5, 7.75, 9, 7.25], "texture": "#0"},
				"east": {"uv": [12, 7.5, 11.5, 7], "texture": "#0"},
				"south": {"uv": [10.25, 9.5, 8.75, 9], "texture": "#0"},
				"west": {"uv": [7.25, 12, 6.75, 11.5], "texture": "#0"},
				"up": {"uv": [9.25, 0.5, 10.75, 0], "texture": "#0"},
				"down": {"uv": [0, 9.25, 1.5, 9.75], "texture": "#0"}
			}
		},
		{
			"from": [14.87843, 24.20468, 9.5],
			"to": [15.87843, 30.20468, 10.5],
			"rotation": {"angle": -22.5, "axis": "z", "origin": [17.37843, 27.37155, 10]},
			"faces": {
				"north": {"uv": [8.25, 10.5, 6.75, 10.25], "rotation": 90, "texture": "#0"},
				"east": {"uv": [10.25, 10.25, 11.75, 10.5], "rotation": 270, "texture": "#0"},
				"south": {"uv": [10, 10.5, 8.5, 10.25], "rotation": 270, "texture": "#0"},
				"west": {"uv": [0, 10.75, 1.5, 10.5], "rotation": 270, "texture": "#0"},
				"up": {"uv": [12.25, 11, 12, 10.75], "rotation": 270, "texture": "#0"},
				"down": {"uv": [12.25, 10.5, 12, 10.25], "rotation": 270, "texture": "#0"}
			}
		},
		{
			"from": [10.82843, 23, 9],
			"to": [16.82843, 25, 11],
			"rotation": {"angle": 45, "axis": "z", "origin": [13.82843, 22, 10]},
			"faces": {
				"north": {"uv": [10.5, 7.75, 9, 7.25], "texture": "#0"},
				"east": {"uv": [12, 7.5, 11.5, 7], "texture": "#0"},
				"south": {"uv": [10.25, 9.5, 8.75, 9], "texture": "#0"},
				"west": {"uv": [7.25, 12, 6.75, 11.5], "texture": "#0"},
				"up": {"uv": [9.25, 0.5, 10.75, 0], "texture": "#0"},
				"down": {"uv": [0, 9.25, 1.5, 9.75], "texture": "#0"}
			}
		},
		{
			"from": [-0.82843, 13, 9],
			"to": [5.17157, 15, 11],
			"rotation": {"angle": 45, "axis": "z", "origin": [2.17157, 16, 10]},
			"faces": {
				"north": {"uv": [9, 7.25, 10.5, 7.75], "texture": "#0"},
				"east": {"uv": [6.75, 11.5, 7.25, 12], "texture": "#0"},
				"south": {"uv": [8.75, 9, 10.25, 9.5], "texture": "#0"},
				"west": {"uv": [11.5, 7, 12, 7.5], "texture": "#0"},
				"up": {"uv": [1.5, 9.75, 0, 9.25], "texture": "#0"},
				"down": {"uv": [10.75, 0, 9.25, 0.5], "texture": "#0"}
			}
		},
		{
			"from": [0.12157, 7.79532, 9.5],
			"to": [1.12157, 13.79532, 10.5],
			"rotation": {"angle": -22.5, "axis": "z", "origin": [-1.37843, 10.62845, 10]},
			"faces": {
				"north": {"uv": [6.75, 10.25, 8.25, 10.5], "rotation": 90, "texture": "#0"},
				"east": {"uv": [1.5, 10.5, 0, 10.75], "rotation": 270, "texture": "#0"},
				"south": {"uv": [8.5, 10.25, 10, 10.5], "rotation": 270, "texture": "#0"},
				"west": {"uv": [11.75, 10.5, 10.25, 10.25], "rotation": 270, "texture": "#0"},
				"up": {"uv": [12, 10.25, 12.25, 10.5], "rotation": 270, "texture": "#0"},
				"down": {"uv": [12, 10.75, 12.25, 11], "rotation": 270, "texture": "#0"}
			}
		},
		{
			"from": [10.38896, 18, 9.07193],
			"to": [16.38896, 20, 11.07193],
			"rotation": {"angle": -22.5, "axis": "y", "origin": [13.38896, 21, 10.07193]},
			"faces": {
				"north": {"uv": [10.5, 7.25, 9, 7.75], "texture": "#0"},
				"east": {"uv": [12, 7, 11.5, 7.5], "texture": "#0"},
				"south": {"uv": [10.25, 9, 8.75, 9.5], "texture": "#0"},
				"west": {"uv": [7.25, 11.5, 6.75, 12], "texture": "#0"},
				"up": {"uv": [0, 9.75, 1.5, 9.25], "texture": "#0"},
				"down": {"uv": [9.25, 0, 10.75, 0.5], "texture": "#0"}
			}
		},
		{
			"from": [15, 18.5, 9.57193],
			"to": [21, 19.5, 10.57193],
			"rotation": {"angle": 22.5, "axis": "y", "origin": [18.16687, 21, 10.07193]},
			"faces": {
				"north": {"uv": [8.25, 10.25, 6.75, 10.5], "texture": "#0"},
				"east": {"uv": [12.25, 10.75, 12, 11], "texture": "#0"},
				"south": {"uv": [10, 10.25, 8.5, 10.5], "texture": "#0"},
				"west": {"uv": [12.25, 10.25, 12, 10.5], "texture": "#0"},
				"up": {"uv": [10.25, 10.5, 11.75, 10.25], "texture": "#0"},
				"down": {"uv": [0, 10.5, 1.5, 10.75], "texture": "#0"}
			}
		},
		{
			"from": [7, 21.38896, 9.07193],
			"to": [9, 27.38896, 11.07193],
			"rotation": {"angle": 22.5, "axis": "x", "origin": [6, 24.38896, 10.07193]},
			"faces": {
				"north": {"uv": [10.5, 7.25, 9, 7.75], "rotation": 90, "texture": "#0"},
				"east": {"uv": [9.25, 0, 10.75, 0.5], "rotation": 270, "texture": "#0"},
				"south": {"uv": [10.25, 9, 8.75, 9.5], "rotation": 270, "texture": "#0"},
				"west": {"uv": [0, 9.75, 1.5, 9.25], "rotation": 270, "texture": "#0"},
				"up": {"uv": [12, 7, 11.5, 7.5], "rotation": 270, "texture": "#0"},
				"down": {"uv": [7.25, 11.5, 6.75, 12], "rotation": 270, "texture": "#0"}
			}
		},
		{
			"from": [7.5, 26, 9.57193],
			"to": [8.5, 32, 10.57193],
			"rotation": {"angle": -22.5, "axis": "x", "origin": [6, 29.16687, 10.07193]},
			"faces": {
				"north": {"uv": [8.25, 10.25, 6.75, 10.5], "rotation": 90, "texture": "#0"},
				"east": {"uv": [0, 10.5, 1.5, 10.75], "rotation": 270, "texture": "#0"},
				"south": {"uv": [10, 10.25, 8.5, 10.5], "rotation": 270, "texture": "#0"},
				"west": {"uv": [10.25, 10.5, 11.75, 10.25], "rotation": 270, "texture": "#0"},
				"up": {"uv": [12.25, 10.75, 12, 11], "rotation": 270, "texture": "#0"},
				"down": {"uv": [12.25, 10.25, 12, 10.5], "rotation": 270, "texture": "#0"}
			}
		},
		{
			"from": [7, 10.61104, 9.07193],
			"to": [9, 16.61104, 11.07193],
			"rotation": {"angle": -22.5, "axis": "x", "origin": [6, 13.61104, 10.07193]},
			"faces": {
				"north": {"uv": [9, 7.25, 10.5, 7.75], "rotation": 90, "texture": "#0"},
				"east": {"uv": [10.75, 0, 9.25, 0.5], "rotation": 270, "texture": "#0"},
				"south": {"uv": [8.75, 9, 10.25, 9.5], "rotation": 270, "texture": "#0"},
				"west": {"uv": [1.5, 9.75, 0, 9.25], "rotation": 270, "texture": "#0"},
				"up": {"uv": [6.75, 11.5, 7.25, 12], "rotation": 270, "texture": "#0"},
				"down": {"uv": [11.5, 7, 12, 7.5], "rotation": 270, "texture": "#0"}
			}
		},
		{
			"from": [7.5, 6, 9.57193],
			"to": [8.5, 12, 10.57193],
			"rotation": {"angle": 22.5, "axis": "x", "origin": [6, 8.83313, 10.07193]},
			"faces": {
				"north": {"uv": [6.75, 10.25, 8.25, 10.5], "rotation": 90, "texture": "#0"},
				"east": {"uv": [1.5, 10.5, 0, 10.75], "rotation": 270, "texture": "#0"},
				"south": {"uv": [8.5, 10.25, 10, 10.5], "rotation": 270, "texture": "#0"},
				"west": {"uv": [11.75, 10.5, 10.25, 10.25], "rotation": 270, "texture": "#0"},
				"up": {"uv": [12, 10.25, 12.25, 10.5], "rotation": 270, "texture": "#0"},
				"down": {"uv": [12, 10.75, 12.25, 11], "rotation": 270, "texture": "#0"}
			}
		}
	],
	"gui_light": "front",
	"display": {
		"thirdperson_righthand": {
			"rotation": [-83.5, 0, 0],
			"translation": [0, -0.75, 4.5],
			"scale": [0.3, 0.3, 0.3]
		},
		"thirdperson_lefthand": {
			"rotation": [-83.5, 0, 0],
			"translation": [0, -0.75, 4.5],
			"scale": [0.3, 0.3, 0.3]
		},
		"firstperson_righthand": {
			"rotation": [-88.38, 4.51, 69.51],
			"translation": [1.75, 0.5, 1.75],
			"scale": [0.3, 0.3, 0.3]
		},
		"firstperson_lefthand": {
			"rotation": [-88.38, 4.51, 69.51],
			"translation": [1.75, 0.5, 1.75],
			"scale": [0.3, 0.3, 0.3]
		},
		"ground": {
			"rotation": [-69.71, -4.88, 6.97],
			"translation": [0, 0, 3],
			"scale": [0.3, 0.3, 0.3]
		},
		"gui": {
			"rotation": [-59.03, 29.1, 96.79],
			"translation": [5, -4, 0],
			"scale": [0.6, 0.6, 0.6]
		},
		"head": {
			"translation": [0, -63, 2.5],
			"scale": [1.6, 1.6, 1.6]
		},
		"fixed": {
			"rotation": [-174, 0, 0],
			"translation": [0, 12, 3]
		}
	},
	"groups": [
		{
			"name": "group",
			"origin": [8, 19, 3],
			"color": 0,
			"children": [
				0,
				1,
				{
					"name": "eye",
					"origin": [0, 0, 17.25],
					"color": 0,
					"children": [2, 3, 4, 5]
				},
				{
					"name": "eye",
					"origin": [0, 0, 17.25],
					"color": 0,
					"children": [6, 7, 8, 9]
				},
				{
					"name": "group",
					"origin": [10, 29.16687, 10.07193],
					"color": 0,
					"children": []
				},
				{
					"name": "group",
					"origin": [10, 13.61104, 10.07193],
					"color": 0,
					"children": []
				},
				{
					"name": "group",
					"origin": [5.16738, 26.24264, 8.99373],
					"color": 0,
					"children": []
				},
				{
					"name": "group",
					"origin": [12.41421, 13.17157, 7],
					"color": 0,
					"children": []
				},
				{
					"name": "group",
					"origin": [12.41421, 24.82843, 7],
					"color": 0,
					"children": []
				},
				{
					"name": "group",
					"origin": [3.58579, 13.17157, 7],
					"color": 0,
					"children": []
				},
				{
					"name": "group",
					"origin": [2.61104, 21, 10.07193],
					"color": 0,
					"children": [10, 11, 12, 13, 14, 15, 16, 17, 18, 19, 20, 21, 22, 23, 24, 25]
				}
			]
		}
	]
}