{
	"credit": "Made with Blockbench",
	"texture_size": [64, 64],
	"textures": {
		"0": "cosmetics/orange_cone_hat",
		"particle": "cosmetics/orange_cone_hat"
	},
	"elements": [
		{
			"from": [3.5, 6.25, 3.5],
			"to": [12.5, 8.25, 12.5],
			"faces": {
				"north": {"uv": [6, 5, 8.25, 5.5], "texture": "#0"},
				"east": {"uv": [6, 5.75, 8.25, 6.25], "texture": "#0"},
				"south": {"uv": [0, 6.5, 2.25, 7], "texture": "#0"},
				"west": {"uv": [6.5, 0, 8.75, 0.5], "texture": "#0"},
				"up": {"uv": [2.25, 2.25, 0, 0], "texture": "#0"},
				"down": {"uv": [2.25, 2.5, 0, 4.75], "texture": "#0"}
			}
		},
		{
			"from": [4.5, 8.25, 4.5],
			"to": [11.5, 12.25, 11.5],
			"faces": {
				"north": {"uv": [2.5, 4, 4.25, 5], "texture": "#0"},
				"east": {"uv": [4.5, 0, 6.25, 1], "texture": "#0"},
				"south": {"uv": [4.5, 1.25, 6.25, 2.25], "texture": "#0"},
				"west": {"uv": [4.5, 2.5, 6.25, 3.5], "texture": "#0"},
				"up": {"uv": [4.25, 1.75, 2.5, 0], "texture": "#0"},
				"down": {"uv": [4.25, 2, 2.5, 3.75], "texture": "#0"}
			}
		},
		{
			"from": [5.5, 12.15, 5.5],
			"to": [10.5, 16.15, 10.5],
			"faces": {
				"north": {"uv": [1.5, 5.25, 2.75, 6.25], "texture": "#0"},
				"east": {"uv": [3, 5.25, 4.25, 6.25], "texture": "#0"},
				"south": {"uv": [4.5, 5.25, 5.75, 6.25], "texture": "#0"},
				"west": {"uv": [6, 3.75, 7.25, 4.75], "texture": "#0"},
				"up": {"uv": [5.75, 5, 4.5, 3.75], "texture": "#0"},
				"down": {"uv": [1.25, 5, 0, 6.25], "texture": "#0"}
			}
		},
		{
			"from": [6.5, 16.15, 6.5],
			"to": [9.5, 20.15, 9.5],
			"faces": {
				"north": {"uv": [6.5, 0.75, 7.25, 1.75], "texture": "#0"},
				"east": {"uv": [6.5, 2, 7.25, 3], "texture": "#0"},
				"south": {"uv": [2.5, 6.5, 3.25, 7.5], "texture": "#0"},
				"west": {"uv": [3.5, 6.5, 4.25, 7.5], "texture": "#0"},
				"up": {"uv": [5.25, 7.25, 4.5, 6.5], "texture": "#0"},
				"down": {"uv": [6.25, 6.5, 5.5, 7.25], "texture": "#0"}
			}
		},
		{
			"from": [7, 20.15, 7],
			"to": [9, 23.15, 9],
			"faces": {
				"north": {"uv": [6.5, 6.5, 7, 7.25], "texture": "#0"},
				"east": {"uv": [0, 7.25, 0.5, 8], "texture": "#0"},
				"south": {"uv": [0.75, 7.25, 1.25, 8], "texture": "#0"},
				"west": {"uv": [1.5, 7.25, 2, 8], "texture": "#0"},
				"up": {"uv": [7.75, 7, 7.25, 6.5], "texture": "#0"},
				"down": {"uv": [7.75, 7.25, 7.25, 7.75], "texture": "#0"}
			}
		}
	],
	"gui_light": "front",
	"display": {
		"thirdperson_righthand": {
			"translation": [-3, -0.75, 0],
			"scale": [0.5, 0.5, 0.5]
		},
		"thirdperson_lefthand": {
			"translation": [-3, -0.75, 0],
			"scale": [0.5, 0.5, 0.5]
		},
		"firstperson_righthand": {
			"translation": [0, -2, 0],
			"scale": [0.8, 0.8, 0.8]
		},
		"firstperson_lefthand": {
			"translation": [0, -2, 0],
			"scale": [0.8, 0.8, 0.8]
		},
		"ground": {
			"scale": [0.7, 0.7, 0.7]
		},
		"gui": {
			"rotation": [14.01, 19.22, -0.85],
			"translation": [0, -5.25, 0],
			"scale": [0.85, 0.85, 0.85]
		},
		"head": {
			"translation": [0, 7, 0],
			"scale": [1.61, 1.61, 1.61]
		},
		"fixed": {
			"translation": [0, -6.5, -2]
		}
	}
}