{
	"credit": "Made with Blockbench",
	"texture_size": [32, 32],
	"textures": {
		"1": "cosmetics/party_hat"
	},
	"elements": [
		{
			"from": [5, 9, 5],
			"to": [11, 13, 11],
			"rotation": {"angle": 0, "axis": "y", "origin": [8, 11.5, 8]},
			"faces": {
				"north": {"uv": [4.5, 7, 7.5, 9], "texture": "#1"},
				"east": {"uv": [8, 0, 11, 2], "texture": "#1"},
				"south": {"uv": [8, 2.5, 11, 4.5], "texture": "#1"},
				"west": {"uv": [8, 5, 11, 7], "texture": "#1"},
				"up": {"uv": [7.5, 3, 4.5, 0], "texture": "#1"},
				"down": {"uv": [7.5, 3.5, 4.5, 6.5], "texture": "#1"}
			}
		},
		{
			"from": [6, 13, 6],
			"to": [10, 16, 10],
			"faces": {
				"north": {"uv": [9.5, 10.5, 11.5, 12], "texture": "#1"},
				"east": {"uv": [11.5, 0, 13.5, 1.5], "texture": "#1"},
				"south": {"uv": [11.5, 2, 13.5, 3.5], "texture": "#1"},
				"west": {"uv": [11.5, 4, 13.5, 5.5], "texture": "#1"},
				"up": {"uv": [6.5, 11.5, 4.5, 9.5], "texture": "#1"},
				"down": {"uv": [9, 10.5, 7, 12.5], "texture": "#1"}
			}
		},
		{
			"from": [7, 14, 7],
			"to": [9, 18, 9],
			"faces": {
				"north": {"uv": [0, 12, 1, 14], "texture": "#1"},
				"east": {"uv": [1.5, 12, 2.5, 14], "texture": "#1"},
				"south": {"uv": [3, 12, 4, 14], "texture": "#1"},
				"west": {"uv": [4.5, 12, 5.5, 14], "texture": "#1"},
				"up": {"uv": [7, 14, 6, 13], "texture": "#1"},
				"down": {"uv": [14, 6, 13, 7], "texture": "#1"}
			}
		},
		{
			"from": [7, 19, 7],
			"to": [9, 21, 9],
			"rotation": {"angle": 0, "axis": "y", "origin": [6.5, 20, 9]},
			"faces": {
				"north": {"uv": [11.5, 6, 12.5, 7], "texture": "#1"},
				"east": {"uv": [12, 10.5, 13, 11.5], "texture": "#1"},
				"south": {"uv": [12, 12, 13, 13], "texture": "#1"},
				"west": {"uv": [12.5, 7.5, 13.5, 8.5], "texture": "#1"},
				"up": {"uv": [13.5, 10, 12.5, 9], "texture": "#1"},
				"down": {"uv": [10.5, 12.5, 9.5, 13.5], "texture": "#1"}
			}
		},
		{
			"from": [7.5, 18, 7.5],
			"to": [8.5, 19, 8.5],
			"rotation": {"angle": 0, "axis": "y", "origin": [0, 1, 0]},
			"faces": {
				"north": {"uv": [7, 9.5, 7.5, 10], "texture": "#1"},
				"east": {"uv": [6, 12, 6.5, 12.5], "texture": "#1"},
				"south": {"uv": [11, 12.5, 11.5, 13], "texture": "#1"},
				"west": {"uv": [7.5, 13, 8, 13.5], "texture": "#1"},
				"up": {"uv": [9, 13.5, 8.5, 13], "texture": "#1"},
				"down": {"uv": [14, 10.5, 13.5, 11], "texture": "#1"}
			}
		},
		{
			"from": [4, 8, 4],
			"to": [12, 10, 12],
			"faces": {
				"north": {"uv": [8, 7.5, 12, 8.5], "texture": "#1"},
				"east": {"uv": [0, 9, 4, 10], "texture": "#1"},
				"south": {"uv": [8, 9, 12, 10], "texture": "#1"},
				"west": {"uv": [0, 10.5, 4, 11.5], "texture": "#1"},
				"up": {"uv": [4, 4, 0, 0], "texture": "#1"},
				"down": {"uv": [4, 4.5, 0, 8.5], "texture": "#1"}
			}
		}
	],
	"gui_light": "front",
	"display": {
		"thirdperson_righthand": {
			"translation": [-2.25, -2, 0],
			"scale": [0.5, 0.5, 0.5]
		},
		"thirdperson_lefthand": {
			"translation": [-2.25, -2, 0],
			"scale": [0.5, 0.5, 0.5]
		},
		"firstperson_righthand": {
			"rotation": [-180, 64, -180],
			"translation": [0, -1.25, 0],
			"scale": [0.5, 0.5, 0.5]
		},
		"firstperson_lefthand": {
			"rotation": [-180, 64, -180],
			"translation": [0, -1.25, 0],
			"scale": [0.5, 0.5, 0.5]
		},
		"ground": {
			"scale": [0.5, 0.5, 0.5]
		},
		"gui": {
			"rotation": [-162.25, -15.5, -180],
			"translation": [0, -4.25, 0],
			"scale": [0.8, 0.8, 0.8]
		},
		"head": {
			"rotation": [20.25, 0, -24.5],
			"translation": [2.5, 4.25, 0],
			"scale": [1.61, 1.61, 1.61]
		},
		"fixed": {
			"translation": [0, -6.75, -2.75],
			"scale": [0.8, 0.8, 0.8]
		}
	}
}