{
	"credit": "Made with Blockbench",
	"texture_size": [64, 64],
	"textures": {
		"0": "cosmetics/pokemon_hat",
		"particle": "cosmetics/pokemon_hat"
	},
	"elements": [
		{
			"from": [3.5, 5, 3.5],
			"to": [12.5, 9, 12.5],
			"faces": {
				"north": {"uv": [2.5, 0, 4.75, 1], "texture": "#0"},
				"east": {"uv": [2.5, 1.25, 4.75, 2.25], "texture": "#0"},
				"south": {"uv": [2.5, 2.5, 4.75, 3.5], "texture": "#0"},
				"west": {"uv": [2.5, 3.75, 4.75, 4.75], "texture": "#0"},
				"up": {"uv": [2.25, 2.25, 0, 0], "texture": "#0"},
				"down": {"uv": [2.25, 2.5, 0, 4.75], "texture": "#0"}
			}
		},
		{
			"from": [7.5, 8.75, 7.5],
			"to": [8.5, 9.75, 8.5],
			"faces": {
				"north": {"uv": [6, 6, 6.25, 6.25], "texture": "#0"},
				"east": {"uv": [2.25, 6.25, 2.5, 6.5], "texture": "#0"},
				"south": {"uv": [2.75, 6.25, 3, 6.5], "texture": "#0"},
				"west": {"uv": [3.25, 6.25, 3.5, 6.5], "texture": "#0"},
				"up": {"uv": [6.75, 3.25, 6.5, 3], "texture": "#0"},
				"down": {"uv": [6.75, 3.5, 6.5, 3.75], "texture": "#0"}
			}
		},
		{
			"from": [5.5, 5, -0.5],
			"to": [10.5, 6, 3.5],
			"faces": {
				"north": {"uv": [5.75, 1, 7, 1.25], "texture": "#0"},
				"east": {"uv": [5.75, 2, 6.75, 2.25], "texture": "#0"},
				"south": {"uv": [5.75, 1.5, 7, 1.75], "texture": "#0"},
				"west": {"uv": [5.75, 2.5, 6.75, 2.75], "texture": "#0"},
				"up": {"uv": [3.5, 6, 2.25, 5], "texture": "#0"},
				"down": {"uv": [6.25, 3.5, 5, 4.5], "texture": "#0"}
			}
		},
		{
			"from": [10.30932, 4.04337, -0.5],
			"to": [12.30932, 5.04337, 12.5],
			"rotation": {"angle": -22.5, "axis": "z", "origin": [12.80932, 5.04337, 1.5]},
			"faces": {
				"north": {"uv": [5.75, 3, 6.25, 3.25], "texture": "#0"},
				"east": {"uv": [3.75, 5, 7, 5.25], "texture": "#0"},
				"south": {"uv": [3.75, 6, 4.25, 6.25], "texture": "#0"},
				"west": {"uv": [3.75, 5.5, 7, 5.75], "texture": "#0"},
				"up": {"uv": [0.5, 8.25, 0, 5], "texture": "#0"},
				"down": {"uv": [5.5, 0, 5, 3.25], "texture": "#0"}
			}
		},
		{
			"from": [3.69068, 4.04337, -0.5],
			"to": [5.69068, 5.04337, 12.5],
			"rotation": {"angle": 22.5, "axis": "z", "origin": [3.19068, 5.04337, 1.5]},
			"faces": {
				"north": {"uv": [4.5, 6, 5, 6.25], "texture": "#0"},
				"east": {"uv": [5.75, 0, 9, 0.25], "texture": "#0"},
				"south": {"uv": [5.25, 6, 5.75, 6.25], "texture": "#0"},
				"west": {"uv": [5.75, 0.5, 9, 0.75], "texture": "#0"},
				"up": {"uv": [1.25, 8.25, 0.75, 5], "texture": "#0"},
				"down": {"uv": [2, 5, 1.5, 8.25], "texture": "#0"}
			}
		}
	],
	"gui_light": "front",
	"display": {
		"thirdperson_righthand": {
			"rotation": [0, 0, 15],
			"translation": [-2.75, -0.25, 0],
			"scale": [0.5, 0.5, 0.5]
		},
		"thirdperson_lefthand": {
			"rotation": [0, 0, 15],
			"translation": [-2.75, -0.25, 0],
			"scale": [0.5, 0.5, 0.5]
		},
		"firstperson_righthand": {
			"rotation": [0, 12.25, 0]
		},
		"firstperson_lefthand": {
			"rotation": [0, 12.25, 0]
		},
		"ground": {
			"scale": [0.8, 0.8, 0.8]
		},
		"gui": {
			"rotation": [-165.99, 20.6, -178.77],
			"translation": [0.5, 0.5, 0]
		},
		"head": {
			"translation": [0, 5.75, 0],
			"scale": [1.61, 1.61, 1.61]
		},
		"fixed": {
			"rotation": [-29, 0, 0],
			"translation": [0, 1.75, -3],
			"scale": [1.2, 1.2, 1.2]
		}
	}
}