{
	"credit": "Made with Blockbench",
	"texture_size": [64, 64],
	"textures": {
		"0": "cosmetics/pokeball",
		"particle": "cosmetics/pokeball"
	},
	"elements": [
		{
			"from": [7.5, 0, 4],
			"to": [8.5, 1, 5],
			"faces": {
				"north": {"uv": [8, 5.75, 8.25, 6], "texture": "#0"},
				"east": {"uv": [6.5, 10.25, 6.75, 10.5], "texture": "#0"},
				"south": {"uv": [3, 11.75, 3.25, 12], "texture": "#0"},
				"west": {"uv": [3, 12.25, 3.25, 12.5], "texture": "#0"},
				"up": {"uv": [1, 12.75, 0.75, 12.5], "texture": "#0"},
				"down": {"uv": [1.5, 12.5, 1.25, 12.75], "texture": "#0"}
			}
		},
		{
			"from": [5, 1.75, 4],
			"to": [11, 2.75, 12],
			"faces": {
				"north": {"uv": [12.25, 1, 13.75, 1.25], "texture": "#0"},
				"east": {"uv": [6.5, 11.75, 8.5, 12], "texture": "#0"},
				"south": {"uv": [12.25, 1.5, 13.75, 1.75], "texture": "#0"},
				"west": {"uv": [11.75, 6.5, 13.75, 6.75], "texture": "#0"},
				"up": {"uv": [3.5, 6, 2, 4], "texture": "#0"},
				"down": {"uv": [5.5, 2, 4, 4], "texture": "#0"}
			}
		},
		{
			"from": [5, -3, 5],
			"to": [11, 4, 11],
			"faces": {
				"north": {"uv": [7.25, 3.75, 8.75, 5.5], "texture": "#0"},
				"east": {"uv": [0, 8, 1.5, 9.75], "texture": "#0"},
				"south": {"uv": [8, 1.75, 9.5, 3.5], "texture": "#0"},
				"west": {"uv": [1.75, 8.25, 3.25, 10], "texture": "#0"},
				"up": {"uv": [9.75, 1.5, 8.25, 0], "texture": "#0"},
				"down": {"uv": [8.5, 8.25, 7, 9.75], "texture": "#0"}
			}
		},
		{
			"from": [4, 0.75, 5],
			"to": [12, 2.75, 11],
			"faces": {
				"north": {"uv": [11, 3.5, 13, 4], "texture": "#0"},
				"east": {"uv": [11, 10.25, 12.5, 10.75], "texture": "#0"},
				"south": {"uv": [11, 4.25, 13, 4.75], "texture": "#0"},
				"west": {"uv": [11, 11, 12.5, 11.5], "texture": "#0"},
				"up": {"uv": [7.75, 3.5, 5.75, 2], "texture": "#0"},
				"down": {"uv": [8, 0, 6, 1.5], "texture": "#0"}
			}
		},
		{
			"from": [4, -1.75, 5],
			"to": [12, 0.25, 11],
			"faces": {
				"north": {"uv": [11, 5, 13, 5.5], "texture": "#0"},
				"east": {"uv": [0.75, 11.25, 2.25, 11.75], "texture": "#0"},
				"south": {"uv": [6.5, 11, 8.5, 11.5], "texture": "#0"},
				"west": {"uv": [11.75, 5.75, 13.25, 6.25], "texture": "#0"},
				"up": {"uv": [2, 7.75, 0, 6.25], "texture": "#0"},
				"down": {"uv": [4.25, 6.5, 2.25, 8], "texture": "#0"}
			}
		},
		{
			"from": [6, -3.5, 6],
			"to": [10, 4.5, 10],
			"faces": {
				"north": {"uv": [8.5, 5.75, 9.5, 7.75], "texture": "#0"},
				"east": {"uv": [8.75, 8, 9.75, 10], "texture": "#0"},
				"south": {"uv": [9.75, 1.75, 10.75, 3.75], "texture": "#0"},
				"west": {"uv": [9.75, 4, 10.75, 6], "texture": "#0"},
				"up": {"uv": [12, 2, 11, 1], "texture": "#0"},
				"down": {"uv": [12, 2.25, 11, 3.25], "texture": "#0"}
			}
		},
		{
			"from": [9.25, 0.75, 4],
			"to": [11.25, 1.75, 12],
			"faces": {
				"north": {"uv": [5.75, 3.75, 6.25, 4], "texture": "#0"},
				"east": {"uv": [11.75, 9.25, 13.75, 9.5], "texture": "#0"},
				"south": {"uv": [6.5, 3.75, 7, 4], "texture": "#0"},
				"west": {"uv": [11.75, 9.75, 13.75, 10], "texture": "#0"},
				"up": {"uv": [4, 12.25, 3.5, 10.25], "texture": "#0"},
				"down": {"uv": [4.75, 10.25, 4.25, 12.25], "texture": "#0"}
			}
		},
		{
			"from": [4.75, 0.75, 4],
			"to": [6.75, 1.75, 12],
			"faces": {
				"north": {"uv": [7.25, 5.75, 7.75, 6], "texture": "#0"},
				"east": {"uv": [11, 11.75, 13, 12], "texture": "#0"},
				"south": {"uv": [9, 3.75, 9.5, 4], "texture": "#0"},
				"west": {"uv": [12, 0, 14, 0.25], "texture": "#0"},
				"up": {"uv": [5.5, 12.25, 5, 10.25], "texture": "#0"},
				"down": {"uv": [6.25, 10.25, 5.75, 12.25], "texture": "#0"}
			}
		},
		{
			"from": [5, -1.75, 4],
			"to": [11, -0.75, 12],
			"rotation": {"angle": 0, "axis": "y", "origin": [0, 16, 0]},
			"faces": {
				"north": {"uv": [12.25, 2, 13.75, 2.25], "texture": "#0"},
				"east": {"uv": [12, 8, 14, 8.25], "texture": "#0"},
				"south": {"uv": [12.25, 2.5, 13.75, 2.75], "texture": "#0"},
				"west": {"uv": [12, 8.5, 14, 8.75], "texture": "#0"},
				"up": {"uv": [5.25, 6.25, 3.75, 4.25], "texture": "#0"},
				"down": {"uv": [7, 4.25, 5.5, 6.25], "texture": "#0"}
			}
		},
		{
			"from": [9.25, -0.75, 4],
			"to": [11.25, 0.25, 12],
			"rotation": {"angle": 0, "axis": "y", "origin": [0, 16, 0]},
			"faces": {
				"north": {"uv": [9, 5.25, 9.5, 5.5], "texture": "#0"},
				"east": {"uv": [12, 7, 14, 7.25], "texture": "#0"},
				"south": {"uv": [10, 1, 10.5, 1.25], "texture": "#0"},
				"west": {"uv": [12, 7.5, 14, 7.75], "texture": "#0"},
				"up": {"uv": [10.75, 12.25, 10.25, 10.25], "texture": "#0"},
				"down": {"uv": [0.5, 11, 0, 13], "texture": "#0"}
			}
		},
		{
			"from": [6.75, -0.75, 11],
			"to": [9.25, 0.25, 12],
			"rotation": {"angle": 0, "axis": "y", "origin": [0, 16, 0]},
			"faces": {
				"north": {"uv": [11, 5.75, 11.5, 6], "texture": "#0"},
				"east": {"uv": [1.75, 12.5, 2, 12.75], "texture": "#0"},
				"south": {"uv": [2.5, 11.25, 3, 11.5], "texture": "#0"},
				"west": {"uv": [2.25, 12.5, 2.5, 12.75], "texture": "#0"},
				"up": {"uv": [12.75, 3.25, 12.25, 3], "texture": "#0"},
				"down": {"uv": [7, 12.25, 6.5, 12.5], "texture": "#0"}
			}
		},
		{
			"from": [6.75, 0.75, 11],
			"to": [9.25, 1.75, 12],
			"rotation": {"angle": 0, "axis": "y", "origin": [0, 16, 0]},
			"faces": {
				"north": {"uv": [7.25, 12.25, 7.75, 12.5], "texture": "#0"},
				"east": {"uv": [3.5, 12.5, 3.75, 12.75], "texture": "#0"},
				"south": {"uv": [8, 12.25, 8.5, 12.5], "texture": "#0"},
				"west": {"uv": [4, 12.5, 4.25, 12.75], "texture": "#0"},
				"up": {"uv": [11.5, 12.5, 11, 12.25], "texture": "#0"},
				"down": {"uv": [12.25, 12.25, 11.75, 12.5], "texture": "#0"}
			}
		},
		{
			"from": [4.75, -0.75, 4],
			"to": [6.75, 0.25, 12],
			"rotation": {"angle": 0, "axis": "y", "origin": [0, 16, 0]},
			"faces": {
				"north": {"uv": [9, 4.25, 9.5, 4.5], "texture": "#0"},
				"east": {"uv": [12, 0.5, 14, 0.75], "texture": "#0"},
				"south": {"uv": [9, 4.75, 9.5, 5], "texture": "#0"},
				"west": {"uv": [0.75, 12, 2.75, 12.25], "texture": "#0"},
				"up": {"uv": [9.25, 12.25, 8.75, 10.25], "texture": "#0"},
				"down": {"uv": [10, 10.25, 9.5, 12.25], "texture": "#0"}
			}
		},
		{
			"from": [4.5, -1, 5.025],
			"to": [11.5, 2, 10.975],
			"faces": {
				"north": {"uv": [9.75, 6.25, 11.5, 7], "texture": "#0"},
				"east": {"uv": [0, 10, 1.5, 10.75], "texture": "#0"},
				"south": {"uv": [10, 0, 11.75, 0.75], "texture": "#0"},
				"west": {"uv": [7, 10, 8.5, 10.75], "texture": "#0"},
				"up": {"uv": [6.25, 8, 4.5, 6.5], "texture": "#0"},
				"down": {"uv": [8.25, 6.5, 6.5, 8], "texture": "#0"}
			}
		},
		{
			"from": [5.025, -1, 4.5],
			"to": [10.975, 2, 11.5],
			"faces": {
				"north": {"uv": [10, 9.25, 11.5, 10], "texture": "#0"},
				"east": {"uv": [10, 7.25, 11.75, 8], "texture": "#0"},
				"south": {"uv": [1.75, 10.25, 3.25, 11], "texture": "#0"},
				"west": {"uv": [10, 8.25, 11.75, 9], "texture": "#0"},
				"up": {"uv": [5, 10, 3.5, 8.25], "texture": "#0"},
				"down": {"uv": [6.75, 8.25, 5.25, 10], "texture": "#0"}
			}
		}
	],
	"gui_light": "front",
	"display": {
		"thirdperson_righthand": {
			"rotation": [51, 0, 0],
			"translation": [-3, 4, 4.5],
			"scale": [0.65, 0.65, 0.65]
		},
		"thirdperson_lefthand": {
			"rotation": [51, 0, 0],
			"translation": [-3, 4, 4.5],
			"scale": [0.65, 0.65, 0.65]
		},
		"firstperson_righthand": {
			"rotation": [152.54, 59.01, -153.26],
			"translation": [0, 7, 0],
			"scale": [0.7, 0.7, 0.7]
		},
		"firstperson_lefthand": {
			"rotation": [152.54, 59.01, -153.26],
			"translation": [0, 7, 0],
			"scale": [0.7, 0.7, 0.7]
		},
		"ground": {
			"translation": [0, 3, 0],
			"scale": [0.5, 0.5, 0.5]
		},
		"gui": {
			"rotation": [-174.95, 13.5, -179.31],
			"translation": [0.25, 8.5, 0],
			"scale": [1.2, 1.2, 1.2]
		},
		"head": {
			"translation": [0, 18.5, 0],
			"scale": [2.5, 2.5, 2.5]
		},
		"fixed": {
			"translation": [0, 11, -3.25],
			"scale": [1.5, 1.5, 1.5]
		}
	}
}