{
	"credit": "Made with Blockbench",
	"texture_size": [32, 32],
	"textures": {
		"0": "cosmetics/pool_goggles",
		"particle": "cosmetics/pool_goggles"
	},
	"elements": [
		{
			"from": [11.5, 8.5, 4],
			"to": [12.5, 9.5, 12],
			"faces": {
				"north": {"uv": [6, 11, 6.5, 11.5], "texture": "#0"},
				"east": {"uv": [0, 4, 4, 4.5], "texture": "#0"},
				"south": {"uv": [11, 10, 11.5, 10.5], "texture": "#0"},
				"west": {"uv": [4.5, 4, 8.5, 4.5], "texture": "#0"},
				"up": {"uv": [0.5, 9, 0, 5], "texture": "#0"},
				"down": {"uv": [1.5, 5, 1, 9], "texture": "#0"}
			}
		},
		{
			"from": [3.5, 8.5, 12],
			"to": [12.5, 9.5, 13],
			"faces": {
				"north": {"uv": [0, 0, 4.5, 0.5], "texture": "#0"},
				"east": {"uv": [11, 11, 11.5, 11.5], "texture": "#0"},
				"south": {"uv": [0, 1, 4.5, 1.5], "texture": "#0"},
				"west": {"uv": [11.5, 3.5, 12, 4], "texture": "#0"},
				"up": {"uv": [4.5, 2.5, 0, 2], "texture": "#0"},
				"down": {"uv": [4.5, 3, 0, 3.5], "texture": "#0"}
			}
		},
		{
			"from": [9.5, 8, 2.5],
			"to": [11.5, 10, 3.5],
			"faces": {
				"north": {"uv": [4, 7, 5, 8], "texture": "#0"},
				"east": {"uv": [9, 2, 9.5, 3], "texture": "#0"},
				"south": {"uv": [7, 5, 8, 6], "texture": "#0"},
				"west": {"uv": [9, 3.5, 9.5, 4.5], "texture": "#0"},
				"up": {"uv": [10, 8.5, 9, 8], "texture": "#0"},
				"down": {"uv": [10, 9, 9, 9.5], "texture": "#0"}
			}
		},
		{
			"from": [9.5, 7.5, 3],
			"to": [11.5, 10.5, 4],
			"faces": {
				"north": {"uv": [5, 2, 6, 3.5], "texture": "#0"},
				"east": {"uv": [8, 2, 8.5, 3.5], "texture": "#0"},
				"south": {"uv": [4, 5, 5, 6.5], "texture": "#0"},
				"west": {"uv": [7, 8, 7.5, 9.5], "texture": "#0"},
				"up": {"uv": [1, 10, 0, 9.5], "texture": "#0"},
				"down": {"uv": [10.5, 0, 9.5, 0.5], "texture": "#0"}
			}
		},
		{
			"from": [11.5, 8, 3],
			"to": [12.5, 10, 4],
			"faces": {
				"north": {"uv": [1.5, 9.5, 2, 10.5], "texture": "#0"},
				"east": {"uv": [2.5, 9.5, 3, 10.5], "texture": "#0"},
				"south": {"uv": [5, 9.5, 5.5, 10.5], "texture": "#0"},
				"west": {"uv": [6, 9.5, 6.5, 10.5], "texture": "#0"},
				"up": {"uv": [12, 5, 11.5, 4.5], "texture": "#0"},
				"down": {"uv": [12, 5.5, 11.5, 6], "texture": "#0"}
			}
		},
		{
			"from": [12.5, 8.25, 3.5],
			"to": [12.5, 9.25, 6.5],
			"rotation": {"angle": 22.5, "axis": "y", "origin": [12, 8.75, 3.5]},
			"faces": {
				"north": {"uv": [9.5, 1, 9.5, 1.5], "texture": "#0"},
				"east": {"uv": [5, 8.5, 6.5, 9], "texture": "#0"},
				"south": {"uv": [3.5, 9.5, 3.5, 10], "texture": "#0"},
				"west": {"uv": [8.5, 5, 10, 5.5], "texture": "#0"},
				"up": {"uv": [2, 13.5, 2, 12], "texture": "#0"},
				"down": {"uv": [6.5, 12, 6.5, 13.5], "texture": "#0"}
			}
		},
		{
			"from": [3.5, 8.25, 3.5],
			"to": [3.5, 9.25, 6.5],
			"rotation": {"angle": -22.5, "axis": "y", "origin": [4, 8.75, 3.5]},
			"faces": {
				"north": {"uv": [10, 4, 10, 4.5], "texture": "#0"},
				"east": {"uv": [8.5, 6, 10, 6.5], "texture": "#0"},
				"south": {"uv": [12, 10.5, 12, 11], "texture": "#0"},
				"west": {"uv": [8.5, 7, 10, 7.5], "texture": "#0"},
				"up": {"uv": [11, 13.5, 11, 12], "texture": "#0"},
				"down": {"uv": [11.5, 12, 11.5, 13.5], "texture": "#0"}
			}
		},
		{
			"from": [3.5, 8, 3],
			"to": [4.5, 10, 4],
			"rotation": {"angle": 0, "axis": "y", "origin": [16, 0, 0]},
			"faces": {
				"north": {"uv": [9, 10, 9.5, 11], "texture": "#0"},
				"east": {"uv": [10, 10, 10.5, 11], "texture": "#0"},
				"south": {"uv": [0, 10.5, 0.5, 11.5], "texture": "#0"},
				"west": {"uv": [3.5, 10.5, 4, 11.5], "texture": "#0"},
				"up": {"uv": [4, 12.5, 3.5, 12], "texture": "#0"},
				"down": {"uv": [5, 12, 4.5, 12.5], "texture": "#0"}
			}
		},
		{
			"from": [3.5, 8.5, 4],
			"to": [4.5, 9.5, 12],
			"rotation": {"angle": 0, "axis": "y", "origin": [16, 0, 0]},
			"faces": {
				"north": {"uv": [1, 12, 1.5, 12.5], "texture": "#0"},
				"east": {"uv": [5, 0, 9, 0.5], "texture": "#0"},
				"south": {"uv": [12, 1, 12.5, 1.5], "texture": "#0"},
				"west": {"uv": [5, 1, 9, 1.5], "texture": "#0"},
				"up": {"uv": [2.5, 9, 2, 5], "texture": "#0"},
				"down": {"uv": [3.5, 5, 3, 9], "texture": "#0"}
			}
		},
		{
			"from": [8.5, 8, 3],
			"to": [9.5, 10, 4],
			"faces": {
				"north": {"uv": [10, 1, 10.5, 2], "texture": "#0"},
				"east": {"uv": [10, 2.5, 10.5, 3.5], "texture": "#0"},
				"south": {"uv": [7, 10, 7.5, 11], "texture": "#0"},
				"west": {"uv": [8, 10, 8.5, 11], "texture": "#0"},
				"up": {"uv": [12, 7, 11.5, 6.5], "texture": "#0"},
				"down": {"uv": [7.5, 11.5, 7, 12], "texture": "#0"}
			}
		},
		{
			"from": [4.5, 8, 2.5],
			"to": [6.5, 10, 3.5],
			"rotation": {"angle": 0, "axis": "y", "origin": [16, 0, 0]},
			"faces": {
				"north": {"uv": [5.5, 7, 6.5, 8], "texture": "#0"},
				"east": {"uv": [11, 1, 11.5, 2], "texture": "#0"},
				"south": {"uv": [7, 6.5, 8, 7.5], "texture": "#0"},
				"west": {"uv": [2.5, 11, 3, 12], "texture": "#0"},
				"up": {"uv": [12, 3, 11, 2.5], "texture": "#0"},
				"down": {"uv": [5.5, 11, 4.5, 11.5], "texture": "#0"}
			}
		},
		{
			"from": [4.5, 7.5, 3],
			"to": [6.5, 10.5, 4],
			"rotation": {"angle": 0, "axis": "y", "origin": [16, 0, 0]},
			"faces": {
				"north": {"uv": [5.5, 5, 6.5, 6.5], "texture": "#0"},
				"east": {"uv": [8, 8, 8.5, 9.5], "texture": "#0"},
				"south": {"uv": [6.5, 2, 7.5, 3.5], "texture": "#0"},
				"west": {"uv": [4, 8.5, 4.5, 10], "texture": "#0"},
				"up": {"uv": [12, 0.5, 11, 0], "texture": "#0"},
				"down": {"uv": [2, 11, 1, 11.5], "texture": "#0"}
			}
		},
		{
			"from": [6.5, 8, 3],
			"to": [7.5, 10, 4],
			"rotation": {"angle": 0, "axis": "y", "origin": [16, 0, 0]},
			"faces": {
				"north": {"uv": [10.5, 4, 11, 5], "texture": "#0"},
				"east": {"uv": [10.5, 5.5, 11, 6.5], "texture": "#0"},
				"south": {"uv": [10.5, 7, 11, 8], "texture": "#0"},
				"west": {"uv": [10.5, 8.5, 11, 9.5], "texture": "#0"},
				"up": {"uv": [6, 12.5, 5.5, 12], "texture": "#0"},
				"down": {"uv": [12.5, 9.5, 12, 10], "texture": "#0"}
			}
		},
		{
			"from": [7.5, 8.5, 3],
			"to": [8.5, 9.5, 4],
			"faces": {
				"north": {"uv": [11.5, 7.5, 12, 8], "texture": "#0"},
				"east": {"uv": [8, 11.5, 8.5, 12], "texture": "#0"},
				"south": {"uv": [11.5, 8.5, 12, 9], "texture": "#0"},
				"west": {"uv": [9, 11.5, 9.5, 12], "texture": "#0"},
				"up": {"uv": [10.5, 12, 10, 11.5], "texture": "#0"},
				"down": {"uv": [0.5, 12, 0, 12.5], "texture": "#0"}
			}
		}
	],
	"gui_light": "front",
	"display": {
		"thirdperson_righthand": {
			"rotation": [18.36, 20.12, -33],
			"translation": [2.25, -3.5, -0.25],
			"scale": [0.8, 0.8, 0.8]
		},
		"thirdperson_lefthand": {
			"rotation": [18.36, 20.12, -33],
			"translation": [2.25, -3.5, -0.25],
			"scale": [0.8, 0.8, 0.8]
		},
		"firstperson_righthand": {
			"rotation": [-4.52, -12.66, -6.25],
			"translation": [2, -0.5, 0]
		},
		"firstperson_lefthand": {
			"rotation": [-4.52, -12.66, -6.25],
			"translation": [2, -0.5, 0]
		},
		"ground": {
			"scale": [0.8, 0.8, 0.8]
		},
		"gui": {
			"rotation": [-160.84, 14.21, -178.72],
			"translation": [0.25, -0.75, 0],
			"scale": [1.3, 1.3, 1.3]
		},
		"head": {
			"translation": [0, -4.25, 0],
			"scale": [1.61, 1.61, 1.61]
		},
		"fixed": {
			"rotation": [-11, 0, 0],
			"translation": [0, 0, 1.25],
			"scale": [1.2, 1.2, 1.2]
		}
	}
}