{
	"credit": "Made with Blockbench",
	"texture_size": [32, 32],
	"textures": {
		"0": "cosmetics/saber_red",
		"particle": "cosmetics/saber_red"
	},
	"elements": [
		{
			"from": [7, -6, 7],
			"to": [9, 26, 9],
			"faces": {
				"north": {"uv": [8, 0, 9, 16], "texture": "#0"},
				"east": {"uv": [9.5, 0, 10.5, 16], "texture": "#0"},
				"south": {"uv": [11, 0, 12, 16], "texture": "#0"},
				"west": {"uv": [12.5, 0, 13.5, 16], "texture": "#0"},
				"up": {"uv": [5, 14, 4, 13], "texture": "#0"},
				"down": {"uv": [6.5, 13, 5.5, 14], "texture": "#0"}
			}
		},
		{
			"from": [9.5, 26.5, 9.5],
			"to": [6.5, 1.5, 6.5],
			"rotation": {"angle": 0, "axis": "y", "origin": [2.25, 23.25, 2.25]},
			"faces": {
				"north": {"uv": [0, 0, 1.5, 12.5], "texture": "#0"},
				"east": {"uv": [2, 0, 3.5, 12.5], "texture": "#0"},
				"south": {"uv": [4, 0, 5.5, 12.5], "texture": "#0"},
				"west": {"uv": [6, 0, 7.5, 12.5], "texture": "#0"},
				"up": {"uv": [1.5, 14.5, 0, 13], "texture": "#0"},
				"down": {"uv": [3.5, 13, 2, 14.5], "texture": "#0"}
			}
		},
		{
			"from": [7, 1, 7],
			"to": [9, 2, 9],
			"rotation": {"angle": 45, "axis": "y", "origin": [8, 1.5, 8]},
			"faces": {
				"north": {"uv": [14, 6, 15, 6.5], "texture": "#0"},
				"east": {"uv": [14, 7, 15, 7.5], "texture": "#0"},
				"south": {"uv": [14, 8, 15, 8.5], "texture": "#0"},
				"west": {"uv": [14, 9, 15, 9.5], "texture": "#0"},
				"up": {"uv": [15, 1, 14, 0], "texture": "#0"},
				"down": {"uv": [15, 1.5, 14, 2.5], "texture": "#0"}
			}
		},
		{
			"from": [7, -1, 7],
			"to": [9, 0, 9],
			"rotation": {"angle": 45, "axis": "y", "origin": [8, -0.5, 8]},
			"faces": {
				"north": {"uv": [14, 10, 15, 10.5], "texture": "#0"},
				"east": {"uv": [14, 11, 15, 11.5], "texture": "#0"},
				"south": {"uv": [14, 12, 15, 12.5], "texture": "#0"},
				"west": {"uv": [14, 13, 15, 13.5], "texture": "#0"},
				"up": {"uv": [15, 4, 14, 3], "texture": "#0"},
				"down": {"uv": [15, 4.5, 14, 5.5], "texture": "#0"}
			}
		},
		{
			"from": [7.5, -4, 6.25],
			"to": [8.5, -3, 7.25],
			"rotation": {"angle": 45, "axis": "z", "origin": [8, -3.5, 6.5]},
			"faces": {
				"north": {"uv": [7, 13, 7.5, 13.5], "texture": "#0"},
				"east": {"uv": [7, 14, 7.5, 14.5], "texture": "#0"},
				"south": {"uv": [14, 14, 14.5, 14.5], "texture": "#0"},
				"west": {"uv": [4, 14.5, 4.5, 15], "texture": "#0"},
				"up": {"uv": [5.5, 15, 5, 14.5], "texture": "#0"},
				"down": {"uv": [6.5, 14.5, 6, 15], "texture": "#0"}
			}
		}
	],
	"gui_light": "front",
	"display": {
		"thirdperson_righthand": {
			"translation": [0, 7.5, 1.5]
		},
		"thirdperson_lefthand": {
			"translation": [0, 7.5, 1.5]
		},
		"firstperson_righthand": {
			"translation": [0, 4.25, 0],
			"scale": [0.6, 0.6, 0.6]
		},
		"firstperson_lefthand": {
			"translation": [0, 4.25, 0],
			"scale": [0.6, 0.6, 0.6]
		},
		"ground": {
			"rotation": [45, 0, 0],
			"translation": [0, 1, 0],
			"scale": [0.5, 0.5, 0.5]
		},
		"gui": {
			"rotation": [-174.89, 35.95, 125.82],
			"translation": [1, -1, 0],
			"scale": [0.65, 0.65, 0.65]
		},
		"head": {
			"rotation": [98.25, 0, 0],
			"translation": [-7.75, -25, 11.75],
			"scale": [1.5, 1.5, 1.5]
		},
		"fixed": {
			"rotation": [0, 0, 45],
			"translation": [0.5, -0.75, -1],
			"scale": [0.7, 0.7, 0.7]
		}
	}
}