{
	"credit": "Made with Blockbench",
	"texture_size": [32, 32],
	"textures": {
		"0": "cosmetics/soft_drink",
		"particle": "cosmetics/soft_drink"
	},
	"elements": [
		{
			"from": [6, 0, 6],
			"to": [10, 9, 10],
			"faces": {
				"north": {"uv": [0, 0, 2, 4.5], "texture": "#0"},
				"east": {"uv": [2.5, 0, 4.5, 4.5], "texture": "#0"},
				"south": {"uv": [0, 5, 2, 9.5], "texture": "#0"},
				"west": {"uv": [5, 0, 7, 4.5], "texture": "#0"},
				"up": {"uv": [9.5, 2, 7.5, 0], "texture": "#0"},
				"down": {"uv": [9.5, 2.5, 7.5, 4.5], "texture": "#0"}
			}
		},
		{
			"from": [7.3, 7, 8],
			"to": [8.3, 14, 9],
			"rotation": {"angle": 22.5, "axis": "z", "origin": [8.5, 8.5, 8.5]},
			"faces": {
				"north": {"uv": [2.5, 8, 3, 11.5], "texture": "#0"},
				"east": {"uv": [3.5, 8, 4, 11.5], "texture": "#0"},
				"south": {"uv": [4.5, 8, 5, 11.5], "texture": "#0"},
				"west": {"uv": [5.5, 8, 6, 11.5], "texture": "#0"},
				"up": {"uv": [7, 9.5, 6.5, 9], "texture": "#0"},
				"down": {"uv": [8, 9, 7.5, 9.5], "texture": "#0"}
			}
		},
		{
			"from": [5.5, 6, 5.5],
			"to": [10.5, 7, 10.5],
			"faces": {
				"north": {"uv": [6.5, 8, 9, 8.5], "texture": "#0"},
				"east": {"uv": [8.5, 5, 11, 5.5], "texture": "#0"},
				"south": {"uv": [8.5, 6, 11, 6.5], "texture": "#0"},
				"west": {"uv": [8.5, 7, 11, 7.5], "texture": "#0"},
				"up": {"uv": [5, 7.5, 2.5, 5], "texture": "#0"},
				"down": {"uv": [8, 5, 5.5, 7.5], "texture": "#0"}
			}
		}
	],
	"gui_light": "front",
	"display": {
		"thirdperson_righthand": {
			"rotation": [61.04, -1.98, 16.87],
			"translation": [-2.75, 1.5, 3],
			"scale": [0.8, 0.8, 0.8]
		},
		"thirdperson_lefthand": {
			"rotation": [61.04, -1.98, 16.87],
			"translation": [-2.75, 1.5, 3],
			"scale": [0.8, 0.8, 0.8]
		},
		"firstperson_righthand": {
			"translation": [0, 2.5, 0],
			"scale": [0.9, 0.9, 0.9]
		},
		"firstperson_lefthand": {
			"rotation": [0, -180, 0],
			"translation": [0, 2.5, 0],
			"scale": [0.9, 0.9, 0.9]
		},
		"ground": {
			"translation": [0, 4.25, 0],
			"scale": [0.8, 0.8, 0.8]
		},
		"gui": {
			"rotation": [-164.65, 32.18, 175.5],
			"translation": [0, 1.75, 0]
		},
		"head": {
			"translation": [0, 15.75, 0],
			"scale": [1.2, 1.2, 1.2]
		},
		"fixed": {
			"translation": [0, 2, -1.5],
			"scale": [1.2, 1.2, 1.2]
		}
	}
}