{
	"credit": "Made with Blockbench",
	"texture_size": [64, 64],
	"textures": {
		"0": "cosmetics/stone_tomahawk",
		"particle": "cosmetics/stone_tomahawk"
	},
	"elements": [
		{
			"from": [7, 0, 7],
			"to": [9, 15, 9],
			"faces": {
				"north": {"uv": [0, 0, 0.5, 3.75], "texture": "#0"},
				"east": {"uv": [0.75, 0, 1.25, 3.75], "texture": "#0"},
				"south": {"uv": [1.5, 0, 2, 3.75], "texture": "#0"},
				"west": {"uv": [2.25, 0, 2.75, 3.75], "texture": "#0"},
				"up": {"uv": [5.25, 7, 4.75, 6.5], "texture": "#0"},
				"down": {"uv": [7.25, 0, 6.75, 0.5], "texture": "#0"}
			}
		},
		{
			"from": [8, 7.75, 8.5],
			"to": [8, 11.75, 14.5],
			"rotation": {"angle": 45, "axis": "x", "origin": [8, 11, 10.5]},
			"faces": {
				"north": {"uv": [4.5, 6.75, 4.5, 7.75], "texture": "#0"},
				"east": {"uv": [4.5, 0, 6, 1], "texture": "#0"},
				"south": {"uv": [2.5, 7, 2.5, 8], "texture": "#0"},
				"west": {"uv": [4.5, 1.25, 6, 2.25], "texture": "#0"},
				"up": {"uv": [2.75, 8.5, 2.75, 7], "texture": "#0"},
				"down": {"uv": [3, 7, 3, 8.5], "texture": "#0"}
			}
		},
		{
			"from": [6, 15, 5],
			"to": [10, 19, 10],
			"faces": {
				"north": {"uv": [1.25, 5.75, 2.25, 6.75], "texture": "#0"},
				"east": {"uv": [3.25, 4.5, 4.5, 5.5], "texture": "#0"},
				"south": {"uv": [2.5, 5.75, 3.5, 6.75], "texture": "#0"},
				"west": {"uv": [4.75, 3.75, 6, 4.75], "texture": "#0"},
				"up": {"uv": [5.75, 6.25, 4.75, 5], "texture": "#0"},
				"down": {"uv": [1, 5.5, 0, 6.75], "texture": "#0"}
			}
		},
		{
			"from": [5.5, 14.5, 7.5],
			"to": [10.5, 19.5, 8.5],
			"rotation": {"angle": -22.5, "axis": "x", "origin": [8, 17, 8]},
			"faces": {
				"north": {"uv": [3, 0, 4.25, 1.25], "texture": "#0"},
				"east": {"uv": [6, 6, 6.25, 7.25], "texture": "#0"},
				"south": {"uv": [3, 1.5, 4.25, 2.75], "texture": "#0"},
				"west": {"uv": [6.25, 0, 6.5, 1.25], "texture": "#0"},
				"up": {"uv": [2.75, 4.25, 1.5, 4], "texture": "#0"},
				"down": {"uv": [7.5, 1.5, 6.25, 1.75], "texture": "#0"}
			}
		},
		{
			"from": [5.525, 14.5, 7.5],
			"to": [10.475, 19.5, 8.5],
			"rotation": {"angle": 22.5, "axis": "x", "origin": [8, 17, 8]},
			"faces": {
				"north": {"uv": [3, 3, 4.25, 4.25], "texture": "#0"},
				"east": {"uv": [6.25, 2, 6.5, 3.25], "texture": "#0"},
				"south": {"uv": [0, 4, 1.25, 5.25], "texture": "#0"},
				"west": {"uv": [6.25, 3.5, 6.5, 4.75], "texture": "#0"},
				"up": {"uv": [7.75, 6.25, 6.5, 6], "texture": "#0"},
				"down": {"uv": [7.75, 6.5, 6.5, 6.75], "texture": "#0"}
			}
		},
		{
			"from": [6.5, 15.5, 4],
			"to": [9.5, 18.5, 5],
			"faces": {
				"north": {"uv": [3.75, 5.75, 4.5, 6.5], "texture": "#0"},
				"east": {"uv": [5.5, 6.5, 5.75, 7.25], "texture": "#0"},
				"south": {"uv": [6, 5, 6.75, 5.75], "texture": "#0"},
				"west": {"uv": [0, 7, 0.25, 7.75], "texture": "#0"},
				"up": {"uv": [1.25, 7.25, 0.5, 7], "texture": "#0"},
				"down": {"uv": [2.25, 7, 1.5, 7.25], "texture": "#0"}
			}
		},
		{
			"from": [7, 16, 10],
			"to": [9, 18, 12],
			"faces": {
				"north": {"uv": [6.75, 0.75, 7.25, 1.25], "texture": "#0"},
				"east": {"uv": [6.75, 2, 7.25, 2.5], "texture": "#0"},
				"south": {"uv": [6.75, 2.75, 7.25, 3.25], "texture": "#0"},
				"west": {"uv": [6.75, 3.5, 7.25, 4], "texture": "#0"},
				"up": {"uv": [4.25, 7.25, 3.75, 6.75], "texture": "#0"},
				"down": {"uv": [7.25, 4.25, 6.75, 4.75], "texture": "#0"}
			}
		}
	],
	"gui_light": "front",
	"display": {
		"thirdperson_righthand": {
			"translation": [0, 1.25, 1.75],
			"scale": [0.9, 0.9, 0.9]
		},
		"thirdperson_lefthand": {
			"translation": [0, 1.25, 1.75],
			"scale": [0.9, 0.9, 0.9]
		},
		"firstperson_righthand": {
			"rotation": [8.25, 8.25, 0],
			"translation": [0, 1.25, 0],
			"scale": [0.75, 0.75, 0.75]
		},
		"firstperson_lefthand": {
			"rotation": [8.25, 8.25, 0],
			"translation": [0, 1.25, 0],
			"scale": [0.75, 0.75, 0.75]
		},
		"ground": {
			"rotation": [45, 0, 0],
			"scale": [0.55, 0.55, 0.55]
		},
		"gui": {
			"rotation": [47.15, 35.51, -62.6],
			"translation": [-1.25, -1.5, 0],
			"scale": [0.8, 0.8, 0.8]
		},
		"head": {
			"rotation": [-116.05, 14.89, -27.8],
			"translation": [-2.75, 13.75, 5.5]
		},
		"fixed": {
			"rotation": [96.22, -44.66, 98.79],
			"translation": [0.75, -1.5, -1.25],
			"scale": [0.8, 0.8, 0.8]
		}
	}
}