{
	"credit": "Made with Blockbench",
	"texture_size": [64, 64],
	"textures": {
		"0": "cosmetics/straw_hat_old",
		"particle": "cosmetics/straw_hat_old"
	},
	"elements": [
		{
			"from": [0, 0, 0],
			"to": [3, 1, 16],
			"faces": {
				"north": {"uv": [0.75, 5.5, 1.5, 5.75], "texture": "#0"},
				"east": {"uv": [5.5, 5.5, 9.5, 5.75], "texture": "#0"},
				"south": {"uv": [1.5, 5.5, 2.25, 5.75], "texture": "#0"},
				"west": {"uv": [5.5, 5.75, 9.5, 6], "texture": "#0"},
				"up": {"uv": [0.75, 9.5, 0, 5.5], "texture": "#0"},
				"down": {"uv": [6.25, 0, 5.5, 4], "texture": "#0"}
			}
		},
		{
			"from": [13, 0, 0],
			"to": [16, 1, 16],
			"rotation": {"angle": 0, "axis": "y", "origin": [16, 0, 0]},
			"faces": {
				"north": {"uv": [1.5, 5.5, 0.75, 5.75], "texture": "#0"},
				"east": {"uv": [9.5, 5.75, 5.5, 6], "texture": "#0"},
				"south": {"uv": [2.25, 5.5, 1.5, 5.75], "texture": "#0"},
				"west": {"uv": [9.5, 5.5, 5.5, 5.75], "texture": "#0"},
				"up": {"uv": [0, 9.5, 0.75, 5.5], "texture": "#0"},
				"down": {"uv": [5.5, 0, 6.25, 4], "texture": "#0"}
			}
		},
		{
			"from": [3, 0, 0],
			"to": [13, 1, 3],
			"faces": {
				"north": {"uv": [6.25, 0.5, 8.75, 0.75], "texture": "#0"},
				"east": {"uv": [0.75, 5.75, 1.5, 6], "texture": "#0"},
				"south": {"uv": [0.75, 6.25, 3.25, 6.5], "texture": "#0"},
				"west": {"uv": [1.5, 5.75, 2.25, 6], "texture": "#0"},
				"up": {"uv": [8, 4.75, 5.5, 4], "texture": "#0"},
				"down": {"uv": [8, 4.75, 5.5, 5.5], "texture": "#0"}
			}
		},
		{
			"from": [2.75, 1, 2.75],
			"to": [13.25, 7, 13.25],
			"faces": {
				"north": {"uv": [2.75, 0, 5.5, 1.5], "texture": "#0"},
				"east": {"uv": [2.75, 0, 5.5, 1.5], "texture": "#0"},
				"south": {"uv": [2.75, 0, 5.5, 1.5], "texture": "#0"},
				"west": {"uv": [2.75, 0, 5.5, 1.5], "texture": "#0"},
				"up": {"uv": [2.75, 2.75, 0, 0], "texture": "#0"},
				"down": {"uv": [2.75, 2.75, 0, 5.5], "texture": "#0"}
			}
		},
		{
			"from": [0, 0, -1],
			"to": [2, 1, 0],
			"rotation": {"angle": 0, "axis": "y", "origin": [8.25, 0.5, 8]},
			"faces": {
				"north": {"uv": [2.25, 5.5, 2.75, 5.75], "texture": "#0"},
				"east": {"uv": [6.25, 2.25, 6.5, 2.5], "texture": "#0"},
				"south": {"uv": [2.25, 5.75, 2.75, 6], "texture": "#0"},
				"west": {"uv": [6.25, 2.5, 6.5, 2.75], "texture": "#0"},
				"up": {"uv": [6.75, 2, 6.25, 1.75], "texture": "#0"},
				"down": {"uv": [6.75, 2, 6.25, 2.25], "texture": "#0"}
			}
		},
		{
			"from": [6, 0, -1],
			"to": [8, 1, 0],
			"rotation": {"angle": 0, "axis": "y", "origin": [8.25, 0.5, 8]},
			"faces": {
				"north": {"uv": [2.25, 5.5, 2.75, 5.75], "texture": "#0"},
				"east": {"uv": [6.25, 2.25, 6.5, 2.5], "texture": "#0"},
				"south": {"uv": [2.25, 5.75, 2.75, 6], "texture": "#0"},
				"west": {"uv": [6.25, 2.5, 6.5, 2.75], "texture": "#0"},
				"up": {"uv": [6.75, 2, 6.25, 1.75], "texture": "#0"},
				"down": {"uv": [6.75, 2, 6.25, 2.25], "texture": "#0"}
			}
		},
		{
			"from": [4, 0, -2],
			"to": [6, 1, -1],
			"rotation": {"angle": 0, "axis": "y", "origin": [8.25, 0.5, 8]},
			"faces": {
				"north": {"uv": [2.25, 5.5, 2.75, 5.75], "texture": "#0"},
				"east": {"uv": [6.25, 2.25, 6.5, 2.5], "texture": "#0"},
				"south": {"uv": [2.25, 5.75, 2.75, 6], "texture": "#0"},
				"west": {"uv": [6.25, 2.5, 6.5, 2.75], "texture": "#0"},
				"up": {"uv": [6.75, 2, 6.25, 1.75], "texture": "#0"},
				"down": {"uv": [6.75, 2, 6.25, 2.25], "texture": "#0"}
			}
		},
		{
			"from": [2.65, 1.65, 2.45],
			"to": [13.35, 2.85, 3.35],
			"rotation": {"angle": 0, "axis": "y", "origin": [8, 2.25, 8]},
			"faces": {
				"north": {"uv": [0.75, 6, 3.5, 6.25], "texture": "#0"},
				"east": {"uv": [4.25, 6.25, 4.5, 6.5], "texture": "#0"},
				"south": {"uv": [3.5, 6, 6.25, 6.25], "texture": "#0"},
				"west": {"uv": [4, 6.25, 4.25, 6.5], "texture": "#0"},
				"up": {"uv": [9, 0.25, 6.25, 0], "texture": "#0"},
				"down": {"uv": [9, 0.25, 6.25, 0.5], "texture": "#0"}
			}
		},
		{
			"from": [2.65, 1.65, 12.65],
			"to": [13.35, 2.85, 13.55],
			"rotation": {"angle": 0, "axis": "y", "origin": [8, 2.25, 8]},
			"faces": {
				"north": {"uv": [6.25, 6, 3.5, 6.25], "texture": "#0"},
				"east": {"uv": [4.5, 6.25, 4.25, 6.5], "texture": "#0"},
				"south": {"uv": [3.5, 6, 0.75, 6.25], "texture": "#0"},
				"west": {"uv": [4.25, 6.25, 4, 6.5], "texture": "#0"},
				"up": {"uv": [9, 0, 6.25, 0.25], "texture": "#0"},
				"down": {"uv": [9, 0.5, 6.25, 0.25], "texture": "#0"}
			}
		},
		{
			"from": [12.65, 1.65, 2.65],
			"to": [13.55, 2.85, 13.35],
			"rotation": {"angle": 0, "axis": "y", "origin": [8, 2.25, 8]},
			"faces": {
				"north": {"uv": [4, 6.25, 4.25, 6.5], "texture": "#0"},
				"east": {"uv": [0.75, 6, 3.5, 6.25], "texture": "#0"},
				"south": {"uv": [4.25, 6.25, 4.5, 6.5], "texture": "#0"},
				"west": {"uv": [3.5, 6, 6.25, 6.25], "texture": "#0"},
				"up": {"uv": [9, 0.25, 6.25, 0], "rotation": 90, "texture": "#0"},
				"down": {"uv": [9, 0.25, 6.25, 0.5], "rotation": 270, "texture": "#0"}
			}
		},
		{
			"from": [2.45, 1.65, 2.65],
			"to": [3.35, 2.85, 13.35],
			"rotation": {"angle": 0, "axis": "y", "origin": [8, 2.25, 8]},
			"faces": {
				"north": {"uv": [4.25, 6.25, 4, 6.5], "texture": "#0"},
				"east": {"uv": [6.25, 6, 3.5, 6.25], "texture": "#0"},
				"south": {"uv": [4.5, 6.25, 4.25, 6.5], "texture": "#0"},
				"west": {"uv": [3.5, 6, 0.75, 6.25], "texture": "#0"},
				"up": {"uv": [9, 0, 6.25, 0.25], "rotation": 90, "texture": "#0"},
				"down": {"uv": [9, 0.5, 6.25, 0.25], "rotation": 270, "texture": "#0"}
			}
		},
		{
			"from": [15, 0, -1],
			"to": [16, 1, 0],
			"rotation": {"angle": 0, "axis": "y", "origin": [8.25, 0.5, 8]},
			"faces": {
				"north": {"uv": [3.25, 6.25, 3.5, 6.5], "texture": "#0"},
				"east": {"uv": [6.25, 3.25, 6.5, 3.5], "texture": "#0"},
				"south": {"uv": [3.5, 6.25, 3.75, 6.5], "texture": "#0"},
				"west": {"uv": [6.25, 3.5, 6.5, 3.75], "texture": "#0"},
				"up": {"uv": [4, 6.5, 3.75, 6.25], "texture": "#0"},
				"down": {"uv": [6.5, 3.75, 6.25, 4], "texture": "#0"}
			}
		},
		{
			"from": [11, 0, -1],
			"to": [14, 1, 0],
			"rotation": {"angle": 0, "axis": "y", "origin": [8.25, 0.5, 8]},
			"faces": {
				"north": {"uv": [6.25, 0.75, 7, 1], "texture": "#0"},
				"east": {"uv": [3.5, 6.25, 3.75, 6.5], "texture": "#0"},
				"south": {"uv": [6.25, 1, 7, 1.25], "texture": "#0"},
				"west": {"uv": [3.75, 6.25, 4, 6.5], "texture": "#0"},
				"up": {"uv": [7, 1.5, 6.25, 1.25], "texture": "#0"},
				"down": {"uv": [7, 1.5, 6.25, 1.75], "texture": "#0"}
			}
		},
		{
			"from": [3, 0, -1],
			"to": [6, 1, 0],
			"rotation": {"angle": 0, "axis": "y", "origin": [8.25, 0.5, 8]},
			"faces": {
				"north": {"uv": [6.25, 0.75, 7, 1], "texture": "#0"},
				"east": {"uv": [3.5, 6.25, 3.75, 6.5], "texture": "#0"},
				"south": {"uv": [6.25, 1, 7, 1.25], "texture": "#0"},
				"west": {"uv": [3.75, 6.25, 4, 6.5], "texture": "#0"},
				"up": {"uv": [7, 1.5, 6.25, 1.25], "texture": "#0"},
				"down": {"uv": [7, 1.5, 6.25, 1.75], "texture": "#0"}
			}
		},
		{
			"from": [12, 0, -2],
			"to": [15, 1, -1],
			"rotation": {"angle": 0, "axis": "y", "origin": [8.25, 0.5, 8]},
			"faces": {
				"north": {"uv": [6.25, 0.75, 7, 1], "texture": "#0"},
				"east": {"uv": [3.5, 6.25, 3.75, 6.5], "texture": "#0"},
				"south": {"uv": [6.25, 1, 7, 1.25], "texture": "#0"},
				"west": {"uv": [3.75, 6.25, 4, 6.5], "texture": "#0"},
				"up": {"uv": [7, 1.5, 6.25, 1.25], "texture": "#0"},
				"down": {"uv": [7, 1.5, 6.25, 1.75], "texture": "#0"}
			}
		},
		{
			"from": [0, 0, 16],
			"to": [2, 1, 17],
			"rotation": {"angle": 0, "axis": "y", "origin": [8.25, 0.5, 8]},
			"faces": {
				"north": {"uv": [2.75, 5.75, 2.25, 6], "texture": "#0"},
				"east": {"uv": [6.5, 2.25, 6.25, 2.5], "texture": "#0"},
				"south": {"uv": [2.75, 5.5, 2.25, 5.75], "texture": "#0"},
				"west": {"uv": [6.5, 2.5, 6.25, 2.75], "texture": "#0"},
				"up": {"uv": [6.75, 1.75, 6.25, 2], "texture": "#0"},
				"down": {"uv": [6.75, 2.25, 6.25, 2], "texture": "#0"}
			}
		},
		{
			"from": [15, 0, 16],
			"to": [16, 1, 17],
			"rotation": {"angle": 0, "axis": "y", "origin": [8.25, 0.5, 8]},
			"faces": {
				"north": {"uv": [3.75, 6.25, 3.5, 6.5], "texture": "#0"},
				"east": {"uv": [6.5, 3.25, 6.25, 3.5], "texture": "#0"},
				"south": {"uv": [3.5, 6.25, 3.25, 6.5], "texture": "#0"},
				"west": {"uv": [6.5, 3.5, 6.25, 3.75], "texture": "#0"},
				"up": {"uv": [4, 6.25, 3.75, 6.5], "texture": "#0"},
				"down": {"uv": [6.5, 4, 6.25, 3.75], "texture": "#0"}
			}
		},
		{
			"from": [11, 0, 16],
			"to": [14, 1, 17],
			"rotation": {"angle": 0, "axis": "y", "origin": [8.25, 0.5, 8]},
			"faces": {
				"north": {"uv": [7, 1, 6.25, 1.25], "texture": "#0"},
				"east": {"uv": [3.75, 6.25, 3.5, 6.5], "texture": "#0"},
				"south": {"uv": [7, 0.75, 6.25, 1], "texture": "#0"},
				"west": {"uv": [4, 6.25, 3.75, 6.5], "texture": "#0"},
				"up": {"uv": [7, 1.25, 6.25, 1.5], "texture": "#0"},
				"down": {"uv": [7, 1.75, 6.25, 1.5], "texture": "#0"}
			}
		},
		{
			"from": [12, 0, 17],
			"to": [15, 1, 18],
			"rotation": {"angle": 0, "axis": "y", "origin": [8.25, 0.5, 8]},
			"faces": {
				"north": {"uv": [7, 1, 6.25, 1.25], "texture": "#0"},
				"east": {"uv": [3.75, 6.25, 3.5, 6.5], "texture": "#0"},
				"south": {"uv": [7, 0.75, 6.25, 1], "texture": "#0"},
				"west": {"uv": [4, 6.25, 3.75, 6.5], "texture": "#0"},
				"up": {"uv": [7, 1.25, 6.25, 1.5], "texture": "#0"},
				"down": {"uv": [7, 1.75, 6.25, 1.5], "texture": "#0"}
			}
		},
		{
			"from": [3, 0, 16],
			"to": [6, 1, 17],
			"rotation": {"angle": 0, "axis": "y", "origin": [8.25, 0.5, 8]},
			"faces": {
				"north": {"uv": [7, 1, 6.25, 1.25], "texture": "#0"},
				"east": {"uv": [3.75, 6.25, 3.5, 6.5], "texture": "#0"},
				"south": {"uv": [7, 0.75, 6.25, 1], "texture": "#0"},
				"west": {"uv": [4, 6.25, 3.75, 6.5], "texture": "#0"},
				"up": {"uv": [7, 1.25, 6.25, 1.5], "texture": "#0"},
				"down": {"uv": [7, 1.75, 6.25, 1.5], "texture": "#0"}
			}
		},
		{
			"from": [6, 0, 16],
			"to": [8, 1, 17],
			"rotation": {"angle": 0, "axis": "y", "origin": [8.25, 0.5, 8]},
			"faces": {
				"north": {"uv": [2.75, 5.75, 2.25, 6], "texture": "#0"},
				"east": {"uv": [6.5, 2.25, 6.25, 2.5], "texture": "#0"},
				"south": {"uv": [2.75, 5.5, 2.25, 5.75], "texture": "#0"},
				"west": {"uv": [6.5, 2.5, 6.25, 2.75], "texture": "#0"},
				"up": {"uv": [6.75, 1.75, 6.25, 2], "texture": "#0"},
				"down": {"uv": [6.75, 2.25, 6.25, 2], "texture": "#0"}
			}
		},
		{
			"from": [4, 0, 17],
			"to": [6, 1, 18],
			"rotation": {"angle": 0, "axis": "y", "origin": [8.25, 0.5, 8]},
			"faces": {
				"north": {"uv": [2.75, 5.75, 2.25, 6], "texture": "#0"},
				"east": {"uv": [6.5, 2.25, 6.25, 2.5], "texture": "#0"},
				"south": {"uv": [2.75, 5.5, 2.25, 5.75], "texture": "#0"},
				"west": {"uv": [6.5, 2.5, 6.25, 2.75], "texture": "#0"},
				"up": {"uv": [6.75, 1.75, 6.25, 2], "texture": "#0"},
				"down": {"uv": [6.75, 2.25, 6.25, 2], "texture": "#0"}
			}
		},
		{
			"from": [17, 0, 10.25],
			"to": [18, 1, 12.25],
			"rotation": {"angle": 0, "axis": "y", "origin": [8.25, 0.5, 8]},
			"faces": {
				"north": {"uv": [6.5, 2.25, 6.25, 2.5], "texture": "#0"},
				"east": {"uv": [2.75, 5.5, 2.25, 5.75], "texture": "#0"},
				"south": {"uv": [6.5, 2.5, 6.25, 2.75], "texture": "#0"},
				"west": {"uv": [2.75, 5.75, 2.25, 6], "texture": "#0"},
				"up": {"uv": [6.75, 1.75, 6.25, 2], "rotation": 270, "texture": "#0"},
				"down": {"uv": [6.75, 2.25, 6.25, 2], "rotation": 90, "texture": "#0"}
			}
		},
		{
			"from": [16, 0, 8.25],
			"to": [17, 1, 10.25],
			"rotation": {"angle": 0, "axis": "y", "origin": [8.25, 0.5, 8]},
			"faces": {
				"north": {"uv": [6.5, 2.25, 6.25, 2.5], "texture": "#0"},
				"east": {"uv": [2.75, 5.5, 2.25, 5.75], "texture": "#0"},
				"south": {"uv": [6.5, 2.5, 6.25, 2.75], "texture": "#0"},
				"west": {"uv": [2.75, 5.75, 2.25, 6], "texture": "#0"},
				"up": {"uv": [6.75, 1.75, 6.25, 2], "rotation": 270, "texture": "#0"},
				"down": {"uv": [6.75, 2.25, 6.25, 2], "rotation": 90, "texture": "#0"}
			}
		},
		{
			"from": [16, 0, 10.25],
			"to": [17, 1, 13.25],
			"rotation": {"angle": 0, "axis": "y", "origin": [8.25, 0.5, 8]},
			"faces": {
				"north": {"uv": [3.75, 6.25, 3.5, 6.5], "texture": "#0"},
				"east": {"uv": [7, 0.75, 6.25, 1], "texture": "#0"},
				"south": {"uv": [4, 6.25, 3.75, 6.5], "texture": "#0"},
				"west": {"uv": [7, 1, 6.25, 1.25], "texture": "#0"},
				"up": {"uv": [7, 1.25, 6.25, 1.5], "rotation": 270, "texture": "#0"},
				"down": {"uv": [7, 1.75, 6.25, 1.5], "rotation": 90, "texture": "#0"}
			}
		},
		{
			"from": [17, 0, 1.25],
			"to": [18, 1, 4.25],
			"rotation": {"angle": 0, "axis": "y", "origin": [8.25, 0.5, 8]},
			"faces": {
				"north": {"uv": [3.75, 6.25, 3.5, 6.5], "texture": "#0"},
				"east": {"uv": [7, 0.75, 6.25, 1], "texture": "#0"},
				"south": {"uv": [4, 6.25, 3.75, 6.5], "texture": "#0"},
				"west": {"uv": [7, 1, 6.25, 1.25], "texture": "#0"},
				"up": {"uv": [7, 1.25, 6.25, 1.5], "rotation": 270, "texture": "#0"},
				"down": {"uv": [7, 1.75, 6.25, 1.5], "rotation": 90, "texture": "#0"}
			}
		},
		{
			"from": [16, 0, 2.25],
			"to": [17, 1, 5.25],
			"rotation": {"angle": 0, "axis": "y", "origin": [8.25, 0.5, 8]},
			"faces": {
				"north": {"uv": [3.75, 6.25, 3.5, 6.5], "texture": "#0"},
				"east": {"uv": [7, 0.75, 6.25, 1], "texture": "#0"},
				"south": {"uv": [4, 6.25, 3.75, 6.5], "texture": "#0"},
				"west": {"uv": [7, 1, 6.25, 1.25], "texture": "#0"},
				"up": {"uv": [7, 1.25, 6.25, 1.5], "rotation": 270, "texture": "#0"},
				"down": {"uv": [7, 1.75, 6.25, 1.5], "rotation": 90, "texture": "#0"}
			}
		},
		{
			"from": [16, 0, 0.25],
			"to": [17, 1, 1.25],
			"rotation": {"angle": 0, "axis": "y", "origin": [8.25, 0.5, 8]},
			"faces": {
				"north": {"uv": [6.5, 3.25, 6.25, 3.5], "texture": "#0"},
				"east": {"uv": [3.5, 6.25, 3.25, 6.5], "texture": "#0"},
				"south": {"uv": [6.5, 3.5, 6.25, 3.75], "texture": "#0"},
				"west": {"uv": [3.75, 6.25, 3.5, 6.5], "texture": "#0"},
				"up": {"uv": [4, 6.25, 3.75, 6.5], "rotation": 270, "texture": "#0"},
				"down": {"uv": [6.5, 4, 6.25, 3.75], "rotation": 90, "texture": "#0"}
			}
		},
		{
			"from": [16, 0, 14.25],
			"to": [17, 1, 16.25],
			"rotation": {"angle": 0, "axis": "y", "origin": [8.25, 0.5, 8]},
			"faces": {
				"north": {"uv": [6.5, 2.25, 6.25, 2.5], "texture": "#0"},
				"east": {"uv": [2.75, 5.5, 2.25, 5.75], "texture": "#0"},
				"south": {"uv": [6.5, 2.5, 6.25, 2.75], "texture": "#0"},
				"west": {"uv": [2.75, 5.75, 2.25, 6], "texture": "#0"},
				"up": {"uv": [6.75, 1.75, 6.25, 2], "rotation": 270, "texture": "#0"},
				"down": {"uv": [6.75, 2.25, 6.25, 2], "rotation": 90, "texture": "#0"}
			}
		},
		{
			"from": [-1, 0, 0.25],
			"to": [0, 1, 1.25],
			"rotation": {"angle": 0, "axis": "y", "origin": [8.25, 0.5, 8]},
			"faces": {
				"north": {"uv": [6.25, 3.25, 6.5, 3.5], "texture": "#0"},
				"east": {"uv": [3.5, 6.25, 3.75, 6.5], "texture": "#0"},
				"south": {"uv": [6.25, 3.5, 6.5, 3.75], "texture": "#0"},
				"west": {"uv": [3.25, 6.25, 3.5, 6.5], "texture": "#0"},
				"up": {"uv": [4, 6.5, 3.75, 6.25], "rotation": 270, "texture": "#0"},
				"down": {"uv": [6.5, 3.75, 6.25, 4], "rotation": 90, "texture": "#0"}
			}
		},
		{
			"from": [-2, 0, 1.25],
			"to": [-1, 1, 4.25],
			"rotation": {"angle": 0, "axis": "y", "origin": [8.25, 0.5, 8]},
			"faces": {
				"north": {"uv": [3.5, 6.25, 3.75, 6.5], "texture": "#0"},
				"east": {"uv": [6.25, 1, 7, 1.25], "texture": "#0"},
				"south": {"uv": [3.75, 6.25, 4, 6.5], "texture": "#0"},
				"west": {"uv": [6.25, 0.75, 7, 1], "texture": "#0"},
				"up": {"uv": [7, 1.5, 6.25, 1.25], "rotation": 270, "texture": "#0"},
				"down": {"uv": [7, 1.5, 6.25, 1.75], "rotation": 90, "texture": "#0"}
			}
		},
		{
			"from": [-1, 0, 2.25],
			"to": [0, 1, 5.25],
			"rotation": {"angle": 0, "axis": "y", "origin": [8.25, 0.5, 8]},
			"faces": {
				"north": {"uv": [3.5, 6.25, 3.75, 6.5], "texture": "#0"},
				"east": {"uv": [6.25, 1, 7, 1.25], "texture": "#0"},
				"south": {"uv": [3.75, 6.25, 4, 6.5], "texture": "#0"},
				"west": {"uv": [6.25, 0.75, 7, 1], "texture": "#0"},
				"up": {"uv": [7, 1.5, 6.25, 1.25], "rotation": 270, "texture": "#0"},
				"down": {"uv": [7, 1.5, 6.25, 1.75], "rotation": 90, "texture": "#0"}
			}
		},
		{
			"from": [-1, 0, 8.25],
			"to": [0, 1, 10.25],
			"rotation": {"angle": 0, "axis": "y", "origin": [8.25, 0.5, 8]},
			"faces": {
				"north": {"uv": [6.25, 2.25, 6.5, 2.5], "texture": "#0"},
				"east": {"uv": [2.25, 5.75, 2.75, 6], "texture": "#0"},
				"south": {"uv": [6.25, 2.5, 6.5, 2.75], "texture": "#0"},
				"west": {"uv": [2.25, 5.5, 2.75, 5.75], "texture": "#0"},
				"up": {"uv": [6.75, 2, 6.25, 1.75], "rotation": 270, "texture": "#0"},
				"down": {"uv": [6.75, 2, 6.25, 2.25], "rotation": 90, "texture": "#0"}
			}
		},
		{
			"from": [-1, 0, 10.25],
			"to": [0, 1, 13.25],
			"rotation": {"angle": 0, "axis": "y", "origin": [8.25, 0.5, 8]},
			"faces": {
				"north": {"uv": [3.5, 6.25, 3.75, 6.5], "texture": "#0"},
				"east": {"uv": [6.25, 1, 7, 1.25], "texture": "#0"},
				"south": {"uv": [3.75, 6.25, 4, 6.5], "texture": "#0"},
				"west": {"uv": [6.25, 0.75, 7, 1], "texture": "#0"},
				"up": {"uv": [7, 1.5, 6.25, 1.25], "rotation": 270, "texture": "#0"},
				"down": {"uv": [7, 1.5, 6.25, 1.75], "rotation": 90, "texture": "#0"}
			}
		},
		{
			"from": [-2, 0, 10.25],
			"to": [-1, 1, 12.25],
			"rotation": {"angle": 0, "axis": "y", "origin": [8.25, 0.5, 8]},
			"faces": {
				"north": {"uv": [6.25, 2.25, 6.5, 2.5], "texture": "#0"},
				"east": {"uv": [2.25, 5.75, 2.75, 6], "texture": "#0"},
				"south": {"uv": [6.25, 2.5, 6.5, 2.75], "texture": "#0"},
				"west": {"uv": [2.25, 5.5, 2.75, 5.75], "texture": "#0"},
				"up": {"uv": [6.75, 2, 6.25, 1.75], "rotation": 270, "texture": "#0"},
				"down": {"uv": [6.75, 2, 6.25, 2.25], "rotation": 90, "texture": "#0"}
			}
		},
		{
			"from": [-1, 0, 14.25],
			"to": [0, 1, 16.25],
			"rotation": {"angle": 0, "axis": "y", "origin": [8.25, 0.5, 8]},
			"faces": {
				"north": {"uv": [6.25, 2.25, 6.5, 2.5], "texture": "#0"},
				"east": {"uv": [2.25, 5.75, 2.75, 6], "texture": "#0"},
				"south": {"uv": [6.25, 2.5, 6.5, 2.75], "texture": "#0"},
				"west": {"uv": [2.25, 5.5, 2.75, 5.75], "texture": "#0"},
				"up": {"uv": [6.75, 2, 6.25, 1.75], "rotation": 270, "texture": "#0"},
				"down": {"uv": [6.75, 2, 6.25, 2.25], "rotation": 90, "texture": "#0"}
			}
		},
		{
			"from": [3, 0, 13],
			"to": [13, 1, 16],
			"rotation": {"angle": 0, "axis": "y", "origin": [0, 0, 16]},
			"faces": {
				"north": {"uv": [3.25, 6.25, 0.75, 6.5], "texture": "#0"},
				"east": {"uv": [1.5, 5.75, 0.75, 6], "texture": "#0"},
				"south": {"uv": [8.75, 0.5, 6.25, 0.75], "texture": "#0"},
				"west": {"uv": [2.25, 5.75, 1.5, 6], "texture": "#0"},
				"up": {"uv": [8, 4, 5.5, 4.75], "texture": "#0"},
				"down": {"uv": [8, 5.5, 5.5, 4.75], "texture": "#0"}
			}
		}
	],
	"display": {
		"thirdperson_righthand": {
			"translation": [0, 3.75, 0],
			"scale": [0.45, 0.45, 0.45]
		},
		"thirdperson_lefthand": {
			"translation": [0, 3.75, 0],
			"scale": [0.45, 0.45, 0.45]
		},
		"firstperson_righthand": {
			"translation": [6.5, 7, -7.5]
		},
		"ground": {
			"translation": [0, 5, 0]
		},
		"gui": {
			"rotation": [21, -45, 0],
			"translation": [0, 2.75, 0],
			"scale": [0.63, 0.63, 0.63]
		},
		"head": {
			"rotation": [9.5, 0, 0],
			"translation": [0, 13.75, 1.7],
			"scale": [1.45, 1.45, 1.45]
		},
		"fixed": {
			"rotation": [-82, -1, 0],
			"translation": [0.25, 0, -10.5],
			"scale": [1.15, 1.15, 1.15]
		}
	},
	"groups": [
		{
			"name": "straw_hat",
			"origin": [8, 8, 8],
			"color": 0,
			"children": [0, 1, 2, 3, 4, 5, 6, 7, 8, 9, 10, 11, 12, 13, 14, 15, 16, 17, 18, 19, 20, 21, 22, 23, 24, 25, 26, 27, 28, 29, 30, 31, 32, 33, 34, 35, 36]
		}
	]
}