{
	"credit": "Made with Blockbench",
	"texture_size": [128, 128],
	"textures": {
		"1": "cosmetics/tnt_backpack"
	},
	"elements": [
		{
			"from": [0.5, 16, 5],
			"to": [4.5, 23, 9],
			"rotation": {"angle": -22.5, "axis": "y", "origin": [2, 18.5, 6]},
			"faces": {
				"north": {"uv": [2.375, 4.25, 2.875, 5.125], "texture": "#1"},
				"east": {"uv": [3, 4.25, 3.5, 5.125], "texture": "#1"},
				"south": {"uv": [3.625, 4.25, 4.125, 5.125], "texture": "#1"},
				"west": {"uv": [4.25, 4.25, 4.75, 5.125], "texture": "#1"},
				"up": {"uv": [6.25, 2.875, 5.75, 2.375], "texture": "#1"},
				"down": {"uv": [5.125, 5.75, 4.625, 6.25], "texture": "#1"}
			}
		},
		{
			"from": [2.5, 22.5, 6.5],
			"to": [2.5, 25.5, 9.5],
			"rotation": {"angle": -22.5, "axis": "y", "origin": [2, 18.5, 6]},
			"faces": {
				"north": {"uv": [1.75, 3.75, 1.75, 4.125], "texture": "#1"},
				"east": {"uv": [1.25, 3.75, 1.625, 4.125], "texture": "#1"},
				"south": {"uv": [4.25, 6.25, 4.25, 6.625], "texture": "#1"},
				"west": {"uv": [4.375, 3.375, 4.75, 3.75], "texture": "#1"},
				"up": {"uv": [1.5, 6.75, 1.5, 6.375], "texture": "#1"},
				"down": {"uv": [1.625, 6.375, 1.625, 6.75], "texture": "#1"}
			}
		},
		{
			"from": [0, 17, 4.5],
			"to": [5, 18, 9.5],
			"rotation": {"angle": -22.5, "axis": "y", "origin": [2, 18.5, 6]},
			"faces": {
				"north": {"uv": [6, 1.125, 6.625, 1.25], "texture": "#1"},
				"east": {"uv": [6, 1.375, 6.625, 1.5], "texture": "#1"},
				"south": {"uv": [6, 1.625, 6.625, 1.75], "texture": "#1"},
				"west": {"uv": [2.125, 6, 2.75, 6.125], "texture": "#1"},
				"up": {"uv": [5.625, 3, 5, 2.375], "texture": "#1"},
				"down": {"uv": [5.875, 1.25, 5.25, 1.875], "texture": "#1"}
			}
		},
		{
			"from": [0, 21, 4.5],
			"to": [5, 22, 9.5],
			"rotation": {"angle": -22.5, "axis": "y", "origin": [2, 18.5, 6]},
			"faces": {
				"north": {"uv": [0.5, 6.125, 1.125, 6.25], "texture": "#1"},
				"east": {"uv": [6.125, 0.5, 6.75, 0.625], "texture": "#1"},
				"south": {"uv": [1.25, 6.125, 1.875, 6.25], "texture": "#1"},
				"west": {"uv": [5.875, 6.125, 6.5, 6.25], "texture": "#1"},
				"up": {"uv": [4.5, 5.875, 3.875, 5.25], "texture": "#1"},
				"down": {"uv": [6, 0, 5.375, 0.625], "texture": "#1"}
			}
		},
		{
			"from": [11, 21, 4.5],
			"to": [16, 22, 9.5],
			"rotation": {"angle": 22.5, "axis": "y", "origin": [14, 18.5, 6]},
			"faces": {
				"north": {"uv": [2, 6.25, 2.625, 6.375], "texture": "#1"},
				"east": {"uv": [2.75, 6.25, 3.375, 6.375], "texture": "#1"},
				"south": {"uv": [3.5, 6.25, 4.125, 6.375], "texture": "#1"},
				"west": {"uv": [0.5, 6.375, 1.125, 6.5], "texture": "#1"},
				"up": {"uv": [1.25, 6, 0.625, 5.375], "texture": "#1"},
				"down": {"uv": [2, 5.375, 1.375, 6], "texture": "#1"}
			}
		},
		{
			"from": [4, 14, 4],
			"to": [12, 25, 12],
			"rotation": {"angle": 0, "axis": "y", "origin": [0, 0, -6]},
			"faces": {
				"north": {"uv": [1.875, 0, 2.875, 1.375], "texture": "#1"},
				"east": {"uv": [1.875, 1.5, 2.875, 2.875], "texture": "#1"},
				"south": {"uv": [3, 0, 4, 1.375], "texture": "#1"},
				"west": {"uv": [3, 1.5, 4, 2.875], "texture": "#1"},
				"up": {"uv": [5.125, 2.25, 4.125, 1.25], "texture": "#1"},
				"down": {"uv": [2.25, 4.25, 1.25, 5.25], "texture": "#1"}
			}
		},
		{
			"from": [7.5, 23.5, 8],
			"to": [8.5, 27.5, 9],
			"rotation": {"angle": 22.5, "axis": "x", "origin": [8, 26.5, 8.5]},
			"faces": {
				"north": {"uv": [4.125, 2.375, 4.25, 2.875], "texture": "#1"},
				"east": {"uv": [2.125, 5.375, 2.25, 5.875], "texture": "#1"},
				"south": {"uv": [4.375, 6, 4.5, 6.5], "texture": "#1"},
				"west": {"uv": [1.25, 6.375, 1.375, 6.875], "texture": "#1"},
				"up": {"uv": [4.5, 4, 4.375, 3.875], "texture": "#1"},
				"down": {"uv": [4.75, 3.875, 4.625, 4], "texture": "#1"}
			}
		},
		{
			"from": [3.5, 22, 3.5],
			"to": [12.5, 24, 12.5],
			"rotation": {"angle": 0, "axis": "y", "origin": [0, 0, -6]},
			"faces": {
				"north": {"uv": [5.25, 2, 6.375, 2.25], "texture": "#1"},
				"east": {"uv": [5.375, 0.75, 6.5, 1], "texture": "#1"},
				"south": {"uv": [4.625, 5.375, 5.75, 5.625], "texture": "#1"},
				"west": {"uv": [5.5, 3.125, 6.625, 3.375], "texture": "#1"},
				"up": {"uv": [3, 4.125, 1.875, 3], "texture": "#1"},
				"down": {"uv": [4.25, 3, 3.125, 4.125], "texture": "#1"}
			}
		},
		{
			"from": [3.5, 15, 3.5],
			"to": [12.5, 17, 12.5],
			"rotation": {"angle": 0, "axis": "y", "origin": [0, 0, -6]},
			"faces": {
				"north": {"uv": [5.5, 3.5, 6.625, 3.75], "texture": "#1"},
				"east": {"uv": [5.5, 3.875, 6.625, 4.125], "texture": "#1"},
				"south": {"uv": [5.5, 4.25, 6.625, 4.5], "texture": "#1"},
				"west": {"uv": [5.5, 4.625, 6.625, 4.875], "texture": "#1"},
				"up": {"uv": [1.125, 4.875, 0, 3.75], "texture": "#1"},
				"down": {"uv": [5.25, 0, 4.125, 1.125], "texture": "#1"}
			}
		},
		{
			"from": [11.5, 16, 5],
			"to": [15.5, 23, 9],
			"rotation": {"angle": 22.5, "axis": "y", "origin": [14, 18.5, 6]},
			"faces": {
				"north": {"uv": [4.375, 2.375, 4.875, 3.25], "texture": "#1"},
				"east": {"uv": [4.875, 3.375, 5.375, 4.25], "texture": "#1"},
				"south": {"uv": [4.875, 4.375, 5.375, 5.25], "texture": "#1"},
				"west": {"uv": [0, 5, 0.5, 5.875], "texture": "#1"},
				"up": {"uv": [5.75, 6.25, 5.25, 5.75], "texture": "#1"},
				"down": {"uv": [6.375, 5, 5.875, 5.5], "texture": "#1"}
			}
		},
		{
			"from": [13.5, 23, 6.5],
			"to": [13.5, 26, 9.5],
			"rotation": {"angle": 22.5, "axis": "y", "origin": [14, 18.5, 6]},
			"faces": {
				"north": {"uv": [1.75, 6.375, 1.75, 6.75], "texture": "#1"},
				"east": {"uv": [5.875, 5.625, 6.25, 6], "texture": "#1"},
				"south": {"uv": [1.875, 6.375, 1.875, 6.75], "texture": "#1"},
				"west": {"uv": [0, 6, 0.375, 6.375], "texture": "#1"},
				"up": {"uv": [6.375, 2.75, 6.375, 2.375], "texture": "#1"},
				"down": {"uv": [4.625, 6.375, 4.625, 6.75], "texture": "#1"}
			}
		},
		{
			"from": [11, 17, 4.5],
			"to": [16, 18, 9.5],
			"rotation": {"angle": 22.5, "axis": "y", "origin": [14, 18.5, 6]},
			"faces": {
				"north": {"uv": [2.875, 6, 3.5, 6.125], "texture": "#1"},
				"east": {"uv": [3.625, 6, 4.25, 6.125], "texture": "#1"},
				"south": {"uv": [6.125, 0, 6.75, 0.125], "texture": "#1"},
				"west": {"uv": [6.125, 0.25, 6.75, 0.375], "texture": "#1"},
				"up": {"uv": [3, 5.875, 2.375, 5.25], "texture": "#1"},
				"down": {"uv": [3.75, 5.25, 3.125, 5.875], "texture": "#1"}
			}
		},
		{
			"from": [4, 15.5, 12.025],
			"to": [12, 23.5, 12.025],
			"rotation": {"angle": 0, "axis": "y", "origin": [7, 18.5, 12.025]},
			"faces": {
				"north": {"uv": [0, 0, 1.75, 1.75], "texture": "#1"},
				"east": {"uv": [4.75, 6.375, 4.75, 8.125], "texture": "#1"},
				"south": {"uv": [0, 1.875, 1.75, 3.625], "texture": "#1"},
				"west": {"uv": [4.875, 6.375, 4.875, 8.125], "texture": "#1"},
				"up": {"uv": [7.5, 3, 5.75, 3], "texture": "#1"},
				"down": {"uv": [7.75, 1.875, 6, 1.875], "texture": "#1"}
			}
		}
	],
	"gui_light": "front",
	"display": {
		"thirdperson_righthand": {
			"rotation": [0.57, -12.19, 5.14],
			"translation": [-1.5, -5.5, 0],
			"scale": [0.7, 0.7, 0.7]
		},
		"thirdperson_lefthand": {
			"rotation": [0.57, -12.19, 5.14],
			"translation": [-1.5, -5.5, 0],
			"scale": [0.7, 0.7, 0.7]
		},
		"firstperson_righthand": {
			"rotation": [12.77, -60.92, 7.36],
			"translation": [0, -2.75, -1.25],
			"scale": [0.5, 0.5, 0.5]
		},
		"firstperson_lefthand": {
			"rotation": [12.77, -60.92, 7.36],
			"translation": [0, -2.75, -1.25],
			"scale": [0.5, 0.5, 0.5]
		},
		"ground": {
			"translation": [0, -3.5, 0],
			"scale": [0.5, 0.5, 0.5]
		},
		"gui": {
			"rotation": [18.39, -36.79, 1.2],
			"translation": [0, -11.25, 0],
			"scale": [0.95, 0.95, 0.95]
		},
		"head": {
			"translation": [0, -64, 10.25],
			"scale": [1.61, 1.61, 1.61]
		},
		"fixed": {
			"rotation": [0, -180, 0],
			"translation": [0, -12, 0]
		}
	},
	"groups": [
		{
			"name": "group",
			"origin": [2, 18.5, 12],
			"color": 0,
			"children": [0, 1, 2, 3, 4]
		},
		{
			"name": "group",
			"origin": [0, 0, 0],
			"color": 0,
			"children": [5, 6, 7, 8]
		},
		{
			"name": "group",
			"origin": [2, 18.5, 12],
			"color": 0,
			"children": [9, 10, 11]
		},
		12
	]
}