{
	"credit": "Made with Blockbench",
	"texture_size": [128, 128],
	"textures": {
		"0": "cosmetics/tree_wings",
		"particle": "cosmetics/tree_wings"
	},
	"elements": [
		{
			"from": [2, 14, 7],
			"to": [8, 16, 9],
			"rotation": {"angle": -22.5, "axis": "z", "origin": [7, 15, 8]},
			"faces": {
				"north": {"uv": [1.125, 4.125, 1.875, 4.375], "texture": "#0"},
				"east": {"uv": [0.25, 5.125, 0.5, 5.375], "texture": "#0"},
				"south": {"uv": [2, 4.125, 2.75, 4.375], "texture": "#0"},
				"west": {"uv": [0.625, 5.125, 0.875, 5.375], "texture": "#0"},
				"up": {"uv": [3.625, 4.375, 2.875, 4.125], "texture": "#0"},
				"down": {"uv": [5.125, 3.75, 4.375, 4], "texture": "#0"}
			}
		},
		{
			"from": [-4.00208, 16.40375, 7],
			"to": [2.99792, 18.40375, 9],
			"rotation": {"angle": -45, "axis": "z", "origin": [1.99792, 17.40375, 8]},
			"faces": {
				"north": {"uv": [0, 3.75, 0.875, 4], "texture": "#0"},
				"east": {"uv": [5.125, 4.875, 5.375, 5.125], "texture": "#0"},
				"south": {"uv": [1, 3.75, 1.875, 4], "texture": "#0"},
				"west": {"uv": [5.25, 3.75, 5.5, 4], "texture": "#0"},
				"up": {"uv": [2.875, 4, 2, 3.75], "texture": "#0"},
				"down": {"uv": [3.875, 3.75, 3, 4], "texture": "#0"}
			}
		},
		{
			"from": [-3.50208, 9.40375, 7],
			"to": [-1.50208, 16.40375, 9],
			"rotation": {"angle": -45, "axis": "z", "origin": [1.99792, 17.40375, 8]},
			"faces": {
				"north": {"uv": [4, 3.75, 4.25, 4.625], "texture": "#0"},
				"east": {"uv": [0, 4.125, 0.25, 5], "texture": "#0"},
				"south": {"uv": [0.375, 4.125, 0.625, 5], "texture": "#0"},
				"west": {"uv": [0.75, 4.125, 1, 5], "texture": "#0"},
				"up": {"uv": [5.375, 5.5, 5.125, 5.25], "texture": "#0"},
				"down": {"uv": [4.5, 5.375, 4.25, 5.625], "texture": "#0"}
			}
		},
		{
			"from": [-12.87054, 15.87088, 7.5],
			"to": [-4.87054, 16.87088, 8.5],
			"rotation": {"angle": 22.5, "axis": "z", "origin": [-3.87054, 11.37088, 8.5]},
			"faces": {
				"north": {"uv": [1.625, 4.5, 2.625, 4.625], "texture": "#0"},
				"east": {"uv": [2, 5.75, 2.125, 5.875], "texture": "#0"},
				"south": {"uv": [4.625, 4.125, 5.625, 4.25], "texture": "#0"},
				"west": {"uv": [2.25, 5.75, 2.375, 5.875], "texture": "#0"},
				"up": {"uv": [5.625, 4.5, 4.625, 4.375], "texture": "#0"},
				"down": {"uv": [5.625, 4.625, 4.625, 4.75], "texture": "#0"}
			}
		},
		{
			"from": [5.16429, 16.17367, 7.5],
			"to": [8.16429, 17.17367, 8.5],
			"rotation": {"angle": 45, "axis": "z", "origin": [-3.83571, 11.92367, 8.5]},
			"faces": {
				"north": {"uv": [2.875, 5.625, 3.25, 5.75], "texture": "#0"},
				"east": {"uv": [5.75, 4, 5.875, 4.125], "texture": "#0"},
				"south": {"uv": [5.625, 3.75, 6, 3.875], "texture": "#0"},
				"west": {"uv": [4.25, 5.75, 4.375, 5.875], "texture": "#0"},
				"up": {"uv": [5, 5.75, 4.625, 5.625], "texture": "#0"},
				"down": {"uv": [1.375, 5.75, 1, 5.875], "texture": "#0"}
			}
		},
		{
			"from": [-4.83571, 16.92367, 7.525],
			"to": [-3.83571, 19.92367, 8.475],
			"rotation": {"angle": 45, "axis": "z", "origin": [-3.83571, 11.92367, 8.5]},
			"faces": {
				"north": {"uv": [3.375, 5.625, 3.5, 6], "texture": "#0"},
				"east": {"uv": [5.125, 5.625, 5.25, 6], "texture": "#0"},
				"south": {"uv": [1.5, 5.75, 1.625, 6.125], "texture": "#0"},
				"west": {"uv": [1.75, 5.75, 1.875, 6.125], "texture": "#0"},
				"up": {"uv": [5.875, 4.375, 5.75, 4.25], "texture": "#0"},
				"down": {"uv": [5.875, 4.5, 5.75, 4.625], "texture": "#0"}
			}
		},
		{
			"from": [-10.90335, 10.07686, 7.5],
			"to": [-9.90335, 14.07686, 8.5],
			"rotation": {"angle": 0, "axis": "z", "origin": [-10.40335, 14.07686, 8.5]},
			"faces": {
				"north": {"uv": [3.75, 5.375, 3.875, 5.875], "texture": "#0"},
				"east": {"uv": [0.25, 5.5, 0.375, 6], "texture": "#0"},
				"south": {"uv": [0.5, 5.5, 0.625, 6], "texture": "#0"},
				"west": {"uv": [0.75, 5.5, 0.875, 6], "texture": "#0"},
				"up": {"uv": [5.875, 4.875, 5.75, 4.75], "texture": "#0"},
				"down": {"uv": [5.875, 5, 5.75, 5.125], "texture": "#0"}
			}
		},
		{
			"from": [-10.86529, 5.2682, 7.525],
			"to": [-9.86529, 10.2682, 8.475],
			"rotation": {"angle": -22.5, "axis": "z", "origin": [-10.36529, 10.2682, 8.5]},
			"faces": {
				"north": {"uv": [4, 4.75, 4.125, 5.375], "texture": "#0"},
				"east": {"uv": [4.625, 4.875, 4.75, 5.5], "texture": "#0"},
				"south": {"uv": [4.875, 4.875, 5, 5.5], "texture": "#0"},
				"west": {"uv": [0, 5.125, 0.125, 5.75], "texture": "#0"},
				"up": {"uv": [5.875, 5.375, 5.75, 5.25], "texture": "#0"},
				"down": {"uv": [5.875, 5.5, 5.75, 5.625], "texture": "#0"}
			}
		},
		{
			"from": [-6.90335, 7.07686, 7.5],
			"to": [-5.90335, 14.07686, 8.5],
			"rotation": {"angle": 22.5, "axis": "z", "origin": [-10.40335, 14.07686, 8.5]},
			"faces": {
				"north": {"uv": [1.625, 4.75, 1.75, 5.625], "texture": "#0"},
				"east": {"uv": [1.875, 4.75, 2, 5.625], "texture": "#0"},
				"south": {"uv": [2.125, 4.75, 2.25, 5.625], "texture": "#0"},
				"west": {"uv": [2.375, 4.75, 2.5, 5.625], "texture": "#0"},
				"up": {"uv": [5.875, 5.875, 5.75, 5.75], "texture": "#0"},
				"down": {"uv": [0.125, 5.875, 0, 6], "texture": "#0"}
			}
		},
		{
			"from": [-4.56711, 0.33177, 7.525],
			"to": [-3.56711, 9.33177, 8.475],
			"rotation": {"angle": 0, "axis": "z", "origin": [-8.06711, 9.33177, 8.5]},
			"faces": {
				"north": {"uv": [3.75, 4.125, 3.875, 5.25], "texture": "#0"},
				"east": {"uv": [4.375, 4.125, 4.5, 5.25], "texture": "#0"},
				"south": {"uv": [1.125, 4.5, 1.25, 5.625], "texture": "#0"},
				"west": {"uv": [1.375, 4.5, 1.5, 5.625], "texture": "#0"},
				"up": {"uv": [3, 6, 2.875, 5.875], "texture": "#0"},
				"down": {"uv": [3.25, 5.875, 3.125, 6], "texture": "#0"}
			}
		},
		{
			"from": [3.68289, 12.33177, 7.5],
			"to": [4.68289, 16.33177, 8.5],
			"rotation": {"angle": 22.5, "axis": "z", "origin": [3.18289, 11.83177, 8.5]},
			"faces": {
				"north": {"uv": [4, 5.5, 4.125, 6], "texture": "#0"},
				"east": {"uv": [5.5, 4.875, 5.625, 5.375], "texture": "#0"},
				"south": {"uv": [5.5, 5.5, 5.625, 6], "texture": "#0"},
				"west": {"uv": [2.625, 5.625, 2.75, 6.125], "texture": "#0"},
				"up": {"uv": [4.625, 6, 4.5, 5.875], "texture": "#0"},
				"down": {"uv": [4.875, 5.875, 4.75, 6], "texture": "#0"}
			}
		},
		{
			"from": [3.37737, 4.86774, 7.525],
			"to": [4.37737, 12.86774, 8.475],
			"rotation": {"angle": 0, "axis": "z", "origin": [2.87737, 8.36774, 8.5]},
			"faces": {
				"north": {"uv": [2.75, 4.5, 2.875, 5.5], "texture": "#0"},
				"east": {"uv": [3, 4.5, 3.125, 5.5], "texture": "#0"},
				"south": {"uv": [3.25, 4.5, 3.375, 5.5], "texture": "#0"},
				"west": {"uv": [3.5, 4.5, 3.625, 5.5], "texture": "#0"},
				"up": {"uv": [1.125, 6.125, 1, 6], "texture": "#0"},
				"down": {"uv": [1.375, 6, 1.25, 6.125], "texture": "#0"}
			}
		},
		{
			"from": [-16, -1, 8],
			"to": [8, 28, 8],
			"rotation": {"angle": 0, "axis": "y", "origin": [-4, 13.5, 8]},
			"faces": {
				"north": {"uv": [0, 0, 3, 3.625], "texture": "#0"},
				"east": {"uv": [3.625, 5.625, 3.625, 9.25], "texture": "#0"},
				"south": {"uv": [3.125, 0, 6.125, 3.625], "texture": "#0"},
				"west": {"uv": [5.375, 5.625, 5.375, 9.25], "texture": "#0"},
				"up": {"uv": [9, 4, 6, 4], "texture": "#0"},
				"down": {"uv": [9, 4.125, 6, 4.125], "texture": "#0"}
			}
		},
		{
			"from": [8, 14, 7],
			"to": [14, 16, 9],
			"rotation": {"angle": 22.5, "axis": "z", "origin": [9, 15, 8]},
			"faces": {
				"north": {"uv": [1.875, 4.125, 1.125, 4.375], "texture": "#0"},
				"east": {"uv": [0.875, 5.125, 0.625, 5.375], "texture": "#0"},
				"south": {"uv": [2.75, 4.125, 2, 4.375], "texture": "#0"},
				"west": {"uv": [0.5, 5.125, 0.25, 5.375], "texture": "#0"},
				"up": {"uv": [2.875, 4.375, 3.625, 4.125], "texture": "#0"},
				"down": {"uv": [4.375, 3.75, 5.125, 4], "texture": "#0"}
			}
		},
		{
			"from": [13.00208, 16.40375, 7],
			"to": [20.00208, 18.40375, 9],
			"rotation": {"angle": 45, "axis": "z", "origin": [14.00208, 17.40375, 8]},
			"faces": {
				"north": {"uv": [0.875, 3.75, 0, 4], "texture": "#0"},
				"east": {"uv": [5.5, 3.75, 5.25, 4], "texture": "#0"},
				"south": {"uv": [1.875, 3.75, 1, 4], "texture": "#0"},
				"west": {"uv": [5.375, 4.875, 5.125, 5.125], "texture": "#0"},
				"up": {"uv": [2, 4, 2.875, 3.75], "texture": "#0"},
				"down": {"uv": [3, 3.75, 3.875, 4], "texture": "#0"}
			}
		},
		{
			"from": [17.50208, 9.40375, 7],
			"to": [19.50208, 16.40375, 9],
			"rotation": {"angle": 45, "axis": "z", "origin": [14.00208, 17.40375, 8]},
			"faces": {
				"north": {"uv": [4.25, 3.75, 4, 4.625], "texture": "#0"},
				"east": {"uv": [1, 4.125, 0.75, 5], "texture": "#0"},
				"south": {"uv": [0.625, 4.125, 0.375, 5], "texture": "#0"},
				"west": {"uv": [0.25, 4.125, 0, 5], "texture": "#0"},
				"up": {"uv": [5.125, 5.5, 5.375, 5.25], "texture": "#0"},
				"down": {"uv": [4.25, 5.375, 4.5, 5.625], "texture": "#0"}
			}
		},
		{
			"from": [20.87054, 15.87088, 7.5],
			"to": [28.87054, 16.87088, 8.5],
			"rotation": {"angle": -22.5, "axis": "z", "origin": [19.87054, 11.37088, 8.5]},
			"faces": {
				"north": {"uv": [2.625, 4.5, 1.625, 4.625], "texture": "#0"},
				"east": {"uv": [2.375, 5.75, 2.25, 5.875], "texture": "#0"},
				"south": {"uv": [5.625, 4.125, 4.625, 4.25], "texture": "#0"},
				"west": {"uv": [2.125, 5.75, 2, 5.875], "texture": "#0"},
				"up": {"uv": [4.625, 4.5, 5.625, 4.375], "texture": "#0"},
				"down": {"uv": [4.625, 4.625, 5.625, 4.75], "texture": "#0"}
			}
		},
		{
			"from": [7.83571, 16.17367, 7.5],
			"to": [10.83571, 17.17367, 8.5],
			"rotation": {"angle": -45, "axis": "z", "origin": [19.83571, 11.92367, 8.5]},
			"faces": {
				"north": {"uv": [3.25, 5.625, 2.875, 5.75], "texture": "#0"},
				"east": {"uv": [4.375, 5.75, 4.25, 5.875], "texture": "#0"},
				"south": {"uv": [6, 3.75, 5.625, 3.875], "texture": "#0"},
				"west": {"uv": [5.875, 4, 5.75, 4.125], "texture": "#0"},
				"up": {"uv": [4.625, 5.75, 5, 5.625], "texture": "#0"},
				"down": {"uv": [1, 5.75, 1.375, 5.875], "texture": "#0"}
			}
		},
		{
			"from": [19.83571, 16.92367, 7.525],
			"to": [20.83571, 19.92367, 8.475],
			"rotation": {"angle": -45, "axis": "z", "origin": [19.83571, 11.92367, 8.5]},
			"faces": {
				"north": {"uv": [3.5, 5.625, 3.375, 6], "texture": "#0"},
				"east": {"uv": [1.875, 5.75, 1.75, 6.125], "texture": "#0"},
				"south": {"uv": [1.625, 5.75, 1.5, 6.125], "texture": "#0"},
				"west": {"uv": [5.25, 5.625, 5.125, 6], "texture": "#0"},
				"up": {"uv": [5.75, 4.375, 5.875, 4.25], "texture": "#0"},
				"down": {"uv": [5.75, 4.5, 5.875, 4.625], "texture": "#0"}
			}
		},
		{
			"from": [25.90335, 10.07686, 7.5],
			"to": [26.90335, 14.07686, 8.5],
			"rotation": {"angle": 0, "axis": "z", "origin": [26.40335, 14.07686, 8.5]},
			"faces": {
				"north": {"uv": [3.875, 5.375, 3.75, 5.875], "texture": "#0"},
				"east": {"uv": [0.875, 5.5, 0.75, 6], "texture": "#0"},
				"south": {"uv": [0.625, 5.5, 0.5, 6], "texture": "#0"},
				"west": {"uv": [0.375, 5.5, 0.25, 6], "texture": "#0"},
				"up": {"uv": [5.75, 4.875, 5.875, 4.75], "texture": "#0"},
				"down": {"uv": [5.75, 5, 5.875, 5.125], "texture": "#0"}
			}
		},
		{
			"from": [25.86529, 5.2682, 7.525],
			"to": [26.86529, 10.2682, 8.475],
			"rotation": {"angle": 22.5, "axis": "z", "origin": [26.36529, 10.2682, 8.5]},
			"faces": {
				"north": {"uv": [4.125, 4.75, 4, 5.375], "texture": "#0"},
				"east": {"uv": [0.125, 5.125, 0, 5.75], "texture": "#0"},
				"south": {"uv": [5, 4.875, 4.875, 5.5], "texture": "#0"},
				"west": {"uv": [4.75, 4.875, 4.625, 5.5], "texture": "#0"},
				"up": {"uv": [5.75, 5.375, 5.875, 5.25], "texture": "#0"},
				"down": {"uv": [5.75, 5.5, 5.875, 5.625], "texture": "#0"}
			}
		},
		{
			"from": [21.90335, 7.07686, 7.5],
			"to": [22.90335, 14.07686, 8.5],
			"rotation": {"angle": -22.5, "axis": "z", "origin": [26.40335, 14.07686, 8.5]},
			"faces": {
				"north": {"uv": [1.75, 4.75, 1.625, 5.625], "texture": "#0"},
				"east": {"uv": [2.5, 4.75, 2.375, 5.625], "texture": "#0"},
				"south": {"uv": [2.25, 4.75, 2.125, 5.625], "texture": "#0"},
				"west": {"uv": [2, 4.75, 1.875, 5.625], "texture": "#0"},
				"up": {"uv": [5.75, 5.875, 5.875, 5.75], "texture": "#0"},
				"down": {"uv": [0, 5.875, 0.125, 6], "texture": "#0"}
			}
		},
		{
			"from": [19.56711, 0.33177, 7.525],
			"to": [20.56711, 9.33177, 8.475],
			"rotation": {"angle": 0, "axis": "z", "origin": [24.06711, 9.33177, 8.5]},
			"faces": {
				"north": {"uv": [3.875, 4.125, 3.75, 5.25], "texture": "#0"},
				"east": {"uv": [1.5, 4.5, 1.375, 5.625], "texture": "#0"},
				"south": {"uv": [1.25, 4.5, 1.125, 5.625], "texture": "#0"},
				"west": {"uv": [4.5, 4.125, 4.375, 5.25], "texture": "#0"},
				"up": {"uv": [2.875, 6, 3, 5.875], "texture": "#0"},
				"down": {"uv": [3.125, 5.875, 3.25, 6], "texture": "#0"}
			}
		},
		{
			"from": [11.31711, 12.33177, 7.5],
			"to": [12.31711, 16.33177, 8.5],
			"rotation": {"angle": -22.5, "axis": "z", "origin": [12.81711, 11.83177, 8.5]},
			"faces": {
				"north": {"uv": [4.125, 5.5, 4, 6], "texture": "#0"},
				"east": {"uv": [2.75, 5.625, 2.625, 6.125], "texture": "#0"},
				"south": {"uv": [5.625, 5.5, 5.5, 6], "texture": "#0"},
				"west": {"uv": [5.625, 4.875, 5.5, 5.375], "texture": "#0"},
				"up": {"uv": [4.5, 6, 4.625, 5.875], "texture": "#0"},
				"down": {"uv": [4.75, 5.875, 4.875, 6], "texture": "#0"}
			}
		},
		{
			"from": [11.62263, 4.86774, 7.525],
			"to": [12.62263, 12.86774, 8.475],
			"rotation": {"angle": 0, "axis": "z", "origin": [13.12263, 8.36774, 8.5]},
			"faces": {
				"north": {"uv": [2.875, 4.5, 2.75, 5.5], "texture": "#0"},
				"east": {"uv": [3.625, 4.5, 3.5, 5.5], "texture": "#0"},
				"south": {"uv": [3.375, 4.5, 3.25, 5.5], "texture": "#0"},
				"west": {"uv": [3.125, 4.5, 3, 5.5], "texture": "#0"},
				"up": {"uv": [1, 6.125, 1.125, 6], "texture": "#0"},
				"down": {"uv": [1.25, 6, 1.375, 6.125], "texture": "#0"}
			}
		},
		{
			"from": [8, -1, 8],
			"to": [32, 28, 8],
			"rotation": {"angle": 0, "axis": "y", "origin": [20, 13.5, 8]},
			"faces": {
				"north": {"uv": [3, 0, 0, 3.625], "texture": "#0"},
				"east": {"uv": [5.375, 5.625, 5.375, 9.25], "texture": "#0"},
				"south": {"uv": [6.125, 0, 3.125, 3.625], "texture": "#0"},
				"west": {"uv": [3.625, 5.625, 3.625, 9.25], "texture": "#0"},
				"up": {"uv": [6, 4, 9, 4], "texture": "#0"},
				"down": {"uv": [6, 4.125, 9, 4.125], "texture": "#0"}
			}
		}
	],
	"gui_light": "front",
	"display": {
		"thirdperson_righthand": {
			"rotation": [0.59, -12.18, 5.12],
			"translation": [-1.5, 0, 1],
			"scale": [0.3, 0.3, 0.3]
		},
		"thirdperson_lefthand": {
			"rotation": [0.59, -12.18, 5.12],
			"translation": [-1.5, 0, 1],
			"scale": [0.3, 0.3, 0.3]
		},
		"firstperson_righthand": {
			"rotation": [-20.61, -39.91, -15.72],
			"translation": [0, 1.25, 0],
			"scale": [0.3, 0.3, 0.3]
		},
		"firstperson_lefthand": {
			"rotation": [-20.61, -39.91, -15.72],
			"translation": [0, 1.25, 0],
			"scale": [0.3, 0.3, 0.3]
		},
		"ground": {
			"scale": [0.3, 0.3, 0.3]
		},
		"gui": {
			"rotation": [0.18, -36.64, -5.36],
			"translation": [0.25, -0.75, 0],
			"scale": [0.4, 0.4, 0.4]
		},
		"head": {
			"translation": [0, -53, 4.75],
			"scale": [1.6, 1.6, 1.6]
		},
		"fixed": {
			"translation": [0, 0, 0.5],
			"scale": [0.4, 0.4, 0.4]
		}
	},
	"groups": [
		{
			"name": "group",
			"origin": [-4, 13.5, 8],
			"color": 0,
			"children": [0, 1, 2, 3, 4, 5, 6, 7, 8, 9, 10, 11, 12]
		},
		{
			"name": "group",
			"origin": [-4, 13.5, 8],
			"color": 0,
			"children": [13, 14, 15, 16, 17, 18, 19, 20, 21, 22, 23, 24, 25]
		}
	]
}