{
	"credit": "Made with Blockbench",
	"texture_size": [32, 32],
	"textures": {
		"0": "cosmetics/trumpet",
		"particle": "cosmetics/trumpet"
	},
	"elements": [
		{
			"from": [7, 7, 3],
			"to": [9, 9, 12],
			"faces": {
				"north": {"uv": [11.5, 5.5, 12.5, 6.5], "texture": "#0"},
				"east": {"uv": [0, 0, 4.5, 1], "texture": "#0"},
				"south": {"uv": [12, 7, 13, 8], "texture": "#0"},
				"west": {"uv": [0, 1.5, 4.5, 2.5], "texture": "#0"},
				"up": {"uv": [1, 7.5, 0, 3], "texture": "#0"},
				"down": {"uv": [2.5, 3, 1.5, 7.5], "texture": "#0"}
			}
		},
		{
			"from": [7, 4, 12],
			"to": [9, 9, 14],
			"faces": {
				"north": {"uv": [5, 6.5, 6, 9], "texture": "#0"},
				"east": {"uv": [6.5, 6.5, 7.5, 9], "texture": "#0"},
				"south": {"uv": [0, 8, 1, 10.5], "texture": "#0"},
				"west": {"uv": [1.5, 8, 2.5, 10.5], "texture": "#0"},
				"up": {"uv": [13, 9.5, 12, 8.5], "texture": "#0"},
				"down": {"uv": [13, 10, 12, 11], "texture": "#0"}
			}
		},
		{
			"from": [6.5, 3.975, 5],
			"to": [7.5, 4.975, 13],
			"faces": {
				"north": {"uv": [13, 6, 13.5, 6.5], "texture": "#0"},
				"east": {"uv": [9, 0, 13, 0.5], "texture": "#0"},
				"south": {"uv": [7, 13, 7.5, 13.5], "texture": "#0"},
				"west": {"uv": [9, 1, 13, 1.5], "texture": "#0"},
				"up": {"uv": [8.5, 13, 8, 9], "texture": "#0"},
				"down": {"uv": [9.5, 9, 9, 13], "texture": "#0"}
			}
		},
		{
			"from": [7.25, 3.5, 8.75],
			"to": [8.25, 9.5, 9.75],
			"rotation": {"angle": -45, "axis": "y", "origin": [6, 4.5, 7.5]},
			"faces": {
				"north": {"uv": [5, 9.5, 5.5, 12.5], "texture": "#0"},
				"east": {"uv": [9.5, 5, 10, 8], "texture": "#0"},
				"south": {"uv": [6, 9.5, 6.5, 12.5], "texture": "#0"},
				"west": {"uv": [7, 9.5, 7.5, 12.5], "texture": "#0"},
				"up": {"uv": [8.5, 14, 8, 13.5], "texture": "#0"},
				"down": {"uv": [14, 8, 13.5, 8.5], "texture": "#0"}
			}
		},
		{
			"from": [6.5, 3.525, 8],
			"to": [7.5, 9.525, 9],
			"rotation": {"angle": -45, "axis": "y", "origin": [6, 4.5, 7.5]},
			"faces": {
				"north": {"uv": [10, 8.5, 10.5, 11.5], "texture": "#0"},
				"east": {"uv": [10.5, 3.5, 11, 6.5], "texture": "#0"},
				"south": {"uv": [0, 11, 0.5, 14], "texture": "#0"},
				"west": {"uv": [1, 11, 1.5, 14], "texture": "#0"},
				"up": {"uv": [9.5, 14, 9, 13.5], "texture": "#0"},
				"down": {"uv": [14, 9, 13.5, 9.5], "texture": "#0"}
			}
		},
		{
			"from": [5.75, 3.5, 7.25],
			"to": [6.75, 9.5, 8.25],
			"rotation": {"angle": -45, "axis": "y", "origin": [6, 4.5, 7.5]},
			"faces": {
				"north": {"uv": [2, 11, 2.5, 14], "texture": "#0"},
				"east": {"uv": [11, 7, 11.5, 10], "texture": "#0"},
				"south": {"uv": [11, 10.5, 11.5, 13.5], "texture": "#0"},
				"west": {"uv": [11.5, 2, 12, 5], "texture": "#0"},
				"up": {"uv": [14, 10.5, 13.5, 10], "texture": "#0"},
				"down": {"uv": [14.5, 6, 14, 6.5], "texture": "#0"}
			}
		},
		{
			"from": [5.5, 4, 5],
			"to": [6.5, 8, 6],
			"faces": {
				"north": {"uv": [10, 12, 10.5, 14], "texture": "#0"},
				"east": {"uv": [12, 11.5, 12.5, 13.5], "texture": "#0"},
				"south": {"uv": [12.5, 2, 13, 4], "texture": "#0"},
				"west": {"uv": [3, 12.5, 3.5, 14.5], "texture": "#0"},
				"up": {"uv": [14, 2, 13.5, 1.5], "texture": "#0"},
				"down": {"uv": [14, 2.5, 13.5, 3], "texture": "#0"}
			}
		},
		{
			"from": [5, 7.025, 5],
			"to": [6, 8.025, 16],
			"faces": {
				"north": {"uv": [13.5, 3.5, 14, 4], "texture": "#0"},
				"east": {"uv": [5.5, 2.5, 11, 3], "texture": "#0"},
				"south": {"uv": [13.5, 7, 14, 7.5], "texture": "#0"},
				"west": {"uv": [3, 5.5, 8.5, 6], "texture": "#0"},
				"up": {"uv": [3.5, 12, 3, 6.5], "texture": "#0"},
				"down": {"uv": [4.5, 6.5, 4, 12], "texture": "#0"}
			}
		},
		{
			"from": [4.5, 6.5, 16],
			"to": [6.5, 8.5, 18],
			"faces": {
				"north": {"uv": [4, 13, 5, 14], "texture": "#0"},
				"east": {"uv": [13, 4.5, 14, 5.5], "texture": "#0"},
				"south": {"uv": [5.5, 13, 6.5, 14], "texture": "#0"},
				"west": {"uv": [13, 11.5, 14, 12.5], "texture": "#0"},
				"up": {"uv": [14, 14, 13, 13], "texture": "#0"},
				"down": {"uv": [14.5, 0, 13.5, 1], "texture": "#0"}
			}
		},
		{
			"from": [6, 6, 1],
			"to": [10, 10, 3],
			"faces": {
				"north": {"uv": [3, 3, 5, 5], "texture": "#0"},
				"east": {"uv": [7.5, 0, 8.5, 2], "texture": "#0"},
				"south": {"uv": [5, 0, 7, 2], "texture": "#0"},
				"west": {"uv": [8, 6.5, 9, 8.5], "texture": "#0"},
				"up": {"uv": [7.5, 4.5, 5.5, 3.5], "texture": "#0"},
				"down": {"uv": [10, 3.5, 8, 4.5], "texture": "#0"}
			}
		}
	],
	"gui_light": "front",
	"display": {
		"thirdperson_righthand": {
			"translation": [0, 2.25, -2.25]
		},
		"thirdperson_lefthand": {
			"translation": [0, 2.25, -2.25]
		},
		"firstperson_righthand": {
			"translation": [0, 2, 0]
		},
		"firstperson_lefthand": {
			"translation": [0, 2, 0]
		},
		"ground": {
			"scale": [0.66, 0.66, 0.66]
		},
		"gui": {
			"rotation": [-150.74, 51.9, 168.1],
			"translation": [-1.25, 0.75, 0],
			"scale": [0.9, 0.9, 0.9]
		},
		"head": {
			"translation": [4.25, -4.25, -22],
			"scale": [1.6, 1.6, 1.6]
		},
		"fixed": {
			"rotation": [78.98, -51.15, 75.96],
			"translation": [0.5, 0, -1.25]
		}
	}
}