{
	"credit": "Made with Blockbench",
	"texture_size": [64, 64],
	"textures": {
		"0": "cosmetics/viking_helmet",
		"particle": "cosmetics/viking_helmet"
	},
	"elements": [
		{
			"from": [3.5, 3.5, 3.5],
			"to": [12.5, 8.5, 12.5],
			"faces": {
				"north": {"uv": [2.5, 0, 4.75, 1.25], "texture": "#0"},
				"east": {"uv": [2.5, 1.5, 4.75, 2.75], "texture": "#0"},
				"south": {"uv": [2.5, 3, 4.75, 4.25], "texture": "#0"},
				"west": {"uv": [2.5, 4.5, 4.75, 5.75], "texture": "#0"},
				"up": {"uv": [2.25, 2.25, 0, 0], "texture": "#0"},
				"down": {"uv": [2.25, 2.5, 0, 4.75], "texture": "#0"}
			}
		},
		{
			"from": [5.5, 8.5, 5.5],
			"to": [10.5, 10.5, 10.5],
			"faces": {
				"north": {"uv": [6.25, 2.5, 7.5, 3], "texture": "#0"},
				"east": {"uv": [6.25, 3.25, 7.5, 3.75], "texture": "#0"},
				"south": {"uv": [6.25, 4, 7.5, 4.5], "texture": "#0"},
				"west": {"uv": [6.25, 4.75, 7.5, 5.25], "texture": "#0"},
				"up": {"uv": [1.25, 6.25, 0, 5], "texture": "#0"},
				"down": {"uv": [6.25, 0, 5, 1.25], "texture": "#0"}
			}
		},
		{
			"from": [7.5, 10.5, 7.5],
			"to": [8.5, 13.5, 8.5],
			"faces": {
				"north": {"uv": [2.25, 8.25, 2.5, 9], "texture": "#0"},
				"east": {"uv": [2.75, 8.25, 3, 9], "texture": "#0"},
				"south": {"uv": [3.25, 8.25, 3.5, 9], "texture": "#0"},
				"west": {"uv": [3.75, 8.25, 4, 9], "texture": "#0"},
				"up": {"uv": [1.25, 6.75, 1, 6.5], "texture": "#0"},
				"down": {"uv": [0.75, 9, 0.5, 9.25], "texture": "#0"}
			}
		},
		{
			"from": [7.5, 10.5, 7.5],
			"to": [8.5, 12.5, 8.5],
			"rotation": {"angle": -45, "axis": "y", "origin": [8, 12, 8]},
			"faces": {
				"north": {"uv": [4.75, 8.5, 5, 9], "texture": "#0"},
				"east": {"uv": [5.25, 8.5, 5.5, 9], "texture": "#0"},
				"south": {"uv": [5.75, 8.5, 6, 9], "texture": "#0"},
				"west": {"uv": [8.5, 6.5, 8.75, 7], "texture": "#0"},
				"up": {"uv": [9.25, 1, 9, 0.75], "texture": "#0"},
				"down": {"uv": [1.25, 9, 1, 9.25], "texture": "#0"}
			}
		},
		{
			"from": [10.5, 6, 6.5],
			"to": [14.5, 9, 9.5],
			"rotation": {"angle": 22.5, "axis": "z", "origin": [13, 7.5, 8]},
			"faces": {
				"north": {"uv": [5, 1.5, 6, 2.25], "texture": "#0"},
				"east": {"uv": [1.5, 5, 2.25, 5.75], "texture": "#0"},
				"south": {"uv": [5, 2.5, 6, 3.25], "texture": "#0"},
				"west": {"uv": [4, 6, 4.75, 6.75], "texture": "#0"},
				"up": {"uv": [6, 4.25, 5, 3.5], "texture": "#0"},
				"down": {"uv": [6, 4.5, 5, 5.25], "texture": "#0"}
			}
		},
		{
			"from": [13.16695, 8.01663, 6.525],
			"to": [15.16695, 11.01663, 9.475],
			"rotation": {"angle": 45, "axis": "z", "origin": [15.66695, 9.51663, 8]},
			"faces": {
				"north": {"uv": [7.25, 5.5, 7.75, 6.25], "texture": "#0"},
				"east": {"uv": [6.25, 5.5, 7, 6.25], "texture": "#0"},
				"south": {"uv": [5, 7.5, 5.5, 8.25], "texture": "#0"},
				"west": {"uv": [0, 6.5, 0.75, 7.25], "texture": "#0"},
				"up": {"uv": [6.25, 8.25, 5.75, 7.5], "texture": "#0"},
				"down": {"uv": [8.25, 2.5, 7.75, 3.25], "texture": "#0"}
			}
		},
		{
			"from": [14.59195, 8.01663, 7],
			"to": [16.59195, 12.01663, 9],
			"rotation": {"angle": -22.5, "axis": "z", "origin": [15.66695, 9.51663, 8]},
			"faces": {
				"north": {"uv": [2, 7, 2.5, 8], "texture": "#0"},
				"east": {"uv": [2.75, 7, 3.25, 8], "texture": "#0"},
				"south": {"uv": [3.5, 7, 4, 8], "texture": "#0"},
				"west": {"uv": [4.25, 7, 4.75, 8], "texture": "#0"},
				"up": {"uv": [8.75, 0.5, 8.25, 0], "texture": "#0"},
				"down": {"uv": [8.75, 0.75, 8.25, 1.25], "texture": "#0"}
			}
		},
		{
			"from": [15.47825, 11.47235, 7.5],
			"to": [17.47825, 14.47235, 8.5],
			"rotation": {"angle": 0, "axis": "z", "origin": [16.55325, 12.97235, 8]},
			"faces": {
				"north": {"uv": [7.75, 3.5, 8.25, 4.25], "texture": "#0"},
				"east": {"uv": [4.25, 8.25, 4.5, 9], "texture": "#0"},
				"south": {"uv": [7.75, 4.5, 8.25, 5.25], "texture": "#0"},
				"west": {"uv": [8.5, 2.25, 8.75, 3], "texture": "#0"},
				"up": {"uv": [7, 1.25, 6.5, 1], "texture": "#0"},
				"down": {"uv": [8.5, 8.5, 8, 8.75], "texture": "#0"}
			}
		},
		{
			"from": [15.72825, 14.47235, 7.5],
			"to": [16.72825, 16.47235, 8.5],
			"rotation": {"angle": 0, "axis": "z", "origin": [16.55325, 12.97235, 8]},
			"faces": {
				"north": {"uv": [0, 8.75, 0.25, 9.25], "texture": "#0"},
				"east": {"uv": [8.75, 5.25, 9, 5.75], "texture": "#0"},
				"south": {"uv": [6.25, 8.75, 6.5, 9.25], "texture": "#0"},
				"west": {"uv": [6.75, 8.75, 7, 9.25], "texture": "#0"},
				"up": {"uv": [9.25, 1.5, 9, 1.25], "texture": "#0"},
				"down": {"uv": [1.75, 9, 1.5, 9.25], "texture": "#0"}
			}
		},
		{
			"from": [1.5, 6, 6.5],
			"to": [5.5, 9, 9.5],
			"rotation": {"angle": -22.5, "axis": "z", "origin": [3, 7.5, 8]},
			"faces": {
				"north": {"uv": [5, 5.5, 6, 6.25], "texture": "#0"},
				"east": {"uv": [6.5, 0, 7.25, 0.75], "texture": "#0"},
				"south": {"uv": [1.5, 6, 2.5, 6.75], "texture": "#0"},
				"west": {"uv": [5, 6.5, 5.75, 7.25], "texture": "#0"},
				"up": {"uv": [3.75, 6.75, 2.75, 6], "texture": "#0"},
				"down": {"uv": [7.25, 1.5, 6.25, 2.25], "texture": "#0"}
			}
		},
		{
			"from": [0.83305, 8.01663, 6.525],
			"to": [2.83305, 11.01663, 9.475],
			"rotation": {"angle": -45, "axis": "z", "origin": [0.33305, 9.51663, 8]},
			"faces": {
				"north": {"uv": [6.5, 7.75, 7, 8.5], "texture": "#0"},
				"east": {"uv": [6, 6.5, 6.75, 7.25], "texture": "#0"},
				"south": {"uv": [7.75, 6.5, 8.25, 7.25], "texture": "#0"},
				"west": {"uv": [1, 7, 1.75, 7.75], "texture": "#0"},
				"up": {"uv": [7.75, 8.5, 7.25, 7.75], "texture": "#0"},
				"down": {"uv": [1.25, 8, 0.75, 8.75], "texture": "#0"}
			}
		},
		{
			"from": [-0.59195, 8.01663, 7],
			"to": [1.40805, 12.01663, 9],
			"rotation": {"angle": 22.5, "axis": "z", "origin": [0.33305, 9.51663, 8]},
			"faces": {
				"north": {"uv": [7, 6.5, 7.5, 7.5], "texture": "#0"},
				"east": {"uv": [0, 7.5, 0.5, 8.5], "texture": "#0"},
				"south": {"uv": [7.5, 0, 8, 1], "texture": "#0"},
				"west": {"uv": [7.5, 1.25, 8, 2.25], "texture": "#0"},
				"up": {"uv": [2, 8.75, 1.5, 8.25], "texture": "#0"},
				"down": {"uv": [8.75, 1.5, 8.25, 2], "texture": "#0"}
			}
		},
		{
			"from": [-1.47825, 11.47235, 7.5],
			"to": [0.52175, 14.47235, 8.5],
			"rotation": {"angle": 0, "axis": "z", "origin": [-0.55325, 12.97235, 8]},
			"faces": {
				"north": {"uv": [8, 5.5, 8.5, 6.25], "texture": "#0"},
				"east": {"uv": [8.5, 3.25, 8.75, 4], "texture": "#0"},
				"south": {"uv": [8, 7.5, 8.5, 8.25], "texture": "#0"},
				"west": {"uv": [8.5, 4.25, 8.75, 5], "texture": "#0"},
				"up": {"uv": [9.25, 6.25, 8.75, 6], "texture": "#0"},
				"down": {"uv": [7.75, 8.75, 7.25, 9], "texture": "#0"}
			}
		},
		{
			"from": [-0.72825, 14.47235, 7.5],
			"to": [0.27175, 16.47235, 8.5],
			"rotation": {"angle": 0, "axis": "z", "origin": [-0.55325, 12.97235, 8]},
			"faces": {
				"north": {"uv": [8.75, 7.25, 9, 7.75], "texture": "#0"},
				"east": {"uv": [8.75, 8, 9, 8.5], "texture": "#0"},
				"south": {"uv": [8.75, 8.75, 9, 9.25], "texture": "#0"},
				"west": {"uv": [9, 0, 9.25, 0.5], "texture": "#0"},
				"up": {"uv": [9.25, 2, 9, 1.75], "texture": "#0"},
				"down": {"uv": [9.25, 2.25, 9, 2.5], "texture": "#0"}
			}
		}
	],
	"gui_light": "front",
	"display": {
		"thirdperson_righthand": {
			"translation": [-2.25, 0.5, 0],
			"scale": [0.5, 0.5, 0.5]
		},
		"thirdperson_lefthand": {
			"translation": [-2.25, 0.5, 0],
			"scale": [0.5, 0.5, 0.5]
		},
		"firstperson_righthand": {
			"scale": [0.8, 0.8, 0.8]
		},
		"firstperson_lefthand": {
			"scale": [0.8, 0.8, 0.8]
		},
		"ground": {
			"scale": [0.5, 0.5, 0.5]
		},
		"gui": {
			"rotation": [-166, -17.5, -180],
			"translation": [0, -1.5, 0],
			"scale": [0.8, 0.8, 0.8]
		},
		"head": {
			"translation": [0, 6.5, 0],
			"scale": [1.61, 1.61, 1.61]
		},
		"fixed": {
			"translation": [0, 0, -3.5]
		}
	},
	"groups": [
		0,
		1,
		2,
		3,
		{
			"name": "group",
			"origin": [16.55325, 12.97235, 8],
			"color": 0,
			"children": [4, 5, 6, 7, 8]
		},
		{
			"name": "group",
			"origin": [16.55325, 12.97235, 8],
			"color": 0,
			"children": [9, 10, 11, 12, 13]
		}
	]
}