{
	"credit": "Made with Blockbench",
	"texture_size": [32, 32],
	"textures": {
		"0": "cosmetics/wanderer_staff",
		"particle": "cosmetics/wanderer_staff"
	},
	"elements": [
		{
			"from": [7.5, 3, 7],
			"to": [9.5, 7, 9],
			"rotation": {"angle": -22.5, "axis": "x", "origin": [8.25, 1, 8]},
			"faces": {
				"north": {"uv": [6, 0, 7, 2], "texture": "#0"},
				"east": {"uv": [6, 2.5, 7, 4.5], "texture": "#0"},
				"south": {"uv": [4.5, 6, 5.5, 8], "texture": "#0"},
				"west": {"uv": [6, 5, 7, 7], "texture": "#0"},
				"up": {"uv": [4, 11, 3, 10], "texture": "#0"},
				"down": {"uv": [7, 10, 6, 11], "texture": "#0"}
			}
		},
		{
			"from": [7, 0.5, 7.5],
			"to": [9, 3.5, 8.5],
			"rotation": {"angle": -22.5, "axis": "x", "origin": [8.25, 1, 8]},
			"faces": {
				"north": {"uv": [9, 5.5, 10, 7], "texture": "#0"},
				"east": {"uv": [12, 3, 12.5, 4.5], "texture": "#0"},
				"south": {"uv": [9, 7.5, 10, 9], "texture": "#0"},
				"west": {"uv": [12, 5, 12.5, 6.5], "texture": "#0"},
				"up": {"uv": [6.5, 13.5, 5.5, 13], "texture": "#0"},
				"down": {"uv": [14, 6, 13, 6.5], "texture": "#0"}
			}
		},
		{
			"from": [7.25, -1.5, 7.5],
			"to": [8.25, 0.5, 8.5],
			"rotation": {"angle": -22.5, "axis": "x", "origin": [8.25, 1, 8]},
			"faces": {
				"north": {"uv": [7, 13, 7.5, 14], "texture": "#0"},
				"east": {"uv": [13, 7, 13.5, 8], "texture": "#0"},
				"south": {"uv": [8, 13, 8.5, 14], "texture": "#0"},
				"west": {"uv": [13, 8.5, 13.5, 9.5], "texture": "#0"},
				"up": {"uv": [13.5, 11.5, 13, 11], "texture": "#0"},
				"down": {"uv": [12, 13, 11.5, 13.5], "texture": "#0"}
			}
		},
		{
			"from": [7.25, 5.70179, 5.08658],
			"to": [9.25, 10.70179, 7.08658],
			"rotation": {"angle": 22.5, "axis": "x", "origin": [8.25, 6.70179, 6.08658]},
			"faces": {
				"north": {"uv": [4.5, 0, 5.5, 2.5], "texture": "#0"},
				"east": {"uv": [1.5, 4.5, 2.5, 7], "texture": "#0"},
				"south": {"uv": [3, 4.5, 4, 7], "texture": "#0"},
				"west": {"uv": [4.5, 3, 5.5, 5.5], "texture": "#0"},
				"up": {"uv": [8.5, 11, 7.5, 10], "texture": "#0"},
				"down": {"uv": [11.5, 3, 10.5, 4], "texture": "#0"}
			}
		},
		{
			"from": [7, 10.01462, 6.5412],
			"to": [9, 18.01462, 8.5412],
			"rotation": {"angle": 0, "axis": "x", "origin": [8, 6.01462, 7.5412]},
			"faces": {
				"north": {"uv": [0, 0, 1, 4], "texture": "#0"},
				"east": {"uv": [1.5, 0, 2.5, 4], "texture": "#0"},
				"south": {"uv": [3, 0, 4, 4], "texture": "#0"},
				"west": {"uv": [0, 4.5, 1, 8.5], "texture": "#0"},
				"up": {"uv": [11.5, 5.5, 10.5, 4.5], "texture": "#0"},
				"down": {"uv": [11.5, 6, 10.5, 7], "texture": "#0"}
			}
		},
		{
			"from": [7, 20.01462, 7.5412],
			"to": [9, 22.01462, 9.5412],
			"rotation": {"angle": 0, "axis": "x", "origin": [8, 6.01462, 7.5412]},
			"faces": {
				"north": {"uv": [11.5, 1.5, 12.5, 2.5], "texture": "#0"},
				"east": {"uv": [3, 11.5, 4, 12.5], "texture": "#0"},
				"south": {"uv": [6, 11.5, 7, 12.5], "texture": "#0"},
				"west": {"uv": [7.5, 11.5, 8.5, 12.5], "texture": "#0"},
				"up": {"uv": [10, 12.5, 9, 11.5], "texture": "#0"},
				"down": {"uv": [2.5, 12, 1.5, 13], "texture": "#0"}
			}
		},
		{
			"from": [7.5, 17.01462, 6.5412],
			"to": [9.5, 21.01462, 8.5412],
			"rotation": {"angle": -22.5, "axis": "x", "origin": [7.5, 14.51462, 7.5412]},
			"faces": {
				"north": {"uv": [7.5, 0, 8.5, 2], "texture": "#0"},
				"east": {"uv": [1.5, 7.5, 2.5, 9.5], "texture": "#0"},
				"south": {"uv": [7.5, 2.5, 8.5, 4.5], "texture": "#0"},
				"west": {"uv": [3, 7.5, 4, 9.5], "texture": "#0"},
				"up": {"uv": [11.5, 8.5, 10.5, 7.5], "texture": "#0"},
				"down": {"uv": [11.5, 9, 10.5, 10], "texture": "#0"}
			}
		},
		{
			"from": [8, 16.01462, 7.5412],
			"to": [10, 20.01462, 9.5412],
			"rotation": {"angle": 45, "axis": "z", "origin": [8, 14.51462, 7.5412]},
			"faces": {
				"north": {"uv": [7.5, 5, 8.5, 7], "texture": "#0"},
				"east": {"uv": [6, 7.5, 7, 9.5], "texture": "#0"},
				"south": {"uv": [7.5, 7.5, 8.5, 9.5], "texture": "#0"},
				"west": {"uv": [4.5, 8.5, 5.5, 10.5], "texture": "#0"},
				"up": {"uv": [11.5, 11.5, 10.5, 10.5], "texture": "#0"},
				"down": {"uv": [5.5, 11, 4.5, 12], "texture": "#0"}
			}
		},
		{
			"from": [4.61091, 17.90685, 8.5391],
			"to": [6.61091, 20.90685, 9.5391],
			"rotation": {"angle": 45, "axis": "x", "origin": [5.61091, 19.40685, 9.0391]},
			"faces": {
				"north": {"uv": [9, 9.5, 10, 11], "texture": "#0"},
				"east": {"uv": [4.5, 12.5, 5, 14], "texture": "#0"},
				"south": {"uv": [1.5, 10, 2.5, 11.5], "texture": "#0"},
				"west": {"uv": [0, 13, 0.5, 14.5], "texture": "#0"},
				"up": {"uv": [10, 13.5, 9, 13], "texture": "#0"},
				"down": {"uv": [14, 10, 13, 10.5], "texture": "#0"}
			}
		},
		{
			"from": [8, 19.83164, 4.66584],
			"to": [9, 22.83164, 5.66584],
			"rotation": {"angle": 22.5, "axis": "x", "origin": [8, 21.33164, 5.16584]},
			"faces": {
				"north": {"uv": [12, 7, 12.5, 8.5], "texture": "#0"},
				"east": {"uv": [12, 9, 12.5, 10.5], "texture": "#0"},
				"south": {"uv": [10.5, 12, 11, 13.5], "texture": "#0"},
				"west": {"uv": [12, 11, 12.5, 12.5], "texture": "#0"},
				"up": {"uv": [13.5, 12.5, 13, 12], "texture": "#0"},
				"down": {"uv": [13, 13, 12.5, 13.5], "texture": "#0"}
			}
		},
		{
			"from": [8, 16.79475, 7.15397],
			"to": [10, 18.79475, 11.15397],
			"rotation": {"angle": -22.5, "axis": "x", "origin": [9, 18.00186, 10.50752]},
			"faces": {
				"north": {"uv": [0, 11.5, 1, 12.5], "texture": "#0"},
				"east": {"uv": [9, 0, 11, 1], "texture": "#0"},
				"south": {"uv": [11.5, 0, 12.5, 1], "texture": "#0"},
				"west": {"uv": [9, 1.5, 11, 2.5], "texture": "#0"},
				"up": {"uv": [1, 11, 0, 9], "texture": "#0"},
				"down": {"uv": [10, 3, 9, 5], "texture": "#0"}
			}
		},
		{
			"from": [8.5, 17.60541, 10.81818],
			"to": [9.5, 20.60541, 11.81818],
			"rotation": {"angle": 22.5, "axis": "x", "origin": [9, 18.00186, 10.50752]},
			"faces": {
				"north": {"uv": [13, 0, 13.5, 1.5], "texture": "#0"},
				"east": {"uv": [13, 2, 13.5, 3.5], "texture": "#0"},
				"south": {"uv": [3, 13, 3.5, 14.5], "texture": "#0"},
				"west": {"uv": [13, 4, 13.5, 5.5], "texture": "#0"},
				"up": {"uv": [1.5, 14, 1, 13.5], "texture": "#0"},
				"down": {"uv": [2.5, 13.5, 2, 14], "texture": "#0"}
			}
		}
	],
	"gui_light": "front",
	"display": {
		"thirdperson_righthand": {
			"translation": [0, 0, 3.5]
		},
		"thirdperson_lefthand": {
			"translation": [0, 0, 3.5]
		},
		"firstperson_righthand": {
			"rotation": [-163.13, -24.15, -171.82],
			"translation": [-2.25, 0.5, -0.75],
			"scale": [0.8, 0.8, 0.8]
		},
		"firstperson_lefthand": {
			"rotation": [-163.13, -24.15, -171.82],
			"translation": [-2.25, 0.5, -0.75],
			"scale": [0.8, 0.8, 0.8]
		},
		"ground": {
			"rotation": [45, 0, 0],
			"scale": [0.4, 0.4, 0.4]
		},
		"gui": {
			"rotation": [-135.28, -50.33, -127.85],
			"translation": [-1.5, -1.75, 0],
			"scale": [0.7, 0.7, 0.7]
		},
		"head": {
			"rotation": [151.5, 3.5, 180],
			"translation": [0, 2.75, -6.25]
		},
		"fixed": {
			"rotation": [-133.48, 48.7, 125.48],
			"translation": [1.25, -1.25, 0],
			"scale": [0.75, 0.75, 0.75]
		}
	}
}