{
	"credit": "Made with Blockbench",
	"texture_size": [64, 64],
	"textures": {
		"3": "cosmetics/wizard_hat"
	},
	"elements": [
		{
			"from": [6, 6.3, 3],
			"to": [10, 6.325, 15],
			"rotation": {"angle": 0, "axis": "y", "origin": [8, -5.675, 14]},
			"faces": {
				"north": {"uv": [4.25, 10.25, 5.25, 10.5], "texture": "#3"},
				"east": {"uv": [8.5, 4, 11.5, 4.25], "texture": "#3"},
				"south": {"uv": [0.75, 10.5, 1.75, 10.75], "texture": "#3"},
				"west": {"uv": [8.5, 4.5, 11.5, 4.75], "texture": "#3"},
				"up": {"uv": [5, 7, 4, 4], "texture": "#3"},
				"down": {"uv": [6.25, 4, 5.25, 7], "texture": "#3"}
			}
		},
		{
			"from": [7.5, 15.01079, 7.08947],
			"to": [8.5, 18.01079, 8.08947],
			"rotation": {"angle": 22.5, "axis": "x", "origin": [8, 12.51079, 9.46447]},
			"faces": {
				"north": {"uv": [3.5, 7.75, 3.75, 8.5], "texture": "#3"},
				"east": {"uv": [2.75, 10.5, 3, 11.25], "texture": "#3"},
				"south": {"uv": [3.25, 10.5, 3.5, 11.25], "texture": "#3"},
				"west": {"uv": [3.75, 10.5, 4, 11.25], "texture": "#3"},
				"up": {"uv": [2.5, 9.25, 2.25, 9], "texture": "#3"},
				"down": {"uv": [5.25, 10.75, 5, 11], "texture": "#3"}
			}
		},
		{
			"from": [7, 13.675, 8.75],
			"to": [9, 16.675, 11.75],
			"rotation": {"angle": -22.5, "axis": "x", "origin": [8, 12.925, 11.5]},
			"faces": {
				"north": {"uv": [0, 9.75, 0.5, 10.5], "texture": "#3"},
				"east": {"uv": [1.25, 9, 2, 9.75], "texture": "#3"},
				"south": {"uv": [6.5, 9.75, 7, 10.5], "texture": "#3"},
				"west": {"uv": [9.25, 2.25, 10, 3], "texture": "#3"},
				"up": {"uv": [9.5, 10.5, 9, 9.75], "texture": "#3"},
				"down": {"uv": [10.25, 9.75, 9.75, 10.5], "texture": "#3"}
			}
		},
		{
			"from": [6, 10.76599, 7.73744],
			"to": [10, 13.76599, 11.73744],
			"rotation": {"angle": 0, "axis": "x", "origin": [8, 11.01599, 9.73744]},
			"faces": {
				"north": {"uv": [8.5, 5, 9.5, 5.75], "texture": "#3"},
				"east": {"uv": [8.5, 6, 9.5, 6.75], "texture": "#3"},
				"south": {"uv": [0, 8.75, 1, 9.5], "texture": "#3"},
				"west": {"uv": [6.25, 8.75, 7.25, 9.5], "texture": "#3"},
				"up": {"uv": [3.75, 7.5, 2.75, 6.5], "texture": "#3"},
				"down": {"uv": [8.25, 0, 7.25, 1], "texture": "#3"}
			}
		},
		{
			"from": [5.5, 8.925, 6.75],
			"to": [10.5, 11.925, 11.75],
			"rotation": {"angle": 22.5, "axis": "x", "origin": [8, 9.425, 8.5]},
			"faces": {
				"north": {"uv": [6.25, 7.75, 7.5, 8.5], "texture": "#3"},
				"east": {"uv": [7.75, 7.75, 9, 8.5], "texture": "#3"},
				"south": {"uv": [1.25, 8, 2.5, 8.75], "texture": "#3"},
				"west": {"uv": [8.25, 1.25, 9.5, 2], "texture": "#3"},
				"up": {"uv": [7.25, 3.5, 6, 2.25], "texture": "#3"},
				"down": {"uv": [2.5, 6.5, 1.25, 7.75], "texture": "#3"}
			}
		},
		{
			"from": [4.5, 6.675, 5.75],
			"to": [11.5, 9.675, 12.75],
			"rotation": {"angle": 0, "axis": "y", "origin": [8, -5.075, 14]},
			"faces": {
				"north": {"uv": [6.5, 3.75, 8.25, 4.5], "texture": "#3"},
				"east": {"uv": [6.5, 4.75, 8.25, 5.5], "texture": "#3"},
				"south": {"uv": [6.5, 5.75, 8.25, 6.5], "texture": "#3"},
				"west": {"uv": [6.5, 6.75, 8.25, 7.5], "texture": "#3"},
				"up": {"uv": [5.75, 1.75, 4, 0], "texture": "#3"},
				"down": {"uv": [5.75, 2, 4, 3.75], "texture": "#3"}
			}
		},
		{
			"from": [6, 6.325, 5],
			"to": [10, 7.325, 13],
			"rotation": {"angle": 0, "axis": "y", "origin": [8, -5.675, 14]},
			"faces": {
				"north": {"uv": [10.25, 2, 11.25, 2.25], "texture": "#3"},
				"east": {"uv": [9.25, 3.25, 11.25, 3.5], "texture": "#3"},
				"south": {"uv": [10.25, 2.5, 11.25, 2.75], "texture": "#3"},
				"west": {"uv": [9.25, 7.5, 11.25, 7.75], "texture": "#3"},
				"up": {"uv": [7, 2, 6, 0], "texture": "#3"},
				"down": {"uv": [1, 6.5, 0, 8.5], "texture": "#3"}
			}
		},
		{
			"from": [11.97276, 6.3525, 6],
			"to": [13.97276, 7.3525, 12],
			"rotation": {"angle": -22.5, "axis": "z", "origin": [9.91724, 7.27027, 4.975]},
			"faces": {
				"north": {"uv": [7.25, 10.5, 7.75, 10.75], "texture": "#3"},
				"east": {"uv": [9.75, 6, 11.25, 6.25], "texture": "#3"},
				"south": {"uv": [8, 10.5, 8.5, 10.75], "texture": "#3"},
				"west": {"uv": [9.75, 6.5, 11.25, 6.75], "texture": "#3"},
				"up": {"uv": [3.25, 9.25, 2.75, 7.75], "texture": "#3"},
				"down": {"uv": [9, 2.25, 8.5, 3.75], "texture": "#3"}
			}
		},
		{
			"from": [10.35327, 6.36896, 3],
			"to": [17.35327, 6.39396, 15],
			"rotation": {"angle": -22.5, "axis": "z", "origin": [9.96546, 7.38568, 5]},
			"faces": {
				"north": {"uv": [9.75, 1.5, 11.5, 1.75], "texture": "#3"},
				"east": {"uv": [8.5, 0, 11.5, 0.25], "texture": "#3"},
				"south": {"uv": [4.5, 9.75, 6.25, 10], "texture": "#3"},
				"west": {"uv": [8.5, 0.5, 11.5, 0.75], "texture": "#3"},
				"up": {"uv": [1.75, 3, 0, 0], "texture": "#3"},
				"down": {"uv": [3.75, 0, 2, 3], "texture": "#3"}
			}
		},
		{
			"from": [9.97276, 6.3525, 5.025],
			"to": [11.97276, 7.3525, 12.975],
			"rotation": {"angle": -22.5, "axis": "z", "origin": [9.91724, 7.27027, 4.975]},
			"faces": {
				"north": {"uv": [10.5, 9.75, 11, 10], "texture": "#3"},
				"east": {"uv": [9.25, 8, 11.25, 8.25], "texture": "#3"},
				"south": {"uv": [10.5, 10.25, 11, 10.5], "texture": "#3"},
				"west": {"uv": [9, 9.25, 11, 9.5], "texture": "#3"},
				"up": {"uv": [4.5, 9.25, 4, 7.25], "texture": "#3"},
				"down": {"uv": [5.25, 7.25, 4.75, 9.25], "texture": "#3"}
			}
		},
		{
			"from": [7, 7, 5.25],
			"to": [9, 9, 6.25],
			"faces": {
				"north": {"uv": [5.5, 10.25, 6, 10.75], "texture": "#3"},
				"east": {"uv": [3.5, 8.75, 3.75, 9.25], "texture": "#3"},
				"south": {"uv": [2, 10.5, 2.5, 11], "texture": "#3"},
				"west": {"uv": [0, 10.75, 0.25, 11.25], "texture": "#3"},
				"up": {"uv": [4.75, 11, 4.25, 10.75], "texture": "#3"},
				"down": {"uv": [6.75, 10.75, 6.25, 11], "texture": "#3"}
			}
		},
		{
			"from": [2.31603, 6.22686, 6.025],
			"to": [4.31603, 7.22686, 12.025],
			"rotation": {"angle": -22.5, "axis": "z", "origin": [6.37155, 7.14462, 5]},
			"faces": {
				"north": {"uv": [8.75, 10.75, 9.25, 11], "texture": "#3"},
				"east": {"uv": [0.75, 10, 2.25, 10.25], "texture": "#3"},
				"south": {"uv": [9.5, 10.75, 10, 11], "texture": "#3"},
				"west": {"uv": [2.5, 10, 4, 10.25], "texture": "#3"},
				"up": {"uv": [8, 10.25, 7.5, 8.75], "texture": "#3"},
				"down": {"uv": [8.75, 8.75, 8.25, 10.25], "texture": "#3"}
			}
		},
		{
			"from": [-0.66338, 6.05887, 3],
			"to": [6.33662, 6.08387, 15],
			"rotation": {"angle": -22.5, "axis": "z", "origin": [6.77444, 7.05059, 5]},
			"faces": {
				"north": {"uv": [9.75, 5, 11.5, 5.25], "texture": "#3"},
				"east": {"uv": [8.5, 7, 11.5, 7.25], "texture": "#3"},
				"south": {"uv": [9.75, 5.5, 11.5, 5.75], "texture": "#3"},
				"west": {"uv": [9, 8.75, 12, 9], "texture": "#3"},
				"up": {"uv": [1.75, 6.25, 0, 3.25], "texture": "#3"},
				"down": {"uv": [3.75, 3.25, 2, 6.25], "texture": "#3"}
			}
		},
		{
			"from": [4.31603, 6.22686, 5.025],
			"to": [6.31603, 7.22686, 13.025],
			"rotation": {"angle": -22.5, "axis": "z", "origin": [6.37155, 7.14462, 5]},
			"faces": {
				"north": {"uv": [10.25, 10.75, 10.75, 11], "texture": "#3"},
				"east": {"uv": [2.25, 9.5, 4.25, 9.75], "texture": "#3"},
				"south": {"uv": [0.5, 11, 1, 11.25], "texture": "#3"},
				"west": {"uv": [9.75, 1, 11.75, 1.25], "texture": "#3"},
				"up": {"uv": [6, 9.25, 5.5, 7.25], "texture": "#3"},
				"down": {"uv": [8, 1.25, 7.5, 3.25], "texture": "#3"}
			}
		}
	],
	"gui_light": "front",
	"display": {
		"thirdperson_righthand": {
			"rotation": [20.5, 0, 0],
			"translation": [-2.75, -1, 0],
			"scale": [0.5, 0.5, 0.5]
		},
		"thirdperson_lefthand": {
			"rotation": [20.5, 0, 0],
			"translation": [-2.75, -1, 0],
			"scale": [0.5, 0.5, 0.5]
		},
		"firstperson_righthand": {
			"rotation": [-180, 79.75, -180],
			"scale": [0.8, 0.8, 0.8]
		},
		"firstperson_lefthand": {
			"rotation": [-180, 79.75, -180],
			"scale": [0.8, 0.8, 0.8]
		},
		"ground": {
			"scale": [0.5, 0.5, 0.5]
		},
		"gui": {
			"rotation": [-162.85, -29.52, 177.94],
			"translation": [0.5, -1.75, 0],
			"scale": [0.8, 0.8, 0.8]
		},
		"head": {
			"translation": [0, 3.75, -2.75],
			"scale": [2.06, 2.06, 2.06]
		},
		"fixed": {
			"translation": [0, -2.25, -4]
		}
	},
	"groups": [
		{
			"name": "hitbox",
			"origin": [0, 11, -5],
			"color": 0,
			"children": []
		},
		0,
		1,
		2,
		3,
		4,
		5,
		6,
		{
			"name": "group",
			"origin": [9.96508, 7.38575, 5],
			"color": 0,
			"children": [7, 8, 9]
		},
		10,
		{
			"name": "group",
			"origin": [9.96508, 7.38575, 5],
			"color": 0,
			"children": [11, 12, 13]
		}
	]
}