{
	"credit": "Made with Blockbench",
	"texture_size": [64, 64],
	"textures": {
		"0": "cosmetics/wizard_hat_old",
		"particle": "cosmetics/wizard_hat_old"
	},
	"elements": [
		{
			"from": [-0.1, -0.5, -0.1],
			"to": [16.1, 1.5, 16.1],
			"rotation": {"angle": 0, "axis": "y", "origin": [8, 0.5, 8]},
			"faces": {
				"north": {"uv": [7.25, 5, 11.75, 5.5], "texture": "#0"},
				"east": {"uv": [4.5, 9, 9, 9.5], "texture": "#0"},
				"south": {"uv": [9, 5.5, 13.5, 6], "texture": "#0"},
				"west": {"uv": [9, 6, 13.5, 6.5], "texture": "#0"},
				"up": {"uv": [4.5, 4.5, 0, 0], "texture": "#0"},
				"down": {"uv": [4.5, 4.5, 0, 9], "texture": "#0"}
			}
		},
		{
			"from": [2.75, 1.26956, 2.90851],
			"to": [13.25, 6.26956, 13.40851],
			"rotation": {"angle": 0, "axis": "y", "origin": [8, 1.76956, 8.15851]},
			"faces": {
				"north": {"uv": [7.25, 0, 10, 1.25], "texture": "#0"},
				"east": {"uv": [7.25, 1.25, 10, 2.5], "texture": "#0"},
				"south": {"uv": [7.25, 2.5, 10, 3.75], "texture": "#0"},
				"west": {"uv": [7.25, 3.75, 10, 5], "texture": "#0"},
				"up": {"uv": [7.25, 2.75, 4.5, 0], "texture": "#0"},
				"down": {"uv": [7.25, 2.75, 4.5, 5.5], "texture": "#0"}
			}
		},
		{
			"from": [11, 3.26956, 2.40851],
			"to": [14, 6.26956, 3.40851],
			"rotation": {"angle": -22.5, "axis": "y", "origin": [12.25, 6.26956, 2.40851]},
			"faces": {
				"north": {"uv": [8.25, 9.5, 9, 10.25], "texture": "#0"},
				"east": {"uv": [2.5, 10.25, 2.75, 11], "texture": "#0"},
				"south": {"uv": [10, 3.5, 10.75, 4.25], "texture": "#0"},
				"west": {"uv": [2.75, 10.25, 3, 11], "texture": "#0"},
				"up": {"uv": [10.75, 5, 10, 4.75], "texture": "#0"},
				"down": {"uv": [3.75, 10.25, 3, 10.5], "texture": "#0"}
			}
		},
		{
			"from": [3.75, 4.26956, 4.90851],
			"to": [12.25, 9.26956, 13.40851],
			"rotation": {"angle": 22.5, "axis": "x", "origin": [8, 7.76956, 8.15851]},
			"faces": {
				"north": {"uv": [4.5, 7.75, 6.75, 9], "texture": "#0"},
				"east": {"uv": [6.75, 7.75, 9, 9], "texture": "#0"},
				"south": {"uv": [0, 9, 2.25, 10.25], "texture": "#0"},
				"west": {"uv": [2.25, 9, 4.5, 10.25], "texture": "#0"},
				"up": {"uv": [6.75, 7.75, 4.5, 5.5], "texture": "#0"},
				"down": {"uv": [9, 5.5, 6.75, 7.75], "texture": "#0"}
			}
		},
		{
			"from": [5, 9.26956, 6.65851],
			"to": [10, 13.26956, 11.65851],
			"rotation": {"angle": 22.5, "axis": "x", "origin": [7.5, 7.76956, 8.15851]},
			"faces": {
				"north": {"uv": [9, 9, 10.25, 10], "texture": "#0"},
				"east": {"uv": [4.5, 9.5, 5.75, 10.5], "texture": "#0"},
				"south": {"uv": [5.75, 9.5, 7, 10.5], "texture": "#0"},
				"west": {"uv": [7, 9.5, 8.25, 10.5], "texture": "#0"},
				"up": {"uv": [10.25, 7.75, 9, 6.5], "texture": "#0"},
				"down": {"uv": [10.25, 7.75, 9, 9], "texture": "#0"}
			}
		},
		{
			"from": [1, 11.26956, 6.65851],
			"to": [5, 13.26956, 11.65851],
			"rotation": {"angle": 22.5, "axis": "x", "origin": [7.5, 7.76956, 8.15851]},
			"faces": {
				"north": {"uv": [10, 4.25, 11, 4.75], "texture": "#0"},
				"east": {"uv": [10, 2.5, 11.25, 3], "texture": "#0"},
				"south": {"uv": [9, 10, 10, 10.5], "texture": "#0"},
				"west": {"uv": [10, 3, 11.25, 3.5], "texture": "#0"},
				"up": {"uv": [11, 1.25, 10, 0], "texture": "#0"},
				"down": {"uv": [11, 1.25, 10, 2.5], "texture": "#0"}
			}
		},
		{
			"from": [0.75, 7.04433, 12.21868],
			"to": [2.75, 10.04433, 14.21868],
			"rotation": {"angle": -22.5, "axis": "x", "origin": [1.75, 8.54433, 13.71868]},
			"faces": {
				"north": {"uv": [10, 10, 10.5, 10.75], "texture": "#0"},
				"east": {"uv": [0, 10.25, 0.5, 11], "texture": "#0"},
				"south": {"uv": [0.5, 10.25, 1, 11], "texture": "#0"},
				"west": {"uv": [1, 10.25, 1.5, 11], "texture": "#0"},
				"up": {"uv": [2, 10.75, 1.5, 10.25], "texture": "#0"},
				"down": {"uv": [2.5, 10.25, 2, 10.75], "texture": "#0"}
			}
		}
	],
	"display": {
		"thirdperson_righthand": {
			"translation": [0, 3.25, 0],
			"scale": [0.45, 0.45, 0.45]
		},
		"thirdperson_lefthand": {
			"translation": [0, 3.25, 0],
			"scale": [0.45, 0.45, 0.45]
		},
		"firstperson_righthand": {
			"translation": [6.5, 3.25, -7.5]
		},
		"firstperson_lefthand": {
			"translation": [6.5, 3.25, -7.5]
		},
		"ground": {
			"translation": [0, 6.5, 0]
		},
		"gui": {
			"rotation": [-157.57, 50, -178.89],
			"translation": [0, 2.75, 0],
			"scale": [0.63, 0.63, 0.63]
		},
		"head": {
			"rotation": [9.5, 0, 0],
			"translation": [0, 13.75, 1.2],
			"scale": [1.43, 1.43, 1.43]
		},
		"fixed": {
			"rotation": [-82, -1, 0],
			"translation": [0.25, 0, -14.25],
			"scale": [1.5, 1.5, 1.5]
		}
	},
	"groups": [
		{
			"name": "wizard_hat",
			"origin": [8, 8, 8],
			"color": 0,
			"nbt": "{}",
			"armAnimationEnabled": false,
			"children": [0, 1, 2, 3, 4, 5, 6]
		}
	]
}