{"textures":{"0":"modelengine:entity/dragon_gray"},"elements":[{"from":[6.4706287,6.58916,6.907645],"to":[9.529371,9.887804,18.602839],"rotation":{"angle":-22.5,"axis":"x","origin":[4.6713686,10.468853,9.672073]},"faces":{"east":{"uv":[8.0,0.375,8.4375,0.5],"rotation":0,"texture":"#0","tintindex":0},"south":{"uv":[8.25,6.125,8.375,6.25],"rotation":0,"texture":"#0","tintindex":0},"north":{"uv":[6.125,8.25,6.25,8.375],"rotation":0,"texture":"#0","tintindex":0},"west":{"uv":[8.0,0.5,8.4375,0.625],"rotation":0,"texture":"#0","tintindex":0},"up":{"uv":[6.0,8.3125,5.875,7.875],"rotation":0,"texture":"#0","tintindex":0},"down":{"uv":[6.375,7.875,6.25,8.3125],"rotation":0,"texture":"#0","tintindex":0}}},{"from":[6.7705054,16.752697,13.643278],"to":[9.229495,25.689024,16.46212],"rotation":{"angle":45.0,"axis":"x","origin":[4.6713686,10.468853,9.672073]},"faces":{"east":{"uv":[4.5,8.0,4.625,8.3125],"rotation":0,"texture":"#0","tintindex":0},"south":{"uv":[1.75,8.25,1.8125,8.5625],"rotation":0,"texture":"#0","tintindex":0},"north":{"uv":[1.625,8.25,1.6875,8.5625],"rotation":0,"texture":"#0","tintindex":0},"west":{"uv":[6.875,8.0,7.0,8.3125],"rotation":0,"texture":"#0","tintindex":0},"up":{"uv":[8.0625,8.5,8.0,8.375],"rotation":0,"texture":"#0","tintindex":0},"down":{"uv":[8.1875,8.375,8.125,8.5],"rotation":0,"texture":"#0","tintindex":0}}},{"from":[7.070382,21.91187,19.267529],"to":[8.929618,30.008541,21.486614],"rotation":{"angle":22.5,"axis":"x","origin":[4.6713686,10.468853,9.672073]},"faces":{"east":{"uv":[8.25,1.25,8.3125,1.5625],"rotation":0,"texture":"#0","tintindex":0},"south":{"uv":[1.375,8.25,1.4375,8.5625],"rotation":0,"texture":"#0","tintindex":0},"north":{"uv":[1.25,8.25,1.3125,8.5625],"rotation":0,"texture":"#0","tintindex":0},"west":{"uv":[1.5,8.25,1.5625,8.5625],"rotation":0,"texture":"#0","tintindex":0},"up":{"uv":[6.8125,8.5625,6.75,8.5],"rotation":0,"texture":"#0","tintindex":0},"down":{"uv":[8.5625,6.75,8.5,6.8125],"rotation":0,"texture":"#0","tintindex":0}}}],"display":{"head":{"translation":[0.0,-6.4,0.0],"scale":[4.0,4.0,4.0]}}}