{"textures":{"0":"modelengine:entity/dragon_gray"},"elements":[{"from":[6.980419,7.0606875,3.4441156],"to":[9.019581,9.416519,8.29972],"rotation":{"angle":0.0,"axis":"y","origin":[3.9884229,23.627743,9.481578]},"faces":{"east":{"uv":[8.375,1.625,8.5625,1.6875],"rotation":0,"texture":"#0","tintindex":0},"south":{"uv":[8.5,8.25,8.5625,8.3125],"rotation":0,"texture":"#0","tintindex":0},"north":{"uv":[8.25,8.5,8.3125,8.5625],"rotation":0,"texture":"#0","tintindex":0},"west":{"uv":[8.375,1.75,8.5625,1.8125],"rotation":0,"texture":"#0","tintindex":0},"up":{"uv":[1.9375,8.5625,1.875,8.375],"rotation":0,"texture":"#0","tintindex":0},"down":{"uv":[8.4375,1.875,8.375,2.0625],"rotation":0,"texture":"#0","tintindex":0}}},{"from":[7.191532,10.820768,-5.2726374],"to":[8.808468,12.648817,-1.261486],"rotation":{"angle":-22.5,"axis":"x","origin":[3.9884229,23.627743,9.481578]},"faces":{"east":{"uv":[2.0,8.5,2.125,8.5625],"rotation":0,"texture":"#0","tintindex":0},"south":{"uv":[8.5,8.125,8.5625,8.1875],"rotation":0,"texture":"#0","tintindex":0},"north":{"uv":[8.125,8.5,8.1875,8.5625],"rotation":0,"texture":"#0","tintindex":0},"west":{"uv":[8.5,2.0,8.625,2.0625],"rotation":0,"texture":"#0","tintindex":0},"up":{"uv":[2.1875,8.625,2.125,8.5],"rotation":0,"texture":"#0","tintindex":0},"down":{"uv":[2.5625,8.5,2.5,8.625],"rotation":0,"texture":"#0","tintindex":0}}}],"display":{"head":{"translation":[0.0,-6.4,0.0],"scale":[4.0,4.0,4.0]}}}