{"textures":{"0":"modelengine:entity/dragon_gray"},"elements":[{"from":[5.6738596,3.727507,6.259892],"to":[13.470655,10.924549,16.33575],"rotation":{"angle":22.5,"axis":"y","origin":[10.17201,7.3860035,11.297821]},"faces":{"east":{"uv":[2.625,7.25,3.0,7.5],"rotation":0,"texture":"#0","tintindex":0},"south":{"uv":[7.5,1.75,7.8125,2.0],"rotation":0,"texture":"#0","tintindex":0},"north":{"uv":[0.75,7.5,1.0625,7.75],"rotation":0,"texture":"#0","tintindex":0},"west":{"uv":[7.25,4.5,7.625,4.75],"rotation":0,"texture":"#0","tintindex":0},"up":{"uv":[6.9375,6.5,6.625,6.125],"rotation":0,"texture":"#0","tintindex":0},"down":{"uv":[6.6875,6.625,6.375,7.0],"rotation":0,"texture":"#0","tintindex":0}}},{"from":[10.531863,10.624672,8.179103],"to":[10.531863,17.581814,16.33575],"rotation":{"angle":22.5,"axis":"y","origin":[10.291962,13.983292,13.696835]},"faces":{"east":{"uv":[3.25,7.5,3.5625,7.75],"rotation":0,"texture":"#0","tintindex":0},"south":{"uv":[0.0,0.0,0.0,0.25],"rotation":0,"texture":"#0","tintindex":0},"north":{"uv":[0.0,0.0,0.0,0.25],"rotation":0,"texture":"#0","tintindex":0},"west":{"uv":[4.0,7.5,4.3125,7.75],"rotation":0,"texture":"#0","tintindex":0},"up":{"uv":[0.0,0.3125,0.0,0.0],"rotation":0,"texture":"#0","tintindex":0},"down":{"uv":[0.0,0.0,0.0,0.3125],"rotation":0,"texture":"#0","tintindex":0}}}],"display":{"head":{"translation":[0.0,-6.4,0.0],"scale":[4.0,4.0,4.0]}}}