{"textures":{"0":"modelengine:entity/dragon_gray"},"elements":[{"from":[6.814989,4.6031923,6.5974827],"to":[14.251932,10.720677,12.355116],"rotation":{"angle":-22.5,"axis":"y","origin":[11.852919,7.751898,9.056472]},"faces":{"east":{"uv":[1.375,8.0,1.5625,8.25],"rotation":0,"texture":"#0","tintindex":0},"south":{"uv":[7.75,3.25,8.0,3.5],"rotation":0,"texture":"#0","tintindex":0},"north":{"uv":[3.125,7.75,3.375,8.0],"rotation":0,"texture":"#0","tintindex":0},"west":{"uv":[8.0,1.375,8.1875,1.625],"rotation":0,"texture":"#0","tintindex":0},"up":{"uv":[1.875,8.1875,1.625,8.0],"rotation":0,"texture":"#0","tintindex":0},"down":{"uv":[2.125,8.0,1.875,8.1875],"rotation":0,"texture":"#0","tintindex":0}}},{"from":[8.502476,10.600727,12.699617],"to":[14.260109,17.677818,12.699617],"rotation":{"angle":-22.5,"axis":"y","origin":[20.550709,13.209655,10.253416]},"faces":{"east":{"uv":[0.0,0.0,0.0,0.25],"rotation":0,"texture":"#0","tintindex":0},"south":{"uv":[8.0,3.5,8.1875,3.75],"rotation":0,"texture":"#0","tintindex":0},"north":{"uv":[3.5,8.0,3.6875,8.25],"rotation":0,"texture":"#0","tintindex":0},"west":{"uv":[0.0,0.0,0.0,0.25],"rotation":0,"texture":"#0","tintindex":0},"up":{"uv":[0.1875,0.0,0.0,0.0],"rotation":0,"texture":"#0","tintindex":0},"down":{"uv":[0.1875,0.0,0.0,0.0],"rotation":0,"texture":"#0","tintindex":0}}}],"display":{"head":{"translation":[0.0,-6.4,0.0],"scale":[4.0,4.0,4.0]}}}