{"textures":{"0":"modelengine:entity/dragon_gray"},"elements":[{"from":[4.533901,-3.4423456,4.30811],"to":[9.631805,13.110851,9.765867],"rotation":{"angle":22.5,"axis":"x","origin":[8.243203,7.180874,0.3788371]},"faces":{"east":{"uv":[1.5625,7.0,1.375,7.625],"rotation":0,"texture":"#0","tintindex":0},"south":{"uv":[1.3125,7.0,1.125,7.625],"rotation":0,"texture":"#0","tintindex":0},"north":{"uv":[4.1875,6.875,4.0,7.5],"rotation":0,"texture":"#0","tintindex":0},"west":{"uv":[4.4375,6.875,4.25,7.5],"rotation":0,"texture":"#0","tintindex":0},"up":{"uv":[8.125,2.1875,8.3125,2.0],"rotation":0,"texture":"#0","tintindex":0},"down":{"uv":[8.125,2.75,8.3125,2.9375],"rotation":0,"texture":"#0","tintindex":0}}}],"display":{"head":{"translation":[0.0,-6.4,0.0],"scale":[4.0,4.0,4.0]}}}