{"textures":{"0":"modelengine:entity/dragon_gray"},"elements":[{"from":[7.8083377,4.3677597,5.7737455],"to":[14.405626,11.0250225,15.849604],"rotation":{"angle":45.0,"axis":"y","origin":[11.706736,7.786354,10.811675]},"faces":{"east":{"uv":[7.25,4.75,7.625,5.0],"rotation":0,"texture":"#0","tintindex":0},"south":{"uv":[2.875,7.75,3.125,8.0],"rotation":0,"texture":"#0","tintindex":0},"north":{"uv":[2.625,7.75,2.875,8.0],"rotation":0,"texture":"#0","tintindex":0},"west":{"uv":[7.25,5.0,7.625,5.25],"rotation":0,"texture":"#0","tintindex":0},"up":{"uv":[7.0,7.5,6.75,7.125],"rotation":0,"texture":"#0","tintindex":0},"down":{"uv":[7.5,5.25,7.25,5.625],"rotation":0,"texture":"#0","tintindex":0}}},{"from":[5.952364,10.965048,9.012418],"to":[5.952364,17.322435,17.169064],"rotation":{"angle":45.0,"axis":"y","origin":[7.0319204,14.443618,5.1739955]},"faces":{"east":{"uv":[7.5,5.25,7.8125,5.5],"rotation":0,"texture":"#0","tintindex":0},"south":{"uv":[0.0,0.0,0.0,0.25],"rotation":0,"texture":"#0","tintindex":0},"north":{"uv":[0.0,0.0,0.0,0.25],"rotation":0,"texture":"#0","tintindex":0},"west":{"uv":[7.5,6.5,7.8125,6.75],"rotation":0,"texture":"#0","tintindex":0},"up":{"uv":[0.0,0.3125,0.0,0.0],"rotation":0,"texture":"#0","tintindex":0},"down":{"uv":[0.0,0.0,0.0,0.3125],"rotation":0,"texture":"#0","tintindex":0}}}],"display":{"head":{"translation":[0.0,-6.4,0.0],"scale":[4.0,4.0,4.0]}}}