{"textures":{"0":"modelengine:entity/dragon_gray"},"elements":[{"from":[4.637182,4.8166037,10.157067],"to":[11.362818,14.902119,17.15583],"rotation":{"angle":-22.5,"axis":"x","origin":[8.0,-7.5109186,6.0854425]},"faces":{"east":{"uv":[7.25,6.875,7.5,7.25],"rotation":0,"texture":"#0","tintindex":0},"south":{"uv":[7.0,7.25,7.25,7.625],"rotation":0,"texture":"#0","tintindex":0},"north":{"uv":[7.25,6.5,7.5,6.875],"rotation":0,"texture":"#0","tintindex":0},"west":{"uv":[7.25,7.25,7.5,7.625],"rotation":0,"texture":"#0","tintindex":0},"up":{"uv":[3.625,8.0,3.375,7.75],"rotation":0,"texture":"#0","tintindex":0},"down":{"uv":[8.0,3.5,7.75,3.75],"rotation":0,"texture":"#0","tintindex":0}}},{"from":[8.0,9.107918,9.391908],"to":[8.0,19.193432,16.58895],"rotation":{"angle":-22.5,"axis":"x","origin":[8.0,14.150675,12.990429]},"faces":{"east":{"uv":[7.375,5.875,7.625,6.25],"rotation":0,"texture":"#0","tintindex":0},"south":{"uv":[0.0,0.0,0.0,0.375],"rotation":0,"texture":"#0","tintindex":0},"north":{"uv":[0.0,0.0,0.0,0.375],"rotation":0,"texture":"#0","tintindex":0},"west":{"uv":[6.0,7.375,6.25,7.75],"rotation":0,"texture":"#0","tintindex":0},"up":{"uv":[0.0,0.25,0.0,0.0],"rotation":0,"texture":"#0","tintindex":0},"down":{"uv":[0.0,0.0,0.0,0.25],"rotation":0,"texture":"#0","tintindex":0}}}],"display":{"head":{"translation":[0.0,-6.4,0.0],"scale":[4.0,4.0,4.0]}}}