{"textures":{"0":"modelengine:entity/dragon_gray"},"elements":[{"from":[3.3026552,3.0556946,3.634996],"to":[10.499697,5.574659,11.371816],"rotation":{"angle":0.0,"axis":"y","origin":[8.151488,19.430323,5.5507884]},"faces":{"east":{"uv":[8.5625,2.375,8.25,2.4375],"rotation":0,"texture":"#0","tintindex":0},"south":{"uv":[8.5,6.5,8.25,6.5625],"rotation":0,"texture":"#0","tintindex":0},"north":{"uv":[8.5,6.375,8.25,6.4375],"rotation":0,"texture":"#0","tintindex":0},"west":{"uv":[8.5625,2.25,8.25,2.3125],"rotation":0,"texture":"#0","tintindex":0},"up":{"uv":[7.625,4.5625,7.875,4.25],"rotation":0,"texture":"#0","tintindex":0},"down":{"uv":[4.375,7.625,4.625,7.9375],"rotation":0,"texture":"#0","tintindex":0}}},{"from":[3.9024086,3.0556946,4.9544535],"to":[9.899943,8.213574,11.011964],"rotation":{"angle":0.0,"axis":"y","origin":[8.151488,19.430323,5.5507884]},"faces":{"east":{"uv":[8.25,7.0,8.0,7.1875],"rotation":0,"texture":"#0","tintindex":0},"south":{"uv":[6.875,8.0,6.625,8.1875],"rotation":0,"texture":"#0","tintindex":0},"north":{"uv":[8.25,6.125,8.0,6.3125],"rotation":0,"texture":"#0","tintindex":0},"west":{"uv":[6.625,8.0,6.375,8.1875],"rotation":0,"texture":"#0","tintindex":0},"up":{"uv":[7.875,2.0,8.125,1.75],"rotation":0,"texture":"#0","tintindex":0},"down":{"uv":[7.875,2.0,8.125,2.25],"rotation":0,"texture":"#0","tintindex":0}}}],"display":{"head":{"translation":[0.0,-6.4,0.0],"scale":[4.0,4.0,4.0]}}}