{"textures":{"0":"modelengine:entity/dragon_gray"},"elements":[{"from":[2.9020958,7.314322,7.7993727],"to":[13.097904,16.910378,13.796907],"rotation":{"angle":45.0,"axis":"x","origin":[8.0,15.026358,3.8453927]},"faces":{"east":{"uv":[7.375,2.25,7.625,2.625],"rotation":0,"texture":"#0","tintindex":0},"south":{"uv":[6.375,4.25,6.75,4.625],"rotation":0,"texture":"#0","tintindex":0},"north":{"uv":[6.375,3.875,6.75,4.25],"rotation":0,"texture":"#0","tintindex":0},"west":{"uv":[7.375,2.875,7.625,3.25],"rotation":0,"texture":"#0","tintindex":0},"up":{"uv":[7.75,3.5,7.375,3.25],"rotation":0,"texture":"#0","tintindex":0},"down":{"uv":[7.75,3.5,7.375,3.75],"rotation":0,"texture":"#0","tintindex":0}}},{"from":[2.4880304,6.899276,1.0757475],"to":[4.047389,13.496564,3.474761],"rotation":{"angle":-22.5,"axis":"y","origin":[8.0,15.026358,3.8453927]},"faces":{"east":{"uv":[5.0,8.25,5.0625,8.5],"rotation":0,"texture":"#0","tintindex":0},"south":{"uv":[5.125,8.25,5.1875,8.5],"rotation":0,"texture":"#0","tintindex":0},"north":{"uv":[8.25,4.875,8.3125,5.125],"rotation":0,"texture":"#0","tintindex":0},"west":{"uv":[8.25,5.125,8.3125,5.375],"rotation":0,"texture":"#0","tintindex":0},"up":{"uv":[6.4375,8.5625,6.375,8.5],"rotation":0,"texture":"#0","tintindex":0},"down":{"uv":[8.5625,6.375,8.5,6.4375],"rotation":0,"texture":"#0","tintindex":0}}},{"from":[11.952611,6.899276,1.0757475],"to":[13.51197,13.496564,3.474761],"rotation":{"angle":22.5,"axis":"y","origin":[8.0,15.026358,3.8453927]},"faces":{"east":{"uv":[8.25,5.625,8.3125,5.875],"rotation":0,"texture":"#0","tintindex":0},"south":{"uv":[8.25,5.875,8.3125,6.125],"rotation":0,"texture":"#0","tintindex":0},"north":{"uv":[5.5,8.25,5.5625,8.5],"rotation":0,"texture":"#0","tintindex":0},"west":{"uv":[6.0,8.25,6.0625,8.5],"rotation":0,"texture":"#0","tintindex":0},"up":{"uv":[6.5625,8.5625,6.5,8.5],"rotation":0,"texture":"#0","tintindex":0},"down":{"uv":[8.5625,6.5,8.5,6.5625],"rotation":0,"texture":"#0","tintindex":0}}},{"from":[3.9216766,9.27175,-14.416201],"to":[12.078323,14.909433,-2.9009333],"rotation":{"angle":-22.5,"axis":"x","origin":[8.0,15.026358,3.8453927]},"faces":{"east":{"uv":[7.5,1.5,7.9375,1.6875],"rotation":0,"texture":"#0","tintindex":0},"south":{"uv":[5.0,7.875,5.3125,8.0625],"rotation":0,"texture":"#0","tintindex":0},"north":{"uv":[4.625,7.875,4.9375,8.0625],"rotation":0,"texture":"#0","tintindex":0},"west":{"uv":[1.625,7.5,2.0625,7.6875],"rotation":0,"texture":"#0","tintindex":0},"up":{"uv":[6.6875,5.0625,6.375,4.625],"rotation":0,"texture":"#0","tintindex":0},"down":{"uv":[2.0625,6.5,1.75,6.9375],"rotation":0,"texture":"#0","tintindex":0}}},{"from":[3.9816518,-2.4204845,-8.93041],"to":[12.018349,2.0776663,-5.032014],"rotation":{"angle":22.5,"axis":"x","origin":[8.0,15.026358,3.8453927]},"faces":{"east":{"uv":[6.5,5.75,6.625,5.9375],"rotation":0,"texture":"#0","tintindex":0},"south":{"uv":[5.375,7.875,5.6875,8.0625],"rotation":0,"texture":"#0","tintindex":0},"north":{"uv":[7.875,5.125,8.1875,5.3125],"rotation":0,"texture":"#0","tintindex":0},"west":{"uv":[3.625,7.125,3.75,7.3125],"rotation":0,"texture":"#0","tintindex":0},"up":{"uv":[8.3125,7.5,8.0,7.375],"rotation":0,"texture":"#0","tintindex":0},"down":{"uv":[8.3125,7.5,8.0,7.625],"rotation":0,"texture":"#0","tintindex":0}}},{"from":[3.8017259,8.337167,-3.5023098],"to":[12.198275,15.65416,6.9334],"rotation":{"angle":-22.5,"axis":"x","origin":[8.0,15.026358,3.8453927]},"faces":{"east":{"uv":[5.625,7.375,6.0,7.625],"rotation":0,"texture":"#0","tintindex":0},"south":{"uv":[2.125,7.5,2.4375,7.75],"rotation":0,"texture":"#0","tintindex":0},"north":{"uv":[7.5,2.0,7.8125,2.25],"rotation":0,"texture":"#0","tintindex":0},"west":{"uv":[7.375,5.625,7.75,5.875],"rotation":0,"texture":"#0","tintindex":0},"up":{"uv":[0.8125,7.125,0.5,6.75],"rotation":0,"texture":"#0","tintindex":0},"down":{"uv":[7.0625,3.125,6.75,3.5],"rotation":0,"texture":"#0","tintindex":0}}},{"from":[3.544982,11.826744,-6.688693],"to":[6.122005,13.837698,-1.3878584],"rotation":{"angle":-45.0,"axis":"x","origin":[4.7479124,11.976409,-2.7545567]},"faces":{"east":{"uv":[5.125,11.25,5.31856,11.32343],"rotation":0,"texture":"#0","tintindex":0},"south":{"uv":[1.625,11.375,1.7191,11.44843],"rotation":0,"texture":"#0","tintindex":0},"north":{"uv":[7.0,5.875,7.0941,5.94843],"rotation":0,"texture":"#0","tintindex":0},"west":{"uv":[6.875,9.5,7.06856,9.57343],"rotation":0,"texture":"#0","tintindex":0},"up":{"uv":[0.0941,10.81856,0.0,10.625],"rotation":0,"texture":"#0","tintindex":0},"down":{"uv":[6.3441,7.0,6.25,7.19356],"rotation":0,"texture":"#0","tintindex":0}}},{"from":[9.8779955,11.826744,-6.688693],"to":[12.455018,13.837698,-1.3878584],"rotation":{"angle":-45.0,"axis":"x","origin":[11.252088,11.976409,-2.7545567]},"faces":{"east":{"uv":[7.25,9.5,6.875,9.75],"rotation":0,"texture":"#0","tintindex":0},"south":{"uv":[1.9375,11.375,1.625,11.625],"rotation":0,"texture":"#0","tintindex":0},"north":{"uv":[7.3125,5.875,7.0,6.125],"rotation":0,"texture":"#0","tintindex":0},"west":{"uv":[5.5,11.25,5.125,11.5],"rotation":0,"texture":"#0","tintindex":0},"up":{"uv":[0.0,11.0,0.3125,10.625],"rotation":0,"texture":"#0","tintindex":0},"down":{"uv":[6.25,7.0,6.5625,7.375],"rotation":0,"texture":"#0","tintindex":0}}},{"from":[3.8017259,15.65416,-3.5023098],"to":[3.8017259,19.252682,6.9334],"rotation":{"angle":-22.5,"axis":"x","origin":[8.0,15.026358,3.8453927]},"faces":{"east":{"uv":[8.0,1.625,8.375,1.75],"rotation":0,"texture":"#0","tintindex":0},"south":{"uv":[0.0,0.0,0.0,0.125],"rotation":0,"texture":"#0","tintindex":0},"north":{"uv":[0.0,0.0,0.0,0.125],"rotation":0,"texture":"#0","tintindex":0},"west":{"uv":[3.125,8.0,3.5,8.125],"rotation":0,"texture":"#0","tintindex":0},"up":{"uv":[0.0,0.375,0.0,0.0],"rotation":0,"texture":"#0","tintindex":0},"down":{"uv":[0.0,0.0,0.0,0.375],"rotation":0,"texture":"#0","tintindex":0}}},{"from":[12.198275,15.65416,-3.5023098],"to":[12.198275,19.252682,6.9334],"rotation":{"angle":-22.5,"axis":"x","origin":[8.0,15.026358,3.8453927]},"faces":{"east":{"uv":[8.0,3.25,8.375,3.375],"rotation":0,"texture":"#0","tintindex":0},"south":{"uv":[0.0,0.0,0.0,0.125],"rotation":0,"texture":"#0","tintindex":0},"north":{"uv":[0.0,0.0,0.0,0.125],"rotation":0,"texture":"#0","tintindex":0},"west":{"uv":[8.0,3.375,8.375,3.5],"rotation":0,"texture":"#0","tintindex":0},"up":{"uv":[0.0,0.375,0.0,0.0],"rotation":0,"texture":"#0","tintindex":0},"down":{"uv":[0.0,0.0,0.0,0.375],"rotation":0,"texture":"#0","tintindex":0}}},{"from":[3.8317132,5.1007752,-1.7941408],"to":[12.168287,10.274671,3.379755],"rotation":{"angle":22.5,"axis":"x","origin":[8.0,15.026358,3.8453927]},"faces":{"east":{"uv":[8.0,7.875,8.1875,8.0625],"rotation":0,"texture":"#0","tintindex":0},"south":{"uv":[7.875,6.625,8.1875,6.8125],"rotation":0,"texture":"#0","tintindex":0},"north":{"uv":[7.875,6.375,8.1875,6.5625],"rotation":0,"texture":"#0","tintindex":0},"west":{"uv":[0.375,8.125,0.5625,8.3125],"rotation":0,"texture":"#0","tintindex":0},"up":{"uv":[7.3125,8.0625,7.0,7.875],"rotation":0,"texture":"#0","tintindex":0},"down":{"uv":[0.3125,8.0,0.0,8.1875],"rotation":0,"texture":"#0","tintindex":0}}},{"from":[3.022046,6.725486,1.3761935],"to":[12.977954,13.562675,7.9734817],"rotation":{"angle":0.0,"axis":"y","origin":[8.0,15.026358,3.8453927]},"faces":{"east":{"uv":[7.75,3.75,8.0,4.0],"rotation":0,"texture":"#0","tintindex":0},"south":{"uv":[7.375,3.75,7.75,4.0],"rotation":0,"texture":"#0","tintindex":0},"north":{"uv":[3.625,7.375,4.0,7.625],"rotation":0,"texture":"#0","tintindex":0},"west":{"uv":[3.875,7.75,4.125,8.0],"rotation":0,"texture":"#0","tintindex":0},"up":{"uv":[7.75,4.25,7.375,4.0],"rotation":0,"texture":"#0","tintindex":0},"down":{"uv":[5.625,7.375,5.25,7.625],"rotation":0,"texture":"#0","tintindex":0}}}],"display":{"head":{"translation":[0.0,-6.4,0.0],"scale":[4.0,4.0,4.0]}}}