{"textures":{"0":"modelengine:entity/dragon_gray"},"elements":[{"from":[9.991817,13.347495,-15.860325],"to":[31.822844,13.347495,32.0],"rotation":{"angle":22.5,"axis":"z","origin":[22.830545,4.814356,8.069838]},"faces":{"east":{"uv":[0.0,0.0,0.0,2.5],"rotation":270,"texture":"#0","tintindex":0},"south":{"uv":[0.0,1.125,0.0,0.0],"rotation":270,"texture":"#0","tintindex":0},"north":{"uv":[0.0,1.125,0.0,0.0],"rotation":90,"texture":"#0","tintindex":0},"west":{"uv":[0.0,2.5,0.0,0.0],"rotation":270,"texture":"#0","tintindex":0},"up":{"uv":[5.0,5.125,2.5,4.0],"rotation":270,"texture":"#0","tintindex":0},"down":{"uv":[2.5,5.125,5.0,4.0],"rotation":270,"texture":"#0","tintindex":0}}}],"display":{"head":{"translation":[0.0,-6.4,76.40146],"scale":[4.0,4.0,4.0]}}}