{"textures":{"0":"modelengine:entity/dragon_gray"},"elements":[{"from":[4.7943177,1.8328037,2.4975257],"to":[11.211679,11.968637,8.8849],"rotation":{"angle":22.5,"axis":"x","origin":[8.002998,3.46027,4.653399]},"faces":{"east":{"uv":[7.125,2.25,7.375,2.625],"rotation":0,"texture":"#0","tintindex":0},"south":{"uv":[7.125,3.125,7.375,3.5],"rotation":0,"texture":"#0","tintindex":0},"north":{"uv":[0.75,7.125,1.0,7.5],"rotation":0,"texture":"#0","tintindex":0},"west":{"uv":[3.375,7.125,3.625,7.5],"rotation":0,"texture":"#0","tintindex":0},"up":{"uv":[8.0,0.5,7.75,0.25],"rotation":0,"texture":"#0","tintindex":0},"down":{"uv":[1.0,7.75,0.75,8.0],"rotation":0,"texture":"#0","tintindex":0}}},{"from":[4.8243055,-0.6826458,-3.5211535],"to":[11.181692,4.205345,6.494729],"rotation":{"angle":-22.5,"axis":"x","origin":[8.002998,3.46027,4.653399]},"faces":{"east":{"uv":[7.625,4.875,8.0,5.0625],"rotation":0,"texture":"#0","tintindex":0},"south":{"uv":[8.0,1.125,8.25,1.3125],"rotation":0,"texture":"#0","tintindex":0},"north":{"uv":[1.125,8.0,1.375,8.1875],"rotation":0,"texture":"#0","tintindex":0},"west":{"uv":[5.0,7.625,5.375,7.8125],"rotation":0,"texture":"#0","tintindex":0},"up":{"uv":[7.375,3.875,7.125,3.5],"rotation":0,"texture":"#0","tintindex":0},"down":{"uv":[7.375,3.875,7.125,4.25],"rotation":0,"texture":"#0","tintindex":0}}},{"from":[4.7043543,2.5134306,-5.145811],"to":[11.301643,8.72088,11.707262],"rotation":{"angle":-45.0,"axis":"x","origin":[8.002998,3.46027,4.653399]},"faces":{"east":{"uv":[3.375,6.25,4.0,6.5],"rotation":0,"texture":"#0","tintindex":0},"south":{"uv":[1.875,7.75,2.125,8.0],"rotation":0,"texture":"#0","tintindex":0},"north":{"uv":[1.625,7.75,1.875,8.0],"rotation":0,"texture":"#0","tintindex":0},"west":{"uv":[0.875,6.375,1.5,6.625],"rotation":0,"texture":"#0","tintindex":0},"up":{"uv":[4.25,6.875,4.0,6.25],"rotation":0,"texture":"#0","tintindex":0},"down":{"uv":[4.5,6.25,4.25,6.875],"rotation":0,"texture":"#0","tintindex":0}}}],"display":{"head":{"translation":[0.0,-6.4,0.0],"scale":[4.0,4.0,4.0]}}}