{"textures":{"0":"modelengine:entity/dragon_gray"},"elements":[{"from":[3.5576258,5.8441553,9.320609],"to":[12.442374,24.482155,18.640419],"rotation":{"angle":22.5,"axis":"x","origin":[8.0,21.428408,13.30768]},"faces":{"east":{"uv":[1.375,5.625,1.6875,6.3125],"rotation":0,"texture":"#0","tintindex":0},"south":{"uv":[1.75,5.75,2.0625,6.4375],"rotation":0,"texture":"#0","tintindex":0},"north":{"uv":[1.0,5.625,1.3125,6.3125],"rotation":0,"texture":"#0","tintindex":0},"west":{"uv":[2.125,5.75,2.4375,6.4375],"rotation":0,"texture":"#0","tintindex":0},"up":{"uv":[7.3125,6.0625,7.0,5.75],"rotation":0,"texture":"#0","tintindex":0},"down":{"uv":[6.3125,7.0,6.0,7.3125],"rotation":0,"texture":"#0","tintindex":0}}},{"from":[8.0,11.778042,16.494194],"to":[8.0,21.623655,25.490498],"rotation":{"angle":22.5,"axis":"x","origin":[8.0,17.300602,20.452568]},"faces":{"east":{"uv":[3.375,6.75,3.6875,7.125],"rotation":0,"texture":"#0","tintindex":0},"south":{"uv":[0.0,0.0,0.0,0.375],"rotation":0,"texture":"#0","tintindex":0},"north":{"uv":[0.0,0.0,0.0,0.375],"rotation":0,"texture":"#0","tintindex":0},"west":{"uv":[6.75,3.5,7.0625,3.875],"rotation":0,"texture":"#0","tintindex":0},"up":{"uv":[0.0,0.3125,0.0,0.0],"rotation":0,"texture":"#0","tintindex":0},"down":{"uv":[0.0,0.0,0.0,0.3125],"rotation":0,"texture":"#0","tintindex":0}}}],"display":{"head":{"translation":[0.0,-6.4,0.0],"scale":[4.0,4.0,4.0]}}}