{
    "providers": [{
            "type": "space",
            "advances": {
                "\uE100": -32768,
                "\uE101": -1,
                "\uE102": -2,
                "\uE103": -3,
                "\uE104": -4,
                "\uE105": -5,
                "\uE106": -6,
                "\uE107": -7,
                "\uE108": -8,
                "\uE109": -16,
                "\uE110": -32,
                "\uE111": -64,
                "\uE112": -128,
                "\uE113": -256,
                "\uE114": -512,
                "\uE115": -1024,
                "\uE116": 32768,
                "\uE117": 1,
                "\uE118": 2,
                "\uE119": 3,
                "\uE120": 4,
                "\uE121": 5,
                "\uE122": 6,
                "\uE123": 7,
                "\uE124": 8,
                "\uE125": 16,
                "\uE126": 32,
                "\uE127": 64,
                "\uE128": 128,
                "\uE129": 256,
                "\uE130": 512,
                "\uE131": 1024
            },
            "type": "ttf",
            "file": "minecraft:negative_spaces.ttf",
            "shift": [0.0, 0.0],
            "size": 10.0,
            "oversample": 1.0
        },
        {
            "type": "bitmap",
            "file": "minecraft:guis/pixel.png",
            "ascent": -2000,
            "height": -3,
            "chars": [""]
        },
        {
            "type": "bitmap",
            "file": "minecraft:guis/other/gg.png",
            "ascent": 8,
            "height": 54,
            "chars": [""]
        },
        {
            "type": "bitmap",
            "file": "minecraft:guis/larkyy/menu3.png",
            "ascent": 45,
            "height": 149,
            "chars": [""]
        },
        {
            "type": "bitmap",
            "file": "minecraft:guis/larkyy/menu3_2.png",
            "ascent": 45,
            "height": 149,
            "chars": [""]
        },

        {
            "type": "bitmap",
            "file": "minecraft:guis/larkyy/menu4.png",
            "ascent": 41,
            "height": 165,
            "chars": [""]
        },
        {
            "type": "bitmap",
            "file": "minecraft:guis/larkyy/menu4_2.png",
            "ascent": 41,
            "height": 165,
            "chars": [""]
        },
        {
            "type": "bitmap",
            "file": "minecraft:guis/larkyy/menu4_3.png",
            "ascent": 41,
            "height": 165,
            "chars": [""]
        },
        {
            "type": "bitmap",
            "file": "minecraft:guis/larkyy/menu4_4.png",
            "ascent": 41,
            "height": 165,
            "chars": [""]
        },
        {
            "type": "bitmap",
            "file": "minecraft:guis/larkyy/menu4_5.png",
            "ascent": 41,
            "height": 165,
            "chars": [""]
        },

        {
            "type": "bitmap",
            "file": "minecraft:guis/larkyy/dialogue_yes.png",
            "ascent": 8,
            "height": 9,
            "chars": [""]
        },
        {
            "type": "bitmap",
            "file": "minecraft:guis/larkyy/dialogue_honest.png",
            "ascent": 8,
            "height": 9,
            "chars": [""]
        },
        {
            "type": "bitmap",
            "file": "minecraft:guis/larkyy/dialogue_no.png",
            "ascent": 8,
            "height": 9,
            "chars": [""]
        },
        {
            "type": "bitmap",
            "file": "minecraft:guis/larkyy/dialogue_lie.png",
            "ascent": 8,
            "height": 9,
            "chars": [""]
        },
        {
            "type": "bitmap",
            "file": "minecraft:guis/larkyy/dialogue_warn.png",
            "ascent": 8,
            "height": 9,
            "chars": [""]
        },
        {
            "type": "bitmap",
            "file": "minecraft:guis/larkyy/dialogue_question.png",
            "ascent": 8,
            "height": 9,
            "chars": [""]
        },
        {
            "type": "bitmap",
            "file": "minecraft:guis/larkyy/chatbubble.png",
            "ascent": 11,
            "height": 16,
            "chars": [""]
        },
        {
            "type": "bitmap",
            "file": "minecraft:guis/larkyy/equipped.png",
            "ascent": 7,
            "height": 7,
            "chars": [""]
        },
        {
            "type": "bitmap",
            "file": "minecraft:guis/larkyy/player.png",
            "ascent": 7,
            "height": 7,
            "chars": [""]
        },
        {
            "type": "bitmap",
            "file": "minecraft:guis/larkyy/vip.png",
            "ascent": 7,
            "height": 7,
            "chars": [""]
        },
        {
            "type": "bitmap",
            "file": "minecraft:guis/larkyy/pro.png",
            "ascent": 7,
            "height": 7,
            "chars": [""]
        },
        {
            "type": "bitmap",
            "file": "minecraft:guis/larkyy/elite.png",
            "ascent": 7,
            "height": 7,
            "chars": [""]
        },
        {
            "type": "bitmap",
            "file": "minecraft:guis/larkyy/legend.png",
            "ascent": 7,
            "height": 7,
            "chars": [""]
        },
        {
            "type": "bitmap",
            "file": "minecraft:guis/larkyy/divine.png",
            "ascent": 7,
            "height": 7,
            "chars": [""]
        },
        {
            "type": "bitmap",
            "file": "minecraft:guis/larkyy/divine2.png",
            "ascent": 7,
            "height": 7,
            "chars": [""]
        },
        {
            "type": "bitmap",
            "file": "minecraft:guis/larkyy/mod.png",
            "ascent": 7,
            "height": 7,
            "chars": [""]
        },
        {
            "type": "bitmap",
            "file": "minecraft:guis/larkyy/dev.png",
            "ascent": 7,
            "height": 7,
            "chars": [""]
        },
        {
            "type": "bitmap",
            "file": "minecraft:guis/larkyy/admin.png",
            "ascent": 7,
            "height": 7,
            "chars": [""]
        },
        {
            "type": "bitmap",
            "file": "minecraft:guis/larkyy/owner.png",
            "ascent": 7,
            "height": 7,
            "chars": [""]
        },
        {
            "type": "bitmap",
            "file": "minecraft:guis/larkyy/common.png",
            "ascent": 8,
            "height": 9,
            "chars": [""]
        },
        {
            "type": "bitmap",
            "file": "minecraft:guis/larkyy/uncommon.png",
            "ascent": 8,
            "height": 9,
            "chars": [""]
        },
        {
            "type": "bitmap",
            "file": "minecraft:guis/larkyy/rare.png",
            "ascent": 8,
            "height": 9,
            "chars": [""]
        },
        {
            "type": "bitmap",
            "file": "minecraft:guis/larkyy/epic.png",
            "ascent": 8,
            "height": 9,
            "chars": [""]
        },
        {
            "type": "bitmap",
            "file": "minecraft:guis/larkyy/legendary.png",
            "ascent": 8,
            "height": 9,
            "chars": [""]
        },

        {
            "type": "bitmap",
            "file": "minecraft:guis/larkyy/hermit.png",
            "ascent": 8,
            "height": 54,
            "chars": [""]
        },
        {
            "file": "emojis_vol1:cool_emoji.png",
            "chars": [
                ""
            ],
            "ascent": 9,
            "height": 12,
            "type": "bitmap"
        },
        {
            "file": "emojis_vol1:heart_eyes_emoji.png",
            "chars": [
                ""
            ],
            "ascent": 9,
            "height": 12,
            "type": "bitmap"
        },
        {
            "file": "emojis_vol1:laugh_emoji.png",
            "chars": [
                ""
            ],
            "ascent": 9,
            "height": 12,
            "type": "bitmap"
        },
        {
            "file": "emojis_vol1:smile_emoji.png",
            "chars": [
                ""
            ],
            "ascent": 9,
            "height": 12,
            "type": "bitmap"
        },
        {
            "file": "emojis_vol1:wink_emoji.png",
            "chars": [
                ""
            ],
            "ascent": 9,
            "height": 12,
            "type": "bitmap"
        },
        {
            "file": "emojis_vol1:blush_emoji.png",
            "chars": [
                ""
            ],
            "ascent": 9,
            "height": 12,
            "type": "bitmap"
        },
        {
            "file": "emojis_vol1:scream_emoji.png",
            "chars": [
                ""
            ],
            "ascent": 9,
            "height": 12,
            "type": "bitmap"
        },
        {
            "file": "emojis_vol1:star_struck_emoji.png",
            "chars": [
                ""
            ],
            "ascent": 9,
            "height": 12,
            "type": "bitmap"
        },
        {
            "file": "emojis_vol1:shhh_emoji.png",
            "chars": [
                ""
            ],
            "ascent": 9,
            "height": 12,
            "type": "bitmap"
        },
        {
            "file": "emojis_vol1:sob_emoji.png",
            "chars": [
                ""
            ],
            "ascent": 9,
            "height": 12,
            "type": "bitmap"
        },
        {
            "file": "emojis_vol1:heart_emoji.png",
            "chars": [
                ""
            ],
            "ascent": 9,
            "height": 12,
            "type": "bitmap"
        },
        {
            "file": "emojis_vol1:pensive_emoji.png",
            "chars": [
                ""
            ],
            "ascent": 9,
            "height": 12,
            "type": "bitmap"
        },
        {
            "file": "emojis_vol1:rage_emoji.png",
            "chars": [
                ""
            ],
            "ascent": 9,
            "height": 12,
            "type": "bitmap"
        },
        {
            "file": "emojis_vol1:thumbsup_emoji.png",
            "chars": [
                ""
            ],
            "ascent": 9,
            "height": 12,
            "type": "bitmap"
        },
        {
            "file": "emojis_vol1:thumbsdown_emoji.png",
            "chars": [
                ""
            ],
            "ascent": 9,
            "height": 12,
            "type": "bitmap"
        },
        {
            "file": "emojis_vol1:broken_heart_emoji.png",
            "chars": [
                ""
            ],
            "ascent": 9,
            "height": 12,
            "type": "bitmap"
        },
        {
            "file": "emojis_vol1:angel_emoji.png",
            "chars": [
                ""
            ],
            "ascent": 9,
            "height": 12,
            "type": "bitmap"
        },
        {
            "file": "emojis_vol1:barf_emoji.png",
            "chars": [
                ""
            ],
            "ascent": 9,
            "height": 12,
            "type": "bitmap"
        },
        {
            "file": "emojis_vol1:dead_emoji.png",
            "chars": [
                ""
            ],
            "ascent": 9,
            "height": 12,
            "type": "bitmap"
        },
        {
            "file": "emojis_vol1:embarrassed_emoji.png",
            "chars": [
                ""
            ],
            "ascent": 9,
            "height": 12,
            "type": "bitmap"
        },
        {
            "file": "emojis_vol1:freezing_emoji.png",
            "chars": [
                ""
            ],
            "ascent": 9,
            "height": 12,
            "type": "bitmap"
        },
        {
            "file": "emojis_vol1:frustrated_emoji.png",
            "chars": [
                ""
            ],
            "ascent": 9,
            "height": 12,
            "type": "bitmap"
        },
        {
            "file": "emojis_vol1:gross_emoji.png",
            "chars": [
                ""
            ],
            "ascent": 9,
            "height": 12,
            "type": "bitmap"
        },
        {
            "file": "emojis_vol1:mask_emoji.png",
            "chars": [
                ""
            ],
            "ascent": 9,
            "height": 12,
            "type": "bitmap"
        },
        {
            "file": "emojis_vol1:nerdy_emoji.png",
            "chars": [
                ""
            ],
            "ascent": 9,
            "height": 12,
            "type": "bitmap"
        },
        {
            "file": "emojis_vol1:sherlock_emoji.png",
            "chars": [
                ""
            ],
            "ascent": 9,
            "height": 12,
            "type": "bitmap"
        },
        {
            "file": "emojis_vol1:skull_emoji.png",
            "chars": [
                ""
            ],
            "ascent": 9,
            "height": 12,
            "type": "bitmap"
        },
        {
            "file": "emojis_vol1:sleeping_emoji.png",
            "chars": [
                ""
            ],
            "ascent": 9,
            "height": 12,
            "type": "bitmap"
        },
        {
            "file": "emojis_vol1:smile_with_tear_emoji.png",
            "chars": [
                ""
            ],
            "ascent": 9,
            "height": 12,
            "type": "bitmap"
        },
        {
            "file": "emojis_vol1:straight_face_emoji.png",
            "chars": [
                ""
            ],
            "ascent": 9,
            "height": 12,
            "type": "bitmap"
        },
        {
            "file": "emojis_vol1:thinking_emoji.png",
            "chars": [
                ""
            ],
            "ascent": 9,
            "height": 12,
            "type": "bitmap"
        },
        {
            "file": "emojis_vol1:tongue_emoji.png",
            "chars": [
                ""
            ],
            "ascent": 9,
            "height": 12,
            "type": "bitmap"
        },
        {
            "file": "meme_emojis_v1:bonk.png",
            "chars": [""],
            "ascent": 8,
            "height": 9,
            "type": "bitmap"
        },
        {
            "file": "meme_emojis_v1:cursed.png",
            "chars": [""],
            "ascent": 8,
            "height": 9,
            "type": "bitmap"
        },
        {
            "file": "meme_emojis_v1:doge.png",
            "chars": [""],
            "ascent": 8,
            "height": 9,
            "type": "bitmap"
        },
        {
            "file": "meme_emojis_v1:dont_know.png",
            "chars": [""],
            "ascent": 8,
            "height": 9,
            "type": "bitmap"
        },
        {
            "file": "meme_emojis_v1:evil_patrick.png",
            "chars": [""],
            "ascent": 8,
            "height": 9,
            "type": "bitmap"
        },
        {
            "file": "meme_emojis_v1:f.png",
            "chars": [""],
            "ascent": 8,
            "height": 9,
            "type": "bitmap"
        },
        {
            "file": "meme_emojis_v1:gg.png",
            "chars": [""],
            "ascent": 8,
            "height": 9,
            "type": "bitmap"
        },
        {
            "file": "meme_emojis_v1:kekw.png",
            "chars": [""],
            "ascent": 8,
            "height": 9,
            "type": "bitmap"
        },
        {
            "file": "meme_emojis_v1:knife_chick.png",
            "chars": [""],
            "ascent": 8,
            "height": 9,
            "type": "bitmap"
        },
        {
            "file": "meme_emojis_v1:know.png",
            "chars": [""],
            "ascent": 8,
            "height": 9,
            "type": "bitmap"
        },
        {
            "file": "meme_emojis_v1:knuckles.png",
            "chars": [""],
            "ascent": 8,
            "height": 9,
            "type": "bitmap"
        },
        {
            "file": "meme_emojis_v1:mike.png",
            "chars": [""],
            "ascent": 8,
            "height": 9,
            "type": "bitmap"
        },
        {
            "file": "meme_emojis_v1:not_stonks.png",
            "chars": [""],
            "ascent": 8,
            "height": 9,
            "type": "bitmap"
        },
        {
            "file": "meme_emojis_v1:pepe.png",
            "chars": [""],
            "ascent": 8,
            "height": 9,
            "type": "bitmap"
        },
        {
            "file": "meme_emojis_v1:reverse.png",
            "chars": [""],
            "ascent": 8,
            "height": 9,
            "type": "bitmap"
        },
        {
            "file": "meme_emojis_v1:stonks.png",
            "chars": [""],
            "ascent": 8,
            "height": 9,
            "type": "bitmap"
        },
        {
            "file": "meme_emojis_v1:sus_dead.png",
            "chars": [""],
            "ascent": 8,
            "height": 9,
            "type": "bitmap"
        },
        {
            "file": "meme_emojis_v1:sus.png",
            "chars": [""],
            "ascent": 8,
            "height": 9,
            "type": "bitmap"
        },
        {
            "file": "chars:pixel1.png",
            "chars": [""],
            "ascent": 8,
            "height": 9,
            "type": "bitmap"
        },
        {
            "file": "chars:pixel2.png",
            "chars": [""],
            "ascent": 8,
            "height": 9,
            "type": "bitmap"
        },
        {
            "file": "chars:pixel3.png",
            "chars": [""],
            "ascent": 8,
            "height": 9,
            "type": "bitmap"
        },
        {
            "type": "bitmap",
            "file": "space:font/space_split.png",
            "ascent": -32768,
            "height": -6,
            "chars": [
                ""
            ]
        },
        {
            "type": "bitmap",
            "file": "space:font/space_split.png",
            "ascent": -32768,
            "height": -3,
            "chars": [
                ""
            ]
        },
        {
            "type": "bitmap",
            "file": "minecraft:guis/menus/island_creation.png",
            "ascent": 39,
            "height": 256,
            "chars": [""]
        },
        {
            "type": "bitmap",
            "file": "minecraft:guis/menus/island_info.png",
            "ascent": 39,
            "height": 256,
            "chars": [""]
        },
        {
            "type": "bitmap",
            "file": "minecraft:guis/menus/island_main.png",
            "ascent": 39,
            "height": 256,
            "chars": [""]
        },
        {
            "type": "bitmap",
            "file": "minecraft:guis/menus/island_settings.png",
            "ascent": 39,
            "height": 256,
            "chars": [""]
        },
        {
            "type": "bitmap",
            "file": "minecraft:guis/menus/main_story.png",
            "ascent": 39,
            "height": 256,
            "chars": [""]
        },
        {
            "type": "bitmap",
            "file": "minecraft:guis/menus/server_selector.png",
            "ascent": 39,
            "height": 256,
            "chars": [""]
        },
        {
            "type": "bitmap",
            "file": "minecraft:guis/menus/herobox.png",
            "ascent": 39,
            "height": 256,
            "chars": [""]
        },
        {
            "type": "bitmap",
            "file": "minecraft:guis/menus/side_quests.png",
            "ascent": 39,
            "height": 256,
            "chars": [""]
        },
        {
            "type": "bitmap",
            "file": "minecraft:guis/menus/tradeup_1.png",
            "ascent": 39,
            "height": 256,
            "chars": [""]
        },
        {
            "type": "bitmap",
            "file": "minecraft:guis/menus/tradeup_2.png",
            "ascent": 39,
            "height": 256,
            "chars": [""]
        },
        {
            "type": "bitmap",
            "file": "minecraft:guis/menus/tradeup_3.png",
            "ascent": 39,
            "height": 256,
            "chars": [""]
        },
        {
            "type": "bitmap",
            "file": "minecraft:guis/menus/herocoin_store.png",
            "ascent": 39,
            "height": 256,
            "chars": [""]
        },
        {
            "type": "bitmap",
            "file": "minecraft:guis/menus/herocoins.png",
            "ascent": 93,
            "height": 256,
            "chars": [""]
        },
        {
            "type": "bitmap",
            "file": "minecraft:guis/menus/herokeys.png",
            "ascent": 93,
            "height": 256,
            "chars": [""]
        },
        {
            "type": "bitmap",
            "file": "minecraft:guis/menus/ranks.png",
            "ascent": 93,
            "height": 256,
            "chars": [""]
        },
        {
            "type": "bitmap",
            "file": "minecraft:guis/menus/supporter.png",
            "ascent": 93,
            "height": 256,
            "chars": [""]
        },
        {
            "type": "bitmap",
            "file": "minecraft:guis/portraits/calamus.png",
            "ascent": 8,
            "height": 54,
            "chars": [""]
        },
        {
            "type": "bitmap",
            "file": "minecraft:guis/portraits/captain_smith.png",
            "ascent": 8,
            "height": 54,
            "chars": [""]
        },
        {
            "type": "bitmap",
            "file": "minecraft:guis/portraits/dorin.png",
            "ascent": 8,
            "height": 54,
            "chars": [""]
        },
        {
            "type": "bitmap",
            "file": "minecraft:guis/portraits/josh.png",
            "ascent": 8,
            "height": 54,
            "chars": [""]
        },
        {
            "type": "bitmap",
            "file": "minecraft:guis/portraits/spawn_farmer.png",
            "ascent": 8,
            "height": 54,
            "chars": [""]
        },
        {
            "type": "bitmap",
            "file": "minecraft:guis/portraits/spawn_fisher.png",
            "ascent": 8,
            "height": 54,
            "chars": [""]
        },
        {
            "type": "bitmap",
            "file": "minecraft:guis/portraits/spawn_glider.png",
            "ascent": 8,
            "height": 54,
            "chars": [""]
        },
        {
            "type": "bitmap",
            "file": "minecraft:guis/portraits/spawn_priest.png",
            "ascent": 8,
            "height": 54,
            "chars": [""]
        },
        {
            "type": "bitmap",
            "file": "minecraft:guis/portraits/mayor.png",
            "ascent": 8,
            "height": 54,
            "chars": [""]
        },
        {
            "type": "bitmap",
            "file": "minecraft:guis/portraits/aegon_npc.png",
            "ascent": 8,
            "height": 54,
            "chars": [""]
        },
        {
            "type": "bitmap",
            "file": "minecraft:guis/portraits/aviator_npc.png",
            "ascent": 8,
            "height": 54,
            "chars": [""]
        },
        {
            "type": "bitmap",
            "file": "minecraft:guis/portraits/barristan_npc.png",
            "ascent": 8,
            "height": 54,
            "chars": [""]
        },
        {
            "type": "bitmap",
            "file": "minecraft:guis/portraits/bartender.png",
            "ascent": 8,
            "height": 54,
            "chars": [""]
        },
        {
            "type": "bitmap",
            "file": "minecraft:guis/portraits/business_npc.png",
            "ascent": 8,
            "height": 54,
            "chars": [""]
        },
        {
            "type": "bitmap",
            "file": "minecraft:guis/portraits/farmer_npc.png",
            "ascent": 8,
            "height": 54,
            "chars": [""]
        },
        {
            "type": "bitmap",
            "file": "minecraft:guis/portraits/gladiator.png",
            "ascent": 8,
            "height": 54,
            "chars": [""]
        },
        {
            "type": "bitmap",
            "file": "minecraft:guis/portraits/homeless_npc.png",
            "ascent": 8,
            "height": 54,
            "chars": [""]
        },
        {
            "type": "bitmap",
            "file": "minecraft:guis/portraits/ninja.png",
            "ascent": 8,
            "height": 54,
            "chars": [""]
        },
        {
            "type": "bitmap",
            "file": "minecraft:guis/portraits/treeviewer_npc.png",
            "ascent": 8,
            "height": 54,
            "chars": [""]
        },
        {
            "type": "bitmap",
            "file": "minecraft:guis/portraits/leftsoldier.png",
            "ascent": 8,
            "height": 54,
            "chars": [""]
        },
        {
            "type": "bitmap",
            "file": "minecraft:guis/portraits/rightsoldier.png",
            "ascent": 8,
            "height": 54,
            "chars": [""]
        },
        {
            "type": "bitmap",
            "file": "minecraft:guis/portraits/librarian.png",
            "ascent": 8,
            "height": 54,
            "chars": [""]
        },
        {
            "type": "bitmap",
            "file": "minecraft:guis/portraits/walter.png",
            "ascent": 8,
            "height": 54,
            "chars": [""]
        },
        {
            "type": "bitmap",
            "file": "minecraft:guis/portraits/green_general.png",
            "ascent": 8,
            "height": 54,
            "chars": [""]
        },
        {
            "type": "bitmap",
            "file": "minecraft:guis/portraits/miner_overseer.png",
            "ascent": 8,
            "height": 54,
            "chars": [""]
        },
        {
            "type": "bitmap",
            "file": "minecraft:guis/portraits/president.png",
            "ascent": 8,
            "height": 54,
            "chars": [""]
        },
        {
            "type": "bitmap",
            "file": "minecraft:guis/portraits/vice_president.png",
            "ascent": 8,
            "height": 54,
            "chars": [""]
        },
        {
            "type": "bitmap",
            "file": "minecraft:guis/portraits/wizard_jonas.png",
            "ascent": 8,
            "height": 54,
            "chars": [""]
        },
        {
            "type": "bitmap",
            "file": "minecraft:guis/portraits/grumpy_man.png",
            "ascent": 8,
            "height": 54,
            "chars": [""]
        },
        {
            "type": "bitmap",
            "file": "minecraft:guis/portraits/air_captain.png",
            "ascent": 8,
            "height": 54,
            "chars": [""]
        }
    ]
}