{"textures":{"0":"modelengine:entity/arch_priest"},"elements":[{"from":[7.5207796,7.5714283,-0.8757601],"to":[8.377923,8.428572,15.409955],"rotation":{"angle":0.0,"axis":"y","origin":[7.7469864,8.0,8.109955]},"faces":{"east":{"uv":[5.5,4.375,7.5,4.625],"rotation":0,"texture":"#0","tintindex":0},"south":{"uv":[3.0,3.25,3.25,3.5],"rotation":0,"texture":"#0","tintindex":0},"north":{"uv":[2.0,1.125,2.25,1.375],"rotation":0,"texture":"#0","tintindex":0},"west":{"uv":[5.625,2.5,7.625,2.75],"rotation":0,"texture":"#0","tintindex":0},"up":{"uv":[3.375,7.25,3.125,5.25],"rotation":0,"texture":"#0","tintindex":0},"down":{"uv":[0.75,5.75,0.5,7.75],"rotation":0,"texture":"#0","tintindex":0}}},{"from":[7.237839,7.223433,-1.618617],"to":[8.523554,8.509148,-0.41861725],"rotation":{"angle":45.0,"axis":"z","origin":[7.7469864,8.0,8.109955]},"faces":{"east":{"uv":[1.125,4.625,1.375,4.875],"rotation":0,"texture":"#0","tintindex":0},"south":{"uv":[5.0,0.5,5.25,0.75],"rotation":0,"texture":"#0","tintindex":0},"north":{"uv":[4.0,0.75,4.25,1.0],"rotation":0,"texture":"#0","tintindex":0},"west":{"uv":[2.125,5.0,2.375,5.25],"rotation":0,"texture":"#0","tintindex":0},"up":{"uv":[5.375,3.125,5.125,2.875],"rotation":0,"texture":"#0","tintindex":0},"down":{"uv":[7.5,1.25,7.25,1.5],"rotation":0,"texture":"#0","tintindex":0}}},{"from":[6.3806963,6.36629,-1.0471888],"to":[9.380696,9.36629,-1.0471888],"rotation":{"angle":45.0,"axis":"z","origin":[7.7469864,8.0,8.109955]},"faces":{"east":{"uv":[9.09375,14.84375,9.09375,15.625],"rotation":0,"texture":"#0","tintindex":0},"south":{"uv":[12.96875,10.71875,13.75,11.5],"rotation":0,"texture":"#0","tintindex":0},"north":{"uv":[11.96875,10.96875,12.75,11.75],"rotation":0,"texture":"#0","tintindex":0},"west":{"uv":[10.09375,15.21875,10.09375,16.0],"rotation":0,"texture":"#0","tintindex":0},"up":{"uv":[13.875,13.09375,13.09375,13.09375],"rotation":0,"texture":"#0","tintindex":0},"down":{"uv":[16.0,11.46875,15.21875,11.46875],"rotation":0,"texture":"#0","tintindex":0}}},{"from":[7.3806963,7.36629,-2.1900454],"to":[8.380696,8.36629,-1.618617],"rotation":{"angle":45.0,"axis":"z","origin":[7.7469864,8.0,8.109955]},"faces":{"east":{"uv":[1.875,4.0,2.0,4.25],"rotation":0,"texture":"#0","tintindex":0},"south":{"uv":[1.25,8.125,1.5,8.375],"rotation":0,"texture":"#0","tintindex":0},"north":{"uv":[7.5,3.75,7.75,4.0],"rotation":0,"texture":"#0","tintindex":0},"west":{"uv":[2.875,4.25,3.0,4.5],"rotation":0,"texture":"#0","tintindex":0},"up":{"uv":[8.375,5.875,8.125,5.75],"rotation":0,"texture":"#0","tintindex":0},"down":{"uv":[6.5,8.125,6.25,8.25],"rotation":0,"texture":"#0","tintindex":0}}}],"display":{"head":{"translation":[0.0,-6.4,0.0],"scale":[4.0,4.0,4.0]}}}