{"textures":{"0":"modelengine:entity/blue_portal"},"elements":[{"from":[13.358433,1.8443189,3.5],"to":[26.858433,10.844318,12.5],"rotation":{"angle":22.5,"axis":"z","origin":[20.108433,6.344319,8.0]},"faces":{"east":{"uv":[8.625,0.75,9.375,1.5],"rotation":0,"texture":"#0","tintindex":0},"south":{"uv":[6.5,0.75,7.625,1.5],"rotation":0,"texture":"#0","tintindex":0},"north":{"uv":[6.5,0.0,7.625,0.75],"rotation":0,"texture":"#0","tintindex":0},"west":{"uv":[1.0,8.625,1.75,9.375],"rotation":0,"texture":"#0","tintindex":0},"up":{"uv":[8.125,6.25,7.0,5.5],"rotation":0,"texture":"#0","tintindex":0},"down":{"uv":[8.125,6.25,7.0,7.0],"rotation":0,"texture":"#0","tintindex":0}}},{"from":[0.9172292,-1.1323147,2.0],"to":[15.91723,7.867686,14.0],"rotation":{"angle":0.0,"axis":"y","origin":[8.41723,3.3676858,8.0]},"faces":{"east":{"uv":[7.25,2.75,8.25,3.5],"rotation":0,"texture":"#0","tintindex":0},"south":{"uv":[3.25,5.5,4.5,6.25],"rotation":0,"texture":"#0","tintindex":0},"north":{"uv":[2.0,5.5,3.25,6.25],"rotation":0,"texture":"#0","tintindex":0},"west":{"uv":[7.25,3.5,8.25,4.25],"rotation":0,"texture":"#0","tintindex":0},"up":{"uv":[4.5,1.0,3.25,0.0],"rotation":0,"texture":"#0","tintindex":0},"down":{"uv":[4.5,1.0,3.25,2.0],"rotation":0,"texture":"#0","tintindex":0}}},{"from":[-10.023973,1.8443189,3.5],"to":[3.476027,10.844318,12.5],"rotation":{"angle":-22.5,"axis":"z","origin":[-3.2739725,6.344319,8.0]},"faces":{"east":{"uv":[8.875,4.375,9.625,5.125],"rotation":0,"texture":"#0","tintindex":0},"south":{"uv":[1.0,7.125,2.125,7.875],"rotation":0,"texture":"#0","tintindex":0},"north":{"uv":[7.0,7.0,8.125,7.75],"rotation":0,"texture":"#0","tintindex":0},"west":{"uv":[8.875,5.125,9.625,5.875],"rotation":0,"texture":"#0","tintindex":0},"up":{"uv":[3.25,7.875,2.125,7.125],"rotation":0,"texture":"#0","tintindex":0},"down":{"uv":[4.375,7.125,3.25,7.875],"rotation":0,"texture":"#0","tintindex":0}}},{"from":[-13.87788,7.928764,5.0],"to":[-6.377879,13.928764,11.0],"rotation":{"angle":45.0,"axis":"z","origin":[-10.12788,10.928764,8.0]},"faces":{"east":{"uv":[5.75,9.875,6.25,10.375],"rotation":0,"texture":"#0","tintindex":0},"south":{"uv":[9.625,5.25,10.25,5.75],"rotation":0,"texture":"#0","tintindex":0},"north":{"uv":[9.625,4.75,10.25,5.25],"rotation":0,"texture":"#0","tintindex":0},"west":{"uv":[9.875,5.75,10.375,6.25],"rotation":0,"texture":"#0","tintindex":0},"up":{"uv":[8.375,10.25,7.75,9.75],"rotation":0,"texture":"#0","tintindex":0},"down":{"uv":[9.0,9.75,8.375,10.25],"rotation":0,"texture":"#0","tintindex":0}}},{"from":[23.22619,10.014913,5.0],"to":[30.72619,16.014912,11.0],"rotation":{"angle":-45.0,"axis":"z","origin":[24.87619,13.014913,8.0]},"faces":{"east":{"uv":[4.75,9.875,5.25,10.375],"rotation":0,"texture":"#0","tintindex":0},"south":{"uv":[9.5,2.25,10.125,2.75],"rotation":0,"texture":"#0","tintindex":0},"north":{"uv":[3.375,9.375,4.0,9.875],"rotation":0,"texture":"#0","tintindex":0},"west":{"uv":[5.25,9.875,5.75,10.375],"rotation":0,"texture":"#0","tintindex":0},"up":{"uv":[0.625,10.125,0.0,9.625],"rotation":0,"texture":"#0","tintindex":0},"down":{"uv":[10.25,4.25,9.625,4.75],"rotation":0,"texture":"#0","tintindex":0}}}],"display":{"head":{"translation":[0.0,-6.4,0.0],"scale":[4.0,4.0,4.0]}}}