{"textures":{"0":"modelengine:entity/blue_portal"},"elements":[{"from":[2.3462968,12.842501,2.0],"to":[14.346296,23.342499,14.0],"rotation":{"angle":0.0,"axis":"y","origin":[20.346298,30.0925,20.0]},"faces":{"east":{"uv":[6.25,2.0,7.25,2.875],"rotation":0,"texture":"#0","tintindex":0},"south":{"uv":[6.25,2.875,7.25,3.75],"rotation":0,"texture":"#0","tintindex":0},"north":{"uv":[2.0,6.25,3.0,7.125],"rotation":0,"texture":"#0","tintindex":0},"west":{"uv":[3.0,6.25,4.0,7.125],"rotation":0,"texture":"#0","tintindex":0},"up":{"uv":[1.0,5.5,0.0,4.5],"rotation":0,"texture":"#0","tintindex":0},"down":{"uv":[5.5,0.0,4.5,1.0],"rotation":0,"texture":"#0","tintindex":0}}},{"from":[2.3462968,23.342499,3.5],"to":[11.346296,30.8425,12.5],"rotation":{"angle":0.0,"axis":"y","origin":[6.8462963,27.0925,8.0]},"faces":{"east":{"uv":[8.5,9.125,9.25,9.75],"rotation":0,"texture":"#0","tintindex":0},"south":{"uv":[4.0,9.25,4.75,9.875],"rotation":0,"texture":"#0","tintindex":0},"north":{"uv":[7.75,9.125,8.5,9.75],"rotation":0,"texture":"#0","tintindex":0},"west":{"uv":[4.75,9.25,5.5,9.875],"rotation":0,"texture":"#0","tintindex":0},"up":{"uv":[4.75,9.25,4.0,8.5],"rotation":0,"texture":"#0","tintindex":0},"down":{"uv":[5.5,8.5,4.75,9.25],"rotation":0,"texture":"#0","tintindex":0}}},{"from":[3.8462968,2.3425002,3.5],"to":[12.846296,12.842501,12.5],"rotation":{"angle":0.0,"axis":"y","origin":[8.346296,7.5925,8.0]},"faces":{"east":{"uv":[8.125,5.875,8.875,6.75],"rotation":0,"texture":"#0","tintindex":0},"south":{"uv":[8.125,6.75,8.875,7.625],"rotation":0,"texture":"#0","tintindex":0},"north":{"uv":[8.125,5.0,8.875,5.875],"rotation":0,"texture":"#0","tintindex":0},"west":{"uv":[8.25,2.75,9.0,3.625],"rotation":0,"texture":"#0","tintindex":0},"up":{"uv":[7.75,9.25,7.0,8.5],"rotation":0,"texture":"#0","tintindex":0},"down":{"uv":[9.375,0.0,8.625,0.75],"rotation":0,"texture":"#0","tintindex":0}}},{"from":[3.8462968,-6.6575003,3.5],"to":[15.846296,2.3425002,12.5],"rotation":{"angle":0.0,"axis":"y","origin":[9.846296,-2.1575003,8.0]},"faces":{"east":{"uv":[1.75,8.625,2.5,9.375],"rotation":0,"texture":"#0","tintindex":0},"south":{"uv":[5.375,7.75,6.375,8.5],"rotation":0,"texture":"#0","tintindex":0},"north":{"uv":[4.375,7.75,5.375,8.5],"rotation":0,"texture":"#0","tintindex":0},"west":{"uv":[2.5,8.625,3.25,9.375],"rotation":0,"texture":"#0","tintindex":0},"up":{"uv":[7.375,8.5,6.375,7.75],"rotation":0,"texture":"#0","tintindex":0},"down":{"uv":[8.375,7.75,7.375,8.5],"rotation":0,"texture":"#0","tintindex":0}}},{"from":[6.1204605,-16.0,2.0],"to":[18.12046,-6.999999,14.0],"rotation":{"angle":-22.5,"axis":"z","origin":[18.614815,4.178756,20.0]},"faces":{"east":{"uv":[0.0,7.375,1.0,8.125],"rotation":0,"texture":"#0","tintindex":0},"south":{"uv":[7.625,0.0,8.625,0.75],"rotation":0,"texture":"#0","tintindex":0},"north":{"uv":[7.25,4.25,8.25,5.0],"rotation":0,"texture":"#0","tintindex":0},"west":{"uv":[7.625,0.75,8.625,1.5],"rotation":0,"texture":"#0","tintindex":0},"up":{"uv":[1.0,6.5,0.0,5.5],"rotation":0,"texture":"#0","tintindex":0},"down":{"uv":[6.5,0.0,5.5,1.0],"rotation":0,"texture":"#0","tintindex":0}}}],"display":{"head":{"translation":[0.0,-8.639006,0.0],"scale":[4.0,4.0,4.0]}}}