{"textures":{"0":"modelengine:entity/blue_portal","1":"modelengine:entity/blue_portal_sheet"},"elements":[{"from":[-11.5,-5.5,8.0],"to":[27.5,21.5,8.0],"rotation":{"angle":0.0,"axis":"y","origin":[8.0,21.5,8.0]},"faces":{"east":{"uv":[0.0,0.0,0.0,4.5],"rotation":0,"texture":"#0","tintindex":0},"north":{"uv":[11.125,8.125,4.625,12.625],"rotation":0,"texture":"#1","tintindex":0},"west":{"uv":[0.0,0.0,0.0,4.5],"rotation":0,"texture":"#0","tintindex":0},"up":{"uv":[3.25,0.0,0.0,0.0],"rotation":0,"texture":"#0","tintindex":0},"down":{"uv":[3.25,0.0,0.0,0.0],"rotation":0,"texture":"#0","tintindex":0}}}],"display":{"head":{"translation":[0.0,-6.4,0.0],"scale":[4.0,4.0,4.0]}}}