{"textures":{"0":"modelengine:entity/blue_portal"},"elements":[{"from":[1.202168,4.6440296,2.125],"to":[13.202168,19.644032,14.125],"rotation":{"angle":0.0,"axis":"y","origin":[7.202168,12.14403,8.125]},"faces":{"east":{"uv":[3.25,3.25,4.25,4.5],"rotation":0,"texture":"#0","tintindex":0},"south":{"uv":[4.25,2.0,5.25,3.25],"rotation":0,"texture":"#0","tintindex":0},"north":{"uv":[3.25,2.0,4.25,3.25],"rotation":0,"texture":"#0","tintindex":0},"west":{"uv":[4.25,3.25,5.25,4.5],"rotation":0,"texture":"#0","tintindex":0},"up":{"uv":[3.0,5.5,2.0,4.5],"rotation":0,"texture":"#0","tintindex":0},"down":{"uv":[4.0,4.5,3.0,5.5],"rotation":0,"texture":"#0","tintindex":0}}},{"from":[4.2021685,19.644032,3.625],"to":[13.202168,27.144032,12.625],"rotation":{"angle":0.0,"axis":"y","origin":[20.702168,35.39403,20.125]},"faces":{"east":{"uv":[9.25,7.375,10.0,8.0],"rotation":0,"texture":"#0","tintindex":0},"south":{"uv":[9.25,8.0,10.0,8.625],"rotation":0,"texture":"#0","tintindex":0},"north":{"uv":[7.0,9.25,7.75,9.875],"rotation":0,"texture":"#0","tintindex":0},"west":{"uv":[9.25,8.625,10.0,9.25],"rotation":0,"texture":"#0","tintindex":0},"up":{"uv":[6.25,9.25,5.5,8.5],"rotation":0,"texture":"#0","tintindex":0},"down":{"uv":[7.0,8.5,6.25,9.25],"rotation":0,"texture":"#0","tintindex":0}}},{"from":[1.202168,-10.35597,3.625],"to":[11.702168,-1.3559704,12.625],"rotation":{"angle":0.0,"axis":"y","origin":[18.452168,6.14403,20.125]},"faces":{"east":{"uv":[3.25,8.625,4.0,9.375],"rotation":0,"texture":"#0","tintindex":0},"south":{"uv":[8.375,7.625,9.25,8.375],"rotation":0,"texture":"#0","tintindex":0},"north":{"uv":[8.25,3.625,9.125,4.375],"rotation":0,"texture":"#0","tintindex":0},"west":{"uv":[0.0,8.875,0.75,9.625],"rotation":0,"texture":"#0","tintindex":0},"up":{"uv":[9.25,9.125,8.375,8.375],"rotation":0,"texture":"#0","tintindex":0},"down":{"uv":[9.375,1.5,8.5,2.25],"rotation":0,"texture":"#0","tintindex":0}}},{"from":[-0.7451048,-10.514067,2.125],"to":[11.254896,-1.5140676,14.125],"rotation":{"angle":22.5,"axis":"z","origin":[20.933651,0.48028612,20.125]},"faces":{"east":{"uv":[2.0,7.875,3.0,8.625],"rotation":0,"texture":"#0","tintindex":0},"south":{"uv":[3.0,7.875,4.0,8.625],"rotation":0,"texture":"#0","tintindex":0},"north":{"uv":[1.0,7.875,2.0,8.625],"rotation":0,"texture":"#0","tintindex":0},"west":{"uv":[0.0,8.125,1.0,8.875],"rotation":0,"texture":"#0","tintindex":0},"up":{"uv":[2.0,6.5,1.0,5.5],"rotation":0,"texture":"#0","tintindex":0},"down":{"uv":[6.5,1.0,5.5,2.0],"rotation":0,"texture":"#0","tintindex":0}}},{"from":[2.702168,-1.3559704,3.625],"to":[11.702168,4.6440296,11.125],"rotation":{"angle":0.0,"axis":"y","origin":[7.202168,1.6440301,7.375]},"faces":{"east":{"uv":[1.5,9.875,2.125,10.375],"rotation":0,"texture":"#0","tintindex":0},"south":{"uv":[6.5,1.5,7.25,2.0],"rotation":0,"texture":"#0","tintindex":0},"north":{"uv":[5.25,4.0,6.0,4.5],"rotation":0,"texture":"#0","tintindex":0},"west":{"uv":[2.125,9.875,2.75,10.375],"rotation":0,"texture":"#0","tintindex":0},"up":{"uv":[10.125,1.25,9.375,0.625],"rotation":0,"texture":"#0","tintindex":0},"down":{"uv":[1.5,9.375,0.75,10.0],"rotation":0,"texture":"#0","tintindex":0}}},{"from":[9.013323,21.51484,2.125],"to":[21.013323,27.514837,14.125],"rotation":{"angle":-22.5,"axis":"z","origin":[21.507677,40.193596,20.125]},"faces":{"east":{"uv":[9.0,2.75,10.0,3.25],"rotation":0,"texture":"#0","tintindex":0},"south":{"uv":[9.125,3.25,10.125,3.75],"rotation":0,"texture":"#0","tintindex":0},"north":{"uv":[8.875,6.875,9.875,7.375],"rotation":0,"texture":"#0","tintindex":0},"west":{"uv":[9.125,3.75,10.125,4.25],"rotation":0,"texture":"#0","tintindex":0},"up":{"uv":[6.25,3.0,5.25,2.0],"rotation":0,"texture":"#0","tintindex":0},"down":{"uv":[6.25,3.0,5.25,4.0],"rotation":0,"texture":"#0","tintindex":0}}}],"display":{"head":{"translation":[0.0,-6.4,0.0],"scale":[4.0,4.0,4.0]}}}