{"textures":{"0":"modelengine:entity/blue_portal"},"elements":[{"from":[0.29510784,7.9794583,2.0],"to":[12.295109,18.479458,14.0],"rotation":{"angle":0.0,"axis":"y","origin":[6.2951083,13.229458,8.0]},"faces":{"east":{"uv":[5.0,6.25,6.0,7.125],"rotation":0,"texture":"#0","tintindex":0},"south":{"uv":[6.0,6.25,7.0,7.125],"rotation":0,"texture":"#0","tintindex":0},"north":{"uv":[4.0,6.25,5.0,7.125],"rotation":0,"texture":"#0","tintindex":0},"west":{"uv":[0.0,6.5,1.0,7.375],"rotation":0,"texture":"#0","tintindex":0},"up":{"uv":[2.0,5.5,1.0,4.5],"rotation":0,"texture":"#0","tintindex":0},"down":{"uv":[5.5,1.0,4.5,2.0],"rotation":0,"texture":"#0","tintindex":0}}},{"from":[-11.916172,6.8469286,3.5],"to":[3.0838284,14.346929,12.5],"rotation":{"angle":22.5,"axis":"z","origin":[-4.416172,10.596929,8.0]},"faces":{"east":{"uv":[9.25,9.25,10.0,9.875],"rotation":0,"texture":"#0","tintindex":0},"south":{"uv":[7.25,2.125,8.5,2.75],"rotation":0,"texture":"#0","tintindex":0},"north":{"uv":[7.25,1.5,8.5,2.125],"rotation":0,"texture":"#0","tintindex":0},"west":{"uv":[9.375,0.0,10.125,0.625],"rotation":0,"texture":"#0","tintindex":0},"up":{"uv":[7.25,4.75,6.0,4.0],"rotation":0,"texture":"#0","tintindex":0},"down":{"uv":[7.25,4.75,6.0,5.5],"rotation":0,"texture":"#0","tintindex":0}}},{"from":[11.228464,7.189471,3.5],"to":[26.228464,14.68947,12.5],"rotation":{"angle":-22.5,"axis":"z","origin":[17.00639,15.096929,8.0]},"faces":{"east":{"uv":[10.125,0.0,9.375,0.625],"rotation":0,"texture":"#0","tintindex":0},"south":{"uv":[8.5,2.125,7.25,2.75],"rotation":0,"texture":"#0","tintindex":0},"north":{"uv":[8.5,1.5,7.25,2.125],"rotation":0,"texture":"#0","tintindex":0},"west":{"uv":[10.0,9.25,9.25,9.875],"rotation":0,"texture":"#0","tintindex":0},"up":{"uv":[6.0,4.75,7.25,4.0],"rotation":0,"texture":"#0","tintindex":0},"down":{"uv":[6.0,4.75,7.25,5.5],"rotation":0,"texture":"#0","tintindex":0}}},{"from":[-16.0,3.4183803,5.0],"to":[-8.5,9.418381,11.0],"rotation":{"angle":-45.0,"axis":"z","origin":[-12.25,6.4183803,8.0]},"faces":{"east":{"uv":[3.75,9.875,4.25,10.375],"rotation":0,"texture":"#0","tintindex":0},"south":{"uv":[9.375,1.75,10.0,2.25],"rotation":0,"texture":"#0","tintindex":0},"north":{"uv":[1.5,9.375,2.125,9.875],"rotation":0,"texture":"#0","tintindex":0},"west":{"uv":[4.25,9.875,4.75,10.375],"rotation":0,"texture":"#0","tintindex":0},"up":{"uv":[2.75,9.875,2.125,9.375],"rotation":0,"texture":"#0","tintindex":0},"down":{"uv":[3.375,9.375,2.75,9.875],"rotation":0,"texture":"#0","tintindex":0}}},{"from":[17.91914,2.4473023,5.0],"to":[25.41914,8.447303,11.0],"rotation":{"angle":45.0,"axis":"z","origin":[22.55112,8.629283,8.0]},"faces":{"east":{"uv":[4.75,9.875,4.25,10.375],"rotation":0,"texture":"#0","tintindex":0},"south":{"uv":[10.0,1.75,9.375,2.25],"rotation":0,"texture":"#0","tintindex":0},"north":{"uv":[2.125,9.375,1.5,9.875],"rotation":0,"texture":"#0","tintindex":0},"west":{"uv":[4.25,9.875,3.75,10.375],"rotation":0,"texture":"#0","tintindex":0},"up":{"uv":[2.125,9.875,2.75,9.375],"rotation":0,"texture":"#0","tintindex":0},"down":{"uv":[2.75,9.375,3.375,9.875],"rotation":0,"texture":"#0","tintindex":0}}},{"from":[18.310844,5.534668,2.0],"to":[30.310844,11.534668,14.0],"rotation":{"angle":22.5,"axis":"z","origin":[39.9896,15.029022,20.0]},"faces":{"east":{"uv":[8.5,2.25,9.5,2.75],"rotation":0,"texture":"#0","tintindex":0},"south":{"uv":[8.875,5.875,9.875,6.375],"rotation":0,"texture":"#0","tintindex":0},"north":{"uv":[1.0,6.5,2.0,7.0],"rotation":0,"texture":"#0","tintindex":0},"west":{"uv":[8.875,6.375,9.875,6.875],"rotation":0,"texture":"#0","tintindex":0},"up":{"uv":[5.0,5.5,4.0,4.5],"rotation":0,"texture":"#0","tintindex":0},"down":{"uv":[6.0,4.5,5.0,5.5],"rotation":0,"texture":"#0","tintindex":0}}}],"display":{"head":{"translation":[-6.117363,-6.4,0.0],"scale":[4.0,4.0,4.0]}}}