{"textures":{"0":"modelengine:entity/dragon_gray"},"elements":[{"from":[-4.9448156,8.0,-15.860329],"to":[32.0,8.0,32.0],"rotation":{"angle":0.0,"axis":"y","origin":[-17.623987,8.0,8.069834]},"faces":{"east":{"uv":[0.0,2.5,0.0,0.0],"rotation":90,"texture":"#0","tintindex":0},"south":{"uv":[0.0,1.9375,0.0,0.0],"rotation":90,"texture":"#0","tintindex":0},"north":{"uv":[0.0,1.9375,0.0,0.0],"rotation":270,"texture":"#0","tintindex":0},"west":{"uv":[0.0,0.0,0.0,2.5],"rotation":90,"texture":"#0","tintindex":0},"up":{"uv":[0.0,3.9375,2.5,2.0],"rotation":90,"texture":"#0","tintindex":0},"down":{"uv":[13.5,1.9375,11.0,0.0],"rotation":90,"texture":"#0","tintindex":0}}},{"from":[-4.9448156,7.9805565,-15.860329],"to":[32.0,7.9805565,32.0],"rotation":{"angle":0.0,"axis":"y","origin":[-1.1663694,7.9805565,8.069834]},"faces":{"east":{"uv":[0.0,2.5,0.0,0.0],"rotation":90,"texture":"#0","tintindex":0},"south":{"uv":[0.0,1.9375,0.0,0.0],"rotation":90,"texture":"#0","tintindex":0},"north":{"uv":[0.0,1.9375,0.0,0.0],"rotation":270,"texture":"#0","tintindex":0},"west":{"uv":[0.0,0.0,0.0,2.5],"rotation":90,"texture":"#0","tintindex":0},"up":{"uv":[11.0,1.9375,13.5,0.0],"rotation":90,"texture":"#0","tintindex":0},"down":{"uv":[2.5,3.9375,0.0,2.0],"rotation":90,"texture":"#0","tintindex":0}}}],"display":{"head":{"translation":[51.769638,-6.4,89.32066],"scale":[4.0,4.0,4.0]}}}