{"textures":{"0":"modelengine:entity/dragon_gray"},"elements":[{"from":[7.484487,8.0,-15.860327],"to":[29.315512,8.0,32.0],"rotation":{"angle":0.0,"axis":"y","origin":[20.323215,-0.5331392,8.069838]},"faces":{"east":{"uv":[0.0,0.0,0.0,2.5],"rotation":270,"texture":"#0","tintindex":0},"south":{"uv":[0.0,1.125,0.0,0.0],"rotation":270,"texture":"#0","tintindex":0},"north":{"uv":[0.0,1.125,0.0,0.0],"rotation":90,"texture":"#0","tintindex":0},"west":{"uv":[0.0,2.5,0.0,0.0],"rotation":270,"texture":"#0","tintindex":0},"up":{"uv":[5.0,5.125,2.5,4.0],"rotation":270,"texture":"#0","tintindex":0},"down":{"uv":[13.5,3.125,16.0,2.0],"rotation":270,"texture":"#0","tintindex":0}}},{"from":[7.484487,7.980556,-15.860327],"to":[29.315512,7.980556,32.0],"rotation":{"angle":0.0,"axis":"y","origin":[33.09396,7.9805565,8.069838]},"faces":{"east":{"uv":[0.0,0.0,0.0,2.5],"rotation":270,"texture":"#0","tintindex":0},"south":{"uv":[0.0,1.125,0.0,0.0],"rotation":270,"texture":"#0","tintindex":0},"north":{"uv":[0.0,1.125,0.0,0.0],"rotation":90,"texture":"#0","tintindex":0},"west":{"uv":[0.0,2.5,0.0,0.0],"rotation":270,"texture":"#0","tintindex":0},"up":{"uv":[16.0,3.125,13.5,2.0],"rotation":270,"texture":"#0","tintindex":0},"down":{"uv":[2.5,5.125,5.0,4.0],"rotation":270,"texture":"#0","tintindex":0}}}],"display":{"head":{"translation":[0.0,-6.4,74.920654],"scale":[4.0,4.0,4.0]}}}