{"textures":{"0":"modelengine:entity/dragon_gray"},"elements":[{"from":[-3.7934408,6.958251,10.154855],"to":[5.022936,12.164111,19.13916],"rotation":{"angle":-45.0,"axis":"x","origin":[0.6147475,3.4317002,13.093647]},"faces":{"east":{"uv":[6.75,4.875,7.1875,5.125],"rotation":0,"texture":"#0","tintindex":0},"south":{"uv":[6.875,2.875,7.3125,3.125],"rotation":0,"texture":"#0","tintindex":0},"north":{"uv":[6.75,4.625,7.1875,4.875],"rotation":0,"texture":"#0","tintindex":0},"west":{"uv":[1.625,7.0,2.0625,7.25],"rotation":0,"texture":"#0","tintindex":0},"up":{"uv":[3.9375,6.1875,3.5,5.75],"rotation":0,"texture":"#0","tintindex":0},"down":{"uv":[4.4375,5.75,4.0,6.1875],"rotation":0,"texture":"#0","tintindex":0}}},{"from":[-3.8774061,4.3721366,4.484051],"to":[5.106901,14.112133,9.438015],"rotation":{"angle":22.5,"axis":"x","origin":[0.6147475,9.452048,9.8578415]},"faces":{"east":{"uv":[2.125,6.5,2.375,7.0],"rotation":0,"texture":"#0","tintindex":0},"south":{"uv":[0.5,5.625,0.9375,6.125],"rotation":0,"texture":"#0","tintindex":0},"north":{"uv":[0.0,5.625,0.4375,6.125],"rotation":0,"texture":"#0","tintindex":0},"west":{"uv":[0.875,6.625,1.125,7.125],"rotation":0,"texture":"#0","tintindex":0},"up":{"uv":[2.5625,7.25,2.125,7.0],"rotation":0,"texture":"#0","tintindex":0},"down":{"uv":[3.0625,7.0,2.625,7.25],"rotation":0,"texture":"#0","tintindex":0}}},{"from":[-4.0999136,7.94203,-8.657536],"to":[5.3294096,15.8624935,6.7623057],"rotation":{"angle":0.0,"axis":"y","origin":[0.6147475,9.970901,-0.95940876]},"faces":{"east":{"uv":[0.0,5.125,0.8125,5.5625],"rotation":0,"texture":"#0","tintindex":0},"south":{"uv":[5.5,4.0,6.0,4.4375],"rotation":0,"texture":"#0","tintindex":0},"north":{"uv":[5.5,3.5,6.0,3.9375],"rotation":0,"texture":"#0","tintindex":0},"west":{"uv":[0.875,5.125,1.6875,5.5625],"rotation":0,"texture":"#0","tintindex":0},"up":{"uv":[5.5,3.0625,5.0,2.25],"rotation":0,"texture":"#0","tintindex":0},"down":{"uv":[5.5,3.125,5.0,3.9375],"rotation":0,"texture":"#0","tintindex":0}}},{"from":[-3.8900003,13.144325,-8.423082],"to":[5.1194963,17.538239,5.7372766],"rotation":{"angle":22.5,"axis":"x","origin":[0.6147475,14.921453,-1.9726439]},"faces":{"east":{"uv":[5.75,5.5,6.5,5.75],"rotation":0,"texture":"#0","tintindex":0},"south":{"uv":[6.5,5.5,7.0,5.75],"rotation":0,"texture":"#0","tintindex":0},"north":{"uv":[3.375,6.5,3.875,6.75],"rotation":0,"texture":"#0","tintindex":0},"west":{"uv":[5.75,5.75,6.5,6.0],"rotation":0,"texture":"#0","tintindex":0},"up":{"uv":[5.5,4.75,5.0,4.0],"rotation":0,"texture":"#0","tintindex":0},"down":{"uv":[5.5,4.75,5.0,5.5],"rotation":0,"texture":"#0","tintindex":0}}},{"from":[-3.0616808,10.299986,-16.0],"to":[4.291177,22.061913,-6.999153],"rotation":{"angle":-22.5,"axis":"x","origin":[0.6147475,27.799715,-6.276371]},"faces":{"east":{"uv":[1.75,5.125,2.25,5.75],"rotation":0,"texture":"#0","tintindex":0},"south":{"uv":[5.5,2.875,5.875,3.5],"rotation":0,"texture":"#0","tintindex":0},"north":{"uv":[5.5,2.25,5.875,2.875],"rotation":0,"texture":"#0","tintindex":0},"west":{"uv":[2.25,5.125,2.75,5.75],"rotation":0,"texture":"#0","tintindex":0},"up":{"uv":[6.25,2.75,5.875,2.25],"rotation":0,"texture":"#0","tintindex":0},"down":{"uv":[6.25,2.75,5.875,3.25],"rotation":0,"texture":"#0","tintindex":0}}},{"from":[-1.0645618,17.51791,-4.0458117],"to":[-1.0645618,23.570185,7.289529],"rotation":{"angle":22.5,"axis":"x","origin":[-1.0645618,21.383701,-1.27495]},"faces":{"east":{"uv":[6.0,5.125,6.5625,5.4375],"rotation":0,"texture":"#0","tintindex":0},"south":{"uv":[0.0,0.0,0.0,0.3125],"rotation":0,"texture":"#0","tintindex":0},"north":{"uv":[0.0,0.0,0.0,0.3125],"rotation":0,"texture":"#0","tintindex":0},"west":{"uv":[0.0,6.125,0.5625,6.4375],"rotation":0,"texture":"#0","tintindex":0},"up":{"uv":[0.0,0.5625,0.0,0.0],"rotation":0,"texture":"#0","tintindex":0},"down":{"uv":[0.0,0.0,0.0,0.5625],"rotation":0,"texture":"#0","tintindex":0}}},{"from":[2.2940574,17.51791,-4.0458117],"to":[2.2940574,23.570185,7.289529],"rotation":{"angle":22.5,"axis":"x","origin":[2.2940574,21.383701,-1.27495]},"faces":{"east":{"uv":[6.25,2.25,6.8125,2.5625],"rotation":0,"texture":"#0","tintindex":0},"south":{"uv":[0.0,0.0,0.0,0.3125],"rotation":0,"texture":"#0","tintindex":0},"north":{"uv":[0.0,0.0,0.0,0.3125],"rotation":0,"texture":"#0","tintindex":0},"west":{"uv":[2.5,6.25,3.0625,6.5625],"rotation":0,"texture":"#0","tintindex":0},"up":{"uv":[0.0,0.5625,0.0,0.0],"rotation":0,"texture":"#0","tintindex":0},"down":{"uv":[0.0,0.0,0.0,0.5625],"rotation":0,"texture":"#0","tintindex":0}}},{"from":[-4.0734653,5.179845,-3.152608],"to":[5.3029604,8.67113,5.205317],"rotation":{"angle":-22.5,"axis":"x","origin":[0.6147475,10.474693,-0.95940876]},"faces":{"east":{"uv":[7.5,0.5,7.9375,0.6875],"rotation":0,"texture":"#0","tintindex":0},"south":{"uv":[7.125,4.25,7.625,4.4375],"rotation":0,"texture":"#0","tintindex":0},"north":{"uv":[7.125,2.625,7.625,2.8125],"rotation":0,"texture":"#0","tintindex":0},"west":{"uv":[7.5,0.75,7.9375,0.9375],"rotation":0,"texture":"#0","tintindex":0},"up":{"uv":[6.0,4.9375,5.5,4.5],"rotation":0,"texture":"#0","tintindex":0},"down":{"uv":[5.25,5.5,4.75,5.9375],"rotation":0,"texture":"#0","tintindex":0}}},{"from":[-4.047015,5.179845,-7.124136],"to":[5.276511,8.67113,1.2337885],"rotation":{"angle":22.5,"axis":"x","origin":[0.6147475,10.474693,-0.95940876]},"faces":{"east":{"uv":[7.5,1.0,7.9375,1.1875],"rotation":0,"texture":"#0","tintindex":0},"south":{"uv":[2.125,7.25,2.625,7.4375],"rotation":0,"texture":"#0","tintindex":0},"north":{"uv":[1.625,7.25,2.125,7.4375],"rotation":0,"texture":"#0","tintindex":0},"west":{"uv":[7.5,1.25,7.9375,1.4375],"rotation":0,"texture":"#0","tintindex":0},"up":{"uv":[6.0,5.4375,5.5,5.0],"rotation":0,"texture":"#0","tintindex":0},"down":{"uv":[5.75,5.5,5.25,5.9375],"rotation":0,"texture":"#0","tintindex":0}}}],"display":{"head":{"translation":[0.0,-6.4,-10.613441],"scale":[4.0,4.0,4.0]}}}