{"textures":{"0":"modelengine:entity/dragon_gray"},"elements":[{"from":[6.980419,7.0606875,3.6152782],"to":[9.019581,9.416519,8.470882],"rotation":{"angle":0.0,"axis":"y","origin":[7.0495644,23.627743,9.6527405]},"faces":{"east":{"uv":[8.375,0.875,8.5625,0.9375],"rotation":0,"texture":"#0","tintindex":0},"south":{"uv":[8.5,7.875,8.5625,7.9375],"rotation":0,"texture":"#0","tintindex":0},"north":{"uv":[7.875,8.5,7.9375,8.5625],"rotation":0,"texture":"#0","tintindex":0},"west":{"uv":[8.375,1.0,8.5625,1.0625],"rotation":0,"texture":"#0","tintindex":0},"up":{"uv":[8.4375,1.3125,8.375,1.125],"rotation":0,"texture":"#0","tintindex":0},"down":{"uv":[8.4375,1.375,8.375,1.5625],"rotation":0,"texture":"#0","tintindex":0}}},{"from":[7.191532,10.820768,-5.101475],"to":[8.808468,12.648817,-1.0903234],"rotation":{"angle":-22.5,"axis":"x","origin":[7.0495644,23.627743,9.6527405]},"faces":{"east":{"uv":[8.5,1.25,8.625,1.3125],"rotation":0,"texture":"#0","tintindex":0},"south":{"uv":[8.5,8.0,8.5625,8.0625],"rotation":0,"texture":"#0","tintindex":0},"north":{"uv":[8.0,8.5,8.0625,8.5625],"rotation":0,"texture":"#0","tintindex":0},"west":{"uv":[8.5,1.375,8.625,1.4375],"rotation":0,"texture":"#0","tintindex":0},"up":{"uv":[8.5625,1.625,8.5,1.5],"rotation":0,"texture":"#0","tintindex":0},"down":{"uv":[8.5625,1.875,8.5,2.0],"rotation":0,"texture":"#0","tintindex":0}}}],"display":{"head":{"translation":[0.0,-6.4,0.0],"scale":[4.0,4.0,4.0]}}}