{"textures":{"0":"modelengine:entity/dragon_gray"},"elements":[{"from":[8.217871,6.8834524,1.9690204],"to":[10.496935,9.119333,6.8246245],"rotation":{"angle":-22.5,"axis":"y","origin":[6.0251226,23.450508,3.2579904]},"faces":{"east":{"uv":[2.9375,8.375,2.75,8.4375],"rotation":0,"texture":"#0","tintindex":0},"south":{"uv":[0.1875,8.625,0.125,8.6875],"rotation":0,"texture":"#0","tintindex":0},"north":{"uv":[8.6875,0.0,8.625,0.0625],"rotation":0,"texture":"#0","tintindex":0},"west":{"uv":[2.6875,8.375,2.5,8.4375],"rotation":0,"texture":"#0","tintindex":0},"up":{"uv":[8.375,2.9375,8.4375,2.75],"rotation":0,"texture":"#0","tintindex":0},"down":{"uv":[3.0,8.375,3.0625,8.5625],"rotation":0,"texture":"#0","tintindex":0}}},{"from":[8.428985,7.144558,-1.2742596],"to":[10.285821,8.852656,2.7368917],"rotation":{"angle":-22.5,"axis":"y","origin":[6.0251226,23.450508,3.2579904]},"faces":{"east":{"uv":[3.0,8.5,2.875,8.5625],"rotation":0,"texture":"#0","tintindex":0},"south":{"uv":[0.3125,8.625,0.25,8.6875],"rotation":0,"texture":"#0","tintindex":0},"north":{"uv":[8.6875,0.125,8.625,0.1875],"rotation":0,"texture":"#0","tintindex":0},"west":{"uv":[8.625,2.75,8.5,2.8125],"rotation":0,"texture":"#0","tintindex":0},"up":{"uv":[8.5,3.0,8.5625,2.875],"rotation":0,"texture":"#0","tintindex":0},"down":{"uv":[8.5,3.0,8.5625,3.125],"rotation":0,"texture":"#0","tintindex":0}}}],"display":{"head":{"translation":[0.0,-6.4,0.0],"scale":[4.0,4.0,4.0]}}}