{"textures":{"0":"modelengine:entity/dragon_gray"},"elements":[{"from":[5.5003033,3.0556946,3.634996],"to":[12.697345,5.574659,11.371816],"rotation":{"angle":0.0,"axis":"y","origin":[7.8485117,19.430323,5.5507884]},"faces":{"east":{"uv":[8.25,2.25,8.5625,2.3125],"rotation":0,"texture":"#0","tintindex":0},"south":{"uv":[8.25,6.5,8.5,6.5625],"rotation":0,"texture":"#0","tintindex":0},"north":{"uv":[8.25,6.375,8.5,6.4375],"rotation":0,"texture":"#0","tintindex":0},"west":{"uv":[8.25,2.375,8.5625,2.4375],"rotation":0,"texture":"#0","tintindex":0},"up":{"uv":[7.875,4.5625,7.625,4.25],"rotation":0,"texture":"#0","tintindex":0},"down":{"uv":[4.625,7.625,4.375,7.9375],"rotation":0,"texture":"#0","tintindex":0}}},{"from":[6.1000566,3.0556946,4.9544535],"to":[12.097591,8.213574,11.011964],"rotation":{"angle":0.0,"axis":"y","origin":[7.8485117,19.430323,5.5507884]},"faces":{"east":{"uv":[6.375,8.0,6.625,8.1875],"rotation":0,"texture":"#0","tintindex":0},"south":{"uv":[6.625,8.0,6.875,8.1875],"rotation":0,"texture":"#0","tintindex":0},"north":{"uv":[8.0,6.125,8.25,6.3125],"rotation":0,"texture":"#0","tintindex":0},"west":{"uv":[8.0,7.0,8.25,7.1875],"rotation":0,"texture":"#0","tintindex":0},"up":{"uv":[8.125,2.0,7.875,1.75],"rotation":0,"texture":"#0","tintindex":0},"down":{"uv":[8.125,2.0,7.875,2.25],"rotation":0,"texture":"#0","tintindex":0}}}],"display":{"head":{"translation":[0.0,-6.4,0.0],"scale":[4.0,4.0,4.0]}}}