{"textures":{"0":"modelengine:entity/dragon_gray"},"elements":[{"from":[4.6972666,4.090146,3.9667473],"to":[11.294555,6.579123,10.144208],"rotation":{"angle":-45.0,"axis":"x","origin":[7.9959106,3.295473,5.5860815]},"faces":{"east":{"uv":[4.0,8.25,3.75,8.3125],"rotation":0,"texture":"#0","tintindex":0},"south":{"uv":[8.5,3.625,8.25,3.6875],"rotation":0,"texture":"#0","tintindex":0},"north":{"uv":[3.75,8.25,3.5,8.3125],"rotation":0,"texture":"#0","tintindex":0},"west":{"uv":[8.5,3.5,8.25,3.5625],"rotation":0,"texture":"#0","tintindex":0},"up":{"uv":[2.125,8.0,2.375,7.75],"rotation":0,"texture":"#0","tintindex":0},"down":{"uv":[2.375,7.75,2.625,8.0],"rotation":0,"texture":"#0","tintindex":0}}},{"from":[4.5173407,5.3715644,7.222358],"to":[11.474481,8.310356,9.711335],"rotation":{"angle":-22.5,"axis":"x","origin":[7.9959106,5.7763977,5.183196]},"faces":{"east":{"uv":[8.4375,7.5,8.375,7.625],"rotation":0,"texture":"#0","tintindex":0},"south":{"uv":[8.375,4.25,8.125,4.375],"rotation":0,"texture":"#0","tintindex":0},"north":{"uv":[3.375,8.125,3.125,8.25],"rotation":0,"texture":"#0","tintindex":0},"west":{"uv":[8.4375,7.375,8.375,7.5],"rotation":0,"texture":"#0","tintindex":0},"up":{"uv":[8.25,3.8125,8.5,3.75],"rotation":0,"texture":"#0","tintindex":0},"down":{"uv":[8.25,3.875,8.5,3.9375],"rotation":0,"texture":"#0","tintindex":0}}}],"display":{"head":{"translation":[0.0,-6.4,0.0],"scale":[4.0,4.0,4.0]}}}