{"textures":{"0":"modelengine:entity/dragon_gray"},"elements":[{"from":[6.745516,5.2265635,5.665726],"to":[9.234492,7.835491,8.964371],"rotation":{"angle":-22.5,"axis":"x","origin":[8.004998,6.42607,3.9864163]},"faces":{"east":{"uv":[3.0,7.375,3.125,7.5],"rotation":0,"texture":"#0","tintindex":0},"south":{"uv":[5.75,8.375,5.8125,8.5],"rotation":0,"texture":"#0","tintindex":0},"north":{"uv":[8.375,5.625,8.4375,5.75],"rotation":0,"texture":"#0","tintindex":0},"west":{"uv":[6.625,7.375,6.75,7.5],"rotation":0,"texture":"#0","tintindex":0},"up":{"uv":[8.4375,5.875,8.375,5.75],"rotation":0,"texture":"#0","tintindex":0},"down":{"uv":[5.9375,8.375,5.875,8.5],"rotation":0,"texture":"#0","tintindex":0}}},{"from":[6.805491,5.9605145,2.6982841],"to":[9.204505,8.359529,5.9969277],"rotation":{"angle":0.0,"axis":"y","origin":[10.404012,5.9605145,2.6982841]},"faces":{"east":{"uv":[8.375,5.25,8.5,5.3125],"rotation":0,"texture":"#0","tintindex":0},"south":{"uv":[8.5,4.625,8.5625,4.6875],"rotation":0,"texture":"#0","tintindex":0},"north":{"uv":[4.625,8.5,4.6875,8.5625],"rotation":0,"texture":"#0","tintindex":0},"west":{"uv":[5.375,8.375,5.5,8.4375],"rotation":0,"texture":"#0","tintindex":0},"up":{"uv":[8.4375,5.5,8.375,5.375],"rotation":0,"texture":"#0","tintindex":0},"down":{"uv":[8.4375,5.5,8.375,5.625],"rotation":0,"texture":"#0","tintindex":0}}},{"from":[6.9254417,6.9201202,1.2588754],"to":[9.084555,8.71938,3.6578894],"rotation":{"angle":-22.5,"axis":"x","origin":[8.004998,7.160022,4.4975443]},"faces":{"east":{"uv":[8.5,4.75,8.5625,4.8125],"rotation":0,"texture":"#0","tintindex":0},"south":{"uv":[4.875,8.5,4.9375,8.5625],"rotation":0,"texture":"#0","tintindex":0},"north":{"uv":[4.75,8.5,4.8125,8.5625],"rotation":0,"texture":"#0","tintindex":0},"west":{"uv":[8.5,4.875,8.5625,4.9375],"rotation":0,"texture":"#0","tintindex":0},"up":{"uv":[5.0625,8.5625,5.0,8.5],"rotation":0,"texture":"#0","tintindex":0},"down":{"uv":[8.5625,5.0,8.5,5.0625],"rotation":0,"texture":"#0","tintindex":0}}}],"display":{"head":{"translation":[0.0,-6.4,0.0],"scale":[4.0,4.0,4.0]}}}