{"textures":{"0":"modelengine:entity/dragon_gray"},"elements":[{"from":[5.297361,1.7892199,5.736711],"to":[10.695143,5.837556,18.39151],"rotation":{"angle":22.5,"axis":"x","origin":[7.9962516,1.1144967,17.10204]},"faces":{"east":{"uv":[8.4375,0.125,8.0,0.25],"rotation":0,"texture":"#0","tintindex":0},"south":{"uv":[8.4375,0.75,8.25,0.875],"rotation":0,"texture":"#0","tintindex":0},"north":{"uv":[8.4375,0.625,8.25,0.75],"rotation":0,"texture":"#0","tintindex":0},"west":{"uv":[8.4375,0.0,8.0,0.125],"rotation":0,"texture":"#0","tintindex":0},"up":{"uv":[0.25,7.9375,0.4375,7.5],"rotation":0,"texture":"#0","tintindex":0},"down":{"uv":[0.5,7.5,0.6875,7.9375],"rotation":0,"texture":"#0","tintindex":0}}}],"display":{"head":{"translation":[0.0,-6.4,0.0],"scale":[4.0,4.0,4.0]}}}