{"textures":{"0":"modelengine:entity/dragon_gray"},"elements":[{"from":[6.368194,-3.4423456,4.30811],"to":[11.466099,13.110851,9.765867],"rotation":{"angle":22.5,"axis":"x","origin":[7.756797,7.180874,0.3788371]},"faces":{"east":{"uv":[4.25,6.875,4.4375,7.5],"rotation":0,"texture":"#0","tintindex":0},"south":{"uv":[1.125,7.0,1.3125,7.625],"rotation":0,"texture":"#0","tintindex":0},"north":{"uv":[4.0,6.875,4.1875,7.5],"rotation":0,"texture":"#0","tintindex":0},"west":{"uv":[1.375,7.0,1.5625,7.625],"rotation":0,"texture":"#0","tintindex":0},"up":{"uv":[8.3125,2.1875,8.125,2.0],"rotation":0,"texture":"#0","tintindex":0},"down":{"uv":[8.3125,2.75,8.125,2.9375],"rotation":0,"texture":"#0","tintindex":0}}}],"display":{"head":{"translation":[0.0,-6.4,0.0],"scale":[4.0,4.0,4.0]}}}