{"textures":{"0":"modelengine:entity/dragon_gray"},"elements":[{"from":[8.0,5.181226,-3.5046377],"to":[8.0,13.517799,7.0510225],"rotation":{"angle":45.0,"axis":"x","origin":[8.0,10.069217,7.290924]},"faces":{"east":{"uv":[6.75,3.875,7.125,4.1875],"rotation":0,"texture":"#0","tintindex":0},"south":{"uv":[0.0,0.0,0.0,0.3125],"rotation":0,"texture":"#0","tintindex":0},"north":{"uv":[0.0,0.0,0.0,0.3125],"rotation":0,"texture":"#0","tintindex":0},"west":{"uv":[6.75,4.25,7.125,4.5625],"rotation":0,"texture":"#0","tintindex":0},"up":{"uv":[0.0,0.375,0.0,0.0],"rotation":0,"texture":"#0","tintindex":0},"down":{"uv":[0.0,0.0,0.0,0.375],"rotation":0,"texture":"#0","tintindex":0}}},{"from":[7.4002466,8.779746,3.6924028],"to":[8.599753,9.919278,9.450037],"rotation":{"angle":45.0,"axis":"x","origin":[8.0,10.069217,7.290924]},"faces":{"east":{"uv":[6.625,8.25,6.8125,8.3125],"rotation":0,"texture":"#0","tintindex":0},"south":{"uv":[8.5,6.25,8.5625,6.3125],"rotation":0,"texture":"#0","tintindex":0},"north":{"uv":[6.25,8.5,6.3125,8.5625],"rotation":0,"texture":"#0","tintindex":0},"west":{"uv":[8.25,6.625,8.4375,6.6875],"rotation":0,"texture":"#0","tintindex":0},"up":{"uv":[7.0625,8.4375,7.0,8.25],"rotation":0,"texture":"#0","tintindex":0},"down":{"uv":[8.3125,7.0,8.25,7.1875],"rotation":0,"texture":"#0","tintindex":0}}}],"display":{"head":{"translation":[0.0,-6.4,0.0],"scale":[4.0,4.0,4.0]}}}