{"textures":{"0":"modelengine:entity/dragon_gray"},"elements":[{"from":[4.1016026,4.249213,-4.889223],"to":[11.898397,8.327537,11.304121],"rotation":{"angle":0.0,"axis":"y","origin":[8.0,16.503893,9.887711]},"faces":{"east":{"uv":[7.5,5.5,8.0625,5.625],"rotation":0,"texture":"#0","tintindex":0},"south":{"uv":[7.375,8.0,7.6875,8.125],"rotation":0,"texture":"#0","tintindex":0},"north":{"uv":[8.0,7.25,8.3125,7.375],"rotation":0,"texture":"#0","tintindex":0},"west":{"uv":[7.625,3.125,8.1875,3.25],"rotation":0,"texture":"#0","tintindex":0},"up":{"uv":[5.1875,6.5625,4.875,6.0],"rotation":0,"texture":"#0","tintindex":0},"down":{"uv":[5.5625,6.0,5.25,6.5625],"rotation":0,"texture":"#0","tintindex":0}}}],"display":{"head":{"translation":[0.0,-6.4,0.0],"scale":[4.0,4.0,4.0]}}}