{"textures":{"0":"modelengine:entity/dragon_gray"},"elements":[{"from":[-4.9448137,3.267633,-15.930162],"to":[32.0,3.267633,31.930162],"rotation":{"angle":22.5,"axis":"z","origin":[-17.623985,3.267633,8.0]},"faces":{"east":{"uv":[0.0,2.5,0.0,0.0],"rotation":90,"texture":"#0","tintindex":0},"south":{"uv":[0.0,1.9375,0.0,0.0],"rotation":90,"texture":"#0","tintindex":0},"north":{"uv":[0.0,1.9375,0.0,0.0],"rotation":270,"texture":"#0","tintindex":0},"west":{"uv":[0.0,0.0,0.0,2.5],"rotation":90,"texture":"#0","tintindex":0},"up":{"uv":[0.0,3.9375,2.5,2.0],"rotation":90,"texture":"#0","tintindex":0},"down":{"uv":[2.5,3.9375,0.0,2.0],"rotation":90,"texture":"#0","tintindex":0}}}],"display":{"head":{"translation":[55.668564,-6.4,0.0],"scale":[4.0,4.0,4.0]}}}