{"textures":{"0":"modelengine:entity/dragon_gray"},"elements":[{"from":[6.980419,7.0606875,3.2729535],"to":[9.019581,9.416519,8.128557],"rotation":{"angle":0.0,"axis":"y","origin":[5.8892937,23.627743,9.310415]},"faces":{"east":{"uv":[8.5625,2.125,8.375,2.1875],"rotation":0,"texture":"#0","tintindex":0},"south":{"uv":[0.0625,8.625,0.0,8.6875],"rotation":0,"texture":"#0","tintindex":0},"north":{"uv":[8.5625,8.5,8.5,8.5625],"rotation":0,"texture":"#0","tintindex":0},"west":{"uv":[2.1875,8.375,2.0,8.4375],"rotation":0,"texture":"#0","tintindex":0},"up":{"uv":[2.25,8.5625,2.3125,8.375],"rotation":0,"texture":"#0","tintindex":0},"down":{"uv":[2.375,8.375,2.4375,8.5625],"rotation":0,"texture":"#0","tintindex":0}}},{"from":[7.191532,10.820768,-5.4438],"to":[8.808468,12.648817,-1.4326477],"rotation":{"angle":-22.5,"axis":"x","origin":[5.8892937,23.627743,9.310415]},"faces":{"east":{"uv":[2.75,8.5,2.625,8.5625],"rotation":0,"texture":"#0","tintindex":0},"south":{"uv":[8.5625,8.375,8.5,8.4375],"rotation":0,"texture":"#0","tintindex":0},"north":{"uv":[8.4375,8.5,8.375,8.5625],"rotation":0,"texture":"#0","tintindex":0},"west":{"uv":[8.625,2.5,8.5,2.5625],"rotation":0,"texture":"#0","tintindex":0},"up":{"uv":[8.5,2.75,8.5625,2.625],"rotation":0,"texture":"#0","tintindex":0},"down":{"uv":[2.75,8.5,2.8125,8.625],"rotation":0,"texture":"#0","tintindex":0}}}],"display":{"head":{"translation":[0.0,-6.4,0.0],"scale":[4.0,4.0,4.0]}}}