{"textures":{"0":"modelengine:entity/dragon_gray"},"elements":[{"from":[6.554904,6.2893267,1.8700242],"to":[9.433721,9.887848,8.947116],"rotation":{"angle":-22.5,"axis":"y","origin":[7.6944356,8.95823,7.627658]},"faces":{"east":{"uv":[8.125,5.5,8.375,5.625],"rotation":0,"texture":"#0","tintindex":0},"south":{"uv":[4.0,8.25,4.125,8.375],"rotation":0,"texture":"#0","tintindex":0},"north":{"uv":[7.375,7.875,7.5,8.0],"rotation":0,"texture":"#0","tintindex":0},"west":{"uv":[7.0,8.125,7.25,8.25],"rotation":0,"texture":"#0","tintindex":0},"up":{"uv":[6.0,3.5,5.875,3.25],"rotation":0,"texture":"#0","tintindex":0},"down":{"uv":[1.0,6.125,0.875,6.375],"rotation":0,"texture":"#0","tintindex":0}}},{"from":[8.954509,9.048193,2.2522426],"to":[8.954509,16.485136,8.249778],"rotation":{"angle":-22.5,"axis":"y","origin":[8.954509,12.826639,5.2510104]},"faces":{"east":{"uv":[7.75,6.125,8.0,6.375],"rotation":0,"texture":"#0","tintindex":0},"south":{"uv":[0.0,0.0,0.0,0.25],"rotation":0,"texture":"#0","tintindex":0},"north":{"uv":[0.0,0.0,0.0,0.25],"rotation":0,"texture":"#0","tintindex":0},"west":{"uv":[6.5,7.75,6.75,8.0],"rotation":0,"texture":"#0","tintindex":0},"up":{"uv":[0.0,0.25,0.0,0.0],"rotation":0,"texture":"#0","tintindex":0},"down":{"uv":[0.0,0.0,0.0,0.25],"rotation":0,"texture":"#0","tintindex":0}}}],"display":{"head":{"translation":[0.0,-6.4,0.0],"scale":[4.0,4.0,4.0]}}}