{"textures":{"0":"modelengine:entity/dragon_gray"},"elements":[{"from":[6.8022857,6.8326077,1.6027002],"to":[9.2013,9.891351,8.6797905],"rotation":{"angle":0.0,"axis":"y","origin":[7.462014,9.38156,5.1412454]},"faces":{"east":{"uv":[7.25,8.125,7.5,8.25],"rotation":0,"texture":"#0","tintindex":0},"south":{"uv":[7.75,8.375,7.8125,8.5],"rotation":0,"texture":"#0","tintindex":0},"north":{"uv":[7.625,8.375,7.6875,8.5],"rotation":0,"texture":"#0","tintindex":0},"west":{"uv":[7.5,8.125,7.75,8.25],"rotation":0,"texture":"#0","tintindex":0},"up":{"uv":[8.3125,4.25,8.25,4.0],"rotation":0,"texture":"#0","tintindex":0},"down":{"uv":[4.1875,8.25,4.125,8.5],"rotation":0,"texture":"#0","tintindex":0}}},{"from":[7.9928303,9.231622,-2.502225],"to":[7.9928303,16.428663,7.933486],"rotation":{"angle":0.0,"axis":"y","origin":[6.913274,13.2499695,4.934718]},"faces":{"east":{"uv":[6.25,7.375,6.625,7.625],"rotation":0,"texture":"#0","tintindex":0},"south":{"uv":[0.0,0.0,0.0,0.25],"rotation":0,"texture":"#0","tintindex":0},"north":{"uv":[0.0,0.0,0.0,0.25],"rotation":0,"texture":"#0","tintindex":0},"west":{"uv":[7.375,6.25,7.75,6.5],"rotation":0,"texture":"#0","tintindex":0},"up":{"uv":[0.0,0.375,0.0,0.0],"rotation":0,"texture":"#0","tintindex":0},"down":{"uv":[0.0,0.0,0.0,0.375],"rotation":0,"texture":"#0","tintindex":0}}}],"display":{"head":{"translation":[0.0,-6.4,0.0],"scale":[4.0,4.0,4.0]}}}