{"textures":{"0":"modelengine:entity/dragon_gray"},"elements":[{"from":[1.9743819,-8.319044,7.1642685],"to":[13.969451,8.474053,18.679535],"rotation":{"angle":-22.5,"axis":"x","origin":[7.971916,-5.9200306,7.8839726]},"faces":{"east":{"uv":[3.25,5.125,3.6875,5.75],"rotation":0,"texture":"#0","tintindex":0},"south":{"uv":[3.75,5.125,4.1875,5.75],"rotation":0,"texture":"#0","tintindex":0},"north":{"uv":[2.75,5.125,3.1875,5.75],"rotation":0,"texture":"#0","tintindex":0},"west":{"uv":[4.25,5.125,4.6875,5.75],"rotation":0,"texture":"#0","tintindex":0},"up":{"uv":[2.9375,6.1875,2.5,5.75],"rotation":0,"texture":"#0","tintindex":0},"down":{"uv":[3.4375,5.75,3.0,6.1875],"rotation":0,"texture":"#0","tintindex":0}}}],"display":{"head":{"translation":[0.0,-6.4,0.0],"scale":[4.0,4.0,4.0]}}}