{"textures":{"0":"modelengine:entity/dragon_gray"},"elements":[{"from":[6.3768954,5.7292976,4.7612457],"to":[13.813839,10.527326,8.95952],"rotation":{"angle":22.5,"axis":"y","origin":[10.095367,8.638103,6.3805804]},"faces":{"east":{"uv":[0.5,6.5,0.625,6.6875],"rotation":0,"texture":"#0","tintindex":0},"south":{"uv":[2.875,8.0,3.125,8.1875],"rotation":0,"texture":"#0","tintindex":0},"north":{"uv":[2.625,8.0,2.875,8.1875],"rotation":0,"texture":"#0","tintindex":0},"west":{"uv":[3.875,6.5,4.0,6.6875],"rotation":0,"texture":"#0","tintindex":0},"up":{"uv":[8.375,4.5,8.125,4.375],"rotation":0,"texture":"#0","tintindex":0},"down":{"uv":[8.375,4.5,8.125,4.625],"rotation":0,"texture":"#0","tintindex":0}}},{"from":[8.084372,9.807621,7.4564524],"to":[14.081907,16.884712,7.4564524],"rotation":{"angle":22.5,"axis":"y","origin":[8.417669,14.095859,7.634614]},"faces":{"east":{"uv":[0.0,0.0,0.0,0.25],"rotation":0,"texture":"#0","tintindex":0},"south":{"uv":[4.125,7.75,4.375,8.0],"rotation":0,"texture":"#0","tintindex":0},"north":{"uv":[7.75,4.0,8.0,4.25],"rotation":0,"texture":"#0","tintindex":0},"west":{"uv":[0.0,0.0,0.0,0.25],"rotation":0,"texture":"#0","tintindex":0},"up":{"uv":[0.25,0.0,0.0,0.0],"rotation":0,"texture":"#0","tintindex":0},"down":{"uv":[0.25,0.0,0.0,0.0],"rotation":0,"texture":"#0","tintindex":0}}}],"display":{"head":{"translation":[0.0,-6.4,0.0],"scale":[4.0,4.0,4.0]}}}