{"textures":{"0":"modelengine:entity/dragon_gray"},"elements":[{"from":[7.2975197,5.5380473,6.256799],"to":[14.734463,10.995804,11.41468],"rotation":{"angle":0.0,"axis":"y","origin":[11.015991,8.566803,8.535863]},"faces":{"east":{"uv":[8.0,7.625,8.1875,7.8125],"rotation":0,"texture":"#0","tintindex":0},"south":{"uv":[8.0,2.25,8.25,2.4375],"rotation":0,"texture":"#0","tintindex":0},"north":{"uv":[2.125,8.0,2.375,8.1875],"rotation":0,"texture":"#0","tintindex":0},"west":{"uv":[7.75,8.0,7.9375,8.1875],"rotation":0,"texture":"#0","tintindex":0},"up":{"uv":[2.625,8.1875,2.375,8.0],"rotation":0,"texture":"#0","tintindex":0},"down":{"uv":[8.25,2.5,8.0,2.6875],"rotation":0,"texture":"#0","tintindex":0}}},{"from":[8.738287,10.456026,8.706873],"to":[14.615871,17.533117,8.706873],"rotation":{"angle":0.0,"axis":"y","origin":[15.215878,14.024559,8.770315]},"faces":{"east":{"uv":[0.0,0.0,0.0,0.25],"rotation":0,"texture":"#0","tintindex":0},"south":{"uv":[8.0,3.75,8.1875,4.0],"rotation":0,"texture":"#0","tintindex":0},"north":{"uv":[3.75,8.0,3.9375,8.25],"rotation":0,"texture":"#0","tintindex":0},"west":{"uv":[0.0,0.0,0.0,0.25],"rotation":0,"texture":"#0","tintindex":0},"up":{"uv":[0.1875,0.0,0.0,0.0],"rotation":0,"texture":"#0","tintindex":0},"down":{"uv":[0.1875,0.0,0.0,0.0],"rotation":0,"texture":"#0","tintindex":0}}}],"display":{"head":{"translation":[0.0,-6.4,0.0],"scale":[4.0,4.0,4.0]}}}