{"textures":{"0":"modelengine:entity/dragon_gray"},"elements":[{"from":[6.765507,4.456332,5.4945636],"to":[9.254484,7.06526,8.793208],"rotation":{"angle":-22.5,"axis":"x","origin":[7.9950023,5.655839,3.8152542]},"faces":{"east":{"uv":[4.0,7.625,3.875,7.75],"rotation":0,"texture":"#0","tintindex":0},"south":{"uv":[6.4375,8.375,6.375,8.5],"rotation":0,"texture":"#0","tintindex":0},"north":{"uv":[6.3125,8.375,6.25,8.5],"rotation":0,"texture":"#0","tintindex":0},"west":{"uv":[4.5,7.5,4.375,7.625],"rotation":0,"texture":"#0","tintindex":0},"up":{"uv":[6.5,8.5,6.5625,8.375],"rotation":0,"texture":"#0","tintindex":0},"down":{"uv":[6.625,8.375,6.6875,8.5],"rotation":0,"texture":"#0","tintindex":0}}},{"from":[6.795495,5.1902833,2.527121],"to":[9.1945095,7.5892973,5.825765],"rotation":{"angle":0.0,"axis":"y","origin":[5.5959883,5.1902833,2.527121]},"faces":{"east":{"uv":[8.5,6.0,8.375,6.0625],"rotation":0,"texture":"#0","tintindex":0},"south":{"uv":[8.5625,5.5,8.5,5.5625],"rotation":0,"texture":"#0","tintindex":0},"north":{"uv":[5.5625,8.5,5.5,8.5625],"rotation":0,"texture":"#0","tintindex":0},"west":{"uv":[8.5,5.875,8.375,5.9375],"rotation":0,"texture":"#0","tintindex":0},"up":{"uv":[6.125,8.5,6.1875,8.375],"rotation":0,"texture":"#0","tintindex":0},"down":{"uv":[8.375,6.125,8.4375,6.25],"rotation":0,"texture":"#0","tintindex":0}}},{"from":[6.915446,6.149889,1.0877128],"to":[9.074558,7.949149,3.4867268],"rotation":{"angle":-22.5,"axis":"x","origin":[7.9950023,6.38979,4.3263817]},"faces":{"east":{"uv":[8.5625,5.25,8.5,5.3125],"rotation":0,"texture":"#0","tintindex":0},"south":{"uv":[5.3125,8.5,5.25,8.5625],"rotation":0,"texture":"#0","tintindex":0},"north":{"uv":[5.1875,8.5,5.125,8.5625],"rotation":0,"texture":"#0","tintindex":0},"west":{"uv":[8.5625,5.125,8.5,5.1875],"rotation":0,"texture":"#0","tintindex":0},"up":{"uv":[5.375,8.5625,5.4375,8.5],"rotation":0,"texture":"#0","tintindex":0},"down":{"uv":[8.5,5.375,8.5625,5.4375],"rotation":0,"texture":"#0","tintindex":0}}}],"display":{"head":{"translation":[0.0,-6.4,0.0],"scale":[4.0,4.0,4.0]}}}