{"textures":{"0":"modelengine:entity/dragon_gray"},"elements":[{"from":[7.10037,7.269676,2.455659],"to":[8.899631,9.3688135,8.453194],"rotation":{"angle":22.5,"axis":"x","origin":[8.0,8.25927,7.0737605]},"faces":{"east":{"uv":[4.25,8.25,4.5,8.3125],"rotation":0,"texture":"#0","tintindex":0},"south":{"uv":[8.5,6.125,8.5625,6.1875],"rotation":0,"texture":"#0","tintindex":0},"north":{"uv":[6.125,8.5,6.1875,8.5625],"rotation":0,"texture":"#0","tintindex":0},"west":{"uv":[4.625,8.25,4.875,8.3125],"rotation":0,"texture":"#0","tintindex":0},"up":{"uv":[8.3125,4.875,8.25,4.625],"rotation":0,"texture":"#0","tintindex":0},"down":{"uv":[4.9375,8.25,4.875,8.5],"rotation":0,"texture":"#0","tintindex":0}}}],"display":{"head":{"translation":[0.0,-6.4,0.0],"scale":[4.0,4.0,4.0]}}}