{"textures":{"0":"modelengine:entity/dragon_gray"},"elements":[{"from":[2.6845417,3.393591,2.8154702],"to":[13.480104,11.670189,13.011279],"rotation":{"angle":-45.0,"axis":"x","origin":[8.082323,7.4719143,8.453153]},"faces":{"east":{"uv":[2.375,6.625,2.75,6.9375],"rotation":0,"texture":"#0","tintindex":0},"south":{"uv":[2.75,6.625,3.125,6.9375],"rotation":0,"texture":"#0","tintindex":0},"north":{"uv":[1.125,6.625,1.5,6.9375],"rotation":0,"texture":"#0","tintindex":0},"west":{"uv":[4.5,6.625,4.875,6.9375],"rotation":0,"texture":"#0","tintindex":0},"up":{"uv":[6.75,3.5,6.375,3.125],"rotation":0,"texture":"#0","tintindex":0},"down":{"uv":[6.75,3.5,6.375,3.875],"rotation":0,"texture":"#0","tintindex":0}}},{"from":[2.9844184,-0.981596,8.871732],"to":[13.180227,7.774805,13.429858],"rotation":{"angle":22.5,"axis":"x","origin":[8.082323,3.9363828,13.609785]},"faces":{"east":{"uv":[7.875,2.75,8.0625,3.0625],"rotation":0,"texture":"#0","tintindex":0},"south":{"uv":[6.625,5.125,7.0,5.4375],"rotation":0,"texture":"#0","tintindex":0},"north":{"uv":[4.875,6.625,5.25,6.9375],"rotation":0,"texture":"#0","tintindex":0},"west":{"uv":[7.875,4.25,8.0625,4.5625],"rotation":0,"texture":"#0","tintindex":0},"up":{"uv":[5.75,7.8125,5.375,7.625],"rotation":0,"texture":"#0","tintindex":0},"down":{"uv":[8.0,5.875,7.625,6.0625],"rotation":0,"texture":"#0","tintindex":0}}}],"display":{"head":{"translation":[0.0,-6.4,0.0],"scale":[4.0,4.0,4.0]}}}