{"textures":{"0":"modelengine:entity/dragon_gray"},"elements":[{"from":[3.5920124,3.7486858,7.7308593],"to":[12.588314,11.545481,17.806717],"rotation":{"angle":0.0,"axis":"y","origin":[8.090163,8.246837,7.131106]},"faces":{"east":{"uv":[5.25,6.625,5.625,6.9375],"rotation":0,"texture":"#0","tintindex":0},"south":{"uv":[5.625,7.0,5.9375,7.3125],"rotation":0,"texture":"#0","tintindex":0},"north":{"uv":[5.25,7.0,5.5625,7.3125],"rotation":0,"texture":"#0","tintindex":0},"west":{"uv":[5.625,6.625,6.0,6.9375],"rotation":0,"texture":"#0","tintindex":0},"up":{"uv":[6.9375,6.125,6.625,5.75],"rotation":0,"texture":"#0","tintindex":0},"down":{"uv":[6.3125,6.625,6.0,7.0],"rotation":0,"texture":"#0","tintindex":0}}},{"from":[8.090163,11.545481,8.9303665],"to":[8.090163,18.742523,17.806717],"rotation":{"angle":0.0,"axis":"y","origin":[8.090163,8.246837,7.131106]},"faces":{"east":{"uv":[2.5,7.5,2.8125,7.75],"rotation":0,"texture":"#0","tintindex":0},"south":{"uv":[0.0,0.0,0.0,0.25],"rotation":0,"texture":"#0","tintindex":0},"north":{"uv":[0.0,0.0,0.0,0.25],"rotation":0,"texture":"#0","tintindex":0},"west":{"uv":[2.875,7.5,3.1875,7.75],"rotation":0,"texture":"#0","tintindex":0},"up":{"uv":[0.0,0.3125,0.0,0.0],"rotation":0,"texture":"#0","tintindex":0},"down":{"uv":[0.0,0.0,0.0,0.3125],"rotation":0,"texture":"#0","tintindex":0}}}],"display":{"head":{"translation":[0.0,-6.4,0.0],"scale":[4.0,4.0,4.0]}}}