{"textures":{"0":"modelengine:entity/dragon_gray"},"elements":[{"from":[4.097404,7.384355,3.297655],"to":[11.9025955,22.567774,11.375975],"rotation":{"angle":0.0,"axis":"y","origin":[8.0,6.5811615,5.5608244]},"faces":{"east":{"uv":[6.0,3.875,6.3125,4.4375],"rotation":0,"texture":"#0","tintindex":0},"south":{"uv":[4.5,6.0,4.8125,6.5625],"rotation":0,"texture":"#0","tintindex":0},"north":{"uv":[6.0,3.25,6.3125,3.8125],"rotation":0,"texture":"#0","tintindex":0},"west":{"uv":[6.0,4.5,6.3125,5.0625],"rotation":0,"texture":"#0","tintindex":0},"up":{"uv":[7.3125,6.4375,7.0,6.125],"rotation":0,"texture":"#0","tintindex":0},"down":{"uv":[6.6875,7.0,6.375,7.3125],"rotation":0,"texture":"#0","tintindex":0}}},{"from":[8.0,7.846309,10.546599],"to":[8.0,22.72985,18.463345],"rotation":{"angle":0.0,"axis":"y","origin":[8.0,17.687094,14.145121]},"faces":{"east":{"uv":[5.625,6.0,5.9375,6.5625],"rotation":0,"texture":"#0","tintindex":0},"south":{"uv":[0.0,0.0,0.0,0.5625],"rotation":0,"texture":"#0","tintindex":0},"north":{"uv":[0.0,0.0,0.0,0.5625],"rotation":0,"texture":"#0","tintindex":0},"west":{"uv":[6.0,6.0,6.3125,6.5625],"rotation":0,"texture":"#0","tintindex":0},"up":{"uv":[0.0,0.3125,0.0,0.0],"rotation":0,"texture":"#0","tintindex":0},"down":{"uv":[0.0,0.0,0.0,0.3125],"rotation":0,"texture":"#0","tintindex":0}}}],"display":{"head":{"translation":[0.0,-6.4,0.0],"scale":[4.0,4.0,4.0]}}}