{"textures":{"0":"modelengine:entity/dragon_gray"},"elements":[{"from":[6.046136,5.5066214,3.971469],"to":[13.48308,9.764871,7.4500394],"rotation":{"angle":45.0,"axis":"y","origin":[9.764607,8.295475,5.350902]},"faces":{"east":{"uv":[7.75,6.375,7.875,6.5],"rotation":0,"texture":"#0","tintindex":0},"south":{"uv":[4.875,8.125,5.125,8.25],"rotation":0,"texture":"#0","tintindex":0},"north":{"uv":[4.625,8.125,4.875,8.25],"rotation":0,"texture":"#0","tintindex":0},"west":{"uv":[6.375,7.875,6.5,8.0],"rotation":0,"texture":"#0","tintindex":0},"up":{"uv":[5.375,8.25,5.125,8.125],"rotation":0,"texture":"#0","tintindex":0},"down":{"uv":[5.625,8.125,5.375,8.25],"rotation":0,"texture":"#0","tintindex":0}}},{"from":[8.138578,9.704895,9.895003],"to":[14.136114,16.302185,9.895003],"rotation":{"angle":45.0,"axis":"y","origin":[5.1398115,12.883589,8.695497]},"faces":{"east":{"uv":[0.0,0.0,0.0,0.25],"rotation":0,"texture":"#0","tintindex":0},"south":{"uv":[6.0,7.75,6.25,8.0],"rotation":0,"texture":"#0","tintindex":0},"north":{"uv":[7.75,5.625,8.0,5.875],"rotation":0,"texture":"#0","tintindex":0},"west":{"uv":[0.0,0.0,0.0,0.25],"rotation":0,"texture":"#0","tintindex":0},"up":{"uv":[0.25,0.0,0.0,0.0],"rotation":0,"texture":"#0","tintindex":0},"down":{"uv":[0.25,0.0,0.0,0.0],"rotation":0,"texture":"#0","tintindex":0}}}],"display":{"head":{"translation":[0.0,-6.4,0.0],"scale":[4.0,4.0,4.0]}}}