{"textures":{"0":"modelengine:entity/dragon_gray"},"elements":[{"from":[3.753066,4.480784,3.7519813],"to":[10.950108,11.797776,11.788678],"rotation":{"angle":22.5,"axis":"z","origin":[8.3111925,10.418344,8.550009]},"faces":{"east":{"uv":[7.625,2.25,7.9375,2.5],"rotation":0,"texture":"#0","tintindex":0},"south":{"uv":[7.75,7.75,8.0,8.0],"rotation":0,"texture":"#0","tintindex":0},"north":{"uv":[7.75,7.5,8.0,7.75],"rotation":0,"texture":"#0","tintindex":0},"west":{"uv":[7.625,2.5,7.9375,2.75],"rotation":0,"texture":"#0","tintindex":0},"up":{"uv":[7.875,3.0625,7.625,2.75],"rotation":0,"texture":"#0","tintindex":0},"down":{"uv":[3.875,7.625,3.625,7.9375],"rotation":0,"texture":"#0","tintindex":0}}},{"from":[5.9721537,-9.9133,4.351735],"to":[11.549861,5.680291,11.248899],"rotation":{"angle":0.0,"axis":"y","origin":[7.6606336,-5.4108543,1.2082796]},"faces":{"east":{"uv":[0.0,6.5,0.25,7.0625],"rotation":0,"texture":"#0","tintindex":0},"south":{"uv":[7.0,5.125,7.1875,5.6875],"rotation":0,"texture":"#0","tintindex":0},"north":{"uv":[5.0,7.0,5.1875,7.5625],"rotation":0,"texture":"#0","tintindex":0},"west":{"uv":[0.25,6.5,0.5,7.0625],"rotation":0,"texture":"#0","tintindex":0},"up":{"uv":[8.1875,6.125,8.0,5.875],"rotation":0,"texture":"#0","tintindex":0},"down":{"uv":[6.1875,8.0,6.0,8.25],"rotation":0,"texture":"#0","tintindex":0}}}],"display":{"head":{"translation":[0.0,-6.4,0.0],"scale":[4.0,4.0,4.0]}}}