{"textures":{"0":"modelengine:entity/dragon_gray"},"elements":[{"from":[5.0498924,4.480784,3.7519813],"to":[12.246934,11.797776,11.788678],"rotation":{"angle":-22.5,"axis":"z","origin":[7.6888075,10.418344,8.550009]},"faces":{"east":{"uv":[7.9375,2.5,7.625,2.75],"rotation":0,"texture":"#0","tintindex":0},"south":{"uv":[8.0,7.75,7.75,8.0],"rotation":0,"texture":"#0","tintindex":0},"north":{"uv":[8.0,7.5,7.75,7.75],"rotation":0,"texture":"#0","tintindex":0},"west":{"uv":[7.9375,2.25,7.625,2.5],"rotation":0,"texture":"#0","tintindex":0},"up":{"uv":[7.625,3.0625,7.875,2.75],"rotation":0,"texture":"#0","tintindex":0},"down":{"uv":[3.625,7.625,3.875,7.9375],"rotation":0,"texture":"#0","tintindex":0}}},{"from":[4.450139,-9.9133,4.351735],"to":[10.027846,5.680291,11.248899],"rotation":{"angle":0.0,"axis":"y","origin":[8.339367,-5.4108543,1.2082796]},"faces":{"east":{"uv":[0.5,6.5,0.25,7.0625],"rotation":0,"texture":"#0","tintindex":0},"south":{"uv":[7.1875,5.125,7.0,5.6875],"rotation":0,"texture":"#0","tintindex":0},"north":{"uv":[5.1875,7.0,5.0,7.5625],"rotation":0,"texture":"#0","tintindex":0},"west":{"uv":[0.25,6.5,0.0,7.0625],"rotation":0,"texture":"#0","tintindex":0},"up":{"uv":[8.0,6.125,8.1875,5.875],"rotation":0,"texture":"#0","tintindex":0},"down":{"uv":[6.0,8.0,6.1875,8.25],"rotation":0,"texture":"#0","tintindex":0}}}],"display":{"head":{"translation":[0.0,-6.4,0.0],"scale":[4.0,4.0,4.0]}}}