{"textures":{"0":"modelengine:entity/dragon_gray"},"elements":[{"from":[4.78832,1.8328037,2.4975257],"to":[11.205683,11.968637,8.8849],"rotation":{"angle":22.5,"axis":"x","origin":[7.997001,3.46027,4.653399]},"faces":{"east":{"uv":[3.625,7.125,3.375,7.5],"rotation":0,"texture":"#0","tintindex":0},"south":{"uv":[7.375,3.125,7.125,3.5],"rotation":0,"texture":"#0","tintindex":0},"north":{"uv":[1.0,7.125,0.75,7.5],"rotation":0,"texture":"#0","tintindex":0},"west":{"uv":[7.375,2.25,7.125,2.625],"rotation":0,"texture":"#0","tintindex":0},"up":{"uv":[7.75,0.5,8.0,0.25],"rotation":0,"texture":"#0","tintindex":0},"down":{"uv":[0.75,7.75,1.0,8.0],"rotation":0,"texture":"#0","tintindex":0}}},{"from":[4.818308,-0.6826458,-3.5211535],"to":[11.175694,4.205345,6.494729],"rotation":{"angle":-22.5,"axis":"x","origin":[7.997001,3.46027,4.653399]},"faces":{"east":{"uv":[5.375,7.625,5.0,7.8125],"rotation":0,"texture":"#0","tintindex":0},"south":{"uv":[8.25,1.125,8.0,1.3125],"rotation":0,"texture":"#0","tintindex":0},"north":{"uv":[1.375,8.0,1.125,8.1875],"rotation":0,"texture":"#0","tintindex":0},"west":{"uv":[8.0,4.875,7.625,5.0625],"rotation":0,"texture":"#0","tintindex":0},"up":{"uv":[7.125,3.875,7.375,3.5],"rotation":0,"texture":"#0","tintindex":0},"down":{"uv":[7.125,3.875,7.375,4.25],"rotation":0,"texture":"#0","tintindex":0}}},{"from":[4.698357,2.5134306,-5.145811],"to":[11.295646,8.72088,11.707262],"rotation":{"angle":-45.0,"axis":"x","origin":[7.997001,3.46027,4.653399]},"faces":{"east":{"uv":[1.5,6.375,0.875,6.625],"rotation":0,"texture":"#0","tintindex":0},"south":{"uv":[2.125,7.75,1.875,8.0],"rotation":0,"texture":"#0","tintindex":0},"north":{"uv":[1.875,7.75,1.625,8.0],"rotation":0,"texture":"#0","tintindex":0},"west":{"uv":[4.0,6.25,3.375,6.5],"rotation":0,"texture":"#0","tintindex":0},"up":{"uv":[4.0,6.875,4.25,6.25],"rotation":0,"texture":"#0","tintindex":0},"down":{"uv":[4.25,6.25,4.5,6.875],"rotation":0,"texture":"#0","tintindex":0}}}],"display":{"head":{"translation":[0.0,-6.4,0.0],"scale":[4.0,4.0,4.0]}}}