{"textures":{"0":"modelengine:entity/angelic_crate"},"elements":[{"from":[11.428572,9.080006,3.745884],"to":[12.571428,10.222863,6.603027],"rotation":{"angle":22.5,"axis":"x","origin":[12.0,9.937149,6.603027]},"faces":{"east":{"uv":[10.25,5.0,10.875,5.25],"rotation":0,"texture":"#0","tintindex":0},"south":{"uv":[4.5,11.875,4.75,12.125],"rotation":0,"texture":"#0","tintindex":0},"north":{"uv":[3.75,11.875,4.0,12.125],"rotation":0,"texture":"#0","tintindex":0},"west":{"uv":[10.25,5.875,10.875,6.125],"rotation":0,"texture":"#0","tintindex":0},"up":{"uv":[5.125,10.875,4.875,10.25],"rotation":0,"texture":"#0","tintindex":0},"down":{"uv":[7.625,10.25,7.375,10.875],"rotation":0,"texture":"#0","tintindex":0}}},{"from":[3.4285712,9.080006,3.745884],"to":[4.5714283,10.222863,6.603027],"rotation":{"angle":22.5,"axis":"x","origin":[4.0,9.937149,6.603027]},"faces":{"east":{"uv":[8.25,10.25,8.875,10.5],"rotation":0,"texture":"#0","tintindex":0},"south":{"uv":[5.5,12.0,5.75,12.25],"rotation":0,"texture":"#0","tintindex":0},"north":{"uv":[11.875,4.5,12.125,4.75],"rotation":0,"texture":"#0","tintindex":0},"west":{"uv":[10.25,8.625,10.875,8.875],"rotation":0,"texture":"#0","tintindex":0},"up":{"uv":[10.625,0.625,10.375,0.0],"rotation":0,"texture":"#0","tintindex":0},"down":{"uv":[1.25,10.375,1.0,11.0],"rotation":0,"texture":"#0","tintindex":0}}},{"from":[10.8714285,9.484858,4.0220275],"to":[13.128572,11.199143,5.1648846],"rotation":{"angle":-22.5,"axis":"x","origin":[8.571428,4.3420005,6.8791704]},"faces":{"east":{"uv":[6.75,11.25,7.0,11.625],"rotation":0,"texture":"#0","tintindex":0},"south":{"uv":[4.125,9.75,4.625,10.125],"rotation":0,"texture":"#0","tintindex":0},"north":{"uv":[0.25,9.75,0.75,10.125],"rotation":0,"texture":"#0","tintindex":0},"west":{"uv":[11.25,7.75,11.5,8.125],"rotation":0,"texture":"#0","tintindex":0},"up":{"uv":[11.25,10.625,10.75,10.375],"rotation":0,"texture":"#0","tintindex":0},"down":{"uv":[11.25,10.75,10.75,11.0],"rotation":0,"texture":"#0","tintindex":0}}},{"from":[10.857143,9.484858,5.0922575],"to":[13.128572,11.199143,6.235115],"rotation":{"angle":22.5,"axis":"x","origin":[8.571428,4.3420005,3.3779721]},"faces":{"east":{"uv":[11.25,9.375,11.5,9.75],"rotation":0,"texture":"#0","tintindex":0},"south":{"uv":[7.375,9.75,7.875,10.125],"rotation":0,"texture":"#0","tintindex":0},"north":{"uv":[4.75,9.75,5.25,10.125],"rotation":0,"texture":"#0","tintindex":0},"west":{"uv":[9.625,11.25,9.875,11.625],"rotation":0,"texture":"#0","tintindex":0},"up":{"uv":[11.375,1.75,10.875,1.5],"rotation":0,"texture":"#0","tintindex":0},"down":{"uv":[11.375,1.875,10.875,2.125],"rotation":0,"texture":"#0","tintindex":0}}},{"from":[10.379893,10.140886,2.2857141],"to":[11.522751,11.855172,7.9714284],"rotation":{"angle":-22.5,"axis":"z","origin":[6.9513216,4.998029,0.55714273]},"faces":{"east":{"uv":[4.5,8.125,5.75,8.5],"rotation":0,"texture":"#0","tintindex":0},"south":{"uv":[4.5,11.375,4.75,11.75],"rotation":0,"texture":"#0","tintindex":0},"north":{"uv":[11.25,9.875,11.5,10.25],"rotation":0,"texture":"#0","tintindex":0},"west":{"uv":[8.125,4.5,9.375,4.875],"rotation":0,"texture":"#0","tintindex":0},"up":{"uv":[5.875,10.5,5.625,9.25],"rotation":0,"texture":"#0","tintindex":0},"down":{"uv":[6.25,9.25,6.0,10.5],"rotation":0,"texture":"#0","tintindex":0}}},{"from":[10.857143,8.0,2.2714286],"to":[13.142858,10.285714,7.9857144],"rotation":{"angle":0.0,"axis":"y","origin":[8.571428,1.1428566,5.1285715]},"faces":{"east":{"uv":[7.5,0.0,8.75,0.5],"rotation":0,"texture":"#0","tintindex":0},"south":{"uv":[9.5,4.5,10.0,5.0],"rotation":0,"texture":"#0","tintindex":0},"north":{"uv":[1.75,5.875,2.25,6.375],"rotation":0,"texture":"#0","tintindex":0},"west":{"uv":[7.5,0.625,8.75,1.125],"rotation":0,"texture":"#0","tintindex":0},"up":{"uv":[8.0,4.125,7.5,2.875],"rotation":0,"texture":"#0","tintindex":0},"down":{"uv":[8.0,4.25,7.5,5.5],"rotation":0,"texture":"#0","tintindex":0}}},{"from":[4.4772496,10.140886,2.2857141],"to":[5.6201067,11.855172,7.9714284],"rotation":{"angle":22.5,"axis":"z","origin":[9.048678,4.998029,0.55714273]},"faces":{"east":{"uv":[8.125,5.0,9.375,5.375],"rotation":0,"texture":"#0","tintindex":0},"south":{"uv":[11.375,8.25,11.625,8.625],"rotation":0,"texture":"#0","tintindex":0},"north":{"uv":[11.375,5.75,11.625,6.125],"rotation":0,"texture":"#0","tintindex":0},"west":{"uv":[7.375,8.125,8.625,8.5],"rotation":0,"texture":"#0","tintindex":0},"up":{"uv":[6.625,10.625,6.375,9.375],"rotation":0,"texture":"#0","tintindex":0},"down":{"uv":[7.0,9.375,6.75,10.625],"rotation":0,"texture":"#0","tintindex":0}}},{"from":[2.871428,9.484858,5.0922575],"to":[5.142857,11.199143,6.235115],"rotation":{"angle":22.5,"axis":"x","origin":[7.428571,4.3420005,3.3779721]},"faces":{"east":{"uv":[11.375,10.375,11.625,10.75],"rotation":0,"texture":"#0","tintindex":0},"south":{"uv":[9.875,2.25,10.375,2.625],"rotation":0,"texture":"#0","tintindex":0},"north":{"uv":[9.75,9.5,10.25,9.875],"rotation":0,"texture":"#0","tintindex":0},"west":{"uv":[11.5,1.375,11.75,1.75],"rotation":0,"texture":"#0","tintindex":0},"up":{"uv":[11.375,2.5,10.875,2.25],"rotation":0,"texture":"#0","tintindex":0},"down":{"uv":[11.375,2.625,10.875,2.875],"rotation":0,"texture":"#0","tintindex":0}}},{"from":[2.871428,9.484858,4.0220275],"to":[5.1285715,11.199143,5.1648846],"rotation":{"angle":-22.5,"axis":"x","origin":[7.428571,4.3420005,6.8791704]},"faces":{"east":{"uv":[11.5,1.875,11.75,2.25],"rotation":0,"texture":"#0","tintindex":0},"south":{"uv":[9.875,3.25,10.375,3.625],"rotation":0,"texture":"#0","tintindex":0},"north":{"uv":[9.875,2.75,10.375,3.125],"rotation":0,"texture":"#0","tintindex":0},"west":{"uv":[11.5,2.375,11.75,2.75],"rotation":0,"texture":"#0","tintindex":0},"up":{"uv":[11.375,3.25,10.875,3.0],"rotation":0,"texture":"#0","tintindex":0},"down":{"uv":[11.375,3.375,10.875,3.625],"rotation":0,"texture":"#0","tintindex":0}}},{"from":[2.8571424,8.0,2.2714286],"to":[5.142857,10.285714,7.9857144],"rotation":{"angle":0.0,"axis":"y","origin":[7.428571,1.1428566,5.1285715]},"faces":{"east":{"uv":[7.5,5.625,8.75,6.125],"rotation":0,"texture":"#0","tintindex":0},"south":{"uv":[9.5,8.125,10.0,8.625],"rotation":0,"texture":"#0","tintindex":0},"north":{"uv":[9.5,7.5,10.0,8.0],"rotation":0,"texture":"#0","tintindex":0},"west":{"uv":[7.375,7.5,8.625,8.0],"rotation":0,"texture":"#0","tintindex":0},"up":{"uv":[2.375,9.0,1.875,7.75],"rotation":0,"texture":"#0","tintindex":0},"down":{"uv":[3.0,7.75,2.5,9.0],"rotation":0,"texture":"#0","tintindex":0}}},{"from":[9.429769,7.716078,2.2857141],"to":[11.715483,9.430364,3.3999996],"rotation":{"angle":22.5,"axis":"z","origin":[10.001198,8.57322,2.8428574]},"faces":{"east":{"uv":[11.5,2.875,11.75,3.25],"rotation":0,"texture":"#0","tintindex":0},"south":{"uv":[10.0,6.25,10.5,6.625],"rotation":0,"texture":"#0","tintindex":0},"north":{"uv":[9.875,3.75,10.375,4.125],"rotation":0,"texture":"#0","tintindex":0},"west":{"uv":[11.5,3.375,11.75,3.75],"rotation":0,"texture":"#0","tintindex":0},"up":{"uv":[11.375,4.0,10.875,3.75],"rotation":0,"texture":"#0","tintindex":0},"down":{"uv":[11.375,5.375,10.875,5.625],"rotation":0,"texture":"#0","tintindex":0}}},{"from":[9.831717,9.430784,2.2999997],"to":[10.974573,11.716498,3.385714],"rotation":{"angle":45.0,"axis":"z","origin":[10.403145,8.573641,2.8428574]},"faces":{"east":{"uv":[10.875,7.75,11.125,8.25],"rotation":0,"texture":"#0","tintindex":0},"south":{"uv":[10.125,10.875,10.375,11.375],"rotation":0,"texture":"#0","tintindex":0},"north":{"uv":[2.375,5.875,2.625,6.375],"rotation":0,"texture":"#0","tintindex":0},"west":{"uv":[4.125,11.0,4.375,11.5],"rotation":0,"texture":"#0","tintindex":0},"up":{"uv":[12.25,6.25,12.0,6.0],"rotation":0,"texture":"#0","tintindex":0},"down":{"uv":[6.5,12.0,6.25,12.25],"rotation":0,"texture":"#0","tintindex":0}}},{"from":[4.284517,7.716078,2.2857141],"to":[6.5702314,9.430364,3.3999996],"rotation":{"angle":-22.5,"axis":"z","origin":[5.9988027,8.57322,2.8428574]},"faces":{"east":{"uv":[11.5,4.5,11.75,4.875],"rotation":0,"texture":"#0","tintindex":0},"south":{"uv":[9.75,10.0,10.25,10.375],"rotation":0,"texture":"#0","tintindex":0},"north":{"uv":[10.0,6.75,10.5,7.125],"rotation":0,"texture":"#0","tintindex":0},"west":{"uv":[8.625,11.5,8.875,11.875],"rotation":0,"texture":"#0","tintindex":0},"up":{"uv":[5.0,11.25,4.5,11.0],"rotation":0,"texture":"#0","tintindex":0},"down":{"uv":[11.5,5.0,11.0,5.25],"rotation":0,"texture":"#0","tintindex":0}}},{"from":[5.025427,9.430784,2.2999997],"to":[6.168284,11.716498,3.385714],"rotation":{"angle":-45.0,"axis":"z","origin":[5.596855,8.573641,2.8428574]},"faces":{"east":{"uv":[7.5,11.0,7.75,11.5],"rotation":0,"texture":"#0","tintindex":0},"south":{"uv":[11.0,8.375,11.25,8.875],"rotation":0,"texture":"#0","tintindex":0},"north":{"uv":[7.125,11.0,7.375,11.5],"rotation":0,"texture":"#0","tintindex":0},"west":{"uv":[1.0,11.125,1.25,11.625],"rotation":0,"texture":"#0","tintindex":0},"up":{"uv":[12.25,6.625,12.0,6.375],"rotation":0,"texture":"#0","tintindex":0},"down":{"uv":[7.25,12.0,7.0,12.25],"rotation":0,"texture":"#0","tintindex":0}}},{"from":[5.142857,8.0,3.4142857],"to":[10.857143,10.285714,7.9857144],"rotation":{"angle":0.0,"axis":"y","origin":[8.0,1.1428566,5.1285715]},"faces":{"east":{"uv":[2.75,4.25,3.75,4.75],"rotation":0,"texture":"#0","tintindex":0},"south":{"uv":[8.0,1.25,9.25,1.75],"rotation":0,"texture":"#0","tintindex":0},"north":{"uv":[3.125,7.75,4.375,8.25],"rotation":0,"texture":"#0","tintindex":0},"west":{"uv":[8.0,1.875,9.0,2.375],"rotation":0,"texture":"#0","tintindex":0},"up":{"uv":[6.75,5.375,5.5,4.375],"rotation":0,"texture":"#0","tintindex":0},"down":{"uv":[6.75,5.5,5.5,6.5],"rotation":0,"texture":"#0","tintindex":0}}},{"from":[7.428571,10.857143,2.2999997],"to":[9.142858,12.571428,2.871428],"rotation":{"angle":45.0,"axis":"z","origin":[8.0,11.428572,2.5714283]},"faces":{"east":{"uv":[12.125,10.375,12.25,10.75],"rotation":0,"texture":"#0","tintindex":0},"south":{"uv":[6.125,10.75,6.5,11.125],"rotation":0,"texture":"#0","tintindex":0},"north":{"uv":[2.25,10.75,2.625,11.125],"rotation":0,"texture":"#0","tintindex":0},"west":{"uv":[10.5,12.125,10.625,12.5],"rotation":0,"texture":"#0","tintindex":0},"up":{"uv":[12.25,3.75,11.875,3.625],"rotation":0,"texture":"#0","tintindex":0},"down":{"uv":[12.5,4.125,12.125,4.25],"rotation":0,"texture":"#0","tintindex":0}}},{"from":[7.428571,10.285714,2.2857141],"to":[8.571428,11.428572,2.8571424],"rotation":{"angle":0.0,"axis":"y","origin":[8.0,1.1428566,5.142857]},"faces":{"east":{"uv":[4.25,12.375,4.375,12.625],"rotation":0,"texture":"#0","tintindex":0},"south":{"uv":[7.75,12.0,8.0,12.25],"rotation":0,"texture":"#0","tintindex":0},"north":{"uv":[7.375,12.0,7.625,12.25],"rotation":0,"texture":"#0","tintindex":0},"west":{"uv":[5.375,12.375,5.5,12.625],"rotation":0,"texture":"#0","tintindex":0},"up":{"uv":[12.5,11.25,12.25,11.125],"rotation":0,"texture":"#0","tintindex":0},"down":{"uv":[12.625,0.0,12.375,0.125],"rotation":0,"texture":"#0","tintindex":0}}}],"display":{"head":{"translation":[0.0,-6.4,0.0],"scale":[4.0,4.0,4.0]}}}