{"textures":{"0":"modelengine:entity/angelic_crate"},"elements":[{"from":[7.719569,8.35593,7.7],"to":[8.2909975,8.927359,8.242857],"rotation":{"angle":0.0,"axis":"y","origin":[8.005283,2.0702157,13.685715]},"faces":{"east":{"uv":[12.5,1.875,12.625,2.0],"rotation":0,"texture":"#0","tintindex":0},"south":{"uv":[12.5,2.125,12.625,2.25],"rotation":0,"texture":"#0","tintindex":0},"north":{"uv":[12.5,1.625,12.625,1.75],"rotation":0,"texture":"#0","tintindex":0},"west":{"uv":[2.25,12.5,2.375,12.625],"rotation":0,"texture":"#0","tintindex":0},"up":{"uv":[12.625,2.5,12.5,2.375],"rotation":0,"texture":"#0","tintindex":0},"down":{"uv":[2.625,12.5,2.5,12.625],"rotation":0,"texture":"#0","tintindex":0}}},{"from":[7.433855,8.927359,7.4],"to":[8.576712,10.070216,8.542857],"rotation":{"angle":-45.0,"axis":"z","origin":[8.005283,9.498787,11.4]},"faces":{"east":{"uv":[11.875,1.375,12.125,1.625],"rotation":0,"texture":"#0","tintindex":0},"south":{"uv":[11.875,1.75,12.125,2.0],"rotation":0,"texture":"#0","tintindex":0},"north":{"uv":[11.875,0.625,12.125,0.875],"rotation":0,"texture":"#0","tintindex":0},"west":{"uv":[11.875,2.125,12.125,2.375],"rotation":0,"texture":"#0","tintindex":0},"up":{"uv":[12.125,2.75,11.875,2.5],"rotation":0,"texture":"#0","tintindex":0},"down":{"uv":[12.125,2.875,11.875,3.125],"rotation":0,"texture":"#0","tintindex":0}}},{"from":[7.148141,8.6416445,7.6857142],"to":[8.862427,10.35593,8.257143],"rotation":{"angle":-45.0,"axis":"z","origin":[8.005283,9.498787,11.4]},"faces":{"east":{"uv":[12.125,7.25,12.25,7.625],"rotation":0,"texture":"#0","tintindex":0},"south":{"uv":[10.75,0.5,11.125,0.875],"rotation":0,"texture":"#0","tintindex":0},"north":{"uv":[10.75,0.0,11.125,0.375],"rotation":0,"texture":"#0","tintindex":0},"west":{"uv":[12.125,8.125,12.25,8.5],"rotation":0,"texture":"#0","tintindex":0},"up":{"uv":[7.25,6.5,6.875,6.375],"rotation":0,"texture":"#0","tintindex":0},"down":{"uv":[7.875,1.25,7.5,1.375],"rotation":0,"texture":"#0","tintindex":0}}},{"from":[6.576712,7.7845016,7.7],"to":[9.433855,8.35593,8.242857],"rotation":{"angle":0.0,"axis":"y","origin":[8.005283,2.0702157,13.685715]},"faces":{"east":{"uv":[12.5,2.625,12.625,2.75],"rotation":0,"texture":"#0","tintindex":0},"south":{"uv":[10.0,11.5,10.625,11.625],"rotation":0,"texture":"#0","tintindex":0},"north":{"uv":[11.5,9.0,12.125,9.125],"rotation":0,"texture":"#0","tintindex":0},"west":{"uv":[2.75,12.5,2.875,12.625],"rotation":0,"texture":"#0","tintindex":0},"up":{"uv":[11.375,11.625,10.75,11.5],"rotation":0,"texture":"#0","tintindex":0},"down":{"uv":[12.125,11.125,11.5,11.25],"rotation":0,"texture":"#0","tintindex":0}}},{"from":[9.290998,7.4987874,7.6857142],"to":[9.862427,8.6416445,8.257143],"rotation":{"angle":22.5,"axis":"z","origin":[9.719569,8.070216,7.9714284]},"faces":{"east":{"uv":[12.25,1.625,12.375,1.875],"rotation":0,"texture":"#0","tintindex":0},"south":{"uv":[12.25,2.0,12.375,2.25],"rotation":0,"texture":"#0","tintindex":0},"north":{"uv":[0.75,12.25,0.875,12.5],"rotation":0,"texture":"#0","tintindex":0},"west":{"uv":[12.25,2.375,12.375,2.625],"rotation":0,"texture":"#0","tintindex":0},"up":{"uv":[12.625,3.0,12.5,2.875],"rotation":0,"texture":"#0","tintindex":0},"down":{"uv":[3.125,12.5,3.0,12.625],"rotation":0,"texture":"#0","tintindex":0}}},{"from":[6.148141,7.4987874,7.6857142],"to":[6.719569,8.6416445,8.257143],"rotation":{"angle":-22.5,"axis":"z","origin":[6.290998,8.070216,7.9714284]},"faces":{"east":{"uv":[12.25,3.125,12.375,3.375],"rotation":0,"texture":"#0","tintindex":0},"south":{"uv":[3.375,12.25,3.5,12.5],"rotation":0,"texture":"#0","tintindex":0},"north":{"uv":[12.25,2.75,12.375,3.0],"rotation":0,"texture":"#0","tintindex":0},"west":{"uv":[3.625,12.25,3.75,12.5],"rotation":0,"texture":"#0","tintindex":0},"up":{"uv":[12.625,3.25,12.5,3.125],"rotation":0,"texture":"#0","tintindex":0},"down":{"uv":[4.0,12.5,3.875,12.625],"rotation":0,"texture":"#0","tintindex":0}}},{"from":[7.433855,4.9273586,7.6857142],"to":[8.576712,7.7845016,8.257143],"rotation":{"angle":0.0,"axis":"y","origin":[8.005283,2.0702157,13.685715]},"faces":{"east":{"uv":[9.25,11.5,9.375,12.125],"rotation":0,"texture":"#0","tintindex":0},"south":{"uv":[4.5,10.25,4.75,10.875],"rotation":0,"texture":"#0","tintindex":0},"north":{"uv":[4.125,10.25,4.375,10.875],"rotation":0,"texture":"#0","tintindex":0},"west":{"uv":[11.5,11.375,11.625,12.0],"rotation":0,"texture":"#0","tintindex":0},"up":{"uv":[4.125,12.375,3.875,12.25],"rotation":0,"texture":"#0","tintindex":0},"down":{"uv":[12.5,3.875,12.25,4.0],"rotation":0,"texture":"#0","tintindex":0}}},{"from":[7.319569,4.2416444,7.7],"to":[8.690998,5.613073,8.242857],"rotation":{"angle":45.0,"axis":"z","origin":[8.005283,4.9273586,7.9714284]},"faces":{"east":{"uv":[12.25,4.375,12.375,4.625],"rotation":0,"texture":"#0","tintindex":0},"south":{"uv":[3.375,11.875,3.625,12.125],"rotation":0,"texture":"#0","tintindex":0},"north":{"uv":[11.875,3.25,12.125,3.5],"rotation":0,"texture":"#0","tintindex":0},"west":{"uv":[4.5,12.25,4.625,12.5],"rotation":0,"texture":"#0","tintindex":0},"up":{"uv":[12.5,4.875,12.25,4.75],"rotation":0,"texture":"#0","tintindex":0},"down":{"uv":[12.5,5.25,12.25,5.375],"rotation":0,"texture":"#0","tintindex":0}}},{"from":[7.148141,4.9273586,7.9714284],"to":[8.862427,7.7845016,7.9714284],"rotation":{"angle":0.0,"axis":"y","origin":[8.005283,2.0702157,13.685715]},"faces":{"east":{"uv":[6.75,3.125,6.75,3.75],"rotation":0,"texture":"#0","tintindex":0},"south":{"uv":[8.75,9.5,9.125,10.125],"rotation":0,"texture":"#0","tintindex":0},"north":{"uv":[3.625,9.5,4.0,10.125],"rotation":0,"texture":"#0","tintindex":0},"west":{"uv":[5.25,10.25,5.25,10.875],"rotation":0,"texture":"#0","tintindex":0},"up":{"uv":[1.625,7.25,1.25,7.25],"rotation":0,"texture":"#0","tintindex":0},"down":{"uv":[7.875,6.25,7.5,6.25],"rotation":0,"texture":"#0","tintindex":0}}},{"from":[7.1195693,4.041644,8.0],"to":[8.890998,5.813073,8.0],"rotation":{"angle":45.0,"axis":"z","origin":[8.005283,4.9273586,8.0]},"faces":{"east":{"uv":[3.875,4.25,3.875,4.625],"rotation":0,"texture":"#0","tintindex":0},"south":{"uv":[1.75,10.75,2.125,11.125],"rotation":0,"texture":"#0","tintindex":0},"north":{"uv":[10.75,1.0,11.125,1.375],"rotation":0,"texture":"#0","tintindex":0},"west":{"uv":[5.375,4.375,5.375,4.75],"rotation":0,"texture":"#0","tintindex":0},"up":{"uv":[4.875,8.0,4.5,8.0],"rotation":0,"texture":"#0","tintindex":0},"down":{"uv":[8.375,6.25,8.0,6.25],"rotation":0,"texture":"#0","tintindex":0}}},{"from":[8.219485,4.4815445,7.714286],"to":[8.790914,5.6244016,8.228572],"rotation":{"angle":22.5,"axis":"z","origin":[7.7623425,5.1672587,7.9714284]},"faces":{"east":{"uv":[12.25,8.875,12.375,9.125],"rotation":0,"texture":"#0","tintindex":0},"south":{"uv":[9.125,12.25,9.25,12.5],"rotation":0,"texture":"#0","tintindex":0},"north":{"uv":[8.875,12.25,9.0,12.5],"rotation":0,"texture":"#0","tintindex":0},"west":{"uv":[12.0,12.25,12.125,12.5],"rotation":0,"texture":"#0","tintindex":0},"up":{"uv":[12.625,4.5,12.5,4.375],"rotation":0,"texture":"#0","tintindex":0},"down":{"uv":[12.625,8.875,12.5,9.0],"rotation":0,"texture":"#0","tintindex":0}}},{"from":[7.219653,4.4815445,7.714286],"to":[7.791082,5.6244016,8.228572],"rotation":{"angle":-22.5,"axis":"z","origin":[8.248224,5.1672587,7.9714284]},"faces":{"east":{"uv":[1.75,12.375,1.875,12.625],"rotation":0,"texture":"#0","tintindex":0},"south":{"uv":[2.0,12.375,2.125,12.625],"rotation":0,"texture":"#0","tintindex":0},"north":{"uv":[12.25,12.25,12.375,12.5],"rotation":0,"texture":"#0","tintindex":0},"west":{"uv":[12.375,3.5,12.5,3.75],"rotation":0,"texture":"#0","tintindex":0},"up":{"uv":[12.625,12.25,12.5,12.125],"rotation":0,"texture":"#0","tintindex":0},"down":{"uv":[12.625,12.375,12.5,12.5],"rotation":0,"texture":"#0","tintindex":0}}},{"from":[8.380178,4.7527742,7.9857144],"to":[8.951607,6.46706,7.9857144],"rotation":{"angle":22.5,"axis":"z","origin":[8.665893,5.609917,7.9857144]},"faces":{"east":{"uv":[6.75,3.875,6.75,4.25],"rotation":0,"texture":"#0","tintindex":0},"south":{"uv":[9.75,12.125,9.875,12.5],"rotation":0,"texture":"#0","tintindex":0},"north":{"uv":[9.5,12.125,9.625,12.5],"rotation":0,"texture":"#0","tintindex":0},"west":{"uv":[0.875,9.75,0.875,10.125],"rotation":0,"texture":"#0","tintindex":0},"up":{"uv":[5.375,6.5,5.25,6.5],"rotation":0,"texture":"#0","tintindex":0},"down":{"uv":[5.125,8.0,5.0,8.0],"rotation":0,"texture":"#0","tintindex":0}}},{"from":[7.028571,4.542857,7.9857144],"to":[7.6,6.257143,7.9857144],"rotation":{"angle":-22.5,"axis":"z","origin":[7.857143,5.428571,8.0]},"faces":{"east":{"uv":[8.25,9.75,8.25,10.125],"rotation":0,"texture":"#0","tintindex":0},"south":{"uv":[10.25,12.125,10.375,12.5],"rotation":0,"texture":"#0","tintindex":0},"north":{"uv":[10.0,12.125,10.125,12.5],"rotation":0,"texture":"#0","tintindex":0},"west":{"uv":[3.5,11.125,3.5,11.5],"rotation":0,"texture":"#0","tintindex":0},"up":{"uv":[8.25,5.5,8.125,5.5],"rotation":0,"texture":"#0","tintindex":0},"down":{"uv":[6.5,8.125,6.375,8.125],"rotation":0,"texture":"#0","tintindex":0}}}],"display":{"head":{"translation":[0.0,-6.4,0.0],"scale":[4.0,4.0,4.0]}}}