{"textures":{"0":"modelengine:entity/angelic_crate"},"elements":[{"from":[7.4428573,7.714286,7.714286],"to":[8.557143,8.857143,8.857143],"rotation":{"angle":0.0,"axis":"y","origin":[11.428572,-0.2857151,8.857143]},"faces":{"east":{"uv":[8.125,12.0,8.375,12.25],"rotation":0,"texture":"#0","tintindex":0},"south":{"uv":[8.5,12.0,8.75,12.25],"rotation":0,"texture":"#0","tintindex":0},"north":{"uv":[12.0,7.75,12.25,8.0],"rotation":0,"texture":"#0","tintindex":0},"west":{"uv":[12.0,9.25,12.25,9.5],"rotation":0,"texture":"#0","tintindex":0},"up":{"uv":[12.25,9.875,12.0,9.625],"rotation":0,"texture":"#0","tintindex":0},"down":{"uv":[12.25,10.0,12.0,10.25],"rotation":0,"texture":"#0","tintindex":0}}},{"from":[7.142857,8.285714,7.714286],"to":[8.857143,10.0,8.285714],"rotation":{"angle":-22.5,"axis":"x","origin":[8.285714,8.285714,8.285714]},"faces":{"east":{"uv":[10.75,12.125,10.875,12.5],"rotation":0,"texture":"#0","tintindex":0},"south":{"uv":[10.75,7.25,11.125,7.625],"rotation":0,"texture":"#0","tintindex":0},"north":{"uv":[6.625,10.75,7.0,11.125],"rotation":0,"texture":"#0","tintindex":0},"west":{"uv":[11.0,12.125,11.125,12.5],"rotation":0,"texture":"#0","tintindex":0},"up":{"uv":[12.5,5.75,12.125,5.625],"rotation":0,"texture":"#0","tintindex":0},"down":{"uv":[12.5,8.625,12.125,8.75],"rotation":0,"texture":"#0","tintindex":0}}},{"from":[7.428571,9.714286,7.428571],"to":[8.571428,10.285714,10.285714],"rotation":{"angle":-22.5,"axis":"x","origin":[8.0,8.285714,8.285714]},"faces":{"east":{"uv":[11.625,0.0,12.25,0.125],"rotation":0,"texture":"#0","tintindex":0},"south":{"uv":[12.375,5.875,12.625,6.0],"rotation":0,"texture":"#0","tintindex":0},"north":{"uv":[12.375,5.0,12.625,5.125],"rotation":0,"texture":"#0","tintindex":0},"west":{"uv":[0.25,11.625,0.875,11.75],"rotation":0,"texture":"#0","tintindex":0},"up":{"uv":[1.625,11.0,1.375,10.375],"rotation":0,"texture":"#0","tintindex":0},"down":{"uv":[10.625,7.25,10.375,7.875],"rotation":0,"texture":"#0","tintindex":0}}},{"from":[7.4428573,10.370315,8.446915],"to":[8.557143,12.656029,9.018343],"rotation":{"angle":22.5,"axis":"x","origin":[8.0,8.941743,9.304058]},"faces":{"east":{"uv":[5.625,8.625,5.75,9.125],"rotation":0,"texture":"#0","tintindex":0},"south":{"uv":[2.75,11.125,3.0,11.625],"rotation":0,"texture":"#0","tintindex":0},"north":{"uv":[1.375,11.125,1.625,11.625],"rotation":0,"texture":"#0","tintindex":0},"west":{"uv":[0.0,12.125,0.125,12.625],"rotation":0,"texture":"#0","tintindex":0},"up":{"uv":[6.375,12.5,6.125,12.375],"rotation":0,"texture":"#0","tintindex":0},"down":{"uv":[12.625,6.125,12.375,6.25],"rotation":0,"texture":"#0","tintindex":0}}},{"from":[7.457143,12.700716,10.415001],"to":[8.542857,15.557858,10.98643],"rotation":{"angle":-22.5,"axis":"x","origin":[8.0,11.272144,11.272144]},"faces":{"east":{"uv":[11.625,0.25,11.75,0.875],"rotation":0,"texture":"#0","tintindex":0},"south":{"uv":[10.375,10.125,10.625,10.75],"rotation":0,"texture":"#0","tintindex":0},"north":{"uv":[10.375,9.375,10.625,10.0],"rotation":0,"texture":"#0","tintindex":0},"west":{"uv":[1.75,11.625,1.875,12.25],"rotation":0,"texture":"#0","tintindex":0},"up":{"uv":[12.625,6.5,12.375,6.375],"rotation":0,"texture":"#0","tintindex":0},"down":{"uv":[12.625,6.625,12.375,6.75],"rotation":0,"texture":"#0","tintindex":0}}},{"from":[8.0,7.142857,7.714286],"to":[8.0,16.285715,16.285715],"rotation":{"angle":0.0,"axis":"y","origin":[11.428572,-0.2857151,8.857143]},"faces":{"east":{"uv":[0.0,0.0,1.875,2.0],"rotation":0,"texture":"#0","tintindex":0},"south":{"uv":[9.375,12.25,9.375,14.25],"rotation":0,"texture":"#0","tintindex":0},"north":{"uv":[4.75,12.25,4.75,14.25],"rotation":0,"texture":"#0","tintindex":0},"west":{"uv":[2.0,0.0,3.875,2.0],"rotation":0,"texture":"#0","tintindex":0},"up":{"uv":[6.5,14.25,6.5,12.375],"rotation":0,"texture":"#0","tintindex":0},"down":{"uv":[8.75,12.375,8.75,14.25],"rotation":0,"texture":"#0","tintindex":0}}}],"display":{"head":{"translation":[0.0,-6.4,0.0],"scale":[4.0,4.0,4.0]}}}