{
    "vehicle.jetshoot":{
        "sounds":[
            "custom:vehicles/jetshoot"
        ]
    },
    "vehicle.jetshootmono":{
        "sounds":[
            "custom:vehicles/jetshootmono"
        ]
    },
    "quests.questsdefault":{
        "sounds":[
            "custom:quests/questsdefault"
        ]
    },
    "global.success_sound_2":{
        "sounds":[
            "custom:global/success_sound_2"
        ]
    },
    "quests.defaultmusic":{
        "sounds":[
            "custom:quests/defaultmusic"
        ]
    },
    "quests.combatmusic":{
        "sounds":[
            "custom:quests/combatmusic"
        ]
    },
    "quests.cyclopsmusic":{
        "sounds":[
            "custom:quests/cyclopsmusic"
        ]
    },
    "quests.cyclopsdamage1":{
        "sounds":[
            "custom:quests/cyclopsdamage1"
        ]
    },
    "quests.cyclopsdamage2":{
        "sounds":[
            "custom:quests/cyclopsdamage2"
        ]
    },
    "quests.cyclopsthrash":{
        "sounds":[
            "custom:quests/cyclopsthrash"
        ]
    },
    "quests.cyclopsstomp":{
        "sounds":[
            "custom:quests/cyclopsstomp"
        ]
    },
    "quests.cyclopssmash":{
        "sounds":[
            "custom:quests/cyclopssmash"
        ]
    },
    "quests.cyclopsdeath":{
        "sounds":[
            "custom:quests/cyclopsdeath"
        ]
    },
    "quests.goblinambient":{
        "sounds":[
            "custom:quests/goblinambient"
        ]
    },
    "quests.goblinattack":{
        "sounds":[
            "custom:quests/goblinattack"
        ]
    },
    "quests.goblinattack2":{
        "sounds":[
            "custom:quests/goblinattack2"
        ]
    },
    "quests.goblinattack3":{
        "sounds":[
            "custom:quests/goblinattack3"
        ]
    },
    "quests.goblindeath":{
        "sounds":[
            "custom:quests/goblindeath"
        ]
    },
    "quests.goblindeath2":{
        "sounds":[
            "custom:quests/goblindeath2"
        ]
    },
    "quests.orlocambient":{
        "sounds":[
            "custom:quests/orlocambient"
        ]
    },
    "quests.orlocattack":{
        "sounds":[
            "custom:quests/orlocattack"
        ]
    },
    "quests.orlocdeath":{
        "sounds":[
            "custom:quests/orlocdeath"
        ]
    },
    "quests.orlocfireattack":{
        "sounds":[
            "custom:quests/orlocfireattack"
        ]
    },
    "quests.orlocfireball":{
        "sounds":[
            "custom:quests/orlocfireball"
        ]
    },
    "quests.orlocpound":{
        "sounds":[
            "custom:quests/orlocpound"
        ]
    },
    "quests.orlocpunch":{
        "sounds":[
            "custom:quests/orlocpunch"
        ]
    },
    "quests.orlocswipe":{
        "sounds":[
            "custom:quests/orlocswipe"
        ]
    },
    "quests.soldierambient":{
        "sounds":[
            "custom:quests/soldierambient"
        ]
    },
    "quests.soldierattack":{
        "sounds":[
            "custom:quests/soldierattack"
        ]
    },
    "quests.soldierdeath":{
        "sounds":[
            "custom:quests/soldierdeath"
        ]
    },
    "quests.todaambient":{
        "sounds":[
            "custom:quests/todaambient"
        ]
    },
    "quests.todaattack":{
        "sounds":[
            "custom:quests/todaattack"
        ]
    },
    "quests.todaattack2":{
        "sounds":[
            "custom:quests/todaattack2"
        ]
    },
    "quests.todaattack3":{
        "sounds":[
            "custom:quests/todaattack3"
        ]
    },
    "quests.todadeath":{
        "sounds":[
            "custom:quests/todadeath"
        ]
    },
    "quests.todadeath2":{
        "sounds":[
            "custom:quests/todadeath2"
        ]
    }
}