{"textures":{"0":"modelengine:entity/baby_eagle"},"elements":[{"from":[7.0,7.4283323,5.681869],"to":[9.0,9.656904,7.9675837],"rotation":{"angle":0.0,"axis":"y","origin":[8.0,8.542618,6.824726]},"faces":{"east":{"uv":[4.0,6.75,5.0,7.75],"rotation":0,"texture":"#0","tintindex":0},"south":{"uv":[7.0,1.0,7.875,2.0],"rotation":0,"texture":"#0","tintindex":0},"north":{"uv":[7.0,0.0,7.875,1.0],"rotation":0,"texture":"#0","tintindex":0},"west":{"uv":[5.0,6.75,6.0,7.75],"rotation":0,"texture":"#0","tintindex":0},"up":{"uv":[7.875,3.0,7.0,2.0],"rotation":0,"texture":"#0","tintindex":0},"down":{"uv":[3.875,7.0,3.0,8.0],"rotation":0,"texture":"#0","tintindex":0}}},{"from":[6.6,8.914046,5.6675835],"to":[7.6285715,9.428332,7.981869],"rotation":{"angle":-22.5,"axis":"z","origin":[8.0,8.542618,6.824726]},"faces":{"east":{"uv":[1.5,8.25,2.5,8.5],"rotation":0,"texture":"#0","tintindex":0},"south":{"uv":[0.5,8.75,1.0,9.0],"rotation":0,"texture":"#0","tintindex":0},"north":{"uv":[0.0,8.75,0.5,9.0],"rotation":0,"texture":"#0","tintindex":0},"west":{"uv":[8.25,7.5,9.25,7.75],"rotation":0,"texture":"#0","tintindex":0},"up":{"uv":[8.5,1.0,8.0,0.0],"rotation":0,"texture":"#0","tintindex":0},"down":{"uv":[8.5,1.0,8.0,2.0],"rotation":0,"texture":"#0","tintindex":0}}},{"from":[8.3714285,8.914046,5.6675835],"to":[9.4,9.428332,7.981869],"rotation":{"angle":22.5,"axis":"z","origin":[8.0,8.542618,6.824726]},"faces":{"east":{"uv":[8.25,7.75,9.25,8.0],"rotation":0,"texture":"#0","tintindex":0},"south":{"uv":[8.75,3.0,9.25,3.25],"rotation":0,"texture":"#0","tintindex":0},"north":{"uv":[1.0,8.75,1.5,9.0],"rotation":0,"texture":"#0","tintindex":0},"west":{"uv":[8.25,8.0,9.25,8.25],"rotation":0,"texture":"#0","tintindex":0},"up":{"uv":[8.5,3.0,8.0,2.0],"rotation":0,"texture":"#0","tintindex":0},"down":{"uv":[3.5,8.0,3.0,9.0],"rotation":0,"texture":"#0","tintindex":0}}},{"from":[6.885714,8.671189,6.1247263],"to":[7.0571427,9.499761,6.981869],"rotation":{"angle":0.0,"axis":"y","origin":[8.0,8.614046,6.981869]},"faces":{"east":{"uv":[8.5,0.5,9.0,0.875],"rotation":0,"texture":"#0","tintindex":0},"south":{"uv":[2.0,9.0,2.125,9.375],"rotation":0,"texture":"#0","tintindex":0},"north":{"uv":[1.75,9.0,1.875,9.375],"rotation":0,"texture":"#0","tintindex":0},"west":{"uv":[8.5,1.0,9.0,1.375],"rotation":0,"texture":"#0","tintindex":0},"up":{"uv":[0.125,9.5,0.0,9.0],"rotation":0,"texture":"#0","tintindex":0},"down":{"uv":[9.125,0.0,9.0,0.5],"rotation":0,"texture":"#0","tintindex":0}}},{"from":[8.942857,8.671189,6.1247263],"to":[9.114285,9.499761,6.981869],"rotation":{"angle":0.0,"axis":"y","origin":[8.0,8.614046,6.981869]},"faces":{"east":{"uv":[9.0,1.0,8.5,1.375],"rotation":0,"texture":"#0","tintindex":0},"south":{"uv":[2.125,9.0,2.0,9.375],"rotation":0,"texture":"#0","tintindex":0},"north":{"uv":[1.875,9.0,1.75,9.375],"rotation":0,"texture":"#0","tintindex":0},"west":{"uv":[9.0,0.5,8.5,0.875],"rotation":0,"texture":"#0","tintindex":0},"up":{"uv":[0.0,9.5,0.125,9.0],"rotation":0,"texture":"#0","tintindex":0},"down":{"uv":[9.0,0.0,9.125,0.5],"rotation":0,"texture":"#0","tintindex":0}}}],"display":{"head":{"translation":[0.0,-6.4,0.0],"scale":[4.0,4.0,4.0]}}}