{"textures":{"0":"modelengine:entity/baby_eagle"},"elements":[{"from":[7.7265544,7.8714285,7.2244964],"to":[7.955126,8.185715,8.081639],"rotation":{"angle":0.0,"axis":"y","origin":[8.0,8.0,7.6571426]},"faces":{"east":{"uv":[9.0,1.75,9.375,1.875],"rotation":0,"texture":"#0","tintindex":0},"south":{"uv":[9.25,4.5,9.375,4.625],"rotation":0,"texture":"#0","tintindex":0},"north":{"uv":[4.25,9.25,4.375,9.375],"rotation":0,"texture":"#0","tintindex":0},"west":{"uv":[9.0,3.5,9.375,3.625],"rotation":0,"texture":"#0","tintindex":0},"up":{"uv":[3.875,9.375,3.75,9.0],"rotation":0,"texture":"#0","tintindex":0},"down":{"uv":[9.125,3.75,9.0,4.125],"rotation":0,"texture":"#0","tintindex":0}}},{"from":[8.034318,7.857143,7.1714287],"to":[8.26289,8.2,8.028571],"rotation":{"angle":-22.5,"axis":"y","origin":[8.0,8.0,7.6571426]},"faces":{"east":{"uv":[4.0,9.0,4.375,9.125],"rotation":0,"texture":"#0","tintindex":0},"south":{"uv":[9.25,4.75,9.375,4.875],"rotation":0,"texture":"#0","tintindex":0},"north":{"uv":[4.75,9.25,4.875,9.375],"rotation":0,"texture":"#0","tintindex":0},"west":{"uv":[9.0,4.25,9.375,4.375],"rotation":0,"texture":"#0","tintindex":0},"up":{"uv":[4.625,9.375,4.5,9.0],"rotation":0,"texture":"#0","tintindex":0},"down":{"uv":[9.125,4.5,9.0,4.875],"rotation":0,"texture":"#0","tintindex":0}}}],"display":{"head":{"translation":[0.0,-6.4,0.0],"scale":[4.0,4.0,4.0]}}}