{"textures":{"0":"modelengine:entity/baby_eagle"},"elements":[{"from":[7.0,7.954509,7.2487907],"to":[9.0,9.925938,8.791648],"rotation":{"angle":0.0,"axis":"y","origin":[8.0,8.925938,6.1059337]},"faces":{"east":{"uv":[2.25,7.25,2.875,8.125],"rotation":0,"texture":"#0","tintindex":0},"south":{"uv":[7.0,4.0,7.875,4.875],"rotation":0,"texture":"#0","tintindex":0},"north":{"uv":[7.0,3.0,7.875,3.875],"rotation":0,"texture":"#0","tintindex":0},"west":{"uv":[7.5,7.5,8.125,8.375],"rotation":0,"texture":"#0","tintindex":0},"up":{"uv":[4.875,8.375,4.0,7.75],"rotation":0,"texture":"#0","tintindex":0},"down":{"uv":[5.875,7.75,5.0,8.375],"rotation":0,"texture":"#0","tintindex":0}}},{"from":[7.0142856,8.174688,8.473153],"to":[8.985714,9.996051,9.227586],"rotation":{"angle":22.5,"axis":"x","origin":[8.0,9.160403,8.456158]},"faces":{"east":{"uv":[3.5,8.0,3.875,8.75],"rotation":0,"texture":"#0","tintindex":0},"south":{"uv":[7.5,6.75,8.375,7.5],"rotation":0,"texture":"#0","tintindex":0},"north":{"uv":[7.0,6.0,7.875,6.75],"rotation":0,"texture":"#0","tintindex":0},"west":{"uv":[8.0,6.0,8.375,6.75],"rotation":0,"texture":"#0","tintindex":0},"up":{"uv":[8.875,4.875,8.0,4.5],"rotation":0,"texture":"#0","tintindex":0},"down":{"uv":[6.875,8.0,6.0,8.375],"rotation":0,"texture":"#0","tintindex":0}}}],"display":{"head":{"translation":[0.0,-6.4,0.0],"scale":[4.0,4.0,4.0]}}}