{"textures":{"0":"modelengine:entity/baby_eagle"},"elements":[{"from":[7.7714286,6.7714286,7.7714286],"to":[8.228572,7.142857,8.228572],"rotation":{"angle":0.0,"axis":"y","origin":[8.514286,10.1,6.485714]},"faces":{"east":{"uv":[8.75,9.0,9.0,9.125],"rotation":0,"texture":"#0","tintindex":0},"south":{"uv":[9.0,8.75,9.25,8.875],"rotation":0,"texture":"#0","tintindex":0},"north":{"uv":[9.0,8.5,9.25,8.625],"rotation":0,"texture":"#0","tintindex":0},"west":{"uv":[9.0,9.0,9.25,9.125],"rotation":0,"texture":"#0","tintindex":0},"up":{"uv":[9.25,0.75,9.0,0.5],"rotation":0,"texture":"#0","tintindex":0},"down":{"uv":[1.0,9.0,0.75,9.25],"rotation":0,"texture":"#0","tintindex":0}}},{"from":[7.8285713,7.0714283,7.8285713],"to":[8.171429,7.9857144,8.171429],"rotation":{"angle":0.0,"axis":"y","origin":[8.514286,10.1,6.485714]},"faces":{"east":{"uv":[3.0,9.0,3.125,9.375],"rotation":0,"texture":"#0","tintindex":0},"south":{"uv":[3.25,9.0,3.375,9.375],"rotation":0,"texture":"#0","tintindex":0},"north":{"uv":[2.75,9.0,2.875,9.375],"rotation":0,"texture":"#0","tintindex":0},"west":{"uv":[3.5,9.0,3.625,9.375],"rotation":0,"texture":"#0","tintindex":0},"up":{"uv":[4.125,9.375,4.0,9.25],"rotation":0,"texture":"#0","tintindex":0},"down":{"uv":[9.375,4.0,9.25,4.125],"rotation":0,"texture":"#0","tintindex":0}}}],"display":{"head":{"translation":[0.0,-6.4,0.0],"scale":[4.0,4.0,4.0]}}}