{"textures":{"0":"modelengine:entity/baby_eagle"},"elements":[{"from":[7.5074286,7.6849813,6.898489],"to":[8.492572,8.158124,8.276775],"rotation":{"angle":-22.5,"axis":"x","origin":[8.0,7.8054843,7.325609]},"faces":{"east":{"uv":[8.5,2.5,9.125,2.75],"rotation":0,"texture":"#0","tintindex":0},"south":{"uv":[8.75,5.25,9.125,5.5],"rotation":0,"texture":"#0","tintindex":0},"north":{"uv":[3.5,8.75,3.875,9.0],"rotation":0,"texture":"#0","tintindex":0},"west":{"uv":[8.5,2.75,9.125,3.0],"rotation":0,"texture":"#0","tintindex":0},"up":{"uv":[7.375,8.625,7.0,8.0],"rotation":0,"texture":"#0","tintindex":0},"down":{"uv":[2.875,8.25,2.5,8.875],"rotation":0,"texture":"#0","tintindex":0}}},{"from":[7.5485716,7.4379444,6.8277984],"to":[8.451428,7.80823,8.062084],"rotation":{"angle":0.0,"axis":"y","origin":[8.0,7.8054843,7.325609]},"faces":{"east":{"uv":[8.75,8.25,9.25,8.375],"rotation":0,"texture":"#0","tintindex":0},"south":{"uv":[1.25,9.0,1.625,9.125],"rotation":0,"texture":"#0","tintindex":0},"north":{"uv":[9.0,1.0,9.375,1.125],"rotation":0,"texture":"#0","tintindex":0},"west":{"uv":[8.5,8.75,9.0,8.875],"rotation":0,"texture":"#0","tintindex":0},"up":{"uv":[8.625,8.75,8.25,8.25],"rotation":0,"texture":"#0","tintindex":0},"down":{"uv":[8.875,0.0,8.5,0.5],"rotation":0,"texture":"#0","tintindex":0}}},{"from":[7.532,7.0842476,6.7742357],"to":[8.468,7.752819,7.093093],"rotation":{"angle":22.5,"axis":"x","origin":[8.0,7.8054843,7.325609]},"faces":{"east":{"uv":[9.0,7.25,9.125,7.5],"rotation":0,"texture":"#0","tintindex":0},"south":{"uv":[8.0,8.75,8.375,9.0],"rotation":0,"texture":"#0","tintindex":0},"north":{"uv":[7.0,8.75,7.375,9.0],"rotation":0,"texture":"#0","tintindex":0},"west":{"uv":[7.5,9.0,7.625,9.25],"rotation":0,"texture":"#0","tintindex":0},"up":{"uv":[9.375,1.375,9.0,1.25],"rotation":0,"texture":"#0","tintindex":0},"down":{"uv":[9.375,1.5,9.0,1.625],"rotation":0,"texture":"#0","tintindex":0}}},{"from":[7.5485716,7.809373,7.570656],"to":[8.451428,8.00823,8.062084],"rotation":{"angle":0.0,"axis":"y","origin":[8.0,8.176912,7.325609]},"faces":{"east":{"uv":[8.75,8.25,9.25,8.375],"rotation":0,"texture":"#0","tintindex":0},"south":{"uv":[1.25,9.0,1.625,9.125],"rotation":0,"texture":"#0","tintindex":0},"north":{"uv":[9.0,1.0,9.375,1.125],"rotation":0,"texture":"#0","tintindex":0},"west":{"uv":[8.5,8.75,8.715,8.837],"rotation":0,"texture":"#0","tintindex":0},"up":{"uv":[8.625,8.75,8.25,8.25],"rotation":0,"texture":"#0","tintindex":0},"down":{"uv":[8.875,0.0,8.5,0.5],"rotation":0,"texture":"#0","tintindex":0}}}],"display":{"head":{"translation":[0.0,-6.4,0.0],"scale":[4.0,4.0,4.0]}}}