{"textures":{"0":"modelengine:entity/baby_eagle"},"elements":[{"from":[8.0,8.0,5.428571],"to":[11.428572,8.0,10.571428],"rotation":{"angle":0.0,"axis":"y","origin":[8.0,5.714286,6.5714283]},"faces":{"east":{"uv":[2.25,0.0,0.0,0.0],"rotation":0,"texture":"#0","tintindex":0},"south":{"uv":[1.5,0.0,0.0,0.0],"rotation":0,"texture":"#0","tintindex":0},"north":{"uv":[1.5,0.0,0.0,0.0],"rotation":0,"texture":"#0","tintindex":0},"west":{"uv":[2.25,0.0,0.0,0.0],"rotation":0,"texture":"#0","tintindex":0},"up":{"uv":[1.5,7.25,3.0,5.0],"rotation":0,"texture":"#0","tintindex":0},"down":{"uv":[5.5,4.5,7.0,6.75],"rotation":0,"texture":"#0","tintindex":0}}}],"display":{"head":{"translation":[0.0,-6.4,0.0],"scale":[4.0,4.0,4.0]}}}