{"textures":{"0":"modelengine:entity/baby_eagle"},"elements":[{"from":[7.142857,6.8614445,5.70949],"to":[8.857143,8.147159,7.995204],"rotation":{"angle":0.0,"axis":"y","origin":[6.857143,6.1471586,7.995204]},"faces":{"east":{"uv":[6.0,4.0,7.0,4.5],"rotation":0,"texture":"#0","tintindex":0},"south":{"uv":[8.0,3.0,8.75,3.5],"rotation":0,"texture":"#0","tintindex":0},"north":{"uv":[7.75,5.5,8.5,6.0],"rotation":0,"texture":"#0","tintindex":0},"west":{"uv":[7.75,5.0,8.75,5.5],"rotation":0,"texture":"#0","tintindex":0},"up":{"uv":[7.75,6.0,7.0,5.0],"rotation":0,"texture":"#0","tintindex":0},"down":{"uv":[0.75,7.25,0.0,8.25],"rotation":0,"texture":"#0","tintindex":0}}},{"from":[7.1571426,6.342534,6.0325127],"to":[8.842857,7.3282485,8.446798],"rotation":{"angle":22.5,"axis":"x","origin":[8.0,7.413963,7.17537]},"faces":{"east":{"uv":[8.0,3.5,9.0,3.875],"rotation":0,"texture":"#0","tintindex":0},"south":{"uv":[0.75,8.25,1.5,8.625],"rotation":0,"texture":"#0","tintindex":0},"north":{"uv":[0.0,8.25,0.75,8.625],"rotation":0,"texture":"#0","tintindex":0},"west":{"uv":[8.0,4.0,9.0,4.375],"rotation":0,"texture":"#0","tintindex":0},"up":{"uv":[1.5,8.25,0.75,7.25],"rotation":0,"texture":"#0","tintindex":0},"down":{"uv":[2.25,7.25,1.5,8.25],"rotation":0,"texture":"#0","tintindex":0}}}],"display":{"head":{"translation":[0.0,-6.4,0.0],"scale":[4.0,4.0,4.0]}}}