{"textures":{"0":"modelengine:entity/baby_eagle"},"elements":[{"from":[4.5714283,8.0,5.428571],"to":[8.0,8.0,10.571428],"rotation":{"angle":0.0,"axis":"y","origin":[8.0,5.714286,6.5714283]},"faces":{"east":{"uv":[0.0,0.0,2.25,0.0],"rotation":0,"texture":"#0","tintindex":0},"south":{"uv":[0.0,0.0,1.5,0.0],"rotation":0,"texture":"#0","tintindex":0},"north":{"uv":[0.0,0.0,1.5,0.0],"rotation":0,"texture":"#0","tintindex":0},"west":{"uv":[0.0,0.0,2.25,0.0],"rotation":0,"texture":"#0","tintindex":0},"up":{"uv":[3.0,7.25,1.5,5.0],"rotation":0,"texture":"#0","tintindex":0},"down":{"uv":[7.0,4.5,5.5,6.75],"rotation":0,"texture":"#0","tintindex":0}}}],"display":{"head":{"translation":[0.0,-6.4,0.0],"scale":[4.0,4.0,4.0]}}}