{"textures":{"0":"modelengine:entity/baby_eagle"},"elements":[{"from":[7.142857,7.85,7.785714],"to":[8.857143,8.135715,10.642858],"rotation":{"angle":0.0,"axis":"y","origin":[8.0,7.135714,5.1]},"faces":{"east":{"uv":[8.5,2.0,9.75,2.125],"rotation":0,"texture":"#0","tintindex":0},"south":{"uv":[8.75,5.0,9.5,5.125],"rotation":0,"texture":"#0","tintindex":0},"north":{"uv":[8.75,3.25,9.5,3.375],"rotation":0,"texture":"#0","tintindex":0},"west":{"uv":[8.5,2.25,9.75,2.375],"rotation":0,"texture":"#0","tintindex":0},"up":{"uv":[6.75,8.0,6.0,6.75],"rotation":0,"texture":"#0","tintindex":0},"down":{"uv":[7.5,6.75,6.75,8.0],"rotation":0,"texture":"#0","tintindex":0}}},{"from":[5.3999996,8.007143,7.957143],"to":[10.6,8.007143,14.757143],"rotation":{"angle":0.0,"axis":"y","origin":[8.0,7.007143,2.8142858]},"faces":{"east":{"uv":[0.0,0.0,2.75,0.0],"rotation":0,"texture":"#0","tintindex":0},"south":{"uv":[0.0,0.0,1.875,0.0],"rotation":0,"texture":"#0","tintindex":0},"north":{"uv":[0.0,0.0,1.875,0.0],"rotation":0,"texture":"#0","tintindex":0},"west":{"uv":[0.0,0.0,2.75,0.0],"rotation":0,"texture":"#0","tintindex":0},"up":{"uv":[1.875,2.75,0.0,0.0],"rotation":0,"texture":"#0","tintindex":0},"down":{"uv":[3.875,0.0,2.0,2.75],"rotation":0,"texture":"#0","tintindex":0}}}],"display":{"head":{"translation":[0.0,-6.4,0.0],"scale":[4.0,4.0,4.0]}}}