{"textures":{"1":"modelengine:entity/bartender_v01"},"elements":[{"from":[6.714286,4.428571,6.714286],"to":[9.285714,8.0,9.285714],"rotation":{"angle":0.0,"axis":"y","origin":[11.428572,-5.714287,8.0]},"faces":{"east":{"uv":[12.25,12.0,13.25,13.5],"rotation":0,"texture":"#1","tintindex":0},"south":{"uv":[2.0,12.5,3.0,14.0],"rotation":0,"texture":"#1","tintindex":0},"north":{"uv":[12.25,10.5,13.25,12.0],"rotation":0,"texture":"#1","tintindex":0},"west":{"uv":[3.0,12.5,4.0,14.0],"rotation":0,"texture":"#1","tintindex":0},"up":{"uv":[15.75,1.0,14.75,0.0],"rotation":0,"texture":"#1","tintindex":0},"down":{"uv":[15.75,1.0,14.75,2.0],"rotation":0,"texture":"#1","tintindex":0}}},{"from":[6.857143,4.5714283,6.857143],"to":[9.142858,8.0,9.142858],"rotation":{"angle":0.0,"axis":"y","origin":[11.428572,-5.714287,8.0]},"faces":{"east":{"uv":[8.0,12.5,9.0,14.0],"rotation":0,"texture":"#1","tintindex":0},"south":{"uv":[9.0,12.5,10.0,14.0],"rotation":0,"texture":"#1","tintindex":0},"north":{"uv":[4.0,12.5,5.0,14.0],"rotation":0,"texture":"#1","tintindex":0},"west":{"uv":[12.75,3.0,13.75,4.5],"rotation":0,"texture":"#1","tintindex":0},"up":{"uv":[15.75,3.0,14.75,2.0],"rotation":0,"texture":"#1","tintindex":0},"down":{"uv":[15.75,3.0,14.75,4.0],"rotation":0,"texture":"#1","tintindex":0}}},{"from":[7.142857,2.142857,6.428571],"to":[8.571428,5.8571424,7.857143],"rotation":{"angle":-22.5,"axis":"x","origin":[6.285714,3.5,6.0]},"faces":{"east":{"uv":[13.75,13.5,14.5,15.25],"rotation":0,"texture":"#1","tintindex":0},"south":{"uv":[14.0,0.0,14.75,1.75],"rotation":0,"texture":"#1","tintindex":0},"north":{"uv":[13.0,13.5,13.75,15.25],"rotation":0,"texture":"#1","tintindex":0},"west":{"uv":[14.0,1.75,14.75,3.5],"rotation":0,"texture":"#1","tintindex":0},"up":{"uv":[16.0,8.75,15.25,8.0],"rotation":0,"texture":"#1","tintindex":0},"down":{"uv":[16.0,8.75,15.25,9.5],"rotation":0,"texture":"#1","tintindex":0}}},{"from":[7.5714283,5.8571424,6.857143],"to":[8.142858,7.5714283,7.428571],"rotation":{"angle":-22.5,"axis":"x","origin":[6.285714,3.5,6.0]},"faces":{"east":{"uv":[10.0,12.5,10.25,13.25],"rotation":0,"texture":"#1","tintindex":0},"south":{"uv":[15.25,9.5,15.5,10.25],"rotation":0,"texture":"#1","tintindex":0},"north":{"uv":[9.75,4.5,10.0,5.25],"rotation":0,"texture":"#1","tintindex":0},"west":{"uv":[15.25,10.25,15.5,11.0],"rotation":0,"texture":"#1","tintindex":0},"up":{"uv":[9.25,7.25,9.0,7.0],"rotation":0,"texture":"#1","tintindex":0},"down":{"uv":[9.25,7.25,9.0,7.5],"rotation":0,"texture":"#1","tintindex":0}}}],"display":{"head":{"translation":[0.0,-6.4,0.0],"scale":[4.0,4.0,4.0]}}}