{"textures":{"1":"modelengine:entity/bartender_v01"},"elements":[{"from":[6.857143,4.5714283,6.857143],"to":[9.142858,8.0,9.142858],"rotation":{"angle":0.0,"axis":"y","origin":[6.9142857,1.1428566,8.0]},"faces":{"east":{"uv":[3.0,11.0,4.0,12.5],"rotation":0,"texture":"#1","tintindex":0},"south":{"uv":[4.0,11.0,5.0,12.5],"rotation":0,"texture":"#1","tintindex":0},"north":{"uv":[2.0,11.0,3.0,12.5],"rotation":0,"texture":"#1","tintindex":0},"west":{"uv":[11.0,4.5,12.0,6.0],"rotation":0,"texture":"#1","tintindex":0},"up":{"uv":[9.0,15.0,8.0,14.0],"rotation":0,"texture":"#1","tintindex":0},"down":{"uv":[10.0,14.0,9.0,15.0],"rotation":0,"texture":"#1","tintindex":0}}},{"from":[6.714286,4.5714283,6.714286],"to":[9.285714,8.142858,9.285714],"rotation":{"angle":0.0,"axis":"y","origin":[6.9142857,1.1428566,8.0]},"faces":{"east":{"uv":[11.0,7.5,12.0,9.0],"rotation":0,"texture":"#1","tintindex":0},"south":{"uv":[8.25,11.0,9.25,12.5],"rotation":0,"texture":"#1","tintindex":0},"north":{"uv":[11.0,6.0,12.0,7.5],"rotation":0,"texture":"#1","tintindex":0},"west":{"uv":[9.25,11.0,10.25,12.5],"rotation":0,"texture":"#1","tintindex":0},"up":{"uv":[15.25,9.5,14.25,8.5],"rotation":0,"texture":"#1","tintindex":0},"down":{"uv":[15.25,9.5,14.25,10.5],"rotation":0,"texture":"#1","tintindex":0}}}],"display":{"head":{"translation":[0.0,-6.4,0.0],"scale":[4.0,4.0,4.0]}}}